SET session_replication_role = 'replica';
SET session_replication_role = replica;

--
-- PostgreSQL database dump
--

-- \restrict 10sy06QqiLvquVMAFzcQmMxMhlivMb5AhbNi7nMpncduqrcGihcapCySw2nZmOq

-- Dumped from database version 17.6
-- Dumped by pg_dump version 17.6

SET statement_timeout = 0;
SET lock_timeout = 0;
SET idle_in_transaction_session_timeout = 0;
SET transaction_timeout = 0;
SET client_encoding = 'UTF8';
SET standard_conforming_strings = on;
SELECT pg_catalog.set_config('search_path', '', false);
SET check_function_bodies = false;
SET xmloption = content;
SET client_min_messages = warning;
SET row_security = off;

--
-- Data for Name: audit_log_entries; Type: TABLE DATA; Schema: auth; Owner: supabase_auth_admin
--

INSERT INTO "auth"."audit_log_entries" ("instance_id", "id", "payload", "created_at", "ip_address") VALUES
	('00000000-0000-0000-0000-000000000000', '9e4b665c-0ba1-4675-aa79-0748dcfa1e13', '{"action":"user_confirmation_requested","actor_id":"5a3cc889-3bc1-4df0-a388-faf8032d74e9","actor_username":"mishragaurav656@gmail.com","actor_via_sso":false,"log_type":"user","traits":{"provider":"email"}}', '2025-10-15 18:41:43.860193+00', ''),
	('00000000-0000-0000-0000-000000000000', 'bc358855-5c6f-49fb-a871-9045d79ee7fb', '{"action":"user_signedup","actor_id":"5a3cc889-3bc1-4df0-a388-faf8032d74e9","actor_username":"mishragaurav656@gmail.com","actor_via_sso":false,"log_type":"team","traits":{"provider":"email"}}', '2025-10-15 18:41:58.570424+00', ''),
	('00000000-0000-0000-0000-000000000000', '0ae37736-da0b-4fc5-99e2-de04ffab6de0', '{"action":"user_confirmation_requested","actor_id":"80382c79-c0ad-43d6-895a-a296e961a540","actor_username":"d@fff","actor_via_sso":false,"log_type":"user","traits":{"provider":"email"}}', '2025-10-15 18:43:06.672405+00', ''),
	('00000000-0000-0000-0000-000000000000', 'a5a97e29-8242-4d21-b32a-78a791161419', '{"action":"user_confirmation_requested","actor_id":"d1e40c02-9978-46fd-875e-3989537af942","actor_username":"kbisht786@gmail.com","actor_via_sso":false,"log_type":"user","traits":{"provider":"email"}}', '2025-10-16 04:50:00.457965+00', ''),
	('00000000-0000-0000-0000-000000000000', '19f6cf69-12b1-458d-b52d-8a075fab9af7', '{"action":"user_signedup","actor_id":"d1e40c02-9978-46fd-875e-3989537af942","actor_username":"kbisht786@gmail.com","actor_via_sso":false,"log_type":"team","traits":{"provider":"email"}}', '2025-10-16 04:50:23.402356+00', ''),
	('00000000-0000-0000-0000-000000000000', '1bc51033-851d-46b7-bd72-87c586b05356', '{"action":"user_recovery_requested","actor_id":"d1e40c02-9978-46fd-875e-3989537af942","actor_username":"kbisht786@gmail.com","actor_via_sso":false,"log_type":"user"}', '2025-10-16 06:53:43.074+00', ''),
	('00000000-0000-0000-0000-000000000000', '7da67235-1746-45c0-8628-46b728ae38b4', '{"action":"login","actor_id":"d1e40c02-9978-46fd-875e-3989537af942","actor_username":"kbisht786@gmail.com","actor_via_sso":false,"log_type":"account"}', '2025-10-16 06:54:32.97791+00', ''),
	('00000000-0000-0000-0000-000000000000', '42d55375-f898-42eb-b969-4233a18b1ee6', '{"action":"user_recovery_requested","actor_id":"d1e40c02-9978-46fd-875e-3989537af942","actor_username":"kbisht786@gmail.com","actor_via_sso":false,"log_type":"user"}', '2025-10-16 07:02:52.586685+00', ''),
	('00000000-0000-0000-0000-000000000000', 'c29d53a1-57fe-4de5-9964-646e9ba650b5', '{"action":"login","actor_id":"d1e40c02-9978-46fd-875e-3989537af942","actor_username":"kbisht786@gmail.com","actor_via_sso":false,"log_type":"account"}', '2025-10-16 07:03:47.359464+00', ''),
	('00000000-0000-0000-0000-000000000000', '5c0e2d91-3b73-4c30-9ef1-56409b4a5032', '{"action":"user_recovery_requested","actor_id":"d1e40c02-9978-46fd-875e-3989537af942","actor_username":"kbisht786@gmail.com","actor_via_sso":false,"log_type":"user"}', '2025-10-16 07:04:03.127656+00', ''),
	('00000000-0000-0000-0000-000000000000', '3d053a39-db78-4d44-8ec6-e84f7675826b', '{"action":"login","actor_id":"d1e40c02-9978-46fd-875e-3989537af942","actor_username":"kbisht786@gmail.com","actor_via_sso":false,"log_type":"account"}', '2025-10-16 07:04:12.510079+00', ''),
	('00000000-0000-0000-0000-000000000000', '7375a83f-bf67-4b40-9291-18e4bd68b7ab', '{"action":"user_recovery_requested","actor_id":"d1e40c02-9978-46fd-875e-3989537af942","actor_username":"kbisht786@gmail.com","actor_via_sso":false,"log_type":"user"}', '2025-10-16 07:15:34.933363+00', ''),
	('00000000-0000-0000-0000-000000000000', 'd7bd682b-4dda-4ce6-8ceb-2b96c1cd1584', '{"action":"login","actor_id":"d1e40c02-9978-46fd-875e-3989537af942","actor_username":"kbisht786@gmail.com","actor_via_sso":false,"log_type":"account"}', '2025-10-16 07:15:44.331903+00', ''),
	('00000000-0000-0000-0000-000000000000', '0468a314-1c17-4d3a-b20c-8694c4b196d1', '{"action":"token_refreshed","actor_id":"73904179-cca9-40ab-a2c4-e509dadbbbbb","actor_username":"ajitkumarpes@gmail.com","actor_via_sso":false,"log_type":"token"}', '2026-01-07 05:01:08.748107+00', ''),
	('00000000-0000-0000-0000-000000000000', '769b0f76-9761-4376-be75-d95c2d25c2e9', '{"action":"user_recovery_requested","actor_id":"d1e40c02-9978-46fd-875e-3989537af942","actor_username":"kbisht786@gmail.com","actor_via_sso":false,"log_type":"user"}', '2025-10-16 07:26:44.514235+00', ''),
	('00000000-0000-0000-0000-000000000000', 'cbc08a94-fee9-4f63-9e0b-73e6ec6514b5', '{"action":"login","actor_id":"d1e40c02-9978-46fd-875e-3989537af942","actor_username":"kbisht786@gmail.com","actor_via_sso":false,"log_type":"account"}', '2025-10-16 07:26:59.328725+00', ''),
	('00000000-0000-0000-0000-000000000000', '4cffc9a1-fe7b-4925-87bc-31c972e27f97', '{"action":"user_recovery_requested","actor_id":"d1e40c02-9978-46fd-875e-3989537af942","actor_username":"kbisht786@gmail.com","actor_via_sso":false,"log_type":"user"}', '2025-10-16 12:18:17.115007+00', ''),
	('00000000-0000-0000-0000-000000000000', '30d1ee4c-4684-4e16-9c5a-38499dfa786b', '{"action":"login","actor_id":"d1e40c02-9978-46fd-875e-3989537af942","actor_username":"kbisht786@gmail.com","actor_via_sso":false,"log_type":"account"}', '2025-10-16 12:18:38.088674+00', ''),
	('00000000-0000-0000-0000-000000000000', '608a7482-3307-4d5a-9042-5f9c6db4507f', '{"action":"user_recovery_requested","actor_id":"d1e40c02-9978-46fd-875e-3989537af942","actor_username":"kbisht786@gmail.com","actor_via_sso":false,"log_type":"user"}', '2025-10-16 12:26:25.545093+00', ''),
	('00000000-0000-0000-0000-000000000000', '206dbb51-607d-4f43-9bf9-54b5ce8cf5e3', '{"action":"login","actor_id":"d1e40c02-9978-46fd-875e-3989537af942","actor_username":"kbisht786@gmail.com","actor_via_sso":false,"log_type":"account"}', '2025-10-16 12:26:35.099359+00', ''),
	('00000000-0000-0000-0000-000000000000', 'c903f92c-3d6a-49d8-a620-2f96d815d134', '{"action":"user_recovery_requested","actor_id":"d1e40c02-9978-46fd-875e-3989537af942","actor_username":"kbisht786@gmail.com","actor_via_sso":false,"log_type":"user"}', '2025-10-16 12:38:45.540169+00', ''),
	('00000000-0000-0000-0000-000000000000', '46422e9b-6e1d-48d4-9ba3-83308c6b4b21', '{"action":"login","actor_id":"d1e40c02-9978-46fd-875e-3989537af942","actor_username":"kbisht786@gmail.com","actor_via_sso":false,"log_type":"account"}', '2025-10-16 12:39:00.64884+00', ''),
	('00000000-0000-0000-0000-000000000000', '2513de6b-5ccf-435f-93be-ec6c5a981f68', '{"action":"user_recovery_requested","actor_id":"d1e40c02-9978-46fd-875e-3989537af942","actor_username":"kbisht786@gmail.com","actor_via_sso":false,"log_type":"user"}', '2025-10-16 12:51:12.936252+00', ''),
	('00000000-0000-0000-0000-000000000000', '03122962-37cb-42bf-9079-dd6a42c4f1a7', '{"action":"login","actor_id":"d1e40c02-9978-46fd-875e-3989537af942","actor_username":"kbisht786@gmail.com","actor_via_sso":false,"log_type":"account"}', '2025-10-16 12:51:23.403147+00', ''),
	('00000000-0000-0000-0000-000000000000', '23854748-9f58-4604-9e0f-d97399843298', '{"action":"user_recovery_requested","actor_id":"d1e40c02-9978-46fd-875e-3989537af942","actor_username":"kbisht786@gmail.com","actor_via_sso":false,"log_type":"user"}', '2025-10-16 13:01:09.154941+00', ''),
	('00000000-0000-0000-0000-000000000000', '412a265f-dd0e-4d83-b433-e113aea677fc', '{"action":"login","actor_id":"d1e40c02-9978-46fd-875e-3989537af942","actor_username":"kbisht786@gmail.com","actor_via_sso":false,"log_type":"account"}', '2025-10-16 13:01:20.077231+00', ''),
	('00000000-0000-0000-0000-000000000000', '0f7abe8d-5d0d-47d8-9d13-0470991336b5', '{"action":"user_recovery_requested","actor_id":"d1e40c02-9978-46fd-875e-3989537af942","actor_username":"kbisht786@gmail.com","actor_via_sso":false,"log_type":"user"}', '2025-10-16 13:51:33.352799+00', ''),
	('00000000-0000-0000-0000-000000000000', 'fd523051-dc58-4f23-9767-00cf80c73a1e', '{"action":"login","actor_id":"d1e40c02-9978-46fd-875e-3989537af942","actor_username":"kbisht786@gmail.com","actor_via_sso":false,"log_type":"account"}', '2025-10-16 13:51:43.762901+00', ''),
	('00000000-0000-0000-0000-000000000000', '85231576-f676-49cb-9211-1173276572e8', '{"action":"user_confirmation_requested","actor_id":"5de45861-6847-4e54-a409-360260bac24c","actor_username":"test@hotel.com","actor_via_sso":false,"log_type":"user","traits":{"provider":"email"}}', '2025-10-16 14:41:59.215322+00', ''),
	('00000000-0000-0000-0000-000000000000', 'e8bceffd-a900-4a79-a497-8994430c8128', '{"action":"token_refreshed","actor_id":"d1e40c02-9978-46fd-875e-3989537af942","actor_username":"kbisht786@gmail.com","actor_via_sso":false,"log_type":"token"}', '2025-10-16 15:17:17.951835+00', ''),
	('00000000-0000-0000-0000-000000000000', 'd3fc1476-9ab7-4834-a21d-419b43a6d953', '{"action":"token_revoked","actor_id":"d1e40c02-9978-46fd-875e-3989537af942","actor_username":"kbisht786@gmail.com","actor_via_sso":false,"log_type":"token"}', '2025-10-16 15:17:17.974861+00', ''),
	('00000000-0000-0000-0000-000000000000', 'b814b25f-72dc-47fb-9446-c5a509a92b4c', '{"action":"user_recovery_requested","actor_id":"d1e40c02-9978-46fd-875e-3989537af942","actor_username":"kbisht786@gmail.com","actor_via_sso":false,"log_type":"user"}', '2025-10-16 16:38:39.068139+00', ''),
	('00000000-0000-0000-0000-000000000000', '6c3117a4-a25c-4c50-a48d-7ad418b21ab0', '{"action":"login","actor_id":"d1e40c02-9978-46fd-875e-3989537af942","actor_username":"kbisht786@gmail.com","actor_via_sso":false,"log_type":"account"}', '2025-10-16 16:38:51.677977+00', ''),
	('00000000-0000-0000-0000-000000000000', 'ad187ec6-124c-4008-873a-d90fd276ce46', '{"action":"logout","actor_id":"d1e40c02-9978-46fd-875e-3989537af942","actor_username":"kbisht786@gmail.com","actor_via_sso":false,"log_type":"account"}', '2025-10-16 17:29:49.068552+00', ''),
	('00000000-0000-0000-0000-000000000000', '30c3a54b-ddba-4981-ba88-b07da4593c1f', '{"action":"user_recovery_requested","actor_id":"d1e40c02-9978-46fd-875e-3989537af942","actor_username":"kbisht786@gmail.com","actor_via_sso":false,"log_type":"user"}', '2025-10-16 17:29:51.939473+00', ''),
	('00000000-0000-0000-0000-000000000000', '0fface4c-a481-41ee-9780-c4ede1a7c93f', '{"action":"login","actor_id":"d1e40c02-9978-46fd-875e-3989537af942","actor_username":"kbisht786@gmail.com","actor_via_sso":false,"log_type":"account"}', '2025-10-16 17:30:10.008209+00', ''),
	('00000000-0000-0000-0000-000000000000', '83cf73e4-4a18-4636-afd2-dc6c0a56fbc3', '{"action":"logout","actor_id":"d1e40c02-9978-46fd-875e-3989537af942","actor_username":"kbisht786@gmail.com","actor_via_sso":false,"log_type":"account"}', '2025-10-16 18:07:21.008397+00', ''),
	('00000000-0000-0000-0000-000000000000', '91783775-917b-4797-bd16-3fb28e5a047c', '{"action":"user_recovery_requested","actor_id":"d1e40c02-9978-46fd-875e-3989537af942","actor_username":"kbisht786@gmail.com","actor_via_sso":false,"log_type":"user"}', '2025-10-16 18:07:24.564986+00', ''),
	('00000000-0000-0000-0000-000000000000', '10a15f9f-8e79-42d5-a245-eb29e8de6765', '{"action":"login","actor_id":"d1e40c02-9978-46fd-875e-3989537af942","actor_username":"kbisht786@gmail.com","actor_via_sso":false,"log_type":"account"}', '2025-10-16 18:07:34.938556+00', ''),
	('00000000-0000-0000-0000-000000000000', '51cb6e85-c880-4c23-80ca-261e429bbc18', '{"action":"logout","actor_id":"d1e40c02-9978-46fd-875e-3989537af942","actor_username":"kbisht786@gmail.com","actor_via_sso":false,"log_type":"account"}', '2025-10-16 18:08:30.373975+00', ''),
	('00000000-0000-0000-0000-000000000000', '9321e170-9dc2-4952-b948-0f58118dd796', '{"action":"user_recovery_requested","actor_id":"d1e40c02-9978-46fd-875e-3989537af942","actor_username":"kbisht786@gmail.com","actor_via_sso":false,"log_type":"user"}', '2025-10-16 18:08:51.556062+00', ''),
	('00000000-0000-0000-0000-000000000000', '2463a3a2-f9bb-4332-9ac3-fc8c1c085447', '{"action":"login","actor_id":"d1e40c02-9978-46fd-875e-3989537af942","actor_username":"kbisht786@gmail.com","actor_via_sso":false,"log_type":"account"}', '2025-10-16 18:09:37.446983+00', ''),
	('00000000-0000-0000-0000-000000000000', 'd32c6c32-a7e1-4090-8bb5-51cac43aa086', '{"action":"logout","actor_id":"d1e40c02-9978-46fd-875e-3989537af942","actor_username":"kbisht786@gmail.com","actor_via_sso":false,"log_type":"account"}', '2025-10-16 18:10:23.384356+00', ''),
	('00000000-0000-0000-0000-000000000000', '8e66151a-463d-46b5-b067-613d2bf17684', '{"action":"user_recovery_requested","actor_id":"d1e40c02-9978-46fd-875e-3989537af942","actor_username":"kbisht786@gmail.com","actor_via_sso":false,"log_type":"user"}', '2025-10-16 18:37:38.469919+00', ''),
	('00000000-0000-0000-0000-000000000000', '03f1c945-3c18-485d-9580-82bbe1d38f99', '{"action":"login","actor_id":"d1e40c02-9978-46fd-875e-3989537af942","actor_username":"kbisht786@gmail.com","actor_via_sso":false,"log_type":"account"}', '2025-10-16 18:37:47.906533+00', ''),
	('00000000-0000-0000-0000-000000000000', 'f0c62298-65ff-4e1f-b250-332c0198afa9', '{"action":"logout","actor_id":"d1e40c02-9978-46fd-875e-3989537af942","actor_username":"kbisht786@gmail.com","actor_via_sso":false,"log_type":"account"}', '2025-10-16 18:38:23.306843+00', ''),
	('00000000-0000-0000-0000-000000000000', '15c75019-c78e-40d5-ada7-1cf01ce09887', '{"action":"token_revoked","actor_id":"73904179-cca9-40ab-a2c4-e509dadbbbbb","actor_username":"ajitkumarpes@gmail.com","actor_via_sso":false,"log_type":"token"}', '2026-01-07 05:01:08.763862+00', ''),
	('00000000-0000-0000-0000-000000000000', 'ca9a2126-b020-494b-b6cb-1764504cd708', '{"action":"user_recovery_requested","actor_id":"d1e40c02-9978-46fd-875e-3989537af942","actor_username":"kbisht786@gmail.com","actor_via_sso":false,"log_type":"user"}', '2025-10-16 18:38:49.512754+00', ''),
	('00000000-0000-0000-0000-000000000000', 'bb91da7d-619c-401f-b298-c67ec34c541b', '{"action":"login","actor_id":"d1e40c02-9978-46fd-875e-3989537af942","actor_username":"kbisht786@gmail.com","actor_via_sso":false,"log_type":"account"}', '2025-10-16 18:38:58.937203+00', ''),
	('00000000-0000-0000-0000-000000000000', '3299c9a8-5abe-41b3-86d9-457bb0611a61', '{"action":"logout","actor_id":"d1e40c02-9978-46fd-875e-3989537af942","actor_username":"kbisht786@gmail.com","actor_via_sso":false,"log_type":"account"}', '2025-10-16 18:40:47.846708+00', ''),
	('00000000-0000-0000-0000-000000000000', '80074271-98a4-437a-a1da-6d81d8d3255f', '{"action":"user_recovery_requested","actor_id":"d1e40c02-9978-46fd-875e-3989537af942","actor_username":"kbisht786@gmail.com","actor_via_sso":false,"log_type":"user"}', '2025-10-16 18:41:27.223964+00', ''),
	('00000000-0000-0000-0000-000000000000', '8eee469d-334c-47e2-9873-a15b404975da', '{"action":"login","actor_id":"d1e40c02-9978-46fd-875e-3989537af942","actor_username":"kbisht786@gmail.com","actor_via_sso":false,"log_type":"account"}', '2025-10-16 18:41:38.230494+00', ''),
	('00000000-0000-0000-0000-000000000000', '960be549-efc4-42c3-a408-f49c2d85fee7', '{"action":"logout","actor_id":"d1e40c02-9978-46fd-875e-3989537af942","actor_username":"kbisht786@gmail.com","actor_via_sso":false,"log_type":"account"}', '2025-10-16 18:41:58.377145+00', ''),
	('00000000-0000-0000-0000-000000000000', '6298d4e6-df76-4421-a282-f679c640e256', '{"action":"user_recovery_requested","actor_id":"d1e40c02-9978-46fd-875e-3989537af942","actor_username":"kbisht786@gmail.com","actor_via_sso":false,"log_type":"user"}', '2025-10-16 18:46:39.40039+00', ''),
	('00000000-0000-0000-0000-000000000000', '1e655696-43c8-4b34-8ad0-6b28a94629e5', '{"action":"login","actor_id":"d1e40c02-9978-46fd-875e-3989537af942","actor_username":"kbisht786@gmail.com","actor_via_sso":false,"log_type":"account"}', '2025-10-16 18:46:51.3323+00', ''),
	('00000000-0000-0000-0000-000000000000', '9457ce70-050b-46e9-9ec9-005993f2c87b', '{"action":"logout","actor_id":"d1e40c02-9978-46fd-875e-3989537af942","actor_username":"kbisht786@gmail.com","actor_via_sso":false,"log_type":"account"}', '2025-10-16 18:51:58.916119+00', ''),
	('00000000-0000-0000-0000-000000000000', '4da6e7f4-3b98-475e-9659-8e8f801ba801', '{"action":"user_recovery_requested","actor_id":"d1e40c02-9978-46fd-875e-3989537af942","actor_username":"kbisht786@gmail.com","actor_via_sso":false,"log_type":"user"}', '2025-10-16 19:03:48.173536+00', ''),
	('00000000-0000-0000-0000-000000000000', 'e91c82f2-6b8c-468c-9876-094634841027', '{"action":"login","actor_id":"d1e40c02-9978-46fd-875e-3989537af942","actor_username":"kbisht786@gmail.com","actor_via_sso":false,"log_type":"account"}', '2025-10-16 19:04:04.738705+00', ''),
	('00000000-0000-0000-0000-000000000000', 'dcad359f-85e6-4732-b7ea-c0220339892d', '{"action":"logout","actor_id":"d1e40c02-9978-46fd-875e-3989537af942","actor_username":"kbisht786@gmail.com","actor_via_sso":false,"log_type":"account"}', '2025-10-16 19:22:38.673624+00', ''),
	('00000000-0000-0000-0000-000000000000', '749286a3-368a-4392-af00-7ce8cce84a11', '{"action":"user_recovery_requested","actor_id":"d1e40c02-9978-46fd-875e-3989537af942","actor_username":"kbisht786@gmail.com","actor_via_sso":false,"log_type":"user"}', '2025-10-16 19:22:43.752739+00', ''),
	('00000000-0000-0000-0000-000000000000', 'b8f78543-814c-4591-a5b1-027eb6857dc9', '{"action":"login","actor_id":"d1e40c02-9978-46fd-875e-3989537af942","actor_username":"kbisht786@gmail.com","actor_via_sso":false,"log_type":"account"}', '2025-10-16 19:22:52.697601+00', ''),
	('00000000-0000-0000-0000-000000000000', '3c5794aa-dcce-4cc6-a004-52da2f04b98c', '{"action":"token_refreshed","actor_id":"d1e40c02-9978-46fd-875e-3989537af942","actor_username":"kbisht786@gmail.com","actor_via_sso":false,"log_type":"token"}', '2025-10-16 20:38:57.519052+00', ''),
	('00000000-0000-0000-0000-000000000000', 'ace85ff9-23b1-4733-ae26-c896941b75ba', '{"action":"token_revoked","actor_id":"d1e40c02-9978-46fd-875e-3989537af942","actor_username":"kbisht786@gmail.com","actor_via_sso":false,"log_type":"token"}', '2025-10-16 20:38:57.539386+00', ''),
	('00000000-0000-0000-0000-000000000000', 'c23d0cd1-027c-4d9c-be90-506ebe4beae2', '{"action":"token_refreshed","actor_id":"d1e40c02-9978-46fd-875e-3989537af942","actor_username":"kbisht786@gmail.com","actor_via_sso":false,"log_type":"token"}', '2025-10-16 20:39:01.662458+00', ''),
	('00000000-0000-0000-0000-000000000000', 'b3652465-f8c6-4f29-aa25-8c03df466c67', '{"action":"user_recovery_requested","actor_id":"d1e40c02-9978-46fd-875e-3989537af942","actor_username":"kbisht786@gmail.com","actor_via_sso":false,"log_type":"user"}', '2025-10-16 20:40:21.098349+00', ''),
	('00000000-0000-0000-0000-000000000000', '5ef18a38-173e-44e5-b39b-83d41d2a4ee0', '{"action":"login","actor_id":"d1e40c02-9978-46fd-875e-3989537af942","actor_username":"kbisht786@gmail.com","actor_via_sso":false,"log_type":"account"}', '2025-10-16 20:40:31.432945+00', ''),
	('00000000-0000-0000-0000-000000000000', 'c48edf85-0c63-4a7d-9aed-2b8edc6b5217', '{"action":"token_refreshed","actor_id":"73904179-cca9-40ab-a2c4-e509dadbbbbb","actor_username":"ajitkumarpes@gmail.com","actor_via_sso":false,"log_type":"token"}', '2026-01-07 09:44:09.849434+00', ''),
	('00000000-0000-0000-0000-000000000000', '0c4c436b-e908-49b9-aa31-27d477b2ce86', '{"action":"user_recovery_requested","actor_id":"d1e40c02-9978-46fd-875e-3989537af942","actor_username":"kbisht786@gmail.com","actor_via_sso":false,"log_type":"user"}', '2025-10-16 20:41:45.309411+00', ''),
	('00000000-0000-0000-0000-000000000000', 'ede6fff0-c410-4708-a7c5-ffc6613ef3e8', '{"action":"login","actor_id":"d1e40c02-9978-46fd-875e-3989537af942","actor_username":"kbisht786@gmail.com","actor_via_sso":false,"log_type":"account"}', '2025-10-16 20:42:06.599167+00', ''),
	('00000000-0000-0000-0000-000000000000', '4f3cd160-411e-4c06-bdc6-26ed5f21802c', '{"action":"logout","actor_id":"d1e40c02-9978-46fd-875e-3989537af942","actor_username":"kbisht786@gmail.com","actor_via_sso":false,"log_type":"account"}', '2025-10-16 20:44:03.313963+00', ''),
	('00000000-0000-0000-0000-000000000000', 'e8409d5e-353b-4d50-86ce-ca73309f4af8', '{"action":"user_recovery_requested","actor_id":"d1e40c02-9978-46fd-875e-3989537af942","actor_username":"kbisht786@gmail.com","actor_via_sso":false,"log_type":"user"}', '2025-10-17 03:05:59.303011+00', ''),
	('00000000-0000-0000-0000-000000000000', '1dd989ea-d586-4df3-8b23-98aa29892f10', '{"action":"login","actor_id":"d1e40c02-9978-46fd-875e-3989537af942","actor_username":"kbisht786@gmail.com","actor_via_sso":false,"log_type":"account"}', '2025-10-17 03:06:08.904417+00', ''),
	('00000000-0000-0000-0000-000000000000', 'b71a8246-155e-4c2b-82f9-6c216d6e5753', '{"action":"user_recovery_requested","actor_id":"d1e40c02-9978-46fd-875e-3989537af942","actor_username":"kbisht786@gmail.com","actor_via_sso":false,"log_type":"user"}', '2025-10-17 03:15:09.368486+00', ''),
	('00000000-0000-0000-0000-000000000000', '87b768e5-c005-457c-841d-09de04432403', '{"action":"login","actor_id":"d1e40c02-9978-46fd-875e-3989537af942","actor_username":"kbisht786@gmail.com","actor_via_sso":false,"log_type":"account"}', '2025-10-17 03:15:30.808449+00', ''),
	('00000000-0000-0000-0000-000000000000', '239df526-c270-4d4e-a574-4ec9256f5c37', '{"action":"user_recovery_requested","actor_id":"d1e40c02-9978-46fd-875e-3989537af942","actor_username":"kbisht786@gmail.com","actor_via_sso":false,"log_type":"user"}', '2025-10-17 03:38:04.931132+00', ''),
	('00000000-0000-0000-0000-000000000000', '143b30a4-eb7e-4445-91b5-01da9a510a17', '{"action":"login","actor_id":"d1e40c02-9978-46fd-875e-3989537af942","actor_username":"kbisht786@gmail.com","actor_via_sso":false,"log_type":"account"}', '2025-10-17 03:38:19.348955+00', ''),
	('00000000-0000-0000-0000-000000000000', '4452fb2d-01b8-4a17-97b0-2c8fe0357711', '{"action":"logout","actor_id":"d1e40c02-9978-46fd-875e-3989537af942","actor_username":"kbisht786@gmail.com","actor_via_sso":false,"log_type":"account"}', '2025-10-17 03:58:47.185269+00', ''),
	('00000000-0000-0000-0000-000000000000', '2c4a344e-b73d-4d5c-a6e5-a0408455b509', '{"action":"user_recovery_requested","actor_id":"d1e40c02-9978-46fd-875e-3989537af942","actor_username":"kbisht786@gmail.com","actor_via_sso":false,"log_type":"user"}', '2025-10-17 03:59:00.681746+00', ''),
	('00000000-0000-0000-0000-000000000000', '3c0fa365-200f-4e15-a652-077da885dada', '{"action":"login","actor_id":"d1e40c02-9978-46fd-875e-3989537af942","actor_username":"kbisht786@gmail.com","actor_via_sso":false,"log_type":"account"}', '2025-10-17 03:59:14.488606+00', ''),
	('00000000-0000-0000-0000-000000000000', 'd8539d00-8962-4936-9661-797cede2fd37', '{"action":"logout","actor_id":"d1e40c02-9978-46fd-875e-3989537af942","actor_username":"kbisht786@gmail.com","actor_via_sso":false,"log_type":"account"}', '2025-10-17 04:38:30.664281+00', ''),
	('00000000-0000-0000-0000-000000000000', '30a50588-c158-46fa-9724-f367dd82ece9', '{"action":"user_recovery_requested","actor_id":"d1e40c02-9978-46fd-875e-3989537af942","actor_username":"kbisht786@gmail.com","actor_via_sso":false,"log_type":"user"}', '2025-10-17 04:38:45.51252+00', ''),
	('00000000-0000-0000-0000-000000000000', '888d685f-4eef-41ff-98db-6d50e8c1582f', '{"action":"login","actor_id":"d1e40c02-9978-46fd-875e-3989537af942","actor_username":"kbisht786@gmail.com","actor_via_sso":false,"log_type":"account"}', '2025-10-17 04:38:59.230602+00', ''),
	('00000000-0000-0000-0000-000000000000', '4947b401-a4f2-4fbc-a497-3d9985df2a60', '{"action":"user_recovery_requested","actor_id":"d1e40c02-9978-46fd-875e-3989537af942","actor_username":"kbisht786@gmail.com","actor_via_sso":false,"log_type":"user"}', '2025-10-17 04:46:40.796795+00', ''),
	('00000000-0000-0000-0000-000000000000', '489ad668-c0b6-4302-93e3-cc9fdfa019cd', '{"action":"login","actor_id":"d1e40c02-9978-46fd-875e-3989537af942","actor_username":"kbisht786@gmail.com","actor_via_sso":false,"log_type":"account"}', '2025-10-17 04:46:50.050009+00', ''),
	('00000000-0000-0000-0000-000000000000', '78440707-ad87-42be-9239-08cd946864ef', '{"action":"logout","actor_id":"d1e40c02-9978-46fd-875e-3989537af942","actor_username":"kbisht786@gmail.com","actor_via_sso":false,"log_type":"account"}', '2025-10-17 04:57:57.766848+00', ''),
	('00000000-0000-0000-0000-000000000000', 'c290ae95-2399-46b2-921a-e93defb38471', '{"action":"user_recovery_requested","actor_id":"d1e40c02-9978-46fd-875e-3989537af942","actor_username":"kbisht786@gmail.com","actor_via_sso":false,"log_type":"user"}', '2025-10-17 06:39:46.982857+00', ''),
	('00000000-0000-0000-0000-000000000000', '162c0b99-9377-47b1-a540-d318bf0e5bfa', '{"action":"login","actor_id":"d1e40c02-9978-46fd-875e-3989537af942","actor_username":"kbisht786@gmail.com","actor_via_sso":false,"log_type":"account"}', '2025-10-17 06:40:00.432206+00', ''),
	('00000000-0000-0000-0000-000000000000', '7408f734-61cd-4877-877c-e8c7046cb68b', '{"action":"logout","actor_id":"d1e40c02-9978-46fd-875e-3989537af942","actor_username":"kbisht786@gmail.com","actor_via_sso":false,"log_type":"account"}', '2025-10-17 07:13:28.677671+00', ''),
	('00000000-0000-0000-0000-000000000000', '603abe31-dff7-4608-bf6e-bb82731eff57', '{"action":"user_recovery_requested","actor_id":"d1e40c02-9978-46fd-875e-3989537af942","actor_username":"kbisht786@gmail.com","actor_via_sso":false,"log_type":"user"}', '2025-10-17 07:14:30.238579+00', ''),
	('00000000-0000-0000-0000-000000000000', '2ca2b256-e52c-4188-9cc0-85670e10c1dd', '{"action":"login","actor_id":"d1e40c02-9978-46fd-875e-3989537af942","actor_username":"kbisht786@gmail.com","actor_via_sso":false,"log_type":"account"}', '2025-10-17 07:14:42.234849+00', ''),
	('00000000-0000-0000-0000-000000000000', 'ba12093b-78e1-47c1-8ea0-29682faf1604', '{"action":"user_recovery_requested","actor_id":"d1e40c02-9978-46fd-875e-3989537af942","actor_username":"kbisht786@gmail.com","actor_via_sso":false,"log_type":"user"}', '2025-10-17 07:15:58.395211+00', ''),
	('00000000-0000-0000-0000-000000000000', '57a492d6-8ab2-452e-aab1-3a0245067285', '{"action":"login","actor_id":"d1e40c02-9978-46fd-875e-3989537af942","actor_username":"kbisht786@gmail.com","actor_via_sso":false,"log_type":"account"}', '2025-10-17 07:16:09.522303+00', ''),
	('00000000-0000-0000-0000-000000000000', '84dd0703-7bb1-45a6-b5a5-8f49286b67b9', '{"action":"user_recovery_requested","actor_id":"d1e40c02-9978-46fd-875e-3989537af942","actor_username":"kbisht786@gmail.com","actor_via_sso":false,"log_type":"user"}', '2025-10-17 07:38:13.822328+00', ''),
	('00000000-0000-0000-0000-000000000000', '478a6887-b659-4fc7-9eed-f9f76107c77b', '{"action":"login","actor_id":"d1e40c02-9978-46fd-875e-3989537af942","actor_username":"kbisht786@gmail.com","actor_via_sso":false,"log_type":"account"}', '2025-10-17 07:38:23.54735+00', ''),
	('00000000-0000-0000-0000-000000000000', '535f30a7-530d-4390-8ce5-c18c5db19e3e', '{"action":"token_revoked","actor_id":"73904179-cca9-40ab-a2c4-e509dadbbbbb","actor_username":"ajitkumarpes@gmail.com","actor_via_sso":false,"log_type":"token"}', '2026-01-07 09:44:09.86343+00', ''),
	('00000000-0000-0000-0000-000000000000', '82ed208d-f8e2-4f00-a202-c83f853292b3', '{"action":"token_refreshed","actor_id":"73904179-cca9-40ab-a2c4-e509dadbbbbb","actor_username":"ajitkumarpes@gmail.com","actor_via_sso":false,"log_type":"token"}', '2026-01-07 17:41:48.142085+00', ''),
	('00000000-0000-0000-0000-000000000000', 'c6f94940-68a1-450a-acaa-ff7ce24b4de7', '{"action":"user_recovery_requested","actor_id":"d1e40c02-9978-46fd-875e-3989537af942","actor_username":"kbisht786@gmail.com","actor_via_sso":false,"log_type":"user"}', '2025-10-17 07:39:17.565666+00', ''),
	('00000000-0000-0000-0000-000000000000', 'aa66ef91-a302-417c-80d0-666f37fc133c', '{"action":"login","actor_id":"d1e40c02-9978-46fd-875e-3989537af942","actor_username":"kbisht786@gmail.com","actor_via_sso":false,"log_type":"account"}', '2025-10-17 07:39:26.526733+00', ''),
	('00000000-0000-0000-0000-000000000000', '5e6ac8bf-8c1a-4893-bf1b-3c6cfecd3421', '{"action":"token_refreshed","actor_id":"73904179-cca9-40ab-a2c4-e509dadbbbbb","actor_username":"ajitkumarpes@gmail.com","actor_via_sso":false,"log_type":"token"}', '2026-01-07 13:23:49.680102+00', ''),
	('00000000-0000-0000-0000-000000000000', '5175db31-6265-4eda-8642-e4d48150e563', '{"action":"user_recovery_requested","actor_id":"d1e40c02-9978-46fd-875e-3989537af942","actor_username":"kbisht786@gmail.com","actor_via_sso":false,"log_type":"user"}', '2025-10-17 07:46:39.480076+00', ''),
	('00000000-0000-0000-0000-000000000000', '586c0242-a0ac-4e51-9420-772de6a48a8d', '{"action":"login","actor_id":"d1e40c02-9978-46fd-875e-3989537af942","actor_username":"kbisht786@gmail.com","actor_via_sso":false,"log_type":"account"}', '2025-10-17 07:46:51.645448+00', ''),
	('00000000-0000-0000-0000-000000000000', '5bdcf992-911e-4d7b-b303-4284dcd4f38f', '{"action":"user_modified","actor_id":"d1e40c02-9978-46fd-875e-3989537af942","actor_username":"kbisht786@gmail.com","actor_via_sso":false,"log_type":"user"}', '2025-10-17 07:47:53.098581+00', ''),
	('00000000-0000-0000-0000-000000000000', 'e27800b9-4591-4406-963d-6998747999ea', '{"action":"user_modified","actor_id":"d1e40c02-9978-46fd-875e-3989537af942","actor_username":"kbisht786@gmail.com","actor_via_sso":false,"log_type":"user"}', '2025-10-17 07:47:56.197569+00', ''),
	('00000000-0000-0000-0000-000000000000', '34a20430-7dca-493f-95fe-ccbb58f82a8d', '{"action":"logout","actor_id":"d1e40c02-9978-46fd-875e-3989537af942","actor_username":"kbisht786@gmail.com","actor_via_sso":false,"log_type":"account"}', '2025-10-17 08:21:31.505933+00', ''),
	('00000000-0000-0000-0000-000000000000', '2a73316d-7c22-4246-9dbd-1ee277f8e63a', '{"action":"user_recovery_requested","actor_id":"d1e40c02-9978-46fd-875e-3989537af942","actor_username":"kbisht786@gmail.com","actor_via_sso":false,"log_type":"user"}', '2025-10-17 08:21:39.192573+00', ''),
	('00000000-0000-0000-0000-000000000000', 'f06e39d2-ec73-4190-a988-56900ff3d040', '{"action":"login","actor_id":"d1e40c02-9978-46fd-875e-3989537af942","actor_username":"kbisht786@gmail.com","actor_via_sso":false,"log_type":"account"}', '2025-10-17 08:21:50.192647+00', ''),
	('00000000-0000-0000-0000-000000000000', 'c4e9ee5e-a213-4014-9041-5aa0253a5d25', '{"action":"logout","actor_id":"d1e40c02-9978-46fd-875e-3989537af942","actor_username":"kbisht786@gmail.com","actor_via_sso":false,"log_type":"account"}', '2025-10-17 08:35:50.811323+00', ''),
	('00000000-0000-0000-0000-000000000000', '75a97b53-e3b5-4554-b91c-aa6e9864e6cb', '{"action":"user_recovery_requested","actor_id":"d1e40c02-9978-46fd-875e-3989537af942","actor_username":"kbisht786@gmail.com","actor_via_sso":false,"log_type":"user"}', '2025-10-17 08:35:59.700494+00', ''),
	('00000000-0000-0000-0000-000000000000', '02aa7392-2888-4085-a880-80c1b10c801a', '{"action":"login","actor_id":"d1e40c02-9978-46fd-875e-3989537af942","actor_username":"kbisht786@gmail.com","actor_via_sso":false,"log_type":"account"}', '2025-10-17 08:36:10.400536+00', ''),
	('00000000-0000-0000-0000-000000000000', 'b6611fa4-1b09-411d-b02d-08bfcbdf76d0', '{"action":"logout","actor_id":"d1e40c02-9978-46fd-875e-3989537af942","actor_username":"kbisht786@gmail.com","actor_via_sso":false,"log_type":"account"}', '2025-10-17 09:00:29.378301+00', ''),
	('00000000-0000-0000-0000-000000000000', 'de7e0727-b153-4376-891a-5b6a5b803401', '{"action":"user_recovery_requested","actor_id":"d1e40c02-9978-46fd-875e-3989537af942","actor_username":"kbisht786@gmail.com","actor_via_sso":false,"log_type":"user"}', '2025-10-17 09:00:34.892892+00', ''),
	('00000000-0000-0000-0000-000000000000', 'f2e20c1a-9547-458c-bf82-cf906d4f125b', '{"action":"login","actor_id":"d1e40c02-9978-46fd-875e-3989537af942","actor_username":"kbisht786@gmail.com","actor_via_sso":false,"log_type":"account"}', '2025-10-17 09:00:48.033409+00', ''),
	('00000000-0000-0000-0000-000000000000', 'cb6ecf66-1f6e-4e00-81c6-76f9ce2cede2', '{"action":"logout","actor_id":"d1e40c02-9978-46fd-875e-3989537af942","actor_username":"kbisht786@gmail.com","actor_via_sso":false,"log_type":"account"}', '2025-10-17 09:06:15.347711+00', ''),
	('00000000-0000-0000-0000-000000000000', 'ac7f5c6b-3854-4862-9f68-e6a499be6503', '{"action":"user_recovery_requested","actor_id":"d1e40c02-9978-46fd-875e-3989537af942","actor_username":"kbisht786@gmail.com","actor_via_sso":false,"log_type":"user"}', '2025-10-18 04:28:04.21709+00', ''),
	('00000000-0000-0000-0000-000000000000', '518ef58b-d0b6-4a17-952a-8357b80ca12f', '{"action":"login","actor_id":"d1e40c02-9978-46fd-875e-3989537af942","actor_username":"kbisht786@gmail.com","actor_via_sso":false,"log_type":"account"}', '2025-10-18 04:28:15.285329+00', ''),
	('00000000-0000-0000-0000-000000000000', '37b3bd62-d905-4ef2-94df-a1f407db8a1e', '{"action":"token_refreshed","actor_id":"d1e40c02-9978-46fd-875e-3989537af942","actor_username":"kbisht786@gmail.com","actor_via_sso":false,"log_type":"token"}', '2025-10-18 05:38:31.036862+00', ''),
	('00000000-0000-0000-0000-000000000000', '9ac58699-e956-481e-9e9c-3b0711db7342', '{"action":"token_revoked","actor_id":"d1e40c02-9978-46fd-875e-3989537af942","actor_username":"kbisht786@gmail.com","actor_via_sso":false,"log_type":"token"}', '2025-10-18 05:38:31.063205+00', ''),
	('00000000-0000-0000-0000-000000000000', '6e9dd5f6-b825-4d16-8784-d52a19936ba3', '{"action":"token_refreshed","actor_id":"d1e40c02-9978-46fd-875e-3989537af942","actor_username":"kbisht786@gmail.com","actor_via_sso":false,"log_type":"token"}', '2025-10-18 05:38:35.1628+00', ''),
	('00000000-0000-0000-0000-000000000000', '1882cabf-f0f4-4071-ba90-52965c31b34a', '{"action":"logout","actor_id":"d1e40c02-9978-46fd-875e-3989537af942","actor_username":"kbisht786@gmail.com","actor_via_sso":false,"log_type":"account"}', '2025-10-18 06:32:02.04771+00', ''),
	('00000000-0000-0000-0000-000000000000', '6ef4beab-3667-4057-b8de-9a47156b664c', '{"action":"user_recovery_requested","actor_id":"d1e40c02-9978-46fd-875e-3989537af942","actor_username":"kbisht786@gmail.com","actor_via_sso":false,"log_type":"user"}', '2025-10-18 06:32:05.703796+00', ''),
	('00000000-0000-0000-0000-000000000000', 'f2680766-3e1d-438d-9302-40118c1d71fa', '{"action":"login","actor_id":"d1e40c02-9978-46fd-875e-3989537af942","actor_username":"kbisht786@gmail.com","actor_via_sso":false,"log_type":"account"}', '2025-10-18 06:32:15.84563+00', ''),
	('00000000-0000-0000-0000-000000000000', 'eb1fbf4d-5f36-4857-b0ad-5380baac8b98', '{"action":"token_refreshed","actor_id":"d1e40c02-9978-46fd-875e-3989537af942","actor_username":"kbisht786@gmail.com","actor_via_sso":false,"log_type":"token"}', '2025-10-18 07:33:22.884043+00', ''),
	('00000000-0000-0000-0000-000000000000', 'd1442532-2e18-41a2-b51e-7b95891aa1e9', '{"action":"token_revoked","actor_id":"d1e40c02-9978-46fd-875e-3989537af942","actor_username":"kbisht786@gmail.com","actor_via_sso":false,"log_type":"token"}', '2025-10-18 07:33:22.900594+00', ''),
	('00000000-0000-0000-0000-000000000000', '3149ec75-fb6e-4d86-bb3f-00bd9708908e', '{"action":"token_refreshed","actor_id":"d1e40c02-9978-46fd-875e-3989537af942","actor_username":"kbisht786@gmail.com","actor_via_sso":false,"log_type":"token"}', '2025-10-18 09:12:54.526358+00', ''),
	('00000000-0000-0000-0000-000000000000', '0bb700ef-19c0-47ff-ac61-f87268927a6c', '{"action":"token_revoked","actor_id":"d1e40c02-9978-46fd-875e-3989537af942","actor_username":"kbisht786@gmail.com","actor_via_sso":false,"log_type":"token"}', '2025-10-18 09:12:54.554922+00', ''),
	('00000000-0000-0000-0000-000000000000', 'aea50b9c-3e58-4fc6-bf98-7b60022ee0cd', '{"action":"token_refreshed","actor_id":"d1e40c02-9978-46fd-875e-3989537af942","actor_username":"kbisht786@gmail.com","actor_via_sso":false,"log_type":"token"}', '2025-10-18 10:12:01.272278+00', ''),
	('00000000-0000-0000-0000-000000000000', '44650d1f-aab6-424a-b7f2-662c7b2d3ba7', '{"action":"token_revoked","actor_id":"d1e40c02-9978-46fd-875e-3989537af942","actor_username":"kbisht786@gmail.com","actor_via_sso":false,"log_type":"token"}', '2025-10-18 10:12:01.295112+00', ''),
	('00000000-0000-0000-0000-000000000000', 'cc409989-1c23-4194-aabe-9b99a01dd93f', '{"action":"token_refreshed","actor_id":"d1e40c02-9978-46fd-875e-3989537af942","actor_username":"kbisht786@gmail.com","actor_via_sso":false,"log_type":"token"}', '2025-10-18 11:17:03.732106+00', ''),
	('00000000-0000-0000-0000-000000000000', '2c2d74d2-066a-4a92-84b0-6e6bc953829e', '{"action":"token_revoked","actor_id":"d1e40c02-9978-46fd-875e-3989537af942","actor_username":"kbisht786@gmail.com","actor_via_sso":false,"log_type":"token"}', '2025-10-18 11:17:03.756211+00', ''),
	('00000000-0000-0000-0000-000000000000', 'e9c8eea2-1f4c-4a00-99e9-c3eac7908ca8', '{"action":"logout","actor_id":"d1e40c02-9978-46fd-875e-3989537af942","actor_username":"kbisht786@gmail.com","actor_via_sso":false,"log_type":"account"}', '2025-10-18 11:48:30.608668+00', ''),
	('00000000-0000-0000-0000-000000000000', '3e5e30e2-2edd-4c09-9591-8cc2bf0fbee1', '{"action":"user_recovery_requested","actor_id":"d1e40c02-9978-46fd-875e-3989537af942","actor_username":"kbisht786@gmail.com","actor_via_sso":false,"log_type":"user"}', '2025-10-19 08:59:51.799739+00', ''),
	('00000000-0000-0000-0000-000000000000', '1dbf60ba-0375-4afb-9e91-3aff661da7c8', '{"action":"login","actor_id":"d1e40c02-9978-46fd-875e-3989537af942","actor_username":"kbisht786@gmail.com","actor_via_sso":false,"log_type":"account"}', '2025-10-19 09:03:16.485451+00', ''),
	('00000000-0000-0000-0000-000000000000', '20d4155b-0859-4933-832c-689d4f78bb52', '{"action":"logout","actor_id":"d1e40c02-9978-46fd-875e-3989537af942","actor_username":"kbisht786@gmail.com","actor_via_sso":false,"log_type":"account"}', '2025-10-19 09:37:57.609528+00', ''),
	('00000000-0000-0000-0000-000000000000', 'b5765da9-081a-4fe9-b815-c7bb7f1a5b61', '{"action":"user_recovery_requested","actor_id":"d1e40c02-9978-46fd-875e-3989537af942","actor_username":"kbisht786@gmail.com","actor_via_sso":false,"log_type":"user"}', '2025-10-19 09:38:43.16406+00', ''),
	('00000000-0000-0000-0000-000000000000', 'fe9d586e-f159-4fa1-9222-bd5b8cc8375e', '{"action":"login","actor_id":"d1e40c02-9978-46fd-875e-3989537af942","actor_username":"kbisht786@gmail.com","actor_via_sso":false,"log_type":"account"}', '2025-10-19 09:38:53.378436+00', ''),
	('00000000-0000-0000-0000-000000000000', '9e3bea2c-9a1a-4119-84ae-feff09041a34', '{"action":"token_refreshed","actor_id":"d1e40c02-9978-46fd-875e-3989537af942","actor_username":"kbisht786@gmail.com","actor_via_sso":false,"log_type":"token"}', '2025-10-19 11:29:05.372503+00', ''),
	('00000000-0000-0000-0000-000000000000', '03bed4c2-7a30-48d7-939b-938dd310908f', '{"action":"token_revoked","actor_id":"d1e40c02-9978-46fd-875e-3989537af942","actor_username":"kbisht786@gmail.com","actor_via_sso":false,"log_type":"token"}', '2025-10-19 11:29:05.379089+00', ''),
	('00000000-0000-0000-0000-000000000000', 'e04b579e-7462-4a22-a317-3b7c28f74085', '{"action":"token_refreshed","actor_id":"d1e40c02-9978-46fd-875e-3989537af942","actor_username":"kbisht786@gmail.com","actor_via_sso":false,"log_type":"token"}', '2025-10-19 12:32:05.462892+00', ''),
	('00000000-0000-0000-0000-000000000000', '235a57db-88d4-44e3-a15b-52cb01dd3a58', '{"action":"token_revoked","actor_id":"d1e40c02-9978-46fd-875e-3989537af942","actor_username":"kbisht786@gmail.com","actor_via_sso":false,"log_type":"token"}', '2025-10-19 12:32:05.495986+00', ''),
	('00000000-0000-0000-0000-000000000000', '5a96ba75-9d13-49e0-89c1-7de75da4e987', '{"action":"token_refreshed","actor_id":"d1e40c02-9978-46fd-875e-3989537af942","actor_username":"kbisht786@gmail.com","actor_via_sso":false,"log_type":"token"}', '2025-10-19 13:37:36.601907+00', ''),
	('00000000-0000-0000-0000-000000000000', '1fc0967a-5fb2-49c3-adcf-f30146019a69', '{"action":"token_revoked","actor_id":"d1e40c02-9978-46fd-875e-3989537af942","actor_username":"kbisht786@gmail.com","actor_via_sso":false,"log_type":"token"}', '2025-10-19 13:37:36.627213+00', ''),
	('00000000-0000-0000-0000-000000000000', '601a0514-1fec-417c-bd23-cc7bce390bf5', '{"action":"token_refreshed","actor_id":"d1e40c02-9978-46fd-875e-3989537af942","actor_username":"kbisht786@gmail.com","actor_via_sso":false,"log_type":"token"}', '2025-10-19 14:36:48.839207+00', ''),
	('00000000-0000-0000-0000-000000000000', '67002670-97e0-4717-82ee-b87c6afe04b1', '{"action":"token_revoked","actor_id":"d1e40c02-9978-46fd-875e-3989537af942","actor_username":"kbisht786@gmail.com","actor_via_sso":false,"log_type":"token"}', '2025-10-19 14:36:48.852041+00', ''),
	('00000000-0000-0000-0000-000000000000', '1cd9d6e5-18b4-42dc-8854-b921bb37807e', '{"action":"token_refreshed","actor_id":"d1e40c02-9978-46fd-875e-3989537af942","actor_username":"kbisht786@gmail.com","actor_via_sso":false,"log_type":"token"}', '2025-10-19 15:41:25.163776+00', ''),
	('00000000-0000-0000-0000-000000000000', '71f3726e-94b3-4a5a-8f93-d3c7347b0108', '{"action":"token_revoked","actor_id":"d1e40c02-9978-46fd-875e-3989537af942","actor_username":"kbisht786@gmail.com","actor_via_sso":false,"log_type":"token"}', '2025-10-19 15:41:25.180596+00', ''),
	('00000000-0000-0000-0000-000000000000', 'd90784f9-a2ab-4162-a4bb-33af682571f1', '{"action":"token_refreshed","actor_id":"d1e40c02-9978-46fd-875e-3989537af942","actor_username":"kbisht786@gmail.com","actor_via_sso":false,"log_type":"token"}', '2025-10-19 16:40:06.42541+00', ''),
	('00000000-0000-0000-0000-000000000000', 'f9199e2e-8f50-42f6-91f1-1eb38ae60953', '{"action":"token_revoked","actor_id":"d1e40c02-9978-46fd-875e-3989537af942","actor_username":"kbisht786@gmail.com","actor_via_sso":false,"log_type":"token"}', '2025-10-19 16:40:06.449614+00', ''),
	('00000000-0000-0000-0000-000000000000', '92f6bad4-e86c-4a70-86b8-b6091125dd09', '{"action":"token_refreshed","actor_id":"d1e40c02-9978-46fd-875e-3989537af942","actor_username":"kbisht786@gmail.com","actor_via_sso":false,"log_type":"token"}', '2025-10-19 18:05:27.750613+00', ''),
	('00000000-0000-0000-0000-000000000000', '4616080d-81bd-451a-b95e-8b9b487e4fc2', '{"action":"token_revoked","actor_id":"d1e40c02-9978-46fd-875e-3989537af942","actor_username":"kbisht786@gmail.com","actor_via_sso":false,"log_type":"token"}', '2025-10-19 18:05:27.775659+00', ''),
	('00000000-0000-0000-0000-000000000000', 'efb63a55-e99d-4a96-862e-da7b8cf5866a', '{"action":"token_refreshed","actor_id":"d1e40c02-9978-46fd-875e-3989537af942","actor_username":"kbisht786@gmail.com","actor_via_sso":false,"log_type":"token"}', '2025-10-19 18:05:28.546066+00', ''),
	('00000000-0000-0000-0000-000000000000', '0d4e75f2-f82a-48b5-8727-de1aabde1852', '{"action":"token_refreshed","actor_id":"d1e40c02-9978-46fd-875e-3989537af942","actor_username":"kbisht786@gmail.com","actor_via_sso":false,"log_type":"token"}', '2025-10-19 19:04:47.468168+00', ''),
	('00000000-0000-0000-0000-000000000000', '790a4f21-1fc2-48a5-a365-c07e6b7de63d', '{"action":"token_revoked","actor_id":"d1e40c02-9978-46fd-875e-3989537af942","actor_username":"kbisht786@gmail.com","actor_via_sso":false,"log_type":"token"}', '2025-10-19 19:04:47.476131+00', ''),
	('00000000-0000-0000-0000-000000000000', '85ce469a-9816-46dd-9e7f-ec3d6d50f83d', '{"action":"token_refreshed","actor_id":"d1e40c02-9978-46fd-875e-3989537af942","actor_username":"kbisht786@gmail.com","actor_via_sso":false,"log_type":"token"}', '2025-10-20 01:26:52.13134+00', ''),
	('00000000-0000-0000-0000-000000000000', 'c9de6f24-c2a7-48bb-96b1-5b859e835fa7', '{"action":"token_revoked","actor_id":"d1e40c02-9978-46fd-875e-3989537af942","actor_username":"kbisht786@gmail.com","actor_via_sso":false,"log_type":"token"}', '2025-10-20 01:26:52.158375+00', ''),
	('00000000-0000-0000-0000-000000000000', '7c9ac168-ec6a-403b-9c91-f7aebc95e99a', '{"action":"logout","actor_id":"d1e40c02-9978-46fd-875e-3989537af942","actor_username":"kbisht786@gmail.com","actor_via_sso":false,"log_type":"account"}', '2025-10-20 01:28:46.087335+00', ''),
	('00000000-0000-0000-0000-000000000000', '785124d6-06eb-4445-b4f7-155923ae2f0f', '{"action":"user_recovery_requested","actor_id":"d1e40c02-9978-46fd-875e-3989537af942","actor_username":"kbisht786@gmail.com","actor_via_sso":false,"log_type":"user"}', '2025-10-20 01:28:50.71305+00', ''),
	('00000000-0000-0000-0000-000000000000', '86af6155-3a6d-4cbc-b97b-11856bb37076', '{"action":"login","actor_id":"d1e40c02-9978-46fd-875e-3989537af942","actor_username":"kbisht786@gmail.com","actor_via_sso":false,"log_type":"account"}', '2025-10-20 01:29:04.831719+00', ''),
	('00000000-0000-0000-0000-000000000000', 'f70ed127-3f42-476d-b474-cf451a215136', '{"action":"logout","actor_id":"d1e40c02-9978-46fd-875e-3989537af942","actor_username":"kbisht786@gmail.com","actor_via_sso":false,"log_type":"account"}', '2025-10-20 01:53:56.069888+00', ''),
	('00000000-0000-0000-0000-000000000000', '0380f5f7-aac5-4036-8103-95d500ac76a3', '{"action":"user_recovery_requested","actor_id":"d1e40c02-9978-46fd-875e-3989537af942","actor_username":"kbisht786@gmail.com","actor_via_sso":false,"log_type":"user"}', '2025-10-20 01:54:25.773555+00', ''),
	('00000000-0000-0000-0000-000000000000', '58c5e998-dde6-486c-9373-f014e55018a6', '{"action":"login","actor_id":"d1e40c02-9978-46fd-875e-3989537af942","actor_username":"kbisht786@gmail.com","actor_via_sso":false,"log_type":"account"}', '2025-10-20 01:54:41.775504+00', ''),
	('00000000-0000-0000-0000-000000000000', '46a31d89-af10-4019-b7e7-97ce24846e56', '{"action":"logout","actor_id":"d1e40c02-9978-46fd-875e-3989537af942","actor_username":"kbisht786@gmail.com","actor_via_sso":false,"log_type":"account"}', '2025-10-20 02:00:48.315671+00', ''),
	('00000000-0000-0000-0000-000000000000', 'c0ca6e3a-c566-401a-b7b1-cf10447ae331', '{"action":"user_recovery_requested","actor_id":"d1e40c02-9978-46fd-875e-3989537af942","actor_username":"kbisht786@gmail.com","actor_via_sso":false,"log_type":"user"}', '2025-10-20 02:01:01.188489+00', ''),
	('00000000-0000-0000-0000-000000000000', '048271c2-6376-400d-a587-453d3711724a', '{"action":"login","actor_id":"d1e40c02-9978-46fd-875e-3989537af942","actor_username":"kbisht786@gmail.com","actor_via_sso":false,"log_type":"account"}', '2025-10-20 02:01:12.932506+00', ''),
	('00000000-0000-0000-0000-000000000000', '6d129608-9e7e-41bc-909f-3b3381c37076', '{"action":"logout","actor_id":"d1e40c02-9978-46fd-875e-3989537af942","actor_username":"kbisht786@gmail.com","actor_via_sso":false,"log_type":"account"}', '2025-10-20 02:15:44.739172+00', ''),
	('00000000-0000-0000-0000-000000000000', '0e0f9fea-b6ff-4924-bfa0-2a8ab902c962', '{"action":"user_recovery_requested","actor_id":"d1e40c02-9978-46fd-875e-3989537af942","actor_username":"kbisht786@gmail.com","actor_via_sso":false,"log_type":"user"}', '2025-10-20 02:16:24.388102+00', ''),
	('00000000-0000-0000-0000-000000000000', '3d3a5ee1-7006-478f-a29e-00c149ef9727', '{"action":"login","actor_id":"d1e40c02-9978-46fd-875e-3989537af942","actor_username":"kbisht786@gmail.com","actor_via_sso":false,"log_type":"account"}', '2025-10-20 02:16:43.847795+00', ''),
	('00000000-0000-0000-0000-000000000000', '5e599041-dbfe-41ff-89f8-e572c7189f8a', '{"action":"user_recovery_requested","actor_id":"d1e40c02-9978-46fd-875e-3989537af942","actor_username":"kbisht786@gmail.com","actor_via_sso":false,"log_type":"user"}', '2025-10-20 02:42:54.747439+00', ''),
	('00000000-0000-0000-0000-000000000000', '6e205df3-2434-46f8-810a-e3c7d17ab2f4', '{"action":"login","actor_id":"d1e40c02-9978-46fd-875e-3989537af942","actor_username":"kbisht786@gmail.com","actor_via_sso":false,"log_type":"account"}', '2025-10-20 02:43:05.038724+00', ''),
	('00000000-0000-0000-0000-000000000000', '77b55c40-d425-4b8d-8047-a29b2ea79ba5', '{"action":"user_recovery_requested","actor_id":"d1e40c02-9978-46fd-875e-3989537af942","actor_username":"kbisht786@gmail.com","actor_via_sso":false,"log_type":"user"}', '2025-10-20 03:03:14.178706+00', ''),
	('00000000-0000-0000-0000-000000000000', '85aa4768-6c9e-49be-b187-bd5467959727', '{"action":"login","actor_id":"d1e40c02-9978-46fd-875e-3989537af942","actor_username":"kbisht786@gmail.com","actor_via_sso":false,"log_type":"account"}', '2025-10-20 03:03:24.844587+00', ''),
	('00000000-0000-0000-0000-000000000000', '6bacb899-4e0f-4aae-a38a-35179f290e5d', '{"action":"logout","actor_id":"d1e40c02-9978-46fd-875e-3989537af942","actor_username":"kbisht786@gmail.com","actor_via_sso":false,"log_type":"account"}', '2025-10-20 03:04:58.926683+00', ''),
	('00000000-0000-0000-0000-000000000000', '2a38c0d6-c4c5-4f3f-828c-54f02f742025', '{"action":"user_recovery_requested","actor_id":"d1e40c02-9978-46fd-875e-3989537af942","actor_username":"kbisht786@gmail.com","actor_via_sso":false,"log_type":"user"}', '2025-10-20 03:05:05.199005+00', ''),
	('00000000-0000-0000-0000-000000000000', '2d1b5d27-4e48-49b6-8d33-31434455a177', '{"action":"login","actor_id":"d1e40c02-9978-46fd-875e-3989537af942","actor_username":"kbisht786@gmail.com","actor_via_sso":false,"log_type":"account"}', '2025-10-20 03:05:15.368082+00', ''),
	('00000000-0000-0000-0000-000000000000', '93b7aafb-36ff-4f61-ba5b-91a42d282772', '{"action":"token_revoked","actor_id":"73904179-cca9-40ab-a2c4-e509dadbbbbb","actor_username":"ajitkumarpes@gmail.com","actor_via_sso":false,"log_type":"token"}', '2026-01-07 13:23:49.70173+00', ''),
	('00000000-0000-0000-0000-000000000000', '3fa21033-71aa-4c9e-92b7-a558b53d7dd7', '{"action":"logout","actor_id":"d1e40c02-9978-46fd-875e-3989537af942","actor_username":"kbisht786@gmail.com","actor_via_sso":false,"log_type":"account"}', '2025-10-20 03:06:01.245201+00', ''),
	('00000000-0000-0000-0000-000000000000', '972739dc-5f8a-4609-a0f8-8b08b153b6dd', '{"action":"user_recovery_requested","actor_id":"d1e40c02-9978-46fd-875e-3989537af942","actor_username":"kbisht786@gmail.com","actor_via_sso":false,"log_type":"user"}', '2025-10-20 03:06:05.404784+00', ''),
	('00000000-0000-0000-0000-000000000000', '2abdb495-d3ed-4327-ab65-361dc9dce1f3', '{"action":"login","actor_id":"d1e40c02-9978-46fd-875e-3989537af942","actor_username":"kbisht786@gmail.com","actor_via_sso":false,"log_type":"account"}', '2025-10-20 03:06:18.27766+00', ''),
	('00000000-0000-0000-0000-000000000000', '48412e6a-564b-46c4-9ec6-c38c32d13008', '{"action":"token_revoked","actor_id":"73904179-cca9-40ab-a2c4-e509dadbbbbb","actor_username":"ajitkumarpes@gmail.com","actor_via_sso":false,"log_type":"token"}', '2026-01-07 17:41:48.162592+00', ''),
	('00000000-0000-0000-0000-000000000000', '049b5fb1-6f0d-4cc3-bd9e-cd69b18e3662', '{"action":"user_recovery_requested","actor_id":"d1e40c02-9978-46fd-875e-3989537af942","actor_username":"kbisht786@gmail.com","actor_via_sso":false,"log_type":"user"}', '2025-10-20 03:07:08.724307+00', ''),
	('00000000-0000-0000-0000-000000000000', 'd84ae8d3-611b-4df9-b736-b6c40588f1ba', '{"action":"login","actor_id":"d1e40c02-9978-46fd-875e-3989537af942","actor_username":"kbisht786@gmail.com","actor_via_sso":false,"log_type":"account"}', '2025-10-20 03:07:18.450134+00', ''),
	('00000000-0000-0000-0000-000000000000', 'a2a39bf8-e8ca-4e99-a7b9-8c7a6291ad9f', '{"action":"logout","actor_id":"d1e40c02-9978-46fd-875e-3989537af942","actor_username":"kbisht786@gmail.com","actor_via_sso":false,"log_type":"account"}', '2025-10-20 03:18:29.963719+00', ''),
	('00000000-0000-0000-0000-000000000000', '07a24c17-ee5f-4801-8802-6b6e6b35d2be', '{"action":"user_recovery_requested","actor_id":"d1e40c02-9978-46fd-875e-3989537af942","actor_username":"kbisht786@gmail.com","actor_via_sso":false,"log_type":"user"}', '2025-10-20 03:18:33.75786+00', ''),
	('00000000-0000-0000-0000-000000000000', 'c9677f52-3da7-4fd7-a89b-95692ada4aa7', '{"action":"login","actor_id":"d1e40c02-9978-46fd-875e-3989537af942","actor_username":"kbisht786@gmail.com","actor_via_sso":false,"log_type":"account"}', '2025-10-20 03:18:43.022308+00', ''),
	('00000000-0000-0000-0000-000000000000', '5b2a483f-78d3-4db8-9fc5-b548d31d7ef7', '{"action":"logout","actor_id":"d1e40c02-9978-46fd-875e-3989537af942","actor_username":"kbisht786@gmail.com","actor_via_sso":false,"log_type":"account"}', '2025-10-20 03:32:05.4314+00', ''),
	('00000000-0000-0000-0000-000000000000', '0543f2f0-0482-4ebe-b1ef-34a68983672a', '{"action":"user_recovery_requested","actor_id":"d1e40c02-9978-46fd-875e-3989537af942","actor_username":"kbisht786@gmail.com","actor_via_sso":false,"log_type":"user"}', '2025-10-20 03:32:11.443941+00', ''),
	('00000000-0000-0000-0000-000000000000', '82edf960-bdc7-44f6-bca0-6358622edc70', '{"action":"login","actor_id":"d1e40c02-9978-46fd-875e-3989537af942","actor_username":"kbisht786@gmail.com","actor_via_sso":false,"log_type":"account"}', '2025-10-20 03:32:24.064131+00', ''),
	('00000000-0000-0000-0000-000000000000', '891f35d8-e75a-470d-9a7c-c48c8522a966', '{"action":"logout","actor_id":"d1e40c02-9978-46fd-875e-3989537af942","actor_username":"kbisht786@gmail.com","actor_via_sso":false,"log_type":"account"}', '2025-10-20 03:40:48.224456+00', ''),
	('00000000-0000-0000-0000-000000000000', 'c0381f04-b7c2-43f9-81fb-e8f551f418d3', '{"action":"user_recovery_requested","actor_id":"d1e40c02-9978-46fd-875e-3989537af942","actor_username":"kbisht786@gmail.com","actor_via_sso":false,"log_type":"user"}', '2025-10-20 03:40:56.368968+00', ''),
	('00000000-0000-0000-0000-000000000000', '6b9cf5fe-1103-45be-8b71-840af865e1d2', '{"action":"login","actor_id":"d1e40c02-9978-46fd-875e-3989537af942","actor_username":"kbisht786@gmail.com","actor_via_sso":false,"log_type":"account"}', '2025-10-20 03:41:05.94776+00', ''),
	('00000000-0000-0000-0000-000000000000', '247582c3-a048-4e0f-89a3-41ce8ac66bab', '{"action":"user_recovery_requested","actor_id":"d1e40c02-9978-46fd-875e-3989537af942","actor_username":"kbisht786@gmail.com","actor_via_sso":false,"log_type":"user"}', '2025-10-20 03:45:03.362259+00', ''),
	('00000000-0000-0000-0000-000000000000', 'a337d954-ffe4-41bb-945e-4a65b1758404', '{"action":"login","actor_id":"d1e40c02-9978-46fd-875e-3989537af942","actor_username":"kbisht786@gmail.com","actor_via_sso":false,"log_type":"account"}', '2025-10-20 03:45:12.158587+00', ''),
	('00000000-0000-0000-0000-000000000000', '595dd5f6-e176-4e65-8920-139c1b6ff41a', '{"action":"logout","actor_id":"d1e40c02-9978-46fd-875e-3989537af942","actor_username":"kbisht786@gmail.com","actor_via_sso":false,"log_type":"account"}', '2025-10-20 03:45:34.643914+00', ''),
	('00000000-0000-0000-0000-000000000000', '3c2043c8-11f9-48c0-812a-15e237b66e35', '{"action":"token_revoked","actor_id":"73904179-cca9-40ab-a2c4-e509dadbbbbb","actor_username":"ajitkumarpes@gmail.com","actor_via_sso":false,"log_type":"token"}', '2026-01-07 18:42:50.613659+00', ''),
	('00000000-0000-0000-0000-000000000000', '6f205353-68a3-4fc0-82df-3635df12fc24', '{"action":"user_recovery_requested","actor_id":"d1e40c02-9978-46fd-875e-3989537af942","actor_username":"kbisht786@gmail.com","actor_via_sso":false,"log_type":"user"}', '2025-10-20 03:46:03.80394+00', ''),
	('00000000-0000-0000-0000-000000000000', '8c0db6b0-7753-4feb-a40f-09c8383035b8', '{"action":"login","actor_id":"d1e40c02-9978-46fd-875e-3989537af942","actor_username":"kbisht786@gmail.com","actor_via_sso":false,"log_type":"account"}', '2025-10-20 03:46:13.078465+00', ''),
	('00000000-0000-0000-0000-000000000000', '59c72fde-989a-441c-9412-1e7a25d055c4', '{"action":"token_refreshed","actor_id":"d1e40c02-9978-46fd-875e-3989537af942","actor_username":"kbisht786@gmail.com","actor_via_sso":false,"log_type":"token"}', '2025-10-20 05:18:11.458816+00', ''),
	('00000000-0000-0000-0000-000000000000', 'ce6a653f-6f49-46bb-820a-e5e41ab5c070', '{"action":"token_revoked","actor_id":"d1e40c02-9978-46fd-875e-3989537af942","actor_username":"kbisht786@gmail.com","actor_via_sso":false,"log_type":"token"}', '2025-10-20 05:18:11.483413+00', ''),
	('00000000-0000-0000-0000-000000000000', 'afd9c9f0-fbec-40e4-b5ec-bf7f796a0996', '{"action":"logout","actor_id":"d1e40c02-9978-46fd-875e-3989537af942","actor_username":"kbisht786@gmail.com","actor_via_sso":false,"log_type":"account"}', '2025-10-20 06:12:47.32457+00', ''),
	('00000000-0000-0000-0000-000000000000', '625e12c5-d4fc-4884-b08a-e2949588ce61', '{"action":"user_recovery_requested","actor_id":"d1e40c02-9978-46fd-875e-3989537af942","actor_username":"kbisht786@gmail.com","actor_via_sso":false,"log_type":"user"}', '2025-10-20 06:12:52.976029+00', ''),
	('00000000-0000-0000-0000-000000000000', 'c180c831-07e3-4400-be78-b84198fb2e00', '{"action":"login","actor_id":"d1e40c02-9978-46fd-875e-3989537af942","actor_username":"kbisht786@gmail.com","actor_via_sso":false,"log_type":"account"}', '2025-10-20 06:13:01.61636+00', ''),
	('00000000-0000-0000-0000-000000000000', '057ac4a0-d3d5-46ad-aa68-719d9a568264', '{"action":"logout","actor_id":"d1e40c02-9978-46fd-875e-3989537af942","actor_username":"kbisht786@gmail.com","actor_via_sso":false,"log_type":"account"}', '2025-10-20 06:16:21.569895+00', ''),
	('00000000-0000-0000-0000-000000000000', 'd1123be7-ca1b-4944-b2a4-417722bfa684', '{"action":"user_recovery_requested","actor_id":"d1e40c02-9978-46fd-875e-3989537af942","actor_username":"kbisht786@gmail.com","actor_via_sso":false,"log_type":"user"}', '2025-10-20 06:16:33.488538+00', ''),
	('00000000-0000-0000-0000-000000000000', '6be821a8-68aa-4c76-a939-074dc9befa0d', '{"action":"login","actor_id":"d1e40c02-9978-46fd-875e-3989537af942","actor_username":"kbisht786@gmail.com","actor_via_sso":false,"log_type":"account"}', '2025-10-20 06:16:42.404002+00', ''),
	('00000000-0000-0000-0000-000000000000', '4da23a55-6c06-48f3-82ca-b0b84161aa08', '{"action":"logout","actor_id":"d1e40c02-9978-46fd-875e-3989537af942","actor_username":"kbisht786@gmail.com","actor_via_sso":false,"log_type":"account"}', '2025-10-20 06:41:33.249276+00', ''),
	('00000000-0000-0000-0000-000000000000', 'cd680801-1eac-41d0-89a5-ef0dbaa96c1f', '{"action":"user_recovery_requested","actor_id":"d1e40c02-9978-46fd-875e-3989537af942","actor_username":"kbisht786@gmail.com","actor_via_sso":false,"log_type":"user"}', '2025-10-20 06:41:37.53354+00', ''),
	('00000000-0000-0000-0000-000000000000', 'a742af2d-35c2-4623-96ac-bb665ec79f19', '{"action":"login","actor_id":"d1e40c02-9978-46fd-875e-3989537af942","actor_username":"kbisht786@gmail.com","actor_via_sso":false,"log_type":"account"}', '2025-10-20 06:41:50.350055+00', ''),
	('00000000-0000-0000-0000-000000000000', '21b34f11-b8a4-447f-a773-c1a36a516f31', '{"action":"token_refreshed","actor_id":"d1e40c02-9978-46fd-875e-3989537af942","actor_username":"kbisht786@gmail.com","actor_via_sso":false,"log_type":"token"}', '2025-10-20 17:14:46.855205+00', ''),
	('00000000-0000-0000-0000-000000000000', 'ffeda3c4-f2dc-403f-8dab-615e1605661b', '{"action":"token_revoked","actor_id":"d1e40c02-9978-46fd-875e-3989537af942","actor_username":"kbisht786@gmail.com","actor_via_sso":false,"log_type":"token"}', '2025-10-20 17:14:46.872975+00', ''),
	('00000000-0000-0000-0000-000000000000', 'f4e8488e-fcbf-481d-99cc-2fefec9dca4a', '{"action":"logout","actor_id":"d1e40c02-9978-46fd-875e-3989537af942","actor_username":"kbisht786@gmail.com","actor_via_sso":false,"log_type":"account"}', '2025-10-20 17:14:50.366833+00', ''),
	('00000000-0000-0000-0000-000000000000', '43a92cd1-dbd5-4a17-a0ce-57818e7ff227', '{"action":"user_recovery_requested","actor_id":"d1e40c02-9978-46fd-875e-3989537af942","actor_username":"kbisht786@gmail.com","actor_via_sso":false,"log_type":"user"}', '2025-10-20 17:14:57.93554+00', ''),
	('00000000-0000-0000-0000-000000000000', 'b15a31f9-6eeb-4b7d-807d-7fe8d5581dcc', '{"action":"login","actor_id":"d1e40c02-9978-46fd-875e-3989537af942","actor_username":"kbisht786@gmail.com","actor_via_sso":false,"log_type":"account"}', '2025-10-20 17:15:10.873953+00', ''),
	('00000000-0000-0000-0000-000000000000', '90929ede-b9ad-4462-be21-12bcd95b5a6c', '{"action":"token_refreshed","actor_id":"d1e40c02-9978-46fd-875e-3989537af942","actor_username":"kbisht786@gmail.com","actor_via_sso":false,"log_type":"token"}', '2025-10-20 18:34:33.978881+00', ''),
	('00000000-0000-0000-0000-000000000000', '35429492-6c6a-4028-a988-a51ef62d9708', '{"action":"token_revoked","actor_id":"d1e40c02-9978-46fd-875e-3989537af942","actor_username":"kbisht786@gmail.com","actor_via_sso":false,"log_type":"token"}', '2025-10-20 18:34:33.991428+00', ''),
	('00000000-0000-0000-0000-000000000000', '6ae1a3ae-6085-42a8-8de6-057a1df89457', '{"action":"logout","actor_id":"d1e40c02-9978-46fd-875e-3989537af942","actor_username":"kbisht786@gmail.com","actor_via_sso":false,"log_type":"account"}', '2025-10-20 18:34:51.401145+00', ''),
	('00000000-0000-0000-0000-000000000000', '3e76be97-a8dd-4c11-a3ae-72860f61d570', '{"action":"user_recovery_requested","actor_id":"d1e40c02-9978-46fd-875e-3989537af942","actor_username":"kbisht786@gmail.com","actor_via_sso":false,"log_type":"user"}', '2025-10-20 18:34:56.670707+00', ''),
	('00000000-0000-0000-0000-000000000000', '8ca1b736-f278-4bc3-ba6f-3a267133bcca', '{"action":"login","actor_id":"d1e40c02-9978-46fd-875e-3989537af942","actor_username":"kbisht786@gmail.com","actor_via_sso":false,"log_type":"account"}', '2025-10-20 18:35:08.627267+00', ''),
	('00000000-0000-0000-0000-000000000000', 'f60d358c-8c6d-4baa-857e-4826878bf4ff', '{"action":"token_refreshed","actor_id":"d1e40c02-9978-46fd-875e-3989537af942","actor_username":"kbisht786@gmail.com","actor_via_sso":false,"log_type":"token"}', '2025-10-21 02:48:07.670122+00', ''),
	('00000000-0000-0000-0000-000000000000', '29e98d22-2999-40c8-ac91-2d1d7a10cbc3', '{"action":"token_revoked","actor_id":"d1e40c02-9978-46fd-875e-3989537af942","actor_username":"kbisht786@gmail.com","actor_via_sso":false,"log_type":"token"}', '2025-10-21 02:48:07.67842+00', ''),
	('00000000-0000-0000-0000-000000000000', '4bd3e665-7a02-4afe-b9cb-083f054a3298', '{"action":"logout","actor_id":"d1e40c02-9978-46fd-875e-3989537af942","actor_username":"kbisht786@gmail.com","actor_via_sso":false,"log_type":"account"}', '2025-10-21 02:48:10.435918+00', ''),
	('00000000-0000-0000-0000-000000000000', '4c880c11-211b-407c-80d0-3cc3d1dba07d', '{"action":"user_recovery_requested","actor_id":"d1e40c02-9978-46fd-875e-3989537af942","actor_username":"kbisht786@gmail.com","actor_via_sso":false,"log_type":"user"}', '2025-10-21 02:48:26.400964+00', ''),
	('00000000-0000-0000-0000-000000000000', '599084dd-16d8-4a9a-bc1a-01ec339f5553', '{"action":"login","actor_id":"d1e40c02-9978-46fd-875e-3989537af942","actor_username":"kbisht786@gmail.com","actor_via_sso":false,"log_type":"account"}', '2025-10-21 02:48:39.553535+00', ''),
	('00000000-0000-0000-0000-000000000000', '8647c59d-98f6-4346-a609-12ea052592f9', '{"action":"token_refreshed","actor_id":"d1e40c02-9978-46fd-875e-3989537af942","actor_username":"kbisht786@gmail.com","actor_via_sso":false,"log_type":"token"}', '2025-10-21 03:57:25.461693+00', ''),
	('00000000-0000-0000-0000-000000000000', '216e097f-17a4-4ff9-b94b-3569ef4575a9', '{"action":"token_revoked","actor_id":"d1e40c02-9978-46fd-875e-3989537af942","actor_username":"kbisht786@gmail.com","actor_via_sso":false,"log_type":"token"}', '2025-10-21 03:57:25.487735+00', ''),
	('00000000-0000-0000-0000-000000000000', 'ba8b2157-e4f8-4a2b-84c0-2ee8fca0c44c', '{"action":"token_refreshed","actor_id":"d1e40c02-9978-46fd-875e-3989537af942","actor_username":"kbisht786@gmail.com","actor_via_sso":false,"log_type":"token"}', '2025-10-21 03:57:27.863307+00', ''),
	('00000000-0000-0000-0000-000000000000', 'f13a4416-f581-4784-9ea7-b4b0de307d1c', '{"action":"logout","actor_id":"d1e40c02-9978-46fd-875e-3989537af942","actor_username":"kbisht786@gmail.com","actor_via_sso":false,"log_type":"account"}', '2025-10-21 03:57:29.512514+00', ''),
	('00000000-0000-0000-0000-000000000000', 'bf529b2d-4970-45c9-b318-d4c17aaf8a75', '{"action":"user_recovery_requested","actor_id":"d1e40c02-9978-46fd-875e-3989537af942","actor_username":"kbisht786@gmail.com","actor_via_sso":false,"log_type":"user"}', '2025-10-21 03:57:33.776022+00', ''),
	('00000000-0000-0000-0000-000000000000', '8425740f-5fb9-4cdb-98f9-347cd1bc3ac9', '{"action":"login","actor_id":"d1e40c02-9978-46fd-875e-3989537af942","actor_username":"kbisht786@gmail.com","actor_via_sso":false,"log_type":"account"}', '2025-10-21 03:57:48.134083+00', ''),
	('00000000-0000-0000-0000-000000000000', '9aab789c-f3a3-48ba-85ca-5d9e756fcfcb', '{"action":"token_refreshed","actor_id":"73904179-cca9-40ab-a2c4-e509dadbbbbb","actor_username":"ajitkumarpes@gmail.com","actor_via_sso":false,"log_type":"token"}', '2026-01-07 14:22:20.645531+00', ''),
	('00000000-0000-0000-0000-000000000000', 'beff901b-4334-4eae-bb32-90326d3e1283', '{"action":"token_revoked","actor_id":"73904179-cca9-40ab-a2c4-e509dadbbbbb","actor_username":"ajitkumarpes@gmail.com","actor_via_sso":false,"log_type":"token"}', '2026-01-07 14:22:20.65985+00', ''),
	('00000000-0000-0000-0000-000000000000', '95372118-6e4a-4206-b7da-5b88a9a43147', '{"action":"user_recovery_requested","actor_id":"d1e40c02-9978-46fd-875e-3989537af942","actor_username":"kbisht786@gmail.com","actor_via_sso":false,"log_type":"user"}', '2025-10-21 03:58:36.824578+00', ''),
	('00000000-0000-0000-0000-000000000000', '05cb2efe-adbd-42c3-968b-b78bc17c3b4a', '{"action":"login","actor_id":"d1e40c02-9978-46fd-875e-3989537af942","actor_username":"kbisht786@gmail.com","actor_via_sso":false,"log_type":"account"}', '2025-10-21 03:58:46.520286+00', ''),
	('00000000-0000-0000-0000-000000000000', '094f7114-e46c-493f-905a-37340354c7cb', '{"action":"token_refreshed","actor_id":"73904179-cca9-40ab-a2c4-e509dadbbbbb","actor_username":"ajitkumarpes@gmail.com","actor_via_sso":false,"log_type":"token"}', '2026-01-07 15:32:43.804403+00', ''),
	('00000000-0000-0000-0000-000000000000', '82a07172-4649-4c4f-b578-cfa4087f10e8', '{"action":"user_recovery_requested","actor_id":"d1e40c02-9978-46fd-875e-3989537af942","actor_username":"kbisht786@gmail.com","actor_via_sso":false,"log_type":"user"}', '2025-10-21 03:59:44.291804+00', ''),
	('00000000-0000-0000-0000-000000000000', 'ef550376-c86a-4e62-a2fa-e5b87021b23b', '{"action":"login","actor_id":"d1e40c02-9978-46fd-875e-3989537af942","actor_username":"kbisht786@gmail.com","actor_via_sso":false,"log_type":"account"}', '2025-10-21 03:59:52.976208+00', ''),
	('00000000-0000-0000-0000-000000000000', 'e30f9640-4ed4-40cb-877a-4ed3e073cc70', '{"action":"logout","actor_id":"d1e40c02-9978-46fd-875e-3989537af942","actor_username":"kbisht786@gmail.com","actor_via_sso":false,"log_type":"account"}', '2025-10-21 04:42:26.400063+00', ''),
	('00000000-0000-0000-0000-000000000000', 'c3d268ce-34eb-4581-bc2b-fd0480bcf9d7', '{"action":"user_recovery_requested","actor_id":"d1e40c02-9978-46fd-875e-3989537af942","actor_username":"kbisht786@gmail.com","actor_via_sso":false,"log_type":"user"}', '2025-10-21 08:24:46.036539+00', ''),
	('00000000-0000-0000-0000-000000000000', '007a7834-6a6c-44eb-8eda-23c98e8ed9db', '{"action":"login","actor_id":"d1e40c02-9978-46fd-875e-3989537af942","actor_username":"kbisht786@gmail.com","actor_via_sso":false,"log_type":"account"}', '2025-10-21 08:24:59.762706+00', ''),
	('00000000-0000-0000-0000-000000000000', '25d186cb-edce-46c1-b9f6-5cf499a60b81', '{"action":"token_refreshed","actor_id":"d1e40c02-9978-46fd-875e-3989537af942","actor_username":"kbisht786@gmail.com","actor_via_sso":false,"log_type":"token"}', '2025-10-21 09:52:22.683913+00', ''),
	('00000000-0000-0000-0000-000000000000', '4f078e71-99fb-4228-9ae4-13da40eb8862', '{"action":"token_revoked","actor_id":"d1e40c02-9978-46fd-875e-3989537af942","actor_username":"kbisht786@gmail.com","actor_via_sso":false,"log_type":"token"}', '2025-10-21 09:52:22.711+00', ''),
	('00000000-0000-0000-0000-000000000000', '46bbdb94-1f75-43d3-8d0c-9cf455cec379', '{"action":"token_refreshed","actor_id":"d1e40c02-9978-46fd-875e-3989537af942","actor_username":"kbisht786@gmail.com","actor_via_sso":false,"log_type":"token"}', '2025-10-21 11:33:29.308667+00', ''),
	('00000000-0000-0000-0000-000000000000', 'd755263b-2e79-4642-a661-df41a3f0def3', '{"action":"token_revoked","actor_id":"d1e40c02-9978-46fd-875e-3989537af942","actor_username":"kbisht786@gmail.com","actor_via_sso":false,"log_type":"token"}', '2025-10-21 11:33:29.3441+00', ''),
	('00000000-0000-0000-0000-000000000000', '9abe00b0-5c2e-4b74-871e-5b0f7c99440f', '{"action":"token_refreshed","actor_id":"d1e40c02-9978-46fd-875e-3989537af942","actor_username":"kbisht786@gmail.com","actor_via_sso":false,"log_type":"token"}', '2025-10-21 13:37:04.022267+00', ''),
	('00000000-0000-0000-0000-000000000000', '45f00d0d-855a-463c-b2e1-75bc46cdd5fe', '{"action":"token_revoked","actor_id":"d1e40c02-9978-46fd-875e-3989537af942","actor_username":"kbisht786@gmail.com","actor_via_sso":false,"log_type":"token"}', '2025-10-21 13:37:04.052773+00', ''),
	('00000000-0000-0000-0000-000000000000', '7d2ff46a-62ec-4ffb-811a-1bfd25d8a721', '{"action":"logout","actor_id":"d1e40c02-9978-46fd-875e-3989537af942","actor_username":"kbisht786@gmail.com","actor_via_sso":false,"log_type":"account"}', '2025-10-21 13:38:45.323946+00', ''),
	('00000000-0000-0000-0000-000000000000', 'b91bc965-5be8-446a-a349-b74ef8a097fe', '{"action":"user_recovery_requested","actor_id":"d1e40c02-9978-46fd-875e-3989537af942","actor_username":"kbisht786@gmail.com","actor_via_sso":false,"log_type":"user"}', '2025-10-21 13:40:16.93462+00', ''),
	('00000000-0000-0000-0000-000000000000', '389dd2ce-239a-485a-842e-5e5f9ed39cd8', '{"action":"login","actor_id":"d1e40c02-9978-46fd-875e-3989537af942","actor_username":"kbisht786@gmail.com","actor_via_sso":false,"log_type":"account"}', '2025-10-21 13:40:33.762773+00', ''),
	('00000000-0000-0000-0000-000000000000', '3938fcb8-2727-4a45-9534-89741a60b1ce', '{"action":"logout","actor_id":"d1e40c02-9978-46fd-875e-3989537af942","actor_username":"kbisht786@gmail.com","actor_via_sso":false,"log_type":"account"}', '2025-10-21 13:43:31.166768+00', ''),
	('00000000-0000-0000-0000-000000000000', '36f349cf-b394-46af-aca6-54e83e787bed', '{"action":"user_recovery_requested","actor_id":"d1e40c02-9978-46fd-875e-3989537af942","actor_username":"kbisht786@gmail.com","actor_via_sso":false,"log_type":"user"}', '2025-10-21 15:44:52.411613+00', ''),
	('00000000-0000-0000-0000-000000000000', '43942c4c-788a-4360-8479-3d1800f0ade8', '{"action":"login","actor_id":"d1e40c02-9978-46fd-875e-3989537af942","actor_username":"kbisht786@gmail.com","actor_via_sso":false,"log_type":"account"}', '2025-10-21 15:45:03.79862+00', ''),
	('00000000-0000-0000-0000-000000000000', 'f9b7e26f-75fd-4ada-baa1-58f4e4ffc5dc', '{"action":"user_recovery_requested","actor_id":"d1e40c02-9978-46fd-875e-3989537af942","actor_username":"kbisht786@gmail.com","actor_via_sso":false,"log_type":"user"}', '2025-10-21 15:59:24.376517+00', ''),
	('00000000-0000-0000-0000-000000000000', '651eb0dd-3093-4543-8de9-139fe681c97a', '{"action":"login","actor_id":"d1e40c02-9978-46fd-875e-3989537af942","actor_username":"kbisht786@gmail.com","actor_via_sso":false,"log_type":"account"}', '2025-10-21 15:59:37.604159+00', ''),
	('00000000-0000-0000-0000-000000000000', '2deced8c-ea16-49ac-ac6d-f316be75347a', '{"action":"token_refreshed","actor_id":"d1e40c02-9978-46fd-875e-3989537af942","actor_username":"kbisht786@gmail.com","actor_via_sso":false,"log_type":"token"}', '2025-10-21 16:55:07.206676+00', ''),
	('00000000-0000-0000-0000-000000000000', '8ef4c8b2-49d2-4f69-863d-74a18075f51c', '{"action":"token_revoked","actor_id":"d1e40c02-9978-46fd-875e-3989537af942","actor_username":"kbisht786@gmail.com","actor_via_sso":false,"log_type":"token"}', '2025-10-21 16:55:07.215443+00', ''),
	('00000000-0000-0000-0000-000000000000', '8bb27309-68d1-4502-9842-89eff886cc6d', '{"action":"logout","actor_id":"d1e40c02-9978-46fd-875e-3989537af942","actor_username":"kbisht786@gmail.com","actor_via_sso":false,"log_type":"account"}', '2025-10-21 17:23:24.329137+00', ''),
	('00000000-0000-0000-0000-000000000000', '2b6d039c-ae4c-4b70-80a1-0b884dbf4c5f', '{"action":"user_recovery_requested","actor_id":"d1e40c02-9978-46fd-875e-3989537af942","actor_username":"kbisht786@gmail.com","actor_via_sso":false,"log_type":"user"}', '2025-10-21 17:23:28.486112+00', ''),
	('00000000-0000-0000-0000-000000000000', 'a77bb67d-895c-4e38-a85d-54b04a0a147f', '{"action":"login","actor_id":"d1e40c02-9978-46fd-875e-3989537af942","actor_username":"kbisht786@gmail.com","actor_via_sso":false,"log_type":"account"}', '2025-10-21 17:23:41.862597+00', ''),
	('00000000-0000-0000-0000-000000000000', 'c0c8c0b0-e92b-4d05-af19-4df265caee00', '{"action":"user_recovery_requested","actor_id":"d1e40c02-9978-46fd-875e-3989537af942","actor_username":"kbisht786@gmail.com","actor_via_sso":false,"log_type":"user"}', '2025-10-21 17:58:08.287947+00', ''),
	('00000000-0000-0000-0000-000000000000', 'c101cd67-c2b1-4161-b340-5603589fb21e', '{"action":"login","actor_id":"d1e40c02-9978-46fd-875e-3989537af942","actor_username":"kbisht786@gmail.com","actor_via_sso":false,"log_type":"account"}', '2025-10-21 17:58:37.642732+00', ''),
	('00000000-0000-0000-0000-000000000000', '017f798c-5554-428f-95f7-ecef44432971', '{"action":"user_recovery_requested","actor_id":"d1e40c02-9978-46fd-875e-3989537af942","actor_username":"kbisht786@gmail.com","actor_via_sso":false,"log_type":"user"}', '2025-10-21 17:59:09.31538+00', ''),
	('00000000-0000-0000-0000-000000000000', '21bcc15b-517a-4837-840e-9106eee7cdeb', '{"action":"login","actor_id":"d1e40c02-9978-46fd-875e-3989537af942","actor_username":"kbisht786@gmail.com","actor_via_sso":false,"log_type":"account"}', '2025-10-21 17:59:22.45846+00', ''),
	('00000000-0000-0000-0000-000000000000', 'fc6ac3ec-3f71-4a3e-a13c-257f38d88c93', '{"action":"token_revoked","actor_id":"73904179-cca9-40ab-a2c4-e509dadbbbbb","actor_username":"ajitkumarpes@gmail.com","actor_via_sso":false,"log_type":"token"}', '2026-01-07 15:32:43.820946+00', ''),
	('00000000-0000-0000-0000-000000000000', '3a587b15-595a-4557-bf2f-87e24df51266', '{"action":"token_refreshed","actor_id":"73904179-cca9-40ab-a2c4-e509dadbbbbb","actor_username":"ajitkumarpes@gmail.com","actor_via_sso":false,"log_type":"token"}', '2026-01-07 18:42:50.602623+00', ''),
	('00000000-0000-0000-0000-000000000000', '151c54ee-0193-4fb5-8bf5-82e13be0457f', '{"action":"user_recovery_requested","actor_id":"d1e40c02-9978-46fd-875e-3989537af942","actor_username":"kbisht786@gmail.com","actor_via_sso":false,"log_type":"user"}', '2025-10-21 18:00:22.955511+00', ''),
	('00000000-0000-0000-0000-000000000000', 'a8f75250-403a-4f42-af7b-c2ee755e112f', '{"action":"login","actor_id":"d1e40c02-9978-46fd-875e-3989537af942","actor_username":"kbisht786@gmail.com","actor_via_sso":false,"log_type":"account"}', '2025-10-21 18:00:34.30724+00', ''),
	('00000000-0000-0000-0000-000000000000', 'a83e906a-cd58-4455-8214-6e8515e4fe35', '{"action":"user_recovery_requested","actor_id":"d1e40c02-9978-46fd-875e-3989537af942","actor_username":"kbisht786@gmail.com","actor_via_sso":false,"log_type":"user"}', '2025-10-21 18:21:25.046467+00', ''),
	('00000000-0000-0000-0000-000000000000', '81722c89-19a1-4d2d-a0d2-3a09c59c8e10', '{"action":"login","actor_id":"d1e40c02-9978-46fd-875e-3989537af942","actor_username":"kbisht786@gmail.com","actor_via_sso":false,"log_type":"account"}', '2025-10-21 18:21:38.061708+00', ''),
	('00000000-0000-0000-0000-000000000000', '526f81c3-d42e-431d-b1f8-48018de212e8', '{"action":"user_recovery_requested","actor_id":"d1e40c02-9978-46fd-875e-3989537af942","actor_username":"kbisht786@gmail.com","actor_via_sso":false,"log_type":"user"}', '2025-10-21 18:30:45.176854+00', ''),
	('00000000-0000-0000-0000-000000000000', '5d57b418-de32-406c-b166-7ee106f5e78f', '{"action":"login","actor_id":"d1e40c02-9978-46fd-875e-3989537af942","actor_username":"kbisht786@gmail.com","actor_via_sso":false,"log_type":"account"}', '2025-10-21 18:30:57.392816+00', ''),
	('00000000-0000-0000-0000-000000000000', '590e45e7-54aa-4d8e-ab33-94b405233007', '{"action":"logout","actor_id":"d1e40c02-9978-46fd-875e-3989537af942","actor_username":"kbisht786@gmail.com","actor_via_sso":false,"log_type":"account"}', '2025-10-21 18:49:40.083718+00', ''),
	('00000000-0000-0000-0000-000000000000', 'e2523876-88ad-4772-a675-b7e001d18eee', '{"action":"user_recovery_requested","actor_id":"d1e40c02-9978-46fd-875e-3989537af942","actor_username":"kbisht786@gmail.com","actor_via_sso":false,"log_type":"user"}', '2025-10-21 18:49:48.676887+00', ''),
	('00000000-0000-0000-0000-000000000000', 'b5fcaa14-fd78-4cba-9a33-5609f79570bd', '{"action":"login","actor_id":"d1e40c02-9978-46fd-875e-3989537af942","actor_username":"kbisht786@gmail.com","actor_via_sso":false,"log_type":"account"}', '2025-10-21 18:50:00.452058+00', ''),
	('00000000-0000-0000-0000-000000000000', 'ec243780-f863-4160-a0d3-9d08d8eefbec', '{"action":"logout","actor_id":"d1e40c02-9978-46fd-875e-3989537af942","actor_username":"kbisht786@gmail.com","actor_via_sso":false,"log_type":"account"}', '2025-10-21 19:17:30.013627+00', ''),
	('00000000-0000-0000-0000-000000000000', 'd0daa83f-9b09-4bb3-8902-5f1a1506932a', '{"action":"user_recovery_requested","actor_id":"d1e40c02-9978-46fd-875e-3989537af942","actor_username":"kbisht786@gmail.com","actor_via_sso":false,"log_type":"user"}', '2025-10-21 19:17:44.975139+00', ''),
	('00000000-0000-0000-0000-000000000000', 'a1fcfd4b-aa62-449c-8af8-ff0ba7085761', '{"action":"login","actor_id":"d1e40c02-9978-46fd-875e-3989537af942","actor_username":"kbisht786@gmail.com","actor_via_sso":false,"log_type":"account"}', '2025-10-21 19:17:56.896372+00', ''),
	('00000000-0000-0000-0000-000000000000', '7dd37364-ef95-4d67-aed6-e463947e08d9', '{"action":"logout","actor_id":"d1e40c02-9978-46fd-875e-3989537af942","actor_username":"kbisht786@gmail.com","actor_via_sso":false,"log_type":"account"}', '2025-10-21 19:24:40.301296+00', ''),
	('00000000-0000-0000-0000-000000000000', '5c4db6b6-0a72-4cf6-a82a-945f67057fd9', '{"action":"user_recovery_requested","actor_id":"d1e40c02-9978-46fd-875e-3989537af942","actor_username":"kbisht786@gmail.com","actor_via_sso":false,"log_type":"user"}', '2025-10-21 19:26:04.011837+00', ''),
	('00000000-0000-0000-0000-000000000000', '9db288ce-4080-4225-a98a-0502a19c2265', '{"action":"login","actor_id":"d1e40c02-9978-46fd-875e-3989537af942","actor_username":"kbisht786@gmail.com","actor_via_sso":false,"log_type":"account"}', '2025-10-21 19:26:15.424228+00', ''),
	('00000000-0000-0000-0000-000000000000', '8d494fdc-ca6d-4a21-9abd-d20299c4440a', '{"action":"logout","actor_id":"d1e40c02-9978-46fd-875e-3989537af942","actor_username":"kbisht786@gmail.com","actor_via_sso":false,"log_type":"account"}', '2025-10-21 19:40:19.224114+00', ''),
	('00000000-0000-0000-0000-000000000000', '3135bb94-768d-467c-b210-45e39b9ad5f2', '{"action":"user_recovery_requested","actor_id":"d1e40c02-9978-46fd-875e-3989537af942","actor_username":"kbisht786@gmail.com","actor_via_sso":false,"log_type":"user"}', '2025-10-21 19:40:43.244273+00', ''),
	('00000000-0000-0000-0000-000000000000', 'd80f936c-e5cb-4fd7-91b7-f6e5e26b066f', '{"action":"login","actor_id":"d1e40c02-9978-46fd-875e-3989537af942","actor_username":"kbisht786@gmail.com","actor_via_sso":false,"log_type":"account"}', '2025-10-21 19:40:53.811017+00', ''),
	('00000000-0000-0000-0000-000000000000', '81ed0c9b-dedf-4430-81de-66436acfe554', '{"action":"logout","actor_id":"d1e40c02-9978-46fd-875e-3989537af942","actor_username":"kbisht786@gmail.com","actor_via_sso":false,"log_type":"account"}', '2025-10-21 19:45:53.097856+00', ''),
	('00000000-0000-0000-0000-000000000000', 'a064c7da-4399-4617-8786-f3cbd37998ca', '{"action":"user_recovery_requested","actor_id":"d1e40c02-9978-46fd-875e-3989537af942","actor_username":"kbisht786@gmail.com","actor_via_sso":false,"log_type":"user"}', '2025-10-21 20:14:18.784696+00', ''),
	('00000000-0000-0000-0000-000000000000', 'bcd9ed0f-f764-4d26-9688-593889b2fc35', '{"action":"login","actor_id":"d1e40c02-9978-46fd-875e-3989537af942","actor_username":"kbisht786@gmail.com","actor_via_sso":false,"log_type":"account"}', '2025-10-21 20:14:28.937555+00', ''),
	('00000000-0000-0000-0000-000000000000', 'ca82d55b-ffb2-43ec-9736-b00decd15d33', '{"action":"logout","actor_id":"d1e40c02-9978-46fd-875e-3989537af942","actor_username":"kbisht786@gmail.com","actor_via_sso":false,"log_type":"account"}', '2025-10-21 20:22:00.359384+00', ''),
	('00000000-0000-0000-0000-000000000000', 'ca472add-5b21-4c70-8413-99cf322e70fa', '{"action":"user_recovery_requested","actor_id":"d1e40c02-9978-46fd-875e-3989537af942","actor_username":"kbisht786@gmail.com","actor_via_sso":false,"log_type":"user"}', '2025-10-21 20:23:46.452588+00', ''),
	('00000000-0000-0000-0000-000000000000', '7ac77599-6fab-4127-80e5-f0d0be4f7c60', '{"action":"login","actor_id":"d1e40c02-9978-46fd-875e-3989537af942","actor_username":"kbisht786@gmail.com","actor_via_sso":false,"log_type":"account"}', '2025-10-21 20:23:55.314594+00', ''),
	('00000000-0000-0000-0000-000000000000', '399eb53a-b056-4520-91d9-6586b3551c20', '{"action":"token_refreshed","actor_id":"d1e40c02-9978-46fd-875e-3989537af942","actor_username":"kbisht786@gmail.com","actor_via_sso":false,"log_type":"token"}', '2025-10-22 03:41:23.871465+00', ''),
	('00000000-0000-0000-0000-000000000000', 'bf45a0fb-e08e-46dc-9a7d-a542ac430783', '{"action":"token_revoked","actor_id":"d1e40c02-9978-46fd-875e-3989537af942","actor_username":"kbisht786@gmail.com","actor_via_sso":false,"log_type":"token"}', '2025-10-22 03:41:23.892529+00', ''),
	('00000000-0000-0000-0000-000000000000', '101fa3f6-bfa7-4d0b-b972-2b4ff70b0dbd', '{"action":"logout","actor_id":"d1e40c02-9978-46fd-875e-3989537af942","actor_username":"kbisht786@gmail.com","actor_via_sso":false,"log_type":"account"}', '2025-10-22 03:41:29.185734+00', ''),
	('00000000-0000-0000-0000-000000000000', 'ceabf30e-a239-4c52-a2c5-d837eedc93e0', '{"action":"user_recovery_requested","actor_id":"d1e40c02-9978-46fd-875e-3989537af942","actor_username":"kbisht786@gmail.com","actor_via_sso":false,"log_type":"user"}', '2025-10-22 03:41:42.59518+00', ''),
	('00000000-0000-0000-0000-000000000000', 'ec0c623a-a985-4de7-936e-b08162645528', '{"action":"login","actor_id":"d1e40c02-9978-46fd-875e-3989537af942","actor_username":"kbisht786@gmail.com","actor_via_sso":false,"log_type":"account"}', '2025-10-22 03:41:53.350155+00', ''),
	('00000000-0000-0000-0000-000000000000', 'adffc4de-f127-4ee8-80aa-f1804dcb342d', '{"action":"token_refreshed","actor_id":"d1e40c02-9978-46fd-875e-3989537af942","actor_username":"kbisht786@gmail.com","actor_via_sso":false,"log_type":"token"}', '2025-10-22 05:15:06.862165+00', ''),
	('00000000-0000-0000-0000-000000000000', 'f949bf00-8a38-4859-8c14-d4b940323c0f', '{"action":"token_revoked","actor_id":"d1e40c02-9978-46fd-875e-3989537af942","actor_username":"kbisht786@gmail.com","actor_via_sso":false,"log_type":"token"}', '2025-10-22 05:15:06.879771+00', ''),
	('00000000-0000-0000-0000-000000000000', 'a8e97328-e61c-4a9b-bb6d-839542aebbb0', '{"action":"logout","actor_id":"d1e40c02-9978-46fd-875e-3989537af942","actor_username":"kbisht786@gmail.com","actor_via_sso":false,"log_type":"account"}', '2025-10-22 05:15:10.43841+00', ''),
	('00000000-0000-0000-0000-000000000000', 'a271ff24-8f19-4678-9072-c102a8c25ea5', '{"action":"user_recovery_requested","actor_id":"d1e40c02-9978-46fd-875e-3989537af942","actor_username":"kbisht786@gmail.com","actor_via_sso":false,"log_type":"user"}', '2025-10-22 05:15:14.949306+00', ''),
	('00000000-0000-0000-0000-000000000000', '79bcc48c-4c7f-4e21-aefb-18ba3bd75e9c', '{"action":"login","actor_id":"d1e40c02-9978-46fd-875e-3989537af942","actor_username":"kbisht786@gmail.com","actor_via_sso":false,"log_type":"account"}', '2025-10-22 05:16:09.771192+00', ''),
	('00000000-0000-0000-0000-000000000000', 'bb951bf9-3fe5-4aa5-9196-773c863ee77b', '{"action":"token_refreshed","actor_id":"d1e40c02-9978-46fd-875e-3989537af942","actor_username":"kbisht786@gmail.com","actor_via_sso":false,"log_type":"token"}', '2025-10-22 11:34:03.46381+00', ''),
	('00000000-0000-0000-0000-000000000000', '7b603de4-31b3-4b8c-a640-e2958d73554c', '{"action":"token_revoked","actor_id":"d1e40c02-9978-46fd-875e-3989537af942","actor_username":"kbisht786@gmail.com","actor_via_sso":false,"log_type":"token"}', '2025-10-22 11:34:03.499195+00', ''),
	('00000000-0000-0000-0000-000000000000', '2460392e-6d95-4abc-9a69-3e1a51010ca4', '{"action":"logout","actor_id":"d1e40c02-9978-46fd-875e-3989537af942","actor_username":"kbisht786@gmail.com","actor_via_sso":false,"log_type":"account"}', '2025-10-22 11:34:06.183015+00', ''),
	('00000000-0000-0000-0000-000000000000', '8462f4af-f196-405f-9779-b18f7cf498f9', '{"action":"user_recovery_requested","actor_id":"d1e40c02-9978-46fd-875e-3989537af942","actor_username":"kbisht786@gmail.com","actor_via_sso":false,"log_type":"user"}', '2025-10-22 11:38:40.945142+00', ''),
	('00000000-0000-0000-0000-000000000000', 'a6fdf599-8e6c-4f90-95a4-4e807a6f8dad', '{"action":"login","actor_id":"d1e40c02-9978-46fd-875e-3989537af942","actor_username":"kbisht786@gmail.com","actor_via_sso":false,"log_type":"account"}', '2025-10-22 11:38:50.653304+00', ''),
	('00000000-0000-0000-0000-000000000000', 'ff9448f6-a20f-42f9-9dc5-7c3d8e535f65', '{"action":"token_refreshed","actor_id":"d1e40c02-9978-46fd-875e-3989537af942","actor_username":"kbisht786@gmail.com","actor_via_sso":false,"log_type":"token"}', '2025-10-22 13:04:52.98525+00', ''),
	('00000000-0000-0000-0000-000000000000', 'b056be5b-ea20-4f24-83ec-55c3d0321f5c', '{"action":"token_revoked","actor_id":"d1e40c02-9978-46fd-875e-3989537af942","actor_username":"kbisht786@gmail.com","actor_via_sso":false,"log_type":"token"}', '2025-10-22 13:04:53.005749+00', ''),
	('00000000-0000-0000-0000-000000000000', '119a186e-b3a5-4cba-a071-847e62829fa0', '{"action":"logout","actor_id":"d1e40c02-9978-46fd-875e-3989537af942","actor_username":"kbisht786@gmail.com","actor_via_sso":false,"log_type":"account"}', '2025-10-22 13:04:56.00561+00', ''),
	('00000000-0000-0000-0000-000000000000', '921a5dbb-5c65-43a3-96b1-a87fdd54ee0f', '{"action":"user_recovery_requested","actor_id":"d1e40c02-9978-46fd-875e-3989537af942","actor_username":"kbisht786@gmail.com","actor_via_sso":false,"log_type":"user"}', '2025-10-22 15:24:12.506332+00', ''),
	('00000000-0000-0000-0000-000000000000', 'ec4a44a9-ab3f-4ed6-9778-6bae3c5abc6c', '{"action":"login","actor_id":"d1e40c02-9978-46fd-875e-3989537af942","actor_username":"kbisht786@gmail.com","actor_via_sso":false,"log_type":"account"}', '2025-10-22 15:24:24.775167+00', ''),
	('00000000-0000-0000-0000-000000000000', 'f2c2a07e-74a9-4988-8eb6-fe2ce2812528', '{"action":"logout","actor_id":"d1e40c02-9978-46fd-875e-3989537af942","actor_username":"kbisht786@gmail.com","actor_via_sso":false,"log_type":"account"}', '2025-10-22 15:32:54.390445+00', ''),
	('00000000-0000-0000-0000-000000000000', 'f76b1d01-3a08-4bfd-8311-e63a50c8e9fd', '{"action":"user_recovery_requested","actor_id":"d1e40c02-9978-46fd-875e-3989537af942","actor_username":"kbisht786@gmail.com","actor_via_sso":false,"log_type":"user"}', '2025-10-22 15:48:58.611713+00', ''),
	('00000000-0000-0000-0000-000000000000', '6538af03-d5c0-4a0a-bb30-15a6f20f12d4', '{"action":"login","actor_id":"d1e40c02-9978-46fd-875e-3989537af942","actor_username":"kbisht786@gmail.com","actor_via_sso":false,"log_type":"account"}', '2025-10-22 15:49:10.701192+00', ''),
	('00000000-0000-0000-0000-000000000000', '0493c7fb-f5ed-4e3a-ba4e-b34b5304e960', '{"action":"token_refreshed","actor_id":"d1e40c02-9978-46fd-875e-3989537af942","actor_username":"kbisht786@gmail.com","actor_via_sso":false,"log_type":"token"}', '2025-10-22 16:52:07.67077+00', ''),
	('00000000-0000-0000-0000-000000000000', 'd1b460f8-6254-4a14-a0c4-af0e693694c3', '{"action":"token_revoked","actor_id":"d1e40c02-9978-46fd-875e-3989537af942","actor_username":"kbisht786@gmail.com","actor_via_sso":false,"log_type":"token"}', '2025-10-22 16:52:07.690959+00', ''),
	('00000000-0000-0000-0000-000000000000', '640d096b-15d3-4412-81f3-43a01d6833f9', '{"action":"logout","actor_id":"d1e40c02-9978-46fd-875e-3989537af942","actor_username":"kbisht786@gmail.com","actor_via_sso":false,"log_type":"account"}', '2025-10-22 17:33:51.529619+00', ''),
	('00000000-0000-0000-0000-000000000000', '474a3ed3-ff9d-4d80-9a2b-012fff61d19c', '{"action":"user_recovery_requested","actor_id":"d1e40c02-9978-46fd-875e-3989537af942","actor_username":"kbisht786@gmail.com","actor_via_sso":false,"log_type":"user"}', '2025-10-22 17:34:14.355156+00', ''),
	('00000000-0000-0000-0000-000000000000', 'f2071772-b9e9-4472-ad56-b75facee8fe6', '{"action":"login","actor_id":"d1e40c02-9978-46fd-875e-3989537af942","actor_username":"kbisht786@gmail.com","actor_via_sso":false,"log_type":"account"}', '2025-10-22 17:34:26.466142+00', ''),
	('00000000-0000-0000-0000-000000000000', '734f19df-db02-4180-9a8f-d35c635d8724', '{"action":"logout","actor_id":"d1e40c02-9978-46fd-875e-3989537af942","actor_username":"kbisht786@gmail.com","actor_via_sso":false,"log_type":"account"}', '2025-10-22 18:09:13.417859+00', ''),
	('00000000-0000-0000-0000-000000000000', '91f6c245-d0c0-4fe0-bfb6-42012cfbfa8a', '{"action":"user_recovery_requested","actor_id":"d1e40c02-9978-46fd-875e-3989537af942","actor_username":"kbisht786@gmail.com","actor_via_sso":false,"log_type":"user"}', '2025-10-22 18:09:25.344607+00', ''),
	('00000000-0000-0000-0000-000000000000', '961b6429-c577-4e43-9a78-0add9c5132c1', '{"action":"login","actor_id":"d1e40c02-9978-46fd-875e-3989537af942","actor_username":"kbisht786@gmail.com","actor_via_sso":false,"log_type":"account"}', '2025-10-22 18:09:57.632381+00', ''),
	('00000000-0000-0000-0000-000000000000', '2de8f012-b9c7-4a2f-beb0-d86886c8434e', '{"action":"logout","actor_id":"d1e40c02-9978-46fd-875e-3989537af942","actor_username":"kbisht786@gmail.com","actor_via_sso":false,"log_type":"account"}', '2025-10-22 18:21:04.712078+00', ''),
	('00000000-0000-0000-0000-000000000000', '38a1a5bb-caeb-4b82-b572-6fefd4035b02', '{"action":"user_recovery_requested","actor_id":"d1e40c02-9978-46fd-875e-3989537af942","actor_username":"kbisht786@gmail.com","actor_via_sso":false,"log_type":"user"}', '2025-10-22 18:21:10.95448+00', ''),
	('00000000-0000-0000-0000-000000000000', 'a7f7a3d9-530a-456f-bf50-6262f8de27b8', '{"action":"login","actor_id":"d1e40c02-9978-46fd-875e-3989537af942","actor_username":"kbisht786@gmail.com","actor_via_sso":false,"log_type":"account"}', '2025-10-22 18:21:21.875184+00', ''),
	('00000000-0000-0000-0000-000000000000', '76e0cb96-ca91-4f8f-8b3e-422362a9ba52', '{"action":"logout","actor_id":"d1e40c02-9978-46fd-875e-3989537af942","actor_username":"kbisht786@gmail.com","actor_via_sso":false,"log_type":"account"}', '2025-10-22 18:27:10.085416+00', ''),
	('00000000-0000-0000-0000-000000000000', 'b336933e-2a4c-45a1-ae81-d26de21d8a72', '{"action":"user_recovery_requested","actor_id":"d1e40c02-9978-46fd-875e-3989537af942","actor_username":"kbisht786@gmail.com","actor_via_sso":false,"log_type":"user"}', '2025-10-22 18:39:47.903482+00', ''),
	('00000000-0000-0000-0000-000000000000', '9ce8c3f6-6b70-4f49-bfba-4299f12c7518', '{"action":"login","actor_id":"d1e40c02-9978-46fd-875e-3989537af942","actor_username":"kbisht786@gmail.com","actor_via_sso":false,"log_type":"account"}', '2025-10-22 18:40:05.03098+00', ''),
	('00000000-0000-0000-0000-000000000000', '2aa78222-78b3-48a9-8b4c-55925137a3ff', '{"action":"logout","actor_id":"d1e40c02-9978-46fd-875e-3989537af942","actor_username":"kbisht786@gmail.com","actor_via_sso":false,"log_type":"account"}', '2025-10-22 18:58:40.24497+00', ''),
	('00000000-0000-0000-0000-000000000000', 'cf5165b1-8db0-448a-b272-eb3a20924b76', '{"action":"user_recovery_requested","actor_id":"d1e40c02-9978-46fd-875e-3989537af942","actor_username":"kbisht786@gmail.com","actor_via_sso":false,"log_type":"user"}', '2025-10-22 18:59:04.489286+00', ''),
	('00000000-0000-0000-0000-000000000000', 'ddaf99fd-6ebe-495c-862c-759a8d4c233b', '{"action":"login","actor_id":"d1e40c02-9978-46fd-875e-3989537af942","actor_username":"kbisht786@gmail.com","actor_via_sso":false,"log_type":"account"}', '2025-10-22 18:59:18.830444+00', ''),
	('00000000-0000-0000-0000-000000000000', 'fd9965de-e42b-4d79-84dc-25ac132d5631', '{"action":"logout","actor_id":"d1e40c02-9978-46fd-875e-3989537af942","actor_username":"kbisht786@gmail.com","actor_via_sso":false,"log_type":"account"}', '2025-10-22 19:07:24.5147+00', ''),
	('00000000-0000-0000-0000-000000000000', 'a073d797-0271-4fff-a2c8-62a17853b7ae', '{"action":"user_recovery_requested","actor_id":"d1e40c02-9978-46fd-875e-3989537af942","actor_username":"kbisht786@gmail.com","actor_via_sso":false,"log_type":"user"}', '2025-10-22 19:07:56.316125+00', ''),
	('00000000-0000-0000-0000-000000000000', '84c378d3-88b7-4575-b811-131618c606a0', '{"action":"login","actor_id":"d1e40c02-9978-46fd-875e-3989537af942","actor_username":"kbisht786@gmail.com","actor_via_sso":false,"log_type":"account"}', '2025-10-22 19:08:10.210919+00', ''),
	('00000000-0000-0000-0000-000000000000', '3639ec3b-226b-4d2e-9039-d3fae1a28c2f', '{"action":"logout","actor_id":"d1e40c02-9978-46fd-875e-3989537af942","actor_username":"kbisht786@gmail.com","actor_via_sso":false,"log_type":"account"}', '2025-10-22 19:10:32.856387+00', ''),
	('00000000-0000-0000-0000-000000000000', 'bfee0188-4c5a-4729-b6bd-44c59c3be5c7', '{"action":"user_recovery_requested","actor_id":"d1e40c02-9978-46fd-875e-3989537af942","actor_username":"kbisht786@gmail.com","actor_via_sso":false,"log_type":"user"}', '2025-10-23 03:44:14.321299+00', ''),
	('00000000-0000-0000-0000-000000000000', 'd62b4216-524f-45be-a29b-89219d0bcda4', '{"action":"login","actor_id":"d1e40c02-9978-46fd-875e-3989537af942","actor_username":"kbisht786@gmail.com","actor_via_sso":false,"log_type":"account"}', '2025-10-23 03:44:24.499838+00', ''),
	('00000000-0000-0000-0000-000000000000', '839cdfda-a37c-4bb3-9af6-1f2dfea1e5b8', '{"action":"logout","actor_id":"d1e40c02-9978-46fd-875e-3989537af942","actor_username":"kbisht786@gmail.com","actor_via_sso":false,"log_type":"account"}', '2025-10-23 03:44:43.435879+00', ''),
	('00000000-0000-0000-0000-000000000000', 'a771a806-597c-429f-a738-e386f170ad1b', '{"action":"user_recovery_requested","actor_id":"d1e40c02-9978-46fd-875e-3989537af942","actor_username":"kbisht786@gmail.com","actor_via_sso":false,"log_type":"user"}', '2025-10-23 05:07:31.139022+00', ''),
	('00000000-0000-0000-0000-000000000000', 'ebd20528-cb5d-4308-ae71-18b34d5cd917', '{"action":"login","actor_id":"d1e40c02-9978-46fd-875e-3989537af942","actor_username":"kbisht786@gmail.com","actor_via_sso":false,"log_type":"account"}', '2025-10-23 05:07:43.046672+00', ''),
	('00000000-0000-0000-0000-000000000000', '243ed003-cb40-4bb1-8de6-debb0e2cca12', '{"action":"logout","actor_id":"d1e40c02-9978-46fd-875e-3989537af942","actor_username":"kbisht786@gmail.com","actor_via_sso":false,"log_type":"account"}', '2025-10-23 05:20:42.925658+00', ''),
	('00000000-0000-0000-0000-000000000000', '78f3c9d8-47a4-4324-8676-ea90c18a6d53', '{"action":"user_recovery_requested","actor_id":"d1e40c02-9978-46fd-875e-3989537af942","actor_username":"kbisht786@gmail.com","actor_via_sso":false,"log_type":"user"}', '2025-10-23 05:21:04.960996+00', ''),
	('00000000-0000-0000-0000-000000000000', '04a1edeb-4b89-435b-bbac-780f1629af43', '{"action":"login","actor_id":"d1e40c02-9978-46fd-875e-3989537af942","actor_username":"kbisht786@gmail.com","actor_via_sso":false,"log_type":"account"}', '2025-10-23 05:21:19.838062+00', ''),
	('00000000-0000-0000-0000-000000000000', 'ed094b40-1153-4647-9986-b382fadedfb6', '{"action":"logout","actor_id":"d1e40c02-9978-46fd-875e-3989537af942","actor_username":"kbisht786@gmail.com","actor_via_sso":false,"log_type":"account"}', '2025-10-23 05:21:20.572291+00', ''),
	('00000000-0000-0000-0000-000000000000', '2ab91158-747b-4b4b-ac48-6d74c0deefe6', '{"action":"user_recovery_requested","actor_id":"d1e40c02-9978-46fd-875e-3989537af942","actor_username":"kbisht786@gmail.com","actor_via_sso":false,"log_type":"user"}', '2025-10-23 05:51:54.564608+00', ''),
	('00000000-0000-0000-0000-000000000000', '8fece631-c0f3-430a-9a8d-acde9b441eee', '{"action":"login","actor_id":"d1e40c02-9978-46fd-875e-3989537af942","actor_username":"kbisht786@gmail.com","actor_via_sso":false,"log_type":"account"}', '2025-10-23 05:52:04.375138+00', ''),
	('00000000-0000-0000-0000-000000000000', 'a9b485e2-8727-44fe-81b1-9bb0205218da', '{"action":"logout","actor_id":"d1e40c02-9978-46fd-875e-3989537af942","actor_username":"kbisht786@gmail.com","actor_via_sso":false,"log_type":"account"}', '2025-10-23 06:03:04.867853+00', ''),
	('00000000-0000-0000-0000-000000000000', 'ec791178-210a-4707-9266-2786f5a2fd0e', '{"action":"user_recovery_requested","actor_id":"d1e40c02-9978-46fd-875e-3989537af942","actor_username":"kbisht786@gmail.com","actor_via_sso":false,"log_type":"user"}', '2025-10-23 06:03:21.772495+00', ''),
	('00000000-0000-0000-0000-000000000000', '60f890ec-806f-463f-bbf7-a58fc517a8d8', '{"action":"login","actor_id":"d1e40c02-9978-46fd-875e-3989537af942","actor_username":"kbisht786@gmail.com","actor_via_sso":false,"log_type":"account"}', '2025-10-23 06:03:45.122409+00', ''),
	('00000000-0000-0000-0000-000000000000', '99e34479-721d-48e4-88c8-3f0c175a6ef1', '{"action":"logout","actor_id":"d1e40c02-9978-46fd-875e-3989537af942","actor_username":"kbisht786@gmail.com","actor_via_sso":false,"log_type":"account"}', '2025-10-23 06:39:44.772563+00', ''),
	('00000000-0000-0000-0000-000000000000', 'fdd922b5-b00e-4250-b26a-e95515c770a6', '{"action":"user_recovery_requested","actor_id":"d1e40c02-9978-46fd-875e-3989537af942","actor_username":"kbisht786@gmail.com","actor_via_sso":false,"log_type":"user"}', '2025-10-23 06:39:48.693274+00', ''),
	('00000000-0000-0000-0000-000000000000', '3300b401-50ea-48d0-9b86-ea2e31c1ab92', '{"action":"login","actor_id":"d1e40c02-9978-46fd-875e-3989537af942","actor_username":"kbisht786@gmail.com","actor_via_sso":false,"log_type":"account"}', '2025-10-23 06:40:00.750031+00', ''),
	('00000000-0000-0000-0000-000000000000', '156fdf64-b0c9-4532-9b7b-5060ffa1d521', '{"action":"token_refreshed","actor_id":"d1e40c02-9978-46fd-875e-3989537af942","actor_username":"kbisht786@gmail.com","actor_via_sso":false,"log_type":"token"}', '2025-10-23 08:06:56.258618+00', ''),
	('00000000-0000-0000-0000-000000000000', 'bd498d4d-452e-4a59-8b87-f1cb4f2a6bec', '{"action":"token_revoked","actor_id":"d1e40c02-9978-46fd-875e-3989537af942","actor_username":"kbisht786@gmail.com","actor_via_sso":false,"log_type":"token"}', '2025-10-23 08:06:56.284654+00', ''),
	('00000000-0000-0000-0000-000000000000', 'bf1251c4-c2ae-4197-8bc4-47f58e95b30a', '{"action":"logout","actor_id":"d1e40c02-9978-46fd-875e-3989537af942","actor_username":"kbisht786@gmail.com","actor_via_sso":false,"log_type":"account"}', '2025-10-23 08:07:02.47324+00', ''),
	('00000000-0000-0000-0000-000000000000', '7e117bdd-dc9b-4999-944e-afefe6aec12e', '{"action":"user_recovery_requested","actor_id":"d1e40c02-9978-46fd-875e-3989537af942","actor_username":"kbisht786@gmail.com","actor_via_sso":false,"log_type":"user"}', '2025-10-23 09:06:51.177474+00', ''),
	('00000000-0000-0000-0000-000000000000', '04da880b-ade2-4d77-b3c0-2d855d1c6501', '{"action":"login","actor_id":"d1e40c02-9978-46fd-875e-3989537af942","actor_username":"kbisht786@gmail.com","actor_via_sso":false,"log_type":"account"}', '2025-10-23 09:07:03.93103+00', ''),
	('00000000-0000-0000-0000-000000000000', '261c5145-9ae8-4683-ad07-5866b5d9df12', '{"action":"token_refreshed","actor_id":"d1e40c02-9978-46fd-875e-3989537af942","actor_username":"kbisht786@gmail.com","actor_via_sso":false,"log_type":"token"}', '2025-10-23 10:18:20.566679+00', ''),
	('00000000-0000-0000-0000-000000000000', '0c33ea19-9f32-4167-b7a4-62c82fbd5b33', '{"action":"token_revoked","actor_id":"d1e40c02-9978-46fd-875e-3989537af942","actor_username":"kbisht786@gmail.com","actor_via_sso":false,"log_type":"token"}', '2025-10-23 10:18:20.580986+00', ''),
	('00000000-0000-0000-0000-000000000000', 'f3a4306c-292f-484e-ae66-1bfd2128016e', '{"action":"token_refreshed","actor_id":"d1e40c02-9978-46fd-875e-3989537af942","actor_username":"kbisht786@gmail.com","actor_via_sso":false,"log_type":"token"}', '2025-10-23 11:20:30.145575+00', ''),
	('00000000-0000-0000-0000-000000000000', 'fc9cebc5-68da-4fe8-958b-80530076d54a', '{"action":"token_revoked","actor_id":"d1e40c02-9978-46fd-875e-3989537af942","actor_username":"kbisht786@gmail.com","actor_via_sso":false,"log_type":"token"}', '2025-10-23 11:20:30.157709+00', ''),
	('00000000-0000-0000-0000-000000000000', 'f499e56e-db1b-4b59-ab31-f5da1400a155', '{"action":"logout","actor_id":"d1e40c02-9978-46fd-875e-3989537af942","actor_username":"kbisht786@gmail.com","actor_via_sso":false,"log_type":"account"}', '2025-10-23 12:12:01.371363+00', ''),
	('00000000-0000-0000-0000-000000000000', '03bbbdb3-efd1-4f8b-acfa-26a6b5b38d63', '{"action":"user_deleted","actor_id":"00000000-0000-0000-0000-000000000000","actor_username":"service_role","actor_via_sso":false,"log_type":"team","traits":{"user_email":"d@fff","user_id":"80382c79-c0ad-43d6-895a-a296e961a540","user_phone":""}}', '2025-10-31 12:36:58.985712+00', ''),
	('00000000-0000-0000-0000-000000000000', 'bf2cb0ec-2c43-44ca-9bda-31cdaf2db867', '{"action":"user_deleted","actor_id":"00000000-0000-0000-0000-000000000000","actor_username":"service_role","actor_via_sso":false,"log_type":"team","traits":{"user_email":"mishragaurav656@gmail.com","user_id":"5a3cc889-3bc1-4df0-a388-faf8032d74e9","user_phone":""}}', '2025-10-31 12:37:42.776055+00', ''),
	('00000000-0000-0000-0000-000000000000', '0df92a48-7726-491c-8969-f618f57811c4', '{"action":"user_confirmation_requested","actor_id":"73904179-cca9-40ab-a2c4-e509dadbbbbb","actor_username":"ajitkumarpes@gmail.com","actor_via_sso":false,"log_type":"user","traits":{"provider":"email"}}', '2025-10-31 12:41:01.829394+00', ''),
	('00000000-0000-0000-0000-000000000000', '2edc521a-3b51-4dd4-a9fe-e2d8b101c8b2', '{"action":"user_signedup","actor_id":"73904179-cca9-40ab-a2c4-e509dadbbbbb","actor_username":"ajitkumarpes@gmail.com","actor_via_sso":false,"log_type":"team","traits":{"provider":"email"}}', '2025-10-31 12:41:20.742123+00', ''),
	('00000000-0000-0000-0000-000000000000', '1b2ea3e7-8b00-4c46-814f-e5007fd80b40', '{"action":"user_recovery_requested","actor_id":"73904179-cca9-40ab-a2c4-e509dadbbbbb","actor_username":"ajitkumarpes@gmail.com","actor_via_sso":false,"log_type":"user"}', '2025-10-31 14:05:42.133411+00', ''),
	('00000000-0000-0000-0000-000000000000', 'f9e8612a-0e17-4d18-ad44-5197aa80dae7', '{"action":"login","actor_id":"73904179-cca9-40ab-a2c4-e509dadbbbbb","actor_username":"ajitkumarpes@gmail.com","actor_via_sso":false,"log_type":"account"}', '2025-10-31 14:08:16.470414+00', ''),
	('00000000-0000-0000-0000-000000000000', '0b0906b7-e12d-47d7-9edc-f5eecd644dc0', '{"action":"token_refreshed","actor_id":"73904179-cca9-40ab-a2c4-e509dadbbbbb","actor_username":"ajitkumarpes@gmail.com","actor_via_sso":false,"log_type":"token"}', '2025-10-31 15:06:23.319378+00', ''),
	('00000000-0000-0000-0000-000000000000', '7af8100a-51c3-4e7b-b930-4d82d508bf86', '{"action":"token_revoked","actor_id":"73904179-cca9-40ab-a2c4-e509dadbbbbb","actor_username":"ajitkumarpes@gmail.com","actor_via_sso":false,"log_type":"token"}', '2025-10-31 15:06:23.336611+00', ''),
	('00000000-0000-0000-0000-000000000000', '7dedfc9c-eca7-49ac-857e-70d1bbff21ed', '{"action":"logout","actor_id":"73904179-cca9-40ab-a2c4-e509dadbbbbb","actor_username":"ajitkumarpes@gmail.com","actor_via_sso":false,"log_type":"account"}', '2025-10-31 15:58:51.355747+00', ''),
	('00000000-0000-0000-0000-000000000000', '2c3e5815-e7e3-42fb-ab76-7f777176bcb4', '{"action":"user_recovery_requested","actor_id":"73904179-cca9-40ab-a2c4-e509dadbbbbb","actor_username":"ajitkumarpes@gmail.com","actor_via_sso":false,"log_type":"user"}', '2025-10-31 15:59:13.545621+00', ''),
	('00000000-0000-0000-0000-000000000000', '547d7075-0058-4bbb-8c9b-2358791e4759', '{"action":"login","actor_id":"73904179-cca9-40ab-a2c4-e509dadbbbbb","actor_username":"ajitkumarpes@gmail.com","actor_via_sso":false,"log_type":"account"}', '2025-10-31 15:59:44.128692+00', ''),
	('00000000-0000-0000-0000-000000000000', '0788e7d2-fecd-4998-9f55-13c4828a4113', '{"action":"token_refreshed","actor_id":"73904179-cca9-40ab-a2c4-e509dadbbbbb","actor_username":"ajitkumarpes@gmail.com","actor_via_sso":false,"log_type":"token"}', '2025-10-31 17:01:44.570729+00', ''),
	('00000000-0000-0000-0000-000000000000', '35632762-f5ef-4351-95d3-0e5eadfdf3ee', '{"action":"token_revoked","actor_id":"73904179-cca9-40ab-a2c4-e509dadbbbbb","actor_username":"ajitkumarpes@gmail.com","actor_via_sso":false,"log_type":"token"}', '2025-10-31 17:01:44.595012+00', ''),
	('00000000-0000-0000-0000-000000000000', '69511835-ad9f-45cb-9a8d-5ee4f500fd41', '{"action":"token_refreshed","actor_id":"73904179-cca9-40ab-a2c4-e509dadbbbbb","actor_username":"ajitkumarpes@gmail.com","actor_via_sso":false,"log_type":"token"}', '2025-11-01 04:07:39.857964+00', ''),
	('00000000-0000-0000-0000-000000000000', 'b1ddc90d-c1e3-42dc-bb51-1b65f41f6494', '{"action":"token_revoked","actor_id":"73904179-cca9-40ab-a2c4-e509dadbbbbb","actor_username":"ajitkumarpes@gmail.com","actor_via_sso":false,"log_type":"token"}', '2025-11-01 04:07:39.890244+00', ''),
	('00000000-0000-0000-0000-000000000000', '359c6871-67d4-4789-9f3d-ea498436a92c', '{"action":"logout","actor_id":"73904179-cca9-40ab-a2c4-e509dadbbbbb","actor_username":"ajitkumarpes@gmail.com","actor_via_sso":false,"log_type":"account"}', '2025-11-01 04:09:02.225286+00', ''),
	('00000000-0000-0000-0000-000000000000', '900d8c50-8760-4233-841f-585fc61cc736', '{"action":"user_confirmation_requested","actor_id":"062b7110-e8f7-46c1-88fa-dd4470aac7cd","actor_username":"ajitsan@gmail.com","actor_via_sso":false,"log_type":"user","traits":{"provider":"email"}}', '2025-11-01 04:09:16.822355+00', ''),
	('00000000-0000-0000-0000-000000000000', 'feda00ac-3467-4cfe-b38a-a28d987644d0', '{"action":"user_signedup","actor_id":"062b7110-e8f7-46c1-88fa-dd4470aac7cd","actor_username":"ajitsan@gmail.com","actor_via_sso":false,"log_type":"team","traits":{"provider":"email"}}', '2025-11-01 04:24:53.293798+00', ''),
	('00000000-0000-0000-0000-000000000000', '264f2054-e700-482d-8938-28d18664f558', '{"action":"token_refreshed","actor_id":"062b7110-e8f7-46c1-88fa-dd4470aac7cd","actor_username":"ajitsan@gmail.com","actor_via_sso":false,"log_type":"token"}', '2025-11-01 07:40:45.543457+00', ''),
	('00000000-0000-0000-0000-000000000000', '034ab6bc-b982-44b0-a1b9-bc793c67f2dc', '{"action":"token_revoked","actor_id":"062b7110-e8f7-46c1-88fa-dd4470aac7cd","actor_username":"ajitsan@gmail.com","actor_via_sso":false,"log_type":"token"}', '2025-11-01 07:40:45.574204+00', ''),
	('00000000-0000-0000-0000-000000000000', '65c85521-ed99-4866-b188-8b125e81980b', '{"action":"token_refreshed","actor_id":"062b7110-e8f7-46c1-88fa-dd4470aac7cd","actor_username":"ajitsan@gmail.com","actor_via_sso":false,"log_type":"token"}', '2025-11-02 15:59:10.058278+00', ''),
	('00000000-0000-0000-0000-000000000000', 'd9d38492-684d-4e66-b203-2220f06b452a', '{"action":"token_revoked","actor_id":"062b7110-e8f7-46c1-88fa-dd4470aac7cd","actor_username":"ajitsan@gmail.com","actor_via_sso":false,"log_type":"token"}', '2025-11-02 15:59:10.088518+00', ''),
	('00000000-0000-0000-0000-000000000000', '3f20ea58-c335-46cf-87e7-0471a9b5cc13', '{"action":"token_refreshed","actor_id":"062b7110-e8f7-46c1-88fa-dd4470aac7cd","actor_username":"ajitsan@gmail.com","actor_via_sso":false,"log_type":"token"}', '2025-11-02 16:57:32.57631+00', ''),
	('00000000-0000-0000-0000-000000000000', 'b2f6bbde-c621-4da2-a8ea-3f5e7c7bbae9', '{"action":"token_revoked","actor_id":"062b7110-e8f7-46c1-88fa-dd4470aac7cd","actor_username":"ajitsan@gmail.com","actor_via_sso":false,"log_type":"token"}', '2025-11-02 16:57:32.599339+00', ''),
	('00000000-0000-0000-0000-000000000000', 'f2d2d193-8f88-4b34-9434-0102adfd150b', '{"action":"token_refreshed","actor_id":"062b7110-e8f7-46c1-88fa-dd4470aac7cd","actor_username":"ajitsan@gmail.com","actor_via_sso":false,"log_type":"token"}', '2025-11-03 08:18:40.585065+00', ''),
	('00000000-0000-0000-0000-000000000000', '0f214fbc-b3b7-40ae-8f9e-d82e05779ea1', '{"action":"token_revoked","actor_id":"062b7110-e8f7-46c1-88fa-dd4470aac7cd","actor_username":"ajitsan@gmail.com","actor_via_sso":false,"log_type":"token"}', '2025-11-03 08:18:40.604873+00', ''),
	('00000000-0000-0000-0000-000000000000', '61b099f9-4746-487f-9df6-c623968e3253', '{"action":"logout","actor_id":"062b7110-e8f7-46c1-88fa-dd4470aac7cd","actor_username":"ajitsan@gmail.com","actor_via_sso":false,"log_type":"account"}', '2025-11-03 08:18:41.25134+00', ''),
	('00000000-0000-0000-0000-000000000000', 'e2b0fef2-36a8-41e5-ad29-6b885cb1353c', '{"action":"user_recovery_requested","actor_id":"d1e40c02-9978-46fd-875e-3989537af942","actor_username":"kbisht786@gmail.com","actor_via_sso":false,"log_type":"user"}', '2025-11-04 09:09:38.940562+00', ''),
	('00000000-0000-0000-0000-000000000000', '537a8110-697f-4ec6-a904-604c85b5b8b0', '{"action":"login","actor_id":"d1e40c02-9978-46fd-875e-3989537af942","actor_username":"kbisht786@gmail.com","actor_via_sso":false,"log_type":"account"}', '2025-11-04 09:09:48.663734+00', ''),
	('00000000-0000-0000-0000-000000000000', 'ed8a04f1-0b0b-4e88-a324-b601fe2956b0', '{"action":"user_recovery_requested","actor_id":"d1e40c02-9978-46fd-875e-3989537af942","actor_username":"kbisht786@gmail.com","actor_via_sso":false,"log_type":"user"}', '2025-11-04 09:23:09.363354+00', ''),
	('00000000-0000-0000-0000-000000000000', '82e1024f-997c-48e3-8ebf-c4eb03ff8e25', '{"action":"login","actor_id":"d1e40c02-9978-46fd-875e-3989537af942","actor_username":"kbisht786@gmail.com","actor_via_sso":false,"log_type":"account"}', '2025-11-04 09:23:24.750546+00', ''),
	('00000000-0000-0000-0000-000000000000', 'dc360bcb-d7bc-4961-a5c3-729d96b6d369', '{"action":"token_refreshed","actor_id":"d1e40c02-9978-46fd-875e-3989537af942","actor_username":"kbisht786@gmail.com","actor_via_sso":false,"log_type":"token"}', '2025-11-04 11:08:26.91548+00', ''),
	('00000000-0000-0000-0000-000000000000', '6c2068d2-888d-4eaf-b5bf-e67c35b7b425', '{"action":"token_revoked","actor_id":"d1e40c02-9978-46fd-875e-3989537af942","actor_username":"kbisht786@gmail.com","actor_via_sso":false,"log_type":"token"}', '2025-11-04 11:08:26.944705+00', ''),
	('00000000-0000-0000-0000-000000000000', 'd80620ae-473e-432a-8709-a68dfb15a461', '{"action":"token_refreshed","actor_id":"d1e40c02-9978-46fd-875e-3989537af942","actor_username":"kbisht786@gmail.com","actor_via_sso":false,"log_type":"token"}', '2025-11-04 12:58:16.150853+00', ''),
	('00000000-0000-0000-0000-000000000000', '61b6636f-59af-4ccf-9323-43c5a2cf18ab', '{"action":"token_revoked","actor_id":"d1e40c02-9978-46fd-875e-3989537af942","actor_username":"kbisht786@gmail.com","actor_via_sso":false,"log_type":"token"}', '2025-11-04 12:58:16.163188+00', ''),
	('00000000-0000-0000-0000-000000000000', '2918628d-ee29-4377-97eb-2a136061bd30', '{"action":"token_refreshed","actor_id":"d1e40c02-9978-46fd-875e-3989537af942","actor_username":"kbisht786@gmail.com","actor_via_sso":false,"log_type":"token"}', '2025-11-04 14:07:23.217844+00', ''),
	('00000000-0000-0000-0000-000000000000', 'e89b4265-411b-4067-ae76-bc355660cde6', '{"action":"token_revoked","actor_id":"d1e40c02-9978-46fd-875e-3989537af942","actor_username":"kbisht786@gmail.com","actor_via_sso":false,"log_type":"token"}', '2025-11-04 14:07:23.241663+00', ''),
	('00000000-0000-0000-0000-000000000000', 'a6c053e8-de47-4e37-89eb-be8ef1003b54', '{"action":"token_refreshed","actor_id":"d1e40c02-9978-46fd-875e-3989537af942","actor_username":"kbisht786@gmail.com","actor_via_sso":false,"log_type":"token"}', '2025-11-04 16:05:30.485862+00', ''),
	('00000000-0000-0000-0000-000000000000', 'a6c388cf-46ae-4309-a9c1-b2ec26001b57', '{"action":"token_revoked","actor_id":"d1e40c02-9978-46fd-875e-3989537af942","actor_username":"kbisht786@gmail.com","actor_via_sso":false,"log_type":"token"}', '2025-11-04 16:05:30.516894+00', ''),
	('00000000-0000-0000-0000-000000000000', 'ca636b9f-6621-4ede-a360-125480c9109b', '{"action":"token_refreshed","actor_id":"d1e40c02-9978-46fd-875e-3989537af942","actor_username":"kbisht786@gmail.com","actor_via_sso":false,"log_type":"token"}', '2025-11-04 17:09:32.680858+00', ''),
	('00000000-0000-0000-0000-000000000000', '43dd286c-31b0-4dcc-9a13-bd5fbc6a0592', '{"action":"token_revoked","actor_id":"d1e40c02-9978-46fd-875e-3989537af942","actor_username":"kbisht786@gmail.com","actor_via_sso":false,"log_type":"token"}', '2025-11-04 17:09:32.705519+00', ''),
	('00000000-0000-0000-0000-000000000000', 'd6002af0-c068-4c99-bc75-53a3b9f12467', '{"action":"token_refreshed","actor_id":"d1e40c02-9978-46fd-875e-3989537af942","actor_username":"kbisht786@gmail.com","actor_via_sso":false,"log_type":"token"}', '2025-11-04 18:57:11.897063+00', ''),
	('00000000-0000-0000-0000-000000000000', 'c9a9cc8a-11b6-48cd-b87c-a8454161e634', '{"action":"token_revoked","actor_id":"d1e40c02-9978-46fd-875e-3989537af942","actor_username":"kbisht786@gmail.com","actor_via_sso":false,"log_type":"token"}', '2025-11-04 18:57:11.918707+00', ''),
	('00000000-0000-0000-0000-000000000000', '6bf479be-57be-4d2f-ae28-f628ccc0b9b5', '{"action":"token_refreshed","actor_id":"d1e40c02-9978-46fd-875e-3989537af942","actor_username":"kbisht786@gmail.com","actor_via_sso":false,"log_type":"token"}', '2025-11-05 02:38:15.011986+00', ''),
	('00000000-0000-0000-0000-000000000000', '261ce725-80ef-4951-81b0-d0e841ed5da9', '{"action":"token_revoked","actor_id":"d1e40c02-9978-46fd-875e-3989537af942","actor_username":"kbisht786@gmail.com","actor_via_sso":false,"log_type":"token"}', '2025-11-05 02:38:15.028222+00', ''),
	('00000000-0000-0000-0000-000000000000', '9c7573e3-f746-4c14-acb8-3f772f3dc868', '{"action":"token_refreshed","actor_id":"d1e40c02-9978-46fd-875e-3989537af942","actor_username":"kbisht786@gmail.com","actor_via_sso":false,"log_type":"token"}', '2025-11-05 04:02:34.998283+00', ''),
	('00000000-0000-0000-0000-000000000000', '8b64f835-8308-4524-9867-c98257cea6b2', '{"action":"token_revoked","actor_id":"d1e40c02-9978-46fd-875e-3989537af942","actor_username":"kbisht786@gmail.com","actor_via_sso":false,"log_type":"token"}', '2025-11-05 04:02:35.025768+00', ''),
	('00000000-0000-0000-0000-000000000000', '68108db6-3680-4e8c-ba95-da66f0b8c85f', '{"action":"token_refreshed","actor_id":"d1e40c02-9978-46fd-875e-3989537af942","actor_username":"kbisht786@gmail.com","actor_via_sso":false,"log_type":"token"}', '2025-11-05 05:02:08.205095+00', ''),
	('00000000-0000-0000-0000-000000000000', 'a9b0d663-64b7-415a-bf14-eb9ca30460b8', '{"action":"token_revoked","actor_id":"d1e40c02-9978-46fd-875e-3989537af942","actor_username":"kbisht786@gmail.com","actor_via_sso":false,"log_type":"token"}', '2025-11-05 05:02:08.233271+00', ''),
	('00000000-0000-0000-0000-000000000000', '34bd75d5-bd8f-4b8f-b78a-5fb9fcaae7a6', '{"action":"token_refreshed","actor_id":"d1e40c02-9978-46fd-875e-3989537af942","actor_username":"kbisht786@gmail.com","actor_via_sso":false,"log_type":"token"}', '2025-11-05 06:05:30.727838+00', ''),
	('00000000-0000-0000-0000-000000000000', 'c79eb823-c1f3-4154-b331-f51c33e216bf', '{"action":"token_revoked","actor_id":"d1e40c02-9978-46fd-875e-3989537af942","actor_username":"kbisht786@gmail.com","actor_via_sso":false,"log_type":"token"}', '2025-11-05 06:05:30.750846+00', ''),
	('00000000-0000-0000-0000-000000000000', '74c485f6-86ed-4fef-9784-beaa5cddbf39', '{"action":"token_refreshed","actor_id":"d1e40c02-9978-46fd-875e-3989537af942","actor_username":"kbisht786@gmail.com","actor_via_sso":false,"log_type":"token"}', '2025-11-05 07:47:02.232974+00', ''),
	('00000000-0000-0000-0000-000000000000', '9d86074a-d8c0-44e6-a295-0999e5c93e67', '{"action":"token_revoked","actor_id":"d1e40c02-9978-46fd-875e-3989537af942","actor_username":"kbisht786@gmail.com","actor_via_sso":false,"log_type":"token"}', '2025-11-05 07:47:02.259361+00', ''),
	('00000000-0000-0000-0000-000000000000', '66a46e6b-fadb-4ad8-a2b1-dac4811820c3', '{"action":"token_refreshed","actor_id":"d1e40c02-9978-46fd-875e-3989537af942","actor_username":"kbisht786@gmail.com","actor_via_sso":false,"log_type":"token"}', '2025-11-05 08:59:26.79563+00', ''),
	('00000000-0000-0000-0000-000000000000', '6428e329-772e-49e5-833d-39686806915e', '{"action":"token_revoked","actor_id":"d1e40c02-9978-46fd-875e-3989537af942","actor_username":"kbisht786@gmail.com","actor_via_sso":false,"log_type":"token"}', '2025-11-05 08:59:26.818167+00', ''),
	('00000000-0000-0000-0000-000000000000', '73245fe6-39aa-4230-999b-ff01663dec70', '{"action":"token_refreshed","actor_id":"d1e40c02-9978-46fd-875e-3989537af942","actor_username":"kbisht786@gmail.com","actor_via_sso":false,"log_type":"token"}', '2025-11-05 09:57:42.460948+00', ''),
	('00000000-0000-0000-0000-000000000000', 'e6d3a1a9-21da-4bf5-828e-cccc8195453c', '{"action":"token_revoked","actor_id":"d1e40c02-9978-46fd-875e-3989537af942","actor_username":"kbisht786@gmail.com","actor_via_sso":false,"log_type":"token"}', '2025-11-05 09:57:42.473014+00', ''),
	('00000000-0000-0000-0000-000000000000', '308fd472-5e41-425a-9ae8-b4b5d134a953', '{"action":"user_recovery_requested","actor_id":"062b7110-e8f7-46c1-88fa-dd4470aac7cd","actor_username":"ajitsan@gmail.com","actor_via_sso":false,"log_type":"user"}', '2025-11-05 11:00:57.579747+00', ''),
	('00000000-0000-0000-0000-000000000000', '01266a75-6554-4bc8-b4e2-4420e955bf0c', '{"action":"login","actor_id":"062b7110-e8f7-46c1-88fa-dd4470aac7cd","actor_username":"ajitsan@gmail.com","actor_via_sso":false,"log_type":"account"}', '2025-11-05 11:01:22.814254+00', ''),
	('00000000-0000-0000-0000-000000000000', '2dfd27c5-6baa-4ef4-b1db-527a0c52229b', '{"action":"token_refreshed","actor_id":"d1e40c02-9978-46fd-875e-3989537af942","actor_username":"kbisht786@gmail.com","actor_via_sso":false,"log_type":"token"}', '2025-11-05 12:37:35.446661+00', ''),
	('00000000-0000-0000-0000-000000000000', '074f75bc-39c5-4f95-ada1-60c3cbcc7951', '{"action":"token_revoked","actor_id":"d1e40c02-9978-46fd-875e-3989537af942","actor_username":"kbisht786@gmail.com","actor_via_sso":false,"log_type":"token"}', '2025-11-05 12:37:35.452835+00', ''),
	('00000000-0000-0000-0000-000000000000', '8bddea79-fdfd-44d7-95a0-a0e703524972', '{"action":"token_refreshed","actor_id":"d1e40c02-9978-46fd-875e-3989537af942","actor_username":"kbisht786@gmail.com","actor_via_sso":false,"log_type":"token"}', '2025-11-05 16:43:53.098804+00', ''),
	('00000000-0000-0000-0000-000000000000', 'f36f7532-1900-4e2d-a2cb-11abf2d4f399', '{"action":"token_revoked","actor_id":"d1e40c02-9978-46fd-875e-3989537af942","actor_username":"kbisht786@gmail.com","actor_via_sso":false,"log_type":"token"}', '2025-11-05 16:43:53.114292+00', ''),
	('00000000-0000-0000-0000-000000000000', 'c8a94de7-d2bb-4e5a-b2da-408e363f327b', '{"action":"token_refreshed","actor_id":"d1e40c02-9978-46fd-875e-3989537af942","actor_username":"kbisht786@gmail.com","actor_via_sso":false,"log_type":"token"}', '2025-11-05 17:49:52.925059+00', ''),
	('00000000-0000-0000-0000-000000000000', '06b36c29-70e6-44ae-8873-1ff699442f0d', '{"action":"token_revoked","actor_id":"d1e40c02-9978-46fd-875e-3989537af942","actor_username":"kbisht786@gmail.com","actor_via_sso":false,"log_type":"token"}', '2025-11-05 17:49:52.946378+00', ''),
	('00000000-0000-0000-0000-000000000000', 'ded4c787-d189-4fe5-93b1-5cfeb7710379', '{"action":"token_refreshed","actor_id":"062b7110-e8f7-46c1-88fa-dd4470aac7cd","actor_username":"ajitsan@gmail.com","actor_via_sso":false,"log_type":"token"}', '2025-11-09 12:10:43.491139+00', ''),
	('00000000-0000-0000-0000-000000000000', '840fff8e-55da-4ffb-8632-dc3945ad8254', '{"action":"token_revoked","actor_id":"062b7110-e8f7-46c1-88fa-dd4470aac7cd","actor_username":"ajitsan@gmail.com","actor_via_sso":false,"log_type":"token"}', '2025-11-09 12:10:43.515773+00', ''),
	('00000000-0000-0000-0000-000000000000', '8a21c8ab-a70f-4f9a-b662-00eeeb47adfb', '{"action":"token_refreshed","actor_id":"062b7110-e8f7-46c1-88fa-dd4470aac7cd","actor_username":"ajitsan@gmail.com","actor_via_sso":false,"log_type":"token"}', '2025-11-09 13:10:42.022926+00', ''),
	('00000000-0000-0000-0000-000000000000', 'e1d42ebe-601f-4f37-b360-ec29018c4218', '{"action":"token_revoked","actor_id":"062b7110-e8f7-46c1-88fa-dd4470aac7cd","actor_username":"ajitsan@gmail.com","actor_via_sso":false,"log_type":"token"}', '2025-11-09 13:10:42.04086+00', ''),
	('00000000-0000-0000-0000-000000000000', '704c3dd9-58bc-4205-9fe0-7d63478ddd13', '{"action":"token_refreshed","actor_id":"d1e40c02-9978-46fd-875e-3989537af942","actor_username":"kbisht786@gmail.com","actor_via_sso":false,"log_type":"token"}', '2025-11-13 07:56:07.531504+00', ''),
	('00000000-0000-0000-0000-000000000000', '9072aabe-8967-4fe2-92c5-97bcc453ff5b', '{"action":"token_revoked","actor_id":"d1e40c02-9978-46fd-875e-3989537af942","actor_username":"kbisht786@gmail.com","actor_via_sso":false,"log_type":"token"}', '2025-11-13 07:56:07.546055+00', ''),
	('00000000-0000-0000-0000-000000000000', 'b4db19e9-d20d-41e5-92f6-ebe0a36b9e8f', '{"action":"token_refreshed","actor_id":"d1e40c02-9978-46fd-875e-3989537af942","actor_username":"kbisht786@gmail.com","actor_via_sso":false,"log_type":"token"}', '2025-11-13 09:39:02.317267+00', ''),
	('00000000-0000-0000-0000-000000000000', '26aafe79-a936-4241-a67b-6d84a8a969ad', '{"action":"token_revoked","actor_id":"d1e40c02-9978-46fd-875e-3989537af942","actor_username":"kbisht786@gmail.com","actor_via_sso":false,"log_type":"token"}', '2025-11-13 09:39:02.348378+00', ''),
	('00000000-0000-0000-0000-000000000000', '4fdc1684-2752-4c2d-9595-a63ca869541c', '{"action":"token_refreshed","actor_id":"d1e40c02-9978-46fd-875e-3989537af942","actor_username":"kbisht786@gmail.com","actor_via_sso":false,"log_type":"token"}', '2025-11-13 10:53:52.234376+00', ''),
	('00000000-0000-0000-0000-000000000000', '8da2fe0c-f1b8-43cc-8e75-ee0b3e54ea8f', '{"action":"token_revoked","actor_id":"d1e40c02-9978-46fd-875e-3989537af942","actor_username":"kbisht786@gmail.com","actor_via_sso":false,"log_type":"token"}', '2025-11-13 10:53:52.263283+00', ''),
	('00000000-0000-0000-0000-000000000000', '800cb808-d373-4cb8-9f02-619149334414', '{"action":"user_recovery_requested","actor_id":"d1e40c02-9978-46fd-875e-3989537af942","actor_username":"kbisht786@gmail.com","actor_via_sso":false,"log_type":"user"}', '2025-11-13 10:54:42.234226+00', ''),
	('00000000-0000-0000-0000-000000000000', '6ad92e30-8c4f-4ed7-ab84-cb6df2a755f0', '{"action":"login","actor_id":"d1e40c02-9978-46fd-875e-3989537af942","actor_username":"kbisht786@gmail.com","actor_via_sso":false,"log_type":"account"}', '2025-11-13 10:54:52.492419+00', ''),
	('00000000-0000-0000-0000-000000000000', '2c99d9bf-57aa-4f83-b619-d0f5f20d45ee', '{"action":"token_refreshed","actor_id":"d1e40c02-9978-46fd-875e-3989537af942","actor_username":"kbisht786@gmail.com","actor_via_sso":false,"log_type":"token"}', '2025-11-13 11:56:10.972398+00', ''),
	('00000000-0000-0000-0000-000000000000', '634392ac-c0e9-4392-8880-692e4113b0b5', '{"action":"token_revoked","actor_id":"d1e40c02-9978-46fd-875e-3989537af942","actor_username":"kbisht786@gmail.com","actor_via_sso":false,"log_type":"token"}', '2025-11-13 11:56:10.992959+00', ''),
	('00000000-0000-0000-0000-000000000000', '9ae30a93-8572-4e8e-b75e-d67d996ad5a2', '{"action":"logout","actor_id":"d1e40c02-9978-46fd-875e-3989537af942","actor_username":"kbisht786@gmail.com","actor_via_sso":false,"log_type":"account"}', '2025-11-13 11:56:14.74174+00', ''),
	('00000000-0000-0000-0000-000000000000', 'b1118e30-07f5-4937-8671-65cd8f2be5c1', '{"action":"user_recovery_requested","actor_id":"d1e40c02-9978-46fd-875e-3989537af942","actor_username":"kbisht786@gmail.com","actor_via_sso":false,"log_type":"user"}', '2025-11-13 11:56:23.954805+00', ''),
	('00000000-0000-0000-0000-000000000000', '771c721f-d909-4924-a2b8-9c04062d82da', '{"action":"login","actor_id":"d1e40c02-9978-46fd-875e-3989537af942","actor_username":"kbisht786@gmail.com","actor_via_sso":false,"log_type":"account"}', '2025-11-13 11:56:34.896325+00', ''),
	('00000000-0000-0000-0000-000000000000', 'e9713d10-e63f-4128-bd14-856929899373', '{"action":"logout","actor_id":"d1e40c02-9978-46fd-875e-3989537af942","actor_username":"kbisht786@gmail.com","actor_via_sso":false,"log_type":"account"}', '2025-11-13 12:17:40.712215+00', ''),
	('00000000-0000-0000-0000-000000000000', 'f3468c30-e13e-4ed6-b6f7-2d2527678478', '{"action":"user_recovery_requested","actor_id":"d1e40c02-9978-46fd-875e-3989537af942","actor_username":"kbisht786@gmail.com","actor_via_sso":false,"log_type":"user"}', '2025-11-13 12:17:45.747058+00', ''),
	('00000000-0000-0000-0000-000000000000', '4d9a6960-6a67-488c-b0f6-744b8ae33358', '{"action":"login","actor_id":"d1e40c02-9978-46fd-875e-3989537af942","actor_username":"kbisht786@gmail.com","actor_via_sso":false,"log_type":"account"}', '2025-11-13 12:17:56.880412+00', ''),
	('00000000-0000-0000-0000-000000000000', 'a06c6943-b506-4c09-9d54-5164fd9f09c6', '{"action":"token_refreshed","actor_id":"d1e40c02-9978-46fd-875e-3989537af942","actor_username":"kbisht786@gmail.com","actor_via_sso":false,"log_type":"token"}', '2025-11-13 13:22:32.750102+00', ''),
	('00000000-0000-0000-0000-000000000000', '04c90779-f85d-4a6d-9e01-3382f633c0a1', '{"action":"token_revoked","actor_id":"d1e40c02-9978-46fd-875e-3989537af942","actor_username":"kbisht786@gmail.com","actor_via_sso":false,"log_type":"token"}', '2025-11-13 13:22:32.776618+00', ''),
	('00000000-0000-0000-0000-000000000000', 'b103b2ce-2fe2-46ae-a289-ce6699c4176a', '{"action":"token_refreshed","actor_id":"d1e40c02-9978-46fd-875e-3989537af942","actor_username":"kbisht786@gmail.com","actor_via_sso":false,"log_type":"token"}', '2025-11-13 19:08:13.139204+00', ''),
	('00000000-0000-0000-0000-000000000000', '0a548e55-3446-4194-8e9a-f65b23d16a11', '{"action":"token_revoked","actor_id":"d1e40c02-9978-46fd-875e-3989537af942","actor_username":"kbisht786@gmail.com","actor_via_sso":false,"log_type":"token"}', '2025-11-13 19:08:13.154958+00', ''),
	('00000000-0000-0000-0000-000000000000', 'cac89837-5dae-4b90-8e03-40d2c542a2d1', '{"action":"token_refreshed","actor_id":"062b7110-e8f7-46c1-88fa-dd4470aac7cd","actor_username":"ajitsan@gmail.com","actor_via_sso":false,"log_type":"token"}', '2025-11-15 11:00:07.745834+00', ''),
	('00000000-0000-0000-0000-000000000000', '15f93b36-6a9b-4855-bf1e-fee73dbfedfc', '{"action":"token_revoked","actor_id":"062b7110-e8f7-46c1-88fa-dd4470aac7cd","actor_username":"ajitsan@gmail.com","actor_via_sso":false,"log_type":"token"}', '2025-11-15 11:00:07.774723+00', ''),
	('00000000-0000-0000-0000-000000000000', '062952b0-1e4b-4469-b87c-2172b1000306', '{"action":"logout","actor_id":"062b7110-e8f7-46c1-88fa-dd4470aac7cd","actor_username":"ajitsan@gmail.com","actor_via_sso":false,"log_type":"account"}', '2025-11-15 11:04:14.722593+00', ''),
	('00000000-0000-0000-0000-000000000000', '38fe6f67-e061-473b-97f2-a6903c091ab3', '{"action":"user_recovery_requested","actor_id":"062b7110-e8f7-46c1-88fa-dd4470aac7cd","actor_username":"ajitsan@gmail.com","actor_via_sso":false,"log_type":"user"}', '2025-11-15 11:07:43.133601+00', ''),
	('00000000-0000-0000-0000-000000000000', '60410f0c-1763-4d69-9437-f151703f6f58', '{"action":"login","actor_id":"062b7110-e8f7-46c1-88fa-dd4470aac7cd","actor_username":"ajitsan@gmail.com","actor_via_sso":false,"log_type":"account"}', '2025-11-15 11:07:56.560673+00', ''),
	('00000000-0000-0000-0000-000000000000', '82ff4854-050c-42eb-b610-45c8469c13e8', '{"action":"logout","actor_id":"062b7110-e8f7-46c1-88fa-dd4470aac7cd","actor_username":"ajitsan@gmail.com","actor_via_sso":false,"log_type":"account"}', '2025-11-15 11:28:14.845419+00', ''),
	('00000000-0000-0000-0000-000000000000', '424526d7-b5e3-4170-960b-2de7a7d6b5a5', '{"action":"user_recovery_requested","actor_id":"73904179-cca9-40ab-a2c4-e509dadbbbbb","actor_username":"ajitkumarpes@gmail.com","actor_via_sso":false,"log_type":"user"}', '2025-11-15 11:28:29.6479+00', ''),
	('00000000-0000-0000-0000-000000000000', '836d1681-5e43-4b6e-a37d-59f5c0dd6466', '{"action":"login","actor_id":"73904179-cca9-40ab-a2c4-e509dadbbbbb","actor_username":"ajitkumarpes@gmail.com","actor_via_sso":false,"log_type":"account"}', '2025-11-15 11:28:43.189077+00', ''),
	('00000000-0000-0000-0000-000000000000', '044d9cc0-d679-4a20-9b34-1f4d44f37396', '{"action":"token_refreshed","actor_id":"73904179-cca9-40ab-a2c4-e509dadbbbbb","actor_username":"ajitkumarpes@gmail.com","actor_via_sso":false,"log_type":"token"}', '2025-11-15 14:11:26.046548+00', ''),
	('00000000-0000-0000-0000-000000000000', '3c1127f3-3273-42f7-a524-50547a4dba18', '{"action":"token_revoked","actor_id":"73904179-cca9-40ab-a2c4-e509dadbbbbb","actor_username":"ajitkumarpes@gmail.com","actor_via_sso":false,"log_type":"token"}', '2025-11-15 14:11:26.064044+00', ''),
	('00000000-0000-0000-0000-000000000000', '21fb1bba-0626-43f1-b1dd-b67ba1036761', '{"action":"token_refreshed","actor_id":"73904179-cca9-40ab-a2c4-e509dadbbbbb","actor_username":"ajitkumarpes@gmail.com","actor_via_sso":false,"log_type":"token"}', '2025-11-15 17:38:24.646651+00', ''),
	('00000000-0000-0000-0000-000000000000', '59796dd3-aaa5-49be-8887-e688e8013f74', '{"action":"token_revoked","actor_id":"73904179-cca9-40ab-a2c4-e509dadbbbbb","actor_username":"ajitkumarpes@gmail.com","actor_via_sso":false,"log_type":"token"}', '2025-11-15 17:38:24.675054+00', ''),
	('00000000-0000-0000-0000-000000000000', 'c8aa64cd-5017-4ee1-a6f0-063086c02873', '{"action":"logout","actor_id":"73904179-cca9-40ab-a2c4-e509dadbbbbb","actor_username":"ajitkumarpes@gmail.com","actor_via_sso":false,"log_type":"account"}', '2025-11-15 17:38:24.933473+00', ''),
	('00000000-0000-0000-0000-000000000000', '8da9a7eb-2991-4c1f-b02d-b9f55fae27d8', '{"action":"user_recovery_requested","actor_id":"73904179-cca9-40ab-a2c4-e509dadbbbbb","actor_username":"ajitkumarpes@gmail.com","actor_via_sso":false,"log_type":"user"}', '2025-11-17 04:12:51.603862+00', ''),
	('00000000-0000-0000-0000-000000000000', '1f9df603-8128-45db-9a74-91fb37ff2528', '{"action":"login","actor_id":"73904179-cca9-40ab-a2c4-e509dadbbbbb","actor_username":"ajitkumarpes@gmail.com","actor_via_sso":false,"log_type":"account"}', '2025-11-17 04:13:24.650773+00', ''),
	('00000000-0000-0000-0000-000000000000', '71ca459f-3ac4-4a24-b189-71a85483b029', '{"action":"token_refreshed","actor_id":"73904179-cca9-40ab-a2c4-e509dadbbbbb","actor_username":"ajitkumarpes@gmail.com","actor_via_sso":false,"log_type":"token"}', '2025-11-17 05:35:14.813639+00', ''),
	('00000000-0000-0000-0000-000000000000', '429cd352-47e2-4e21-8e61-96b205117b1a', '{"action":"token_revoked","actor_id":"73904179-cca9-40ab-a2c4-e509dadbbbbb","actor_username":"ajitkumarpes@gmail.com","actor_via_sso":false,"log_type":"token"}', '2025-11-17 05:35:14.84943+00', ''),
	('00000000-0000-0000-0000-000000000000', '570066ea-42b6-4b89-bd58-373ef8c5b9e3', '{"action":"token_refreshed","actor_id":"73904179-cca9-40ab-a2c4-e509dadbbbbb","actor_username":"ajitkumarpes@gmail.com","actor_via_sso":false,"log_type":"token"}', '2025-11-17 07:59:24.963331+00', ''),
	('00000000-0000-0000-0000-000000000000', 'fbd737d4-a81b-45a9-ac8e-99c871a7c43d', '{"action":"token_revoked","actor_id":"73904179-cca9-40ab-a2c4-e509dadbbbbb","actor_username":"ajitkumarpes@gmail.com","actor_via_sso":false,"log_type":"token"}', '2025-11-17 07:59:24.993753+00', ''),
	('00000000-0000-0000-0000-000000000000', 'c482e098-7ce1-4015-a527-71823c42a974', '{"action":"token_refreshed","actor_id":"73904179-cca9-40ab-a2c4-e509dadbbbbb","actor_username":"ajitkumarpes@gmail.com","actor_via_sso":false,"log_type":"token"}', '2025-11-17 10:52:43.745589+00', ''),
	('00000000-0000-0000-0000-000000000000', 'e3ae029f-7a45-4031-95d8-92197e3d948c', '{"action":"token_revoked","actor_id":"73904179-cca9-40ab-a2c4-e509dadbbbbb","actor_username":"ajitkumarpes@gmail.com","actor_via_sso":false,"log_type":"token"}', '2025-11-17 10:52:43.768847+00', ''),
	('00000000-0000-0000-0000-000000000000', '71150c6c-40c4-442c-a1a8-a53876099c04', '{"action":"token_refreshed","actor_id":"d1e40c02-9978-46fd-875e-3989537af942","actor_username":"kbisht786@gmail.com","actor_via_sso":false,"log_type":"token"}', '2025-11-17 16:34:13.020545+00', ''),
	('00000000-0000-0000-0000-000000000000', 'a1bbb455-e4bd-43b7-83ab-7a45b4cabaf2', '{"action":"token_revoked","actor_id":"d1e40c02-9978-46fd-875e-3989537af942","actor_username":"kbisht786@gmail.com","actor_via_sso":false,"log_type":"token"}', '2025-11-17 16:34:13.037939+00', ''),
	('00000000-0000-0000-0000-000000000000', '02677786-a7dd-48b0-83a2-0683fb8eb387', '{"action":"token_refreshed","actor_id":"d1e40c02-9978-46fd-875e-3989537af942","actor_username":"kbisht786@gmail.com","actor_via_sso":false,"log_type":"token"}', '2025-11-17 18:05:19.349529+00', ''),
	('00000000-0000-0000-0000-000000000000', '00783a21-fa74-4980-9663-094fc66d26b1', '{"action":"token_revoked","actor_id":"d1e40c02-9978-46fd-875e-3989537af942","actor_username":"kbisht786@gmail.com","actor_via_sso":false,"log_type":"token"}', '2025-11-17 18:05:19.373716+00', ''),
	('00000000-0000-0000-0000-000000000000', '4e3aeaff-beed-46ec-9850-8229d004df41', '{"action":"token_refreshed","actor_id":"d1e40c02-9978-46fd-875e-3989537af942","actor_username":"kbisht786@gmail.com","actor_via_sso":false,"log_type":"token"}', '2025-11-18 03:24:49.958971+00', ''),
	('00000000-0000-0000-0000-000000000000', 'b9ca4f9a-db78-43a1-99d0-802e2699ad63', '{"action":"token_revoked","actor_id":"d1e40c02-9978-46fd-875e-3989537af942","actor_username":"kbisht786@gmail.com","actor_via_sso":false,"log_type":"token"}', '2025-11-18 03:24:49.988052+00', ''),
	('00000000-0000-0000-0000-000000000000', 'f1d73187-ff54-459b-988c-b37a5aa761d5', '{"action":"logout","actor_id":"d1e40c02-9978-46fd-875e-3989537af942","actor_username":"kbisht786@gmail.com","actor_via_sso":false,"log_type":"account"}', '2025-11-18 03:24:53.9346+00', ''),
	('00000000-0000-0000-0000-000000000000', 'aae2779c-f7f1-4ccc-b086-b6635c74d220', '{"action":"user_recovery_requested","actor_id":"d1e40c02-9978-46fd-875e-3989537af942","actor_username":"kbisht786@gmail.com","actor_via_sso":false,"log_type":"user"}', '2025-11-20 04:11:04.643917+00', ''),
	('00000000-0000-0000-0000-000000000000', 'a6758ce8-d9d5-471d-a874-620970f0e68a', '{"action":"login","actor_id":"d1e40c02-9978-46fd-875e-3989537af942","actor_username":"kbisht786@gmail.com","actor_via_sso":false,"log_type":"account"}', '2025-11-20 04:11:25.714515+00', ''),
	('00000000-0000-0000-0000-000000000000', '897cbf19-6ab4-4da7-9b12-f3cacbf87087', '{"action":"token_refreshed","actor_id":"d1e40c02-9978-46fd-875e-3989537af942","actor_username":"kbisht786@gmail.com","actor_via_sso":false,"log_type":"token"}', '2025-11-20 06:22:09.707974+00', ''),
	('00000000-0000-0000-0000-000000000000', 'b4578b2d-a537-477f-8890-578d5d03778d', '{"action":"token_revoked","actor_id":"d1e40c02-9978-46fd-875e-3989537af942","actor_username":"kbisht786@gmail.com","actor_via_sso":false,"log_type":"token"}', '2025-11-20 06:22:09.733885+00', ''),
	('00000000-0000-0000-0000-000000000000', 'fb6483ae-e25c-4567-bcf1-cc5a6bee8ac0', '{"action":"token_refreshed","actor_id":"d1e40c02-9978-46fd-875e-3989537af942","actor_username":"kbisht786@gmail.com","actor_via_sso":false,"log_type":"token"}', '2025-11-20 07:41:21.292071+00', ''),
	('00000000-0000-0000-0000-000000000000', '399b5766-fd16-40e6-a53d-5e43599cf98e', '{"action":"token_revoked","actor_id":"d1e40c02-9978-46fd-875e-3989537af942","actor_username":"kbisht786@gmail.com","actor_via_sso":false,"log_type":"token"}', '2025-11-20 07:41:21.321989+00', ''),
	('00000000-0000-0000-0000-000000000000', 'a5146d53-90e4-41b2-acb5-8e443432667a', '{"action":"token_refreshed","actor_id":"d1e40c02-9978-46fd-875e-3989537af942","actor_username":"kbisht786@gmail.com","actor_via_sso":false,"log_type":"token"}', '2025-11-20 08:51:07.808538+00', ''),
	('00000000-0000-0000-0000-000000000000', 'fe6947ff-5c94-4d25-bdba-3edcff712003', '{"action":"token_revoked","actor_id":"d1e40c02-9978-46fd-875e-3989537af942","actor_username":"kbisht786@gmail.com","actor_via_sso":false,"log_type":"token"}', '2025-11-20 08:51:07.830476+00', ''),
	('00000000-0000-0000-0000-000000000000', '43f1ee8e-fb9e-48c4-8424-3221c984d958', '{"action":"token_refreshed","actor_id":"d1e40c02-9978-46fd-875e-3989537af942","actor_username":"kbisht786@gmail.com","actor_via_sso":false,"log_type":"token"}', '2025-11-20 10:21:44.346545+00', ''),
	('00000000-0000-0000-0000-000000000000', '0ba2e003-66a8-4d68-a6fe-1e0380ff37a2', '{"action":"token_revoked","actor_id":"d1e40c02-9978-46fd-875e-3989537af942","actor_username":"kbisht786@gmail.com","actor_via_sso":false,"log_type":"token"}', '2025-11-20 10:21:44.357834+00', ''),
	('00000000-0000-0000-0000-000000000000', 'f60e1464-1ac9-4e89-ad7e-65f83dd6965a', '{"action":"token_refreshed","actor_id":"73904179-cca9-40ab-a2c4-e509dadbbbbb","actor_username":"ajitkumarpes@gmail.com","actor_via_sso":false,"log_type":"token"}', '2025-11-20 10:32:49.613822+00', ''),
	('00000000-0000-0000-0000-000000000000', 'c235c470-c94f-406a-acb3-ac23da8da642', '{"action":"token_revoked","actor_id":"73904179-cca9-40ab-a2c4-e509dadbbbbb","actor_username":"ajitkumarpes@gmail.com","actor_via_sso":false,"log_type":"token"}', '2025-11-20 10:32:49.638137+00', ''),
	('00000000-0000-0000-0000-000000000000', 'd2707b29-9874-432b-b4f1-3df1b1f289ec', '{"action":"user_recovery_requested","actor_id":"73904179-cca9-40ab-a2c4-e509dadbbbbb","actor_username":"ajitkumarpes@gmail.com","actor_via_sso":false,"log_type":"user"}', '2025-11-20 10:33:20.9794+00', ''),
	('00000000-0000-0000-0000-000000000000', '10f23cfe-94d4-40b3-a5a4-669622e3ea07', '{"action":"login","actor_id":"73904179-cca9-40ab-a2c4-e509dadbbbbb","actor_username":"ajitkumarpes@gmail.com","actor_via_sso":false,"log_type":"account"}', '2025-11-20 10:34:52.933985+00', ''),
	('00000000-0000-0000-0000-000000000000', '4eb75925-2fd3-4a69-9f78-845802e2d964', '{"action":"token_refreshed","actor_id":"d1e40c02-9978-46fd-875e-3989537af942","actor_username":"kbisht786@gmail.com","actor_via_sso":false,"log_type":"token"}', '2025-11-20 11:51:19.366355+00', ''),
	('00000000-0000-0000-0000-000000000000', '4f91e571-ccff-4279-815d-063300eebdc2', '{"action":"token_revoked","actor_id":"d1e40c02-9978-46fd-875e-3989537af942","actor_username":"kbisht786@gmail.com","actor_via_sso":false,"log_type":"token"}', '2025-11-20 11:51:19.383349+00', ''),
	('00000000-0000-0000-0000-000000000000', 'c1b684d8-4b1d-49b1-ae1e-955025336324', '{"action":"token_refreshed","actor_id":"d1e40c02-9978-46fd-875e-3989537af942","actor_username":"kbisht786@gmail.com","actor_via_sso":false,"log_type":"token"}', '2025-11-20 13:47:00.852965+00', ''),
	('00000000-0000-0000-0000-000000000000', 'b4779820-d2ac-4f0e-979c-46c7f1f0ee19', '{"action":"token_revoked","actor_id":"d1e40c02-9978-46fd-875e-3989537af942","actor_username":"kbisht786@gmail.com","actor_via_sso":false,"log_type":"token"}', '2025-11-20 13:47:00.883591+00', ''),
	('00000000-0000-0000-0000-000000000000', '33a12ea9-1fd8-44ff-b896-087448f2fff2', '{"action":"token_refreshed","actor_id":"73904179-cca9-40ab-a2c4-e509dadbbbbb","actor_username":"ajitkumarpes@gmail.com","actor_via_sso":false,"log_type":"token"}', '2025-11-20 14:02:13.68927+00', ''),
	('00000000-0000-0000-0000-000000000000', 'c66a2ab8-a2ef-4b64-a42c-fac0648f20b3', '{"action":"token_revoked","actor_id":"73904179-cca9-40ab-a2c4-e509dadbbbbb","actor_username":"ajitkumarpes@gmail.com","actor_via_sso":false,"log_type":"token"}', '2025-11-20 14:02:13.704457+00', ''),
	('00000000-0000-0000-0000-000000000000', 'eb88e24a-38f9-40ca-bb5a-e1232c243ecf', '{"action":"logout","actor_id":"73904179-cca9-40ab-a2c4-e509dadbbbbb","actor_username":"ajitkumarpes@gmail.com","actor_via_sso":false,"log_type":"account"}', '2025-11-20 14:02:13.944764+00', ''),
	('00000000-0000-0000-0000-000000000000', '92217ea7-e0fe-4184-8e57-a15004d13878', '{"action":"token_refreshed","actor_id":"d1e40c02-9978-46fd-875e-3989537af942","actor_username":"kbisht786@gmail.com","actor_via_sso":false,"log_type":"token"}', '2025-11-20 15:15:07.38389+00', ''),
	('00000000-0000-0000-0000-000000000000', 'd649173b-0b3e-4b76-b0cb-f1c535122691', '{"action":"token_revoked","actor_id":"d1e40c02-9978-46fd-875e-3989537af942","actor_username":"kbisht786@gmail.com","actor_via_sso":false,"log_type":"token"}', '2025-11-20 15:15:07.404074+00', ''),
	('00000000-0000-0000-0000-000000000000', '26a7bd42-1914-4111-b9c8-c89f33751d87', '{"action":"token_refreshed","actor_id":"d1e40c02-9978-46fd-875e-3989537af942","actor_username":"kbisht786@gmail.com","actor_via_sso":false,"log_type":"token"}', '2025-11-20 16:14:08.06625+00', ''),
	('00000000-0000-0000-0000-000000000000', 'a3a225cf-39dc-42d9-a4c9-6f6ea7e884b9', '{"action":"token_revoked","actor_id":"d1e40c02-9978-46fd-875e-3989537af942","actor_username":"kbisht786@gmail.com","actor_via_sso":false,"log_type":"token"}', '2025-11-20 16:14:08.084807+00', ''),
	('00000000-0000-0000-0000-000000000000', 'b8775470-33f9-4fd2-b392-b15aefd926ee', '{"action":"user_recovery_requested","actor_id":"73904179-cca9-40ab-a2c4-e509dadbbbbb","actor_username":"ajitkumarpes@gmail.com","actor_via_sso":false,"log_type":"user"}', '2025-11-20 17:04:17.755505+00', ''),
	('00000000-0000-0000-0000-000000000000', '9b02b79d-f166-4bac-a6f7-91719164aca8', '{"action":"login","actor_id":"73904179-cca9-40ab-a2c4-e509dadbbbbb","actor_username":"ajitkumarpes@gmail.com","actor_via_sso":false,"log_type":"account"}', '2025-11-20 17:05:22.859319+00', ''),
	('00000000-0000-0000-0000-000000000000', 'd81b55a5-537d-490d-8e5a-986f9b66da15', '{"action":"user_recovery_requested","actor_id":"73904179-cca9-40ab-a2c4-e509dadbbbbb","actor_username":"ajitkumarpes@gmail.com","actor_via_sso":false,"log_type":"user"}', '2025-11-20 18:02:06.22345+00', ''),
	('00000000-0000-0000-0000-000000000000', 'fdd325f6-761c-4d4c-b5ca-75a6d16d5998', '{"action":"login","actor_id":"73904179-cca9-40ab-a2c4-e509dadbbbbb","actor_username":"ajitkumarpes@gmail.com","actor_via_sso":false,"log_type":"account"}', '2025-11-20 18:02:47.610884+00', ''),
	('00000000-0000-0000-0000-000000000000', '422e49fe-eda7-4870-ae8c-4da68649878f', '{"action":"token_refreshed","actor_id":"d1e40c02-9978-46fd-875e-3989537af942","actor_username":"kbisht786@gmail.com","actor_via_sso":false,"log_type":"token"}', '2025-11-20 18:49:44.383023+00', ''),
	('00000000-0000-0000-0000-000000000000', '9c23673c-7c33-473f-b7b1-6d7d534e6e29', '{"action":"token_revoked","actor_id":"d1e40c02-9978-46fd-875e-3989537af942","actor_username":"kbisht786@gmail.com","actor_via_sso":false,"log_type":"token"}', '2025-11-20 18:49:44.392342+00', ''),
	('00000000-0000-0000-0000-000000000000', '7637ed95-7f13-450d-9dcf-0cddab7ebd67', '{"action":"token_refreshed","actor_id":"73904179-cca9-40ab-a2c4-e509dadbbbbb","actor_username":"ajitkumarpes@gmail.com","actor_via_sso":false,"log_type":"token"}', '2025-11-20 19:10:42.50496+00', ''),
	('00000000-0000-0000-0000-000000000000', '06839284-1423-4de6-9a73-c7cfa65ca110', '{"action":"token_revoked","actor_id":"73904179-cca9-40ab-a2c4-e509dadbbbbb","actor_username":"ajitkumarpes@gmail.com","actor_via_sso":false,"log_type":"token"}', '2025-11-20 19:10:42.527757+00', ''),
	('00000000-0000-0000-0000-000000000000', 'e9f9e5c1-c906-4974-83f3-b764bf61182c', '{"action":"token_refreshed","actor_id":"d1e40c02-9978-46fd-875e-3989537af942","actor_username":"kbisht786@gmail.com","actor_via_sso":false,"log_type":"token"}', '2025-11-20 20:06:40.656026+00', ''),
	('00000000-0000-0000-0000-000000000000', '18d2365f-866f-4652-bf90-24507d530028', '{"action":"token_revoked","actor_id":"d1e40c02-9978-46fd-875e-3989537af942","actor_username":"kbisht786@gmail.com","actor_via_sso":false,"log_type":"token"}', '2025-11-20 20:06:40.674639+00', ''),
	('00000000-0000-0000-0000-000000000000', '54e52fd4-3f02-4a2a-b3a1-05b549714337', '{"action":"token_refreshed","actor_id":"d1e40c02-9978-46fd-875e-3989537af942","actor_username":"kbisht786@gmail.com","actor_via_sso":false,"log_type":"token"}', '2025-11-20 21:07:49.059183+00', ''),
	('00000000-0000-0000-0000-000000000000', 'cac807f9-437b-4992-941e-354eff09df3e', '{"action":"token_revoked","actor_id":"d1e40c02-9978-46fd-875e-3989537af942","actor_username":"kbisht786@gmail.com","actor_via_sso":false,"log_type":"token"}', '2025-11-20 21:07:49.06797+00', ''),
	('00000000-0000-0000-0000-000000000000', '1a7e3faf-342c-4bd3-a249-4d8d5309e06a', '{"action":"token_refreshed","actor_id":"d1e40c02-9978-46fd-875e-3989537af942","actor_username":"kbisht786@gmail.com","actor_via_sso":false,"log_type":"token"}', '2025-11-21 02:51:09.198673+00', ''),
	('00000000-0000-0000-0000-000000000000', 'ff9197bd-4ef6-476a-a16f-79c57f28859d', '{"action":"token_revoked","actor_id":"d1e40c02-9978-46fd-875e-3989537af942","actor_username":"kbisht786@gmail.com","actor_via_sso":false,"log_type":"token"}', '2025-11-21 02:51:09.22327+00', ''),
	('00000000-0000-0000-0000-000000000000', '14635732-4d94-4668-94a2-9065ff20676a', '{"action":"token_refreshed","actor_id":"d1e40c02-9978-46fd-875e-3989537af942","actor_username":"kbisht786@gmail.com","actor_via_sso":false,"log_type":"token"}', '2025-11-21 03:49:31.755983+00', ''),
	('00000000-0000-0000-0000-000000000000', '7ecce9d8-3670-43fd-9bd5-fd33ebf32c96', '{"action":"token_revoked","actor_id":"d1e40c02-9978-46fd-875e-3989537af942","actor_username":"kbisht786@gmail.com","actor_via_sso":false,"log_type":"token"}', '2025-11-21 03:49:31.776469+00', ''),
	('00000000-0000-0000-0000-000000000000', 'ab5b27f9-16d8-493e-9d5b-d248f226fcb0', '{"action":"token_refreshed","actor_id":"d1e40c02-9978-46fd-875e-3989537af942","actor_username":"kbisht786@gmail.com","actor_via_sso":false,"log_type":"token"}', '2025-11-21 04:51:05.400551+00', ''),
	('00000000-0000-0000-0000-000000000000', '52168243-07cb-42be-8d9f-591763bfe316', '{"action":"token_revoked","actor_id":"d1e40c02-9978-46fd-875e-3989537af942","actor_username":"kbisht786@gmail.com","actor_via_sso":false,"log_type":"token"}', '2025-11-21 04:51:05.42357+00', ''),
	('00000000-0000-0000-0000-000000000000', '11a89045-a9bb-4ffe-8343-203ae17f4ab0', '{"action":"token_refreshed","actor_id":"73904179-cca9-40ab-a2c4-e509dadbbbbb","actor_username":"ajitkumarpes@gmail.com","actor_via_sso":false,"log_type":"token"}', '2025-11-21 05:18:55.596141+00', ''),
	('00000000-0000-0000-0000-000000000000', 'e92e335b-9af4-448f-877c-f527ecdce29f', '{"action":"token_revoked","actor_id":"73904179-cca9-40ab-a2c4-e509dadbbbbb","actor_username":"ajitkumarpes@gmail.com","actor_via_sso":false,"log_type":"token"}', '2025-11-21 05:18:55.614459+00', ''),
	('00000000-0000-0000-0000-000000000000', 'dfaef66b-a7a3-4c64-838a-cfd8344bf4c6', '{"action":"token_refreshed","actor_id":"73904179-cca9-40ab-a2c4-e509dadbbbbb","actor_username":"ajitkumarpes@gmail.com","actor_via_sso":false,"log_type":"token"}', '2025-11-21 05:18:58.392205+00', ''),
	('00000000-0000-0000-0000-000000000000', '08f9e81d-5281-440e-852d-71e15d07a51d', '{"action":"user_recovery_requested","actor_id":"73904179-cca9-40ab-a2c4-e509dadbbbbb","actor_username":"ajitkumarpes@gmail.com","actor_via_sso":false,"log_type":"user"}', '2025-11-21 05:19:27.426846+00', ''),
	('00000000-0000-0000-0000-000000000000', 'e299cb5e-85d2-42a6-b5c2-e0d9df8a6bdc', '{"action":"token_refreshed","actor_id":"d1e40c02-9978-46fd-875e-3989537af942","actor_username":"kbisht786@gmail.com","actor_via_sso":false,"log_type":"token"}', '2025-11-21 05:49:42.387323+00', ''),
	('00000000-0000-0000-0000-000000000000', '7b4841d3-9ad0-4b50-8452-409eb9b18d7d', '{"action":"token_revoked","actor_id":"d1e40c02-9978-46fd-875e-3989537af942","actor_username":"kbisht786@gmail.com","actor_via_sso":false,"log_type":"token"}', '2025-11-21 05:49:42.413417+00', ''),
	('00000000-0000-0000-0000-000000000000', '91084aaf-7ab8-455a-8aab-b7661cd35e6d', '{"action":"token_refreshed","actor_id":"73904179-cca9-40ab-a2c4-e509dadbbbbb","actor_username":"ajitkumarpes@gmail.com","actor_via_sso":false,"log_type":"token"}', '2025-11-23 08:12:09.658319+00', ''),
	('00000000-0000-0000-0000-000000000000', 'c8ccc127-490d-474f-a448-8bcd2829f2b2', '{"action":"token_revoked","actor_id":"73904179-cca9-40ab-a2c4-e509dadbbbbb","actor_username":"ajitkumarpes@gmail.com","actor_via_sso":false,"log_type":"token"}', '2025-11-23 08:12:09.694176+00', ''),
	('00000000-0000-0000-0000-000000000000', '2d394ecf-aff5-47aa-b453-2cbd5757d8af', '{"action":"user_recovery_requested","actor_id":"73904179-cca9-40ab-a2c4-e509dadbbbbb","actor_username":"ajitkumarpes@gmail.com","actor_via_sso":false,"log_type":"user"}', '2025-11-23 08:13:15.419282+00', ''),
	('00000000-0000-0000-0000-000000000000', 'c93fb74a-f33f-4669-8eb6-a8d6159db51f', '{"action":"login","actor_id":"73904179-cca9-40ab-a2c4-e509dadbbbbb","actor_username":"ajitkumarpes@gmail.com","actor_via_sso":false,"log_type":"account"}', '2025-11-23 08:13:37.927165+00', ''),
	('00000000-0000-0000-0000-000000000000', 'b9a2ec69-9541-437c-abea-59101318957c', '{"action":"user_recovery_requested","actor_id":"73904179-cca9-40ab-a2c4-e509dadbbbbb","actor_username":"ajitkumarpes@gmail.com","actor_via_sso":false,"log_type":"user"}', '2025-11-23 08:15:55.515253+00', ''),
	('00000000-0000-0000-0000-000000000000', 'e738def4-fd9c-4896-a152-1440ab5cdf4c', '{"action":"login","actor_id":"73904179-cca9-40ab-a2c4-e509dadbbbbb","actor_username":"ajitkumarpes@gmail.com","actor_via_sso":false,"log_type":"account"}', '2025-11-23 08:16:07.954507+00', ''),
	('00000000-0000-0000-0000-000000000000', '684214d3-47f8-4f89-972e-c8dcbf2d8014', '{"action":"user_recovery_requested","actor_id":"73904179-cca9-40ab-a2c4-e509dadbbbbb","actor_username":"ajitkumarpes@gmail.com","actor_via_sso":false,"log_type":"user"}', '2025-11-23 08:29:46.340006+00', ''),
	('00000000-0000-0000-0000-000000000000', '6107cb22-40ff-4abd-b4e6-80f905cb1018', '{"action":"login","actor_id":"73904179-cca9-40ab-a2c4-e509dadbbbbb","actor_username":"ajitkumarpes@gmail.com","actor_via_sso":false,"log_type":"account"}', '2025-11-23 08:29:56.234938+00', ''),
	('00000000-0000-0000-0000-000000000000', '12c164e4-86ca-4105-b7aa-10bcdb64ba4b', '{"action":"token_refreshed","actor_id":"73904179-cca9-40ab-a2c4-e509dadbbbbb","actor_username":"ajitkumarpes@gmail.com","actor_via_sso":false,"log_type":"token"}', '2025-11-23 09:39:53.031208+00', ''),
	('00000000-0000-0000-0000-000000000000', 'caf19db5-f743-4d59-9a7d-0de1e7c25392', '{"action":"token_revoked","actor_id":"73904179-cca9-40ab-a2c4-e509dadbbbbb","actor_username":"ajitkumarpes@gmail.com","actor_via_sso":false,"log_type":"token"}', '2025-11-23 09:39:53.060051+00', ''),
	('00000000-0000-0000-0000-000000000000', '99e7c1b4-4975-4c73-baa5-2f6cc2413768', '{"action":"user_recovery_requested","actor_id":"73904179-cca9-40ab-a2c4-e509dadbbbbb","actor_username":"ajitkumarpes@gmail.com","actor_via_sso":false,"log_type":"user"}', '2025-11-23 10:03:09.154633+00', ''),
	('00000000-0000-0000-0000-000000000000', 'e80d86b5-baef-4a96-94d6-df4fd6557b5f', '{"action":"login","actor_id":"73904179-cca9-40ab-a2c4-e509dadbbbbb","actor_username":"ajitkumarpes@gmail.com","actor_via_sso":false,"log_type":"account"}', '2025-11-23 10:03:24.800736+00', ''),
	('00000000-0000-0000-0000-000000000000', '990f79d3-eed4-475d-b392-d01ca365c6a6', '{"action":"user_recovery_requested","actor_id":"73904179-cca9-40ab-a2c4-e509dadbbbbb","actor_username":"ajitkumarpes@gmail.com","actor_via_sso":false,"log_type":"user"}', '2025-11-23 10:06:27.717612+00', ''),
	('00000000-0000-0000-0000-000000000000', '0dd78203-6609-4c24-9e10-950a41a6c336', '{"action":"login","actor_id":"73904179-cca9-40ab-a2c4-e509dadbbbbb","actor_username":"ajitkumarpes@gmail.com","actor_via_sso":false,"log_type":"account"}', '2025-11-23 10:06:40.849956+00', ''),
	('00000000-0000-0000-0000-000000000000', '442c91a9-17de-494a-9dbe-ae9c2e814031', '{"action":"token_refreshed","actor_id":"73904179-cca9-40ab-a2c4-e509dadbbbbb","actor_username":"ajitkumarpes@gmail.com","actor_via_sso":false,"log_type":"token"}', '2025-11-23 13:28:53.472686+00', ''),
	('00000000-0000-0000-0000-000000000000', 'accc5bab-9023-4ac5-97a2-6d45312f82df', '{"action":"token_revoked","actor_id":"73904179-cca9-40ab-a2c4-e509dadbbbbb","actor_username":"ajitkumarpes@gmail.com","actor_via_sso":false,"log_type":"token"}', '2025-11-23 13:28:53.492762+00', ''),
	('00000000-0000-0000-0000-000000000000', 'bac78a46-eb4c-4793-b9b8-77dbdf1c594c', '{"action":"logout","actor_id":"73904179-cca9-40ab-a2c4-e509dadbbbbb","actor_username":"ajitkumarpes@gmail.com","actor_via_sso":false,"log_type":"account"}', '2025-11-23 13:28:53.752885+00', ''),
	('00000000-0000-0000-0000-000000000000', '72cb7caf-3c1e-43dd-8563-ee1e48678edc', '{"action":"token_refreshed","actor_id":"d1e40c02-9978-46fd-875e-3989537af942","actor_username":"kbisht786@gmail.com","actor_via_sso":false,"log_type":"token"}', '2025-11-23 15:49:11.755199+00', ''),
	('00000000-0000-0000-0000-000000000000', '85ad644b-be7b-477d-b6e3-a6f8dab24383', '{"action":"token_revoked","actor_id":"d1e40c02-9978-46fd-875e-3989537af942","actor_username":"kbisht786@gmail.com","actor_via_sso":false,"log_type":"token"}', '2025-11-23 15:49:11.766606+00', ''),
	('00000000-0000-0000-0000-000000000000', 'eb99af51-61dd-4a06-8803-5ce3b106d6c8', '{"action":"user_recovery_requested","actor_id":"73904179-cca9-40ab-a2c4-e509dadbbbbb","actor_username":"ajitkumarpes@gmail.com","actor_via_sso":false,"log_type":"user"}', '2025-11-23 16:13:24.97232+00', ''),
	('00000000-0000-0000-0000-000000000000', '34f03f67-013b-4de2-bd77-3d87e2db1eae', '{"action":"login","actor_id":"73904179-cca9-40ab-a2c4-e509dadbbbbb","actor_username":"ajitkumarpes@gmail.com","actor_via_sso":false,"log_type":"account"}', '2025-11-23 16:13:42.168883+00', ''),
	('00000000-0000-0000-0000-000000000000', '92311e69-f305-4657-be90-cb0fbf7b15f8', '{"action":"logout","actor_id":"73904179-cca9-40ab-a2c4-e509dadbbbbb","actor_username":"ajitkumarpes@gmail.com","actor_via_sso":false,"log_type":"account"}', '2025-11-23 16:28:50.648897+00', ''),
	('00000000-0000-0000-0000-000000000000', 'c103cacb-487c-4684-9ffe-418a81d9d5d8', '{"action":"user_recovery_requested","actor_id":"73904179-cca9-40ab-a2c4-e509dadbbbbb","actor_username":"ajitkumarpes@gmail.com","actor_via_sso":false,"log_type":"user"}', '2025-11-23 16:29:07.878949+00', ''),
	('00000000-0000-0000-0000-000000000000', '658249ec-798c-49b0-8e6c-b58192b311f6', '{"action":"login","actor_id":"73904179-cca9-40ab-a2c4-e509dadbbbbb","actor_username":"ajitkumarpes@gmail.com","actor_via_sso":false,"log_type":"account"}', '2025-11-23 16:29:35.388953+00', ''),
	('00000000-0000-0000-0000-000000000000', '3e8f7dcd-6fa7-46e9-a91b-40c9cc49dfe4', '{"action":"user_recovery_requested","actor_id":"73904179-cca9-40ab-a2c4-e509dadbbbbb","actor_username":"ajitkumarpes@gmail.com","actor_via_sso":false,"log_type":"user"}', '2025-11-23 16:30:19.858985+00', ''),
	('00000000-0000-0000-0000-000000000000', 'ec924f66-5225-4f69-a96e-dac477af84ff', '{"action":"login","actor_id":"73904179-cca9-40ab-a2c4-e509dadbbbbb","actor_username":"ajitkumarpes@gmail.com","actor_via_sso":false,"log_type":"account"}', '2025-11-23 16:32:37.826255+00', ''),
	('00000000-0000-0000-0000-000000000000', '0493cb11-bdff-453c-8334-04b1601fbfa5', '{"action":"token_refreshed","actor_id":"73904179-cca9-40ab-a2c4-e509dadbbbbb","actor_username":"ajitkumarpes@gmail.com","actor_via_sso":false,"log_type":"token"}', '2025-11-23 17:37:57.518527+00', ''),
	('00000000-0000-0000-0000-000000000000', 'f1dfbfef-0d3f-4fe9-ab5a-49d7f203fb1c', '{"action":"token_revoked","actor_id":"73904179-cca9-40ab-a2c4-e509dadbbbbb","actor_username":"ajitkumarpes@gmail.com","actor_via_sso":false,"log_type":"token"}', '2025-11-23 17:37:57.549074+00', ''),
	('00000000-0000-0000-0000-000000000000', 'b4d605b2-6009-478f-8a40-4cf8353cb344', '{"action":"token_refreshed","actor_id":"d1e40c02-9978-46fd-875e-3989537af942","actor_username":"kbisht786@gmail.com","actor_via_sso":false,"log_type":"token"}', '2025-11-23 18:10:01.246616+00', ''),
	('00000000-0000-0000-0000-000000000000', '8ee1f1b8-1337-468a-be4e-463bf788d587', '{"action":"token_revoked","actor_id":"d1e40c02-9978-46fd-875e-3989537af942","actor_username":"kbisht786@gmail.com","actor_via_sso":false,"log_type":"token"}', '2025-11-23 18:10:01.265387+00', ''),
	('00000000-0000-0000-0000-000000000000', 'cb01cef7-aed8-43c3-93c4-0caf9f847ec2', '{"action":"user_recovery_requested","actor_id":"73904179-cca9-40ab-a2c4-e509dadbbbbb","actor_username":"ajitkumarpes@gmail.com","actor_via_sso":false,"log_type":"user"}', '2025-11-23 18:24:00.469324+00', ''),
	('00000000-0000-0000-0000-000000000000', '505bc0ab-a00f-4f1b-8652-2550388322fe', '{"action":"login","actor_id":"73904179-cca9-40ab-a2c4-e509dadbbbbb","actor_username":"ajitkumarpes@gmail.com","actor_via_sso":false,"log_type":"account"}', '2025-11-23 18:24:15.230627+00', ''),
	('00000000-0000-0000-0000-000000000000', '43b6405f-c22b-4baf-9213-26ef14e3be1f', '{"action":"user_recovery_requested","actor_id":"73904179-cca9-40ab-a2c4-e509dadbbbbb","actor_username":"ajitkumarpes@gmail.com","actor_via_sso":false,"log_type":"user"}', '2025-11-23 18:25:48.088124+00', ''),
	('00000000-0000-0000-0000-000000000000', '5af73727-e4f9-4cbe-8835-c438da06f5ba', '{"action":"login","actor_id":"73904179-cca9-40ab-a2c4-e509dadbbbbb","actor_username":"ajitkumarpes@gmail.com","actor_via_sso":false,"log_type":"account"}', '2025-11-23 18:26:00.874462+00', ''),
	('00000000-0000-0000-0000-000000000000', '7aa49b06-5b32-4ebd-9530-07ac5a56fc58', '{"action":"user_recovery_requested","actor_id":"73904179-cca9-40ab-a2c4-e509dadbbbbb","actor_username":"ajitkumarpes@gmail.com","actor_via_sso":false,"log_type":"user"}', '2025-11-23 18:28:16.428164+00', ''),
	('00000000-0000-0000-0000-000000000000', '976462f7-a548-4818-b84f-f926f2bbc82b', '{"action":"login","actor_id":"73904179-cca9-40ab-a2c4-e509dadbbbbb","actor_username":"ajitkumarpes@gmail.com","actor_via_sso":false,"log_type":"account"}', '2025-11-23 18:28:33.288181+00', ''),
	('00000000-0000-0000-0000-000000000000', 'c8ec78a5-df7b-442d-9a61-ea153b09a377', '{"action":"user_recovery_requested","actor_id":"73904179-cca9-40ab-a2c4-e509dadbbbbb","actor_username":"ajitkumarpes@gmail.com","actor_via_sso":false,"log_type":"user"}', '2025-11-23 18:29:55.113216+00', ''),
	('00000000-0000-0000-0000-000000000000', '60bf16fa-4be5-4739-a929-d295148754c4', '{"action":"login","actor_id":"73904179-cca9-40ab-a2c4-e509dadbbbbb","actor_username":"ajitkumarpes@gmail.com","actor_via_sso":false,"log_type":"account"}', '2025-11-23 18:30:30.064688+00', ''),
	('00000000-0000-0000-0000-000000000000', 'ce00d829-7c53-421b-a0d7-56faf46ab507', '{"action":"token_refreshed","actor_id":"73904179-cca9-40ab-a2c4-e509dadbbbbb","actor_username":"ajitkumarpes@gmail.com","actor_via_sso":false,"log_type":"token"}', '2025-11-23 18:37:57.342453+00', ''),
	('00000000-0000-0000-0000-000000000000', '784557ca-92fd-4b8a-adb6-bf7a734b972c', '{"action":"token_revoked","actor_id":"73904179-cca9-40ab-a2c4-e509dadbbbbb","actor_username":"ajitkumarpes@gmail.com","actor_via_sso":false,"log_type":"token"}', '2025-11-23 18:37:57.356001+00', ''),
	('00000000-0000-0000-0000-000000000000', 'b9c10e05-a85c-44b4-84f5-0e53413b40f7', '{"action":"user_recovery_requested","actor_id":"73904179-cca9-40ab-a2c4-e509dadbbbbb","actor_username":"ajitkumarpes@gmail.com","actor_via_sso":false,"log_type":"user"}', '2025-11-23 19:04:40.122624+00', ''),
	('00000000-0000-0000-0000-000000000000', '08fe451d-8756-45c5-bf93-dbbb2c436e6e', '{"action":"login","actor_id":"73904179-cca9-40ab-a2c4-e509dadbbbbb","actor_username":"ajitkumarpes@gmail.com","actor_via_sso":false,"log_type":"account"}', '2025-11-23 19:04:50.567536+00', ''),
	('00000000-0000-0000-0000-000000000000', '9d6dbaee-8bf3-4f04-9647-003d116b589e', '{"action":"logout","actor_id":"73904179-cca9-40ab-a2c4-e509dadbbbbb","actor_username":"ajitkumarpes@gmail.com","actor_via_sso":false,"log_type":"account"}', '2025-11-23 19:05:23.010816+00', ''),
	('00000000-0000-0000-0000-000000000000', 'd029ffcc-03d4-4540-8d13-e88eee070be0', '{"action":"user_recovery_requested","actor_id":"73904179-cca9-40ab-a2c4-e509dadbbbbb","actor_username":"ajitkumarpes@gmail.com","actor_via_sso":false,"log_type":"user"}', '2025-11-23 19:05:54.138163+00', ''),
	('00000000-0000-0000-0000-000000000000', '76c796a3-eefd-4474-9875-5aa31dc0b3e5', '{"action":"login","actor_id":"73904179-cca9-40ab-a2c4-e509dadbbbbb","actor_username":"ajitkumarpes@gmail.com","actor_via_sso":false,"log_type":"account"}', '2025-11-23 19:06:25.154133+00', ''),
	('00000000-0000-0000-0000-000000000000', '5c32f207-fbc6-4812-ab32-75a4ffdfe123', '{"action":"user_recovery_requested","actor_id":"73904179-cca9-40ab-a2c4-e509dadbbbbb","actor_username":"ajitkumarpes@gmail.com","actor_via_sso":false,"log_type":"user"}', '2025-11-23 19:06:57.690597+00', ''),
	('00000000-0000-0000-0000-000000000000', 'beb3449c-9fb4-40eb-99fe-b7fa6fb76e63', '{"action":"login","actor_id":"73904179-cca9-40ab-a2c4-e509dadbbbbb","actor_username":"ajitkumarpes@gmail.com","actor_via_sso":false,"log_type":"account"}', '2025-11-23 19:07:20.538657+00', ''),
	('00000000-0000-0000-0000-000000000000', '01d1d6e7-8c79-441e-804c-8ec2e0a73260', '{"action":"token_refreshed","actor_id":"d1e40c02-9978-46fd-875e-3989537af942","actor_username":"kbisht786@gmail.com","actor_via_sso":false,"log_type":"token"}', '2025-11-24 04:10:46.506188+00', ''),
	('00000000-0000-0000-0000-000000000000', '9227b401-3f47-48d3-ac07-906208b2c00f', '{"action":"token_revoked","actor_id":"d1e40c02-9978-46fd-875e-3989537af942","actor_username":"kbisht786@gmail.com","actor_via_sso":false,"log_type":"token"}', '2025-11-24 04:10:46.539073+00', ''),
	('00000000-0000-0000-0000-000000000000', '15d11c83-1d53-4c1a-aaeb-87f21ab6a2e3', '{"action":"token_refreshed","actor_id":"d1e40c02-9978-46fd-875e-3989537af942","actor_username":"kbisht786@gmail.com","actor_via_sso":false,"log_type":"token"}', '2025-11-24 06:07:25.894945+00', ''),
	('00000000-0000-0000-0000-000000000000', '81dd6320-2bec-4aef-ad1d-4f9a9cbbcc5f', '{"action":"token_revoked","actor_id":"d1e40c02-9978-46fd-875e-3989537af942","actor_username":"kbisht786@gmail.com","actor_via_sso":false,"log_type":"token"}', '2025-11-24 06:07:25.905979+00', ''),
	('00000000-0000-0000-0000-000000000000', '18aa8fc4-c21c-4389-b74a-7e628230c0fb', '{"action":"token_refreshed","actor_id":"d1e40c02-9978-46fd-875e-3989537af942","actor_username":"kbisht786@gmail.com","actor_via_sso":false,"log_type":"token"}', '2025-11-24 07:12:22.673501+00', ''),
	('00000000-0000-0000-0000-000000000000', '51f15f09-4b38-4d4b-8d3f-f9bb07726cc6', '{"action":"token_revoked","actor_id":"d1e40c02-9978-46fd-875e-3989537af942","actor_username":"kbisht786@gmail.com","actor_via_sso":false,"log_type":"token"}', '2025-11-24 07:12:22.684837+00', ''),
	('00000000-0000-0000-0000-000000000000', '4330adaa-4ebb-4785-924a-ceb92dd202c4', '{"action":"token_refreshed","actor_id":"d1e40c02-9978-46fd-875e-3989537af942","actor_username":"kbisht786@gmail.com","actor_via_sso":false,"log_type":"token"}', '2025-11-24 08:51:00.992562+00', ''),
	('00000000-0000-0000-0000-000000000000', '38a516f5-936d-4920-8be0-f8cfac1d0ed7', '{"action":"token_revoked","actor_id":"d1e40c02-9978-46fd-875e-3989537af942","actor_username":"kbisht786@gmail.com","actor_via_sso":false,"log_type":"token"}', '2025-11-24 08:51:01.013375+00', ''),
	('00000000-0000-0000-0000-000000000000', '0f620085-ff1d-456b-8ad7-daef67d03019', '{"action":"token_refreshed","actor_id":"d1e40c02-9978-46fd-875e-3989537af942","actor_username":"kbisht786@gmail.com","actor_via_sso":false,"log_type":"token"}', '2025-11-24 10:25:13.994132+00', ''),
	('00000000-0000-0000-0000-000000000000', '78ca6d83-d7e4-423a-b0fe-6b847bc6d6e0', '{"action":"token_revoked","actor_id":"d1e40c02-9978-46fd-875e-3989537af942","actor_username":"kbisht786@gmail.com","actor_via_sso":false,"log_type":"token"}', '2025-11-24 10:25:14.015917+00', ''),
	('00000000-0000-0000-0000-000000000000', '1fe2b494-dc72-4902-9d26-ab1600b3bd62', '{"action":"token_refreshed","actor_id":"d1e40c02-9978-46fd-875e-3989537af942","actor_username":"kbisht786@gmail.com","actor_via_sso":false,"log_type":"token"}', '2025-11-24 12:15:35.570377+00', ''),
	('00000000-0000-0000-0000-000000000000', '1b6c9798-a872-4770-be3f-7f84f06ed822', '{"action":"token_revoked","actor_id":"d1e40c02-9978-46fd-875e-3989537af942","actor_username":"kbisht786@gmail.com","actor_via_sso":false,"log_type":"token"}', '2025-11-24 12:15:35.596408+00', ''),
	('00000000-0000-0000-0000-000000000000', '02266671-8c3f-464c-a752-510b6c7b8775', '{"action":"token_refreshed","actor_id":"d1e40c02-9978-46fd-875e-3989537af942","actor_username":"kbisht786@gmail.com","actor_via_sso":false,"log_type":"token"}', '2025-11-24 13:45:22.386943+00', ''),
	('00000000-0000-0000-0000-000000000000', '56e315d9-f553-40f9-8520-77c503e29f90', '{"action":"token_revoked","actor_id":"d1e40c02-9978-46fd-875e-3989537af942","actor_username":"kbisht786@gmail.com","actor_via_sso":false,"log_type":"token"}', '2025-11-24 13:45:22.406194+00', ''),
	('00000000-0000-0000-0000-000000000000', '3e20de02-0a35-4d99-b3fa-d7b17d94e089', '{"action":"token_refreshed","actor_id":"d1e40c02-9978-46fd-875e-3989537af942","actor_username":"kbisht786@gmail.com","actor_via_sso":false,"log_type":"token"}', '2025-11-24 15:00:41.388132+00', ''),
	('00000000-0000-0000-0000-000000000000', '2c34813b-f9ef-4eda-9a0c-fb10beba8ba5', '{"action":"token_revoked","actor_id":"d1e40c02-9978-46fd-875e-3989537af942","actor_username":"kbisht786@gmail.com","actor_via_sso":false,"log_type":"token"}', '2025-11-24 15:00:41.408687+00', ''),
	('00000000-0000-0000-0000-000000000000', '8c033055-e6c2-48b1-a137-80946f50d6f4', '{"action":"token_refreshed","actor_id":"d1e40c02-9978-46fd-875e-3989537af942","actor_username":"kbisht786@gmail.com","actor_via_sso":false,"log_type":"token"}', '2025-11-24 17:11:51.493527+00', ''),
	('00000000-0000-0000-0000-000000000000', '137adda8-775a-4e7f-8af2-c62046b0e688', '{"action":"token_revoked","actor_id":"d1e40c02-9978-46fd-875e-3989537af942","actor_username":"kbisht786@gmail.com","actor_via_sso":false,"log_type":"token"}', '2025-11-24 17:11:51.519891+00', ''),
	('00000000-0000-0000-0000-000000000000', 'a5b8ead2-0e7b-47d7-96cd-a4d770887e67', '{"action":"token_refreshed","actor_id":"d1e40c02-9978-46fd-875e-3989537af942","actor_username":"kbisht786@gmail.com","actor_via_sso":false,"log_type":"token"}', '2025-11-24 18:12:21.066967+00', ''),
	('00000000-0000-0000-0000-000000000000', '1d839b70-08a2-4955-8711-32d32177aa53', '{"action":"token_revoked","actor_id":"d1e40c02-9978-46fd-875e-3989537af942","actor_username":"kbisht786@gmail.com","actor_via_sso":false,"log_type":"token"}', '2025-11-24 18:12:21.096443+00', ''),
	('00000000-0000-0000-0000-000000000000', 'a98cfa0f-df73-43db-a94f-fb7de7cfed9e', '{"action":"token_refreshed","actor_id":"d1e40c02-9978-46fd-875e-3989537af942","actor_username":"kbisht786@gmail.com","actor_via_sso":false,"log_type":"token"}', '2025-11-24 19:16:40.991331+00', ''),
	('00000000-0000-0000-0000-000000000000', '7df9a980-6485-4056-aafa-e234b675d145', '{"action":"token_revoked","actor_id":"d1e40c02-9978-46fd-875e-3989537af942","actor_username":"kbisht786@gmail.com","actor_via_sso":false,"log_type":"token"}', '2025-11-24 19:16:41.006136+00', ''),
	('00000000-0000-0000-0000-000000000000', '6e54bc46-5513-4e16-9f49-2dfa16e5a9d7', '{"action":"token_refreshed","actor_id":"d1e40c02-9978-46fd-875e-3989537af942","actor_username":"kbisht786@gmail.com","actor_via_sso":false,"log_type":"token"}', '2025-11-24 20:15:15.412365+00', ''),
	('00000000-0000-0000-0000-000000000000', 'dca2babd-11aa-4404-b5ec-9e910187cd3e', '{"action":"token_revoked","actor_id":"d1e40c02-9978-46fd-875e-3989537af942","actor_username":"kbisht786@gmail.com","actor_via_sso":false,"log_type":"token"}', '2025-11-24 20:15:15.43568+00', ''),
	('00000000-0000-0000-0000-000000000000', '76ba041c-bd14-468f-af57-30c22bcb0e5b', '{"action":"user_recovery_requested","actor_id":"d1e40c02-9978-46fd-875e-3989537af942","actor_username":"kbisht786@gmail.com","actor_via_sso":false,"log_type":"user"}', '2025-11-24 20:24:47.583684+00', ''),
	('00000000-0000-0000-0000-000000000000', '50be74b9-b524-4d6d-8eca-9242d983ddf8', '{"action":"token_refreshed","actor_id":"d1e40c02-9978-46fd-875e-3989537af942","actor_username":"kbisht786@gmail.com","actor_via_sso":false,"log_type":"token"}', '2025-11-25 03:12:58.613432+00', ''),
	('00000000-0000-0000-0000-000000000000', '3b13decd-029d-4dff-a734-4c77292f5e55', '{"action":"token_revoked","actor_id":"d1e40c02-9978-46fd-875e-3989537af942","actor_username":"kbisht786@gmail.com","actor_via_sso":false,"log_type":"token"}', '2025-11-25 03:12:58.630816+00', ''),
	('00000000-0000-0000-0000-000000000000', '38788501-a733-468b-8ad4-71885ad3e686', '{"action":"token_refreshed","actor_id":"d1e40c02-9978-46fd-875e-3989537af942","actor_username":"kbisht786@gmail.com","actor_via_sso":false,"log_type":"token"}', '2025-11-25 04:18:52.056047+00', ''),
	('00000000-0000-0000-0000-000000000000', 'b09ce330-5519-4d95-9e08-d9af8619279d', '{"action":"token_revoked","actor_id":"d1e40c02-9978-46fd-875e-3989537af942","actor_username":"kbisht786@gmail.com","actor_via_sso":false,"log_type":"token"}', '2025-11-25 04:18:52.08869+00', ''),
	('00000000-0000-0000-0000-000000000000', 'f993a286-88bc-49d0-b46f-decda312becd', '{"action":"token_refreshed","actor_id":"d1e40c02-9978-46fd-875e-3989537af942","actor_username":"kbisht786@gmail.com","actor_via_sso":false,"log_type":"token"}', '2025-11-25 05:24:36.460213+00', ''),
	('00000000-0000-0000-0000-000000000000', '3a18105c-7764-43e1-90f7-436d15fed5cb', '{"action":"token_revoked","actor_id":"d1e40c02-9978-46fd-875e-3989537af942","actor_username":"kbisht786@gmail.com","actor_via_sso":false,"log_type":"token"}', '2025-11-25 05:24:36.490824+00', ''),
	('00000000-0000-0000-0000-000000000000', '47c81ec9-0a60-44f6-90bd-4e95bea4f6f7', '{"action":"token_refreshed","actor_id":"d1e40c02-9978-46fd-875e-3989537af942","actor_username":"kbisht786@gmail.com","actor_via_sso":false,"log_type":"token"}', '2025-11-25 06:26:36.336983+00', ''),
	('00000000-0000-0000-0000-000000000000', '26654f8e-7538-42d9-996c-3841617ec7c4', '{"action":"token_revoked","actor_id":"d1e40c02-9978-46fd-875e-3989537af942","actor_username":"kbisht786@gmail.com","actor_via_sso":false,"log_type":"token"}', '2025-11-25 06:26:36.357153+00', ''),
	('00000000-0000-0000-0000-000000000000', 'f83f55fc-9e0a-4e3f-8a10-7185c8fba7f8', '{"action":"token_refreshed","actor_id":"d1e40c02-9978-46fd-875e-3989537af942","actor_username":"kbisht786@gmail.com","actor_via_sso":false,"log_type":"token"}', '2025-11-25 08:21:59.103036+00', ''),
	('00000000-0000-0000-0000-000000000000', 'b76ac049-bb0e-4fef-be72-796328c754c1', '{"action":"token_revoked","actor_id":"d1e40c02-9978-46fd-875e-3989537af942","actor_username":"kbisht786@gmail.com","actor_via_sso":false,"log_type":"token"}', '2025-11-25 08:21:59.11589+00', ''),
	('00000000-0000-0000-0000-000000000000', 'da46e79e-40a9-42cd-a4e8-2cfdac98bb06', '{"action":"token_refreshed","actor_id":"d1e40c02-9978-46fd-875e-3989537af942","actor_username":"kbisht786@gmail.com","actor_via_sso":false,"log_type":"token"}', '2025-11-25 09:55:53.974993+00', ''),
	('00000000-0000-0000-0000-000000000000', '97e22477-ec78-4fdd-b4fe-30e8967a6074', '{"action":"token_revoked","actor_id":"d1e40c02-9978-46fd-875e-3989537af942","actor_username":"kbisht786@gmail.com","actor_via_sso":false,"log_type":"token"}', '2025-11-25 09:55:53.984518+00', ''),
	('00000000-0000-0000-0000-000000000000', 'eb830470-f03e-4ff2-8692-408b18c04707', '{"action":"logout","actor_id":"d1e40c02-9978-46fd-875e-3989537af942","actor_username":"kbisht786@gmail.com","actor_via_sso":false,"log_type":"account"}', '2025-11-25 10:11:23.42255+00', ''),
	('00000000-0000-0000-0000-000000000000', '999b0288-ae96-4431-bd73-2eb100ea8bf0', '{"action":"user_recovery_requested","actor_id":"d1e40c02-9978-46fd-875e-3989537af942","actor_username":"kbisht786@gmail.com","actor_via_sso":false,"log_type":"user"}', '2025-11-25 10:11:42.414964+00', ''),
	('00000000-0000-0000-0000-000000000000', 'e1fee09b-a911-41ea-9600-a7b1e1356514', '{"action":"login","actor_id":"d1e40c02-9978-46fd-875e-3989537af942","actor_username":"kbisht786@gmail.com","actor_via_sso":false,"log_type":"account"}', '2025-11-25 10:11:52.988407+00', ''),
	('00000000-0000-0000-0000-000000000000', '269012a9-90b5-4e3f-85e4-e81885e2780c', '{"action":"token_refreshed","actor_id":"d1e40c02-9978-46fd-875e-3989537af942","actor_username":"kbisht786@gmail.com","actor_via_sso":false,"log_type":"token"}', '2025-11-25 14:57:13.198728+00', ''),
	('00000000-0000-0000-0000-000000000000', '1b9c2d2e-1009-4541-80d5-52b92cca6455', '{"action":"token_revoked","actor_id":"d1e40c02-9978-46fd-875e-3989537af942","actor_username":"kbisht786@gmail.com","actor_via_sso":false,"log_type":"token"}', '2025-11-25 14:57:13.228533+00', ''),
	('00000000-0000-0000-0000-000000000000', '301484f3-391c-4ab6-b784-afa36311ff46', '{"action":"user_recovery_requested","actor_id":"73904179-cca9-40ab-a2c4-e509dadbbbbb","actor_username":"ajitkumarpes@gmail.com","actor_via_sso":false,"log_type":"user"}', '2025-11-25 15:56:26.35844+00', ''),
	('00000000-0000-0000-0000-000000000000', 'e354d1ad-79cf-4301-9865-ed03badd2bf2', '{"action":"login","actor_id":"73904179-cca9-40ab-a2c4-e509dadbbbbb","actor_username":"ajitkumarpes@gmail.com","actor_via_sso":false,"log_type":"account"}', '2025-11-25 15:56:37.531317+00', ''),
	('00000000-0000-0000-0000-000000000000', 'ef04a085-c697-4c43-9960-7c6428871bb2', '{"action":"token_refreshed","actor_id":"d1e40c02-9978-46fd-875e-3989537af942","actor_username":"kbisht786@gmail.com","actor_via_sso":false,"log_type":"token"}', '2025-11-25 16:02:45.319299+00', ''),
	('00000000-0000-0000-0000-000000000000', '88b0caa8-9b03-46a1-83ed-cad5da92d4b1', '{"action":"token_revoked","actor_id":"d1e40c02-9978-46fd-875e-3989537af942","actor_username":"kbisht786@gmail.com","actor_via_sso":false,"log_type":"token"}', '2025-11-25 16:02:45.321629+00', ''),
	('00000000-0000-0000-0000-000000000000', '24463da7-d7fa-489f-987a-916a8dccf6cd', '{"action":"user_recovery_requested","actor_id":"73904179-cca9-40ab-a2c4-e509dadbbbbb","actor_username":"ajitkumarpes@gmail.com","actor_via_sso":false,"log_type":"user"}', '2025-11-25 16:05:10.875481+00', ''),
	('00000000-0000-0000-0000-000000000000', '49e04d7c-3571-433e-b005-84dedbf682e0', '{"action":"login","actor_id":"73904179-cca9-40ab-a2c4-e509dadbbbbb","actor_username":"ajitkumarpes@gmail.com","actor_via_sso":false,"log_type":"account"}', '2025-11-25 16:05:29.597025+00', ''),
	('00000000-0000-0000-0000-000000000000', '5340ae48-7df4-406d-bb6f-3def52845911', '{"action":"token_refreshed","actor_id":"d1e40c02-9978-46fd-875e-3989537af942","actor_username":"kbisht786@gmail.com","actor_via_sso":false,"log_type":"token"}', '2025-11-25 19:32:10.657036+00', ''),
	('00000000-0000-0000-0000-000000000000', 'bdfe0540-1351-4a3e-aa48-f07495f178a1', '{"action":"token_revoked","actor_id":"d1e40c02-9978-46fd-875e-3989537af942","actor_username":"kbisht786@gmail.com","actor_via_sso":false,"log_type":"token"}', '2025-11-25 19:32:10.680982+00', ''),
	('00000000-0000-0000-0000-000000000000', '4ff2f31c-313a-46eb-9e89-c78840fda9da', '{"action":"token_refreshed","actor_id":"73904179-cca9-40ab-a2c4-e509dadbbbbb","actor_username":"ajitkumarpes@gmail.com","actor_via_sso":false,"log_type":"token"}', '2025-11-25 19:55:20.526367+00', ''),
	('00000000-0000-0000-0000-000000000000', '6163c493-efe3-4e06-833e-00ce692ee6f2', '{"action":"token_revoked","actor_id":"73904179-cca9-40ab-a2c4-e509dadbbbbb","actor_username":"ajitkumarpes@gmail.com","actor_via_sso":false,"log_type":"token"}', '2025-11-25 19:55:20.541344+00', ''),
	('00000000-0000-0000-0000-000000000000', '4a9607cc-8f33-4adb-8f49-6ed3cdf10c56', '{"action":"logout","actor_id":"73904179-cca9-40ab-a2c4-e509dadbbbbb","actor_username":"ajitkumarpes@gmail.com","actor_via_sso":false,"log_type":"account"}', '2025-11-25 19:55:20.713001+00', ''),
	('00000000-0000-0000-0000-000000000000', 'c8538caa-ef75-40ee-b929-60871ea09b12', '{"action":"token_refreshed","actor_id":"d1e40c02-9978-46fd-875e-3989537af942","actor_username":"kbisht786@gmail.com","actor_via_sso":false,"log_type":"token"}', '2025-11-26 02:54:20.274184+00', ''),
	('00000000-0000-0000-0000-000000000000', '97f3a866-e6b9-45d1-afdd-b1289382bc25', '{"action":"token_revoked","actor_id":"d1e40c02-9978-46fd-875e-3989537af942","actor_username":"kbisht786@gmail.com","actor_via_sso":false,"log_type":"token"}', '2025-11-26 02:54:20.305947+00', ''),
	('00000000-0000-0000-0000-000000000000', 'cbaf9ccd-f92c-4e50-a901-a9d0df13fb27', '{"action":"token_refreshed","actor_id":"d1e40c02-9978-46fd-875e-3989537af942","actor_username":"kbisht786@gmail.com","actor_via_sso":false,"log_type":"token"}', '2025-11-26 03:59:49.084004+00', ''),
	('00000000-0000-0000-0000-000000000000', 'bfef9c9e-a3a7-40fd-9569-710e61b5c9fe', '{"action":"token_revoked","actor_id":"d1e40c02-9978-46fd-875e-3989537af942","actor_username":"kbisht786@gmail.com","actor_via_sso":false,"log_type":"token"}', '2025-11-26 03:59:49.093467+00', ''),
	('00000000-0000-0000-0000-000000000000', '925b1724-3cc3-4b5a-847f-fe170d26fd69', '{"action":"token_refreshed","actor_id":"d1e40c02-9978-46fd-875e-3989537af942","actor_username":"kbisht786@gmail.com","actor_via_sso":false,"log_type":"token"}', '2025-11-26 04:58:37.432315+00', ''),
	('00000000-0000-0000-0000-000000000000', '1696b455-8e37-4571-b8aa-8fb77bc1dcb4', '{"action":"token_revoked","actor_id":"d1e40c02-9978-46fd-875e-3989537af942","actor_username":"kbisht786@gmail.com","actor_via_sso":false,"log_type":"token"}', '2025-11-26 04:58:37.44742+00', ''),
	('00000000-0000-0000-0000-000000000000', '036bb4e7-1f16-4f79-becb-382e5ffd8ef8', '{"action":"token_refreshed","actor_id":"d1e40c02-9978-46fd-875e-3989537af942","actor_username":"kbisht786@gmail.com","actor_via_sso":false,"log_type":"token"}', '2025-11-26 06:51:55.645929+00', ''),
	('00000000-0000-0000-0000-000000000000', 'bb04b42a-1246-4b5b-a798-065cc7d27500', '{"action":"token_revoked","actor_id":"d1e40c02-9978-46fd-875e-3989537af942","actor_username":"kbisht786@gmail.com","actor_via_sso":false,"log_type":"token"}', '2025-11-26 06:51:55.677811+00', ''),
	('00000000-0000-0000-0000-000000000000', 'cdb58a1d-b27c-4a49-bc2b-97c28233c775', '{"action":"token_refreshed","actor_id":"d1e40c02-9978-46fd-875e-3989537af942","actor_username":"kbisht786@gmail.com","actor_via_sso":false,"log_type":"token"}', '2025-11-26 10:54:06.565637+00', ''),
	('00000000-0000-0000-0000-000000000000', 'fc701e6e-fdb8-4c37-af7e-2d0cbe7cbfaf', '{"action":"token_revoked","actor_id":"d1e40c02-9978-46fd-875e-3989537af942","actor_username":"kbisht786@gmail.com","actor_via_sso":false,"log_type":"token"}', '2025-11-26 10:54:06.587366+00', ''),
	('00000000-0000-0000-0000-000000000000', 'f76a84d2-a482-4af8-bba6-71d8c9918748', '{"action":"user_recovery_requested","actor_id":"73904179-cca9-40ab-a2c4-e509dadbbbbb","actor_username":"ajitkumarpes@gmail.com","actor_via_sso":false,"log_type":"user"}', '2025-11-26 15:52:57.081821+00', ''),
	('00000000-0000-0000-0000-000000000000', 'ff523cd4-d730-4262-bc42-75674ee0793f', '{"action":"login","actor_id":"73904179-cca9-40ab-a2c4-e509dadbbbbb","actor_username":"ajitkumarpes@gmail.com","actor_via_sso":false,"log_type":"account"}', '2025-11-26 15:53:08.017762+00', ''),
	('00000000-0000-0000-0000-000000000000', 'f6f246eb-5085-4b3f-b2c9-9e28df2211f1', '{"action":"token_refreshed","actor_id":"d1e40c02-9978-46fd-875e-3989537af942","actor_username":"kbisht786@gmail.com","actor_via_sso":false,"log_type":"token"}', '2025-11-26 16:15:18.061818+00', ''),
	('00000000-0000-0000-0000-000000000000', '3a3a6e45-aed6-4e19-97a9-306cf4ef025e', '{"action":"token_revoked","actor_id":"d1e40c02-9978-46fd-875e-3989537af942","actor_username":"kbisht786@gmail.com","actor_via_sso":false,"log_type":"token"}', '2025-11-26 16:15:18.073281+00', ''),
	('00000000-0000-0000-0000-000000000000', '732cdb3a-001d-413a-ae5b-e4ea7276283f', '{"action":"token_refreshed","actor_id":"73904179-cca9-40ab-a2c4-e509dadbbbbb","actor_username":"ajitkumarpes@gmail.com","actor_via_sso":false,"log_type":"token"}', '2025-11-26 17:58:54.241551+00', ''),
	('00000000-0000-0000-0000-000000000000', 'e666c7e7-75ce-40b3-aa16-f4c0914d360e', '{"action":"token_revoked","actor_id":"73904179-cca9-40ab-a2c4-e509dadbbbbb","actor_username":"ajitkumarpes@gmail.com","actor_via_sso":false,"log_type":"token"}', '2025-11-26 17:58:54.256551+00', ''),
	('00000000-0000-0000-0000-000000000000', 'df5f5b55-7be3-415e-ad41-b65ffca40e5e', '{"action":"user_recovery_requested","actor_id":"73904179-cca9-40ab-a2c4-e509dadbbbbb","actor_username":"ajitkumarpes@gmail.com","actor_via_sso":false,"log_type":"user"}', '2025-11-26 18:11:11.855961+00', ''),
	('00000000-0000-0000-0000-000000000000', '2fb34fd9-3c68-4592-8d08-842955482b2e', '{"action":"login","actor_id":"73904179-cca9-40ab-a2c4-e509dadbbbbb","actor_username":"ajitkumarpes@gmail.com","actor_via_sso":false,"log_type":"account"}', '2025-11-26 18:11:30.541708+00', ''),
	('00000000-0000-0000-0000-000000000000', 'bae50160-76b4-4b9b-b928-4e9351d740a6', '{"action":"user_recovery_requested","actor_id":"73904179-cca9-40ab-a2c4-e509dadbbbbb","actor_username":"ajitkumarpes@gmail.com","actor_via_sso":false,"log_type":"user"}', '2025-11-26 18:14:23.855122+00', ''),
	('00000000-0000-0000-0000-000000000000', '86267d6b-6b69-4097-a80a-bc37debf7349', '{"action":"login","actor_id":"73904179-cca9-40ab-a2c4-e509dadbbbbb","actor_username":"ajitkumarpes@gmail.com","actor_via_sso":false,"log_type":"account"}', '2025-11-26 18:14:41.873699+00', ''),
	('00000000-0000-0000-0000-000000000000', 'b870e2be-1084-401b-ba29-3d25032bd5c4', '{"action":"token_refreshed","actor_id":"73904179-cca9-40ab-a2c4-e509dadbbbbb","actor_username":"ajitkumarpes@gmail.com","actor_via_sso":false,"log_type":"token"}', '2025-11-26 23:53:37.10276+00', ''),
	('00000000-0000-0000-0000-000000000000', 'e6a06266-92e7-4fd8-821c-51f60cec8af2', '{"action":"token_revoked","actor_id":"73904179-cca9-40ab-a2c4-e509dadbbbbb","actor_username":"ajitkumarpes@gmail.com","actor_via_sso":false,"log_type":"token"}', '2025-11-26 23:53:37.127348+00', ''),
	('00000000-0000-0000-0000-000000000000', '4d2907e3-b42e-4d3d-bb85-7270ea95dd19', '{"action":"token_refreshed","actor_id":"73904179-cca9-40ab-a2c4-e509dadbbbbb","actor_username":"ajitkumarpes@gmail.com","actor_via_sso":false,"log_type":"token"}', '2025-11-27 02:24:43.273963+00', ''),
	('00000000-0000-0000-0000-000000000000', 'dd3d6f4c-d208-4f3a-9ad5-ea629ce8b84d', '{"action":"token_revoked","actor_id":"73904179-cca9-40ab-a2c4-e509dadbbbbb","actor_username":"ajitkumarpes@gmail.com","actor_via_sso":false,"log_type":"token"}', '2025-11-27 02:24:43.290444+00', ''),
	('00000000-0000-0000-0000-000000000000', 'c04f0236-c9ba-4d5b-9d82-2fc28eba674f', '{"action":"token_refreshed","actor_id":"73904179-cca9-40ab-a2c4-e509dadbbbbb","actor_username":"ajitkumarpes@gmail.com","actor_via_sso":false,"log_type":"token"}', '2025-11-27 03:38:44.150502+00', ''),
	('00000000-0000-0000-0000-000000000000', '93d1a569-494b-4e89-8f4b-3b855a902092', '{"action":"token_revoked","actor_id":"73904179-cca9-40ab-a2c4-e509dadbbbbb","actor_username":"ajitkumarpes@gmail.com","actor_via_sso":false,"log_type":"token"}', '2025-11-27 03:38:44.167747+00', ''),
	('00000000-0000-0000-0000-000000000000', '9fdcf892-4cef-4e4b-9b8f-8c03d8558c09', '{"action":"token_refreshed","actor_id":"73904179-cca9-40ab-a2c4-e509dadbbbbb","actor_username":"ajitkumarpes@gmail.com","actor_via_sso":false,"log_type":"token"}', '2025-11-27 04:39:49.831167+00', ''),
	('00000000-0000-0000-0000-000000000000', '1f140f9a-d184-4dfa-a0ea-22e969eee15a', '{"action":"token_revoked","actor_id":"73904179-cca9-40ab-a2c4-e509dadbbbbb","actor_username":"ajitkumarpes@gmail.com","actor_via_sso":false,"log_type":"token"}', '2025-11-27 04:39:49.85133+00', ''),
	('00000000-0000-0000-0000-000000000000', '81743a34-de09-4c19-9d09-1b07b3aaf51e', '{"action":"token_refreshed","actor_id":"73904179-cca9-40ab-a2c4-e509dadbbbbb","actor_username":"ajitkumarpes@gmail.com","actor_via_sso":false,"log_type":"token"}', '2025-11-27 05:40:56.14247+00', ''),
	('00000000-0000-0000-0000-000000000000', '50bd3779-b42b-48d8-a1e7-1075219f3c5d', '{"action":"token_revoked","actor_id":"73904179-cca9-40ab-a2c4-e509dadbbbbb","actor_username":"ajitkumarpes@gmail.com","actor_via_sso":false,"log_type":"token"}', '2025-11-27 05:40:56.162395+00', ''),
	('00000000-0000-0000-0000-000000000000', 'b1f0619e-dd28-461b-be71-36ed9213580b', '{"action":"token_refreshed","actor_id":"73904179-cca9-40ab-a2c4-e509dadbbbbb","actor_username":"ajitkumarpes@gmail.com","actor_via_sso":false,"log_type":"token"}', '2025-11-27 06:42:02.415698+00', ''),
	('00000000-0000-0000-0000-000000000000', 'd200c2bc-08f5-4e1d-a9cc-d57af5389af5', '{"action":"token_revoked","actor_id":"73904179-cca9-40ab-a2c4-e509dadbbbbb","actor_username":"ajitkumarpes@gmail.com","actor_via_sso":false,"log_type":"token"}', '2025-11-27 06:42:02.4296+00', ''),
	('00000000-0000-0000-0000-000000000000', 'c09d080f-1b75-48c9-8e60-5ecc95fb3384', '{"action":"token_refreshed","actor_id":"73904179-cca9-40ab-a2c4-e509dadbbbbb","actor_username":"ajitkumarpes@gmail.com","actor_via_sso":false,"log_type":"token"}', '2025-11-27 07:43:07.172028+00', ''),
	('00000000-0000-0000-0000-000000000000', '2b3968ee-462e-40a9-bee8-3005b5c6cd36', '{"action":"token_revoked","actor_id":"73904179-cca9-40ab-a2c4-e509dadbbbbb","actor_username":"ajitkumarpes@gmail.com","actor_via_sso":false,"log_type":"token"}', '2025-11-27 07:43:07.194932+00', ''),
	('00000000-0000-0000-0000-000000000000', 'ce2c4a6f-2669-4b78-9fb9-05a2f95fb7ba', '{"action":"token_refreshed","actor_id":"d1e40c02-9978-46fd-875e-3989537af942","actor_username":"kbisht786@gmail.com","actor_via_sso":false,"log_type":"token"}', '2025-11-27 08:27:09.537393+00', ''),
	('00000000-0000-0000-0000-000000000000', 'bf5e3254-9e7c-4405-9b89-a33a9da1e9ce', '{"action":"token_revoked","actor_id":"d1e40c02-9978-46fd-875e-3989537af942","actor_username":"kbisht786@gmail.com","actor_via_sso":false,"log_type":"token"}', '2025-11-27 08:27:09.556558+00', ''),
	('00000000-0000-0000-0000-000000000000', '4a0653d0-4fa4-42b4-9fa8-9cabbfe69cc0', '{"action":"token_refreshed","actor_id":"73904179-cca9-40ab-a2c4-e509dadbbbbb","actor_username":"ajitkumarpes@gmail.com","actor_via_sso":false,"log_type":"token"}', '2025-11-27 08:44:13.006085+00', ''),
	('00000000-0000-0000-0000-000000000000', '73898303-a31a-4152-9746-c972d00a1aa4', '{"action":"token_revoked","actor_id":"73904179-cca9-40ab-a2c4-e509dadbbbbb","actor_username":"ajitkumarpes@gmail.com","actor_via_sso":false,"log_type":"token"}', '2025-11-27 08:44:13.030285+00', ''),
	('00000000-0000-0000-0000-000000000000', '7ae97415-d23f-4fd1-95ae-e94a5c55b266', '{"action":"token_refreshed","actor_id":"d1e40c02-9978-46fd-875e-3989537af942","actor_username":"kbisht786@gmail.com","actor_via_sso":false,"log_type":"token"}', '2025-11-27 11:51:43.236472+00', ''),
	('00000000-0000-0000-0000-000000000000', '2147d13a-43ff-4b08-b1ff-d893db69ec05', '{"action":"token_revoked","actor_id":"d1e40c02-9978-46fd-875e-3989537af942","actor_username":"kbisht786@gmail.com","actor_via_sso":false,"log_type":"token"}', '2025-11-27 11:51:43.264504+00', ''),
	('00000000-0000-0000-0000-000000000000', '6bf624ea-f47c-4ebf-939c-94690612e1e1', '{"action":"token_refreshed","actor_id":"73904179-cca9-40ab-a2c4-e509dadbbbbb","actor_username":"ajitkumarpes@gmail.com","actor_via_sso":false,"log_type":"token"}', '2025-11-27 15:24:22.769084+00', ''),
	('00000000-0000-0000-0000-000000000000', 'ed4e4f57-ba8f-48fe-8660-27f974621de6', '{"action":"token_revoked","actor_id":"73904179-cca9-40ab-a2c4-e509dadbbbbb","actor_username":"ajitkumarpes@gmail.com","actor_via_sso":false,"log_type":"token"}', '2025-11-27 15:24:22.79554+00', ''),
	('00000000-0000-0000-0000-000000000000', '10f3bf51-4551-424a-8ca5-40ed9ad2b731', '{"action":"token_refreshed","actor_id":"d1e40c02-9978-46fd-875e-3989537af942","actor_username":"kbisht786@gmail.com","actor_via_sso":false,"log_type":"token"}', '2025-11-27 16:04:52.925281+00', ''),
	('00000000-0000-0000-0000-000000000000', '99531b6c-2f67-4a70-bfe3-c0d3902c9b6e', '{"action":"token_revoked","actor_id":"d1e40c02-9978-46fd-875e-3989537af942","actor_username":"kbisht786@gmail.com","actor_via_sso":false,"log_type":"token"}', '2025-11-27 16:04:52.944014+00', ''),
	('00000000-0000-0000-0000-000000000000', 'b34e7905-c9e1-4685-8bd9-08c9fa1c5c2d', '{"action":"token_refreshed","actor_id":"73904179-cca9-40ab-a2c4-e509dadbbbbb","actor_username":"ajitkumarpes@gmail.com","actor_via_sso":false,"log_type":"token"}', '2025-11-27 16:25:26.375714+00', ''),
	('00000000-0000-0000-0000-000000000000', 'f3bf967d-a7d1-44bb-978a-18ea4ba13658', '{"action":"token_revoked","actor_id":"73904179-cca9-40ab-a2c4-e509dadbbbbb","actor_username":"ajitkumarpes@gmail.com","actor_via_sso":false,"log_type":"token"}', '2025-11-27 16:25:26.391371+00', ''),
	('00000000-0000-0000-0000-000000000000', 'd6871442-e433-434f-bf8f-077b7b5e5e9f', '{"action":"user_signedup","actor_id":"00000000-0000-0000-0000-000000000000","actor_username":"service_role","actor_via_sso":false,"log_type":"team","traits":{"provider":"email","user_email":"kamal.bisht.1010@gmail.com","user_id":"9540608e-bfc6-4600-8430-c8f59ad423bf","user_phone":""}}', '2025-11-27 16:45:06.130149+00', ''),
	('00000000-0000-0000-0000-000000000000', '1b08c43c-4eec-4669-a699-b255bd3dd4e8', '{"action":"token_refreshed","actor_id":"73904179-cca9-40ab-a2c4-e509dadbbbbb","actor_username":"ajitkumarpes@gmail.com","actor_via_sso":false,"log_type":"token"}', '2025-11-27 17:26:31.547954+00', ''),
	('00000000-0000-0000-0000-000000000000', '541b128e-594b-4ee8-a11f-845fc204886b', '{"action":"token_revoked","actor_id":"73904179-cca9-40ab-a2c4-e509dadbbbbb","actor_username":"ajitkumarpes@gmail.com","actor_via_sso":false,"log_type":"token"}', '2025-11-27 17:26:31.57746+00', ''),
	('00000000-0000-0000-0000-000000000000', '9ea6ffde-ae44-401f-8065-3f4cfe7696a4', '{"action":"token_refreshed","actor_id":"73904179-cca9-40ab-a2c4-e509dadbbbbb","actor_username":"ajitkumarpes@gmail.com","actor_via_sso":false,"log_type":"token"}', '2025-11-27 18:27:36.473203+00', ''),
	('00000000-0000-0000-0000-000000000000', '1e753b1b-5402-4901-90ae-67739f701559', '{"action":"token_revoked","actor_id":"73904179-cca9-40ab-a2c4-e509dadbbbbb","actor_username":"ajitkumarpes@gmail.com","actor_via_sso":false,"log_type":"token"}', '2025-11-27 18:27:36.489926+00', ''),
	('00000000-0000-0000-0000-000000000000', '4b60887e-e2b4-487f-96d9-4b5f7d02cfa6', '{"action":"token_refreshed","actor_id":"73904179-cca9-40ab-a2c4-e509dadbbbbb","actor_username":"ajitkumarpes@gmail.com","actor_via_sso":false,"log_type":"token"}', '2025-11-27 20:52:03.842601+00', ''),
	('00000000-0000-0000-0000-000000000000', '372a392e-31e6-4342-94be-3c693c5fcf9f', '{"action":"token_revoked","actor_id":"73904179-cca9-40ab-a2c4-e509dadbbbbb","actor_username":"ajitkumarpes@gmail.com","actor_via_sso":false,"log_type":"token"}', '2025-11-27 20:52:03.867936+00', ''),
	('00000000-0000-0000-0000-000000000000', '553548fd-c16f-4b3c-9853-e7e29a67a249', '{"action":"token_refreshed","actor_id":"73904179-cca9-40ab-a2c4-e509dadbbbbb","actor_username":"ajitkumarpes@gmail.com","actor_via_sso":false,"log_type":"token"}', '2025-11-27 22:17:40.166165+00', ''),
	('00000000-0000-0000-0000-000000000000', '92123527-a412-4d93-8785-bb5a94e60a65', '{"action":"token_revoked","actor_id":"73904179-cca9-40ab-a2c4-e509dadbbbbb","actor_username":"ajitkumarpes@gmail.com","actor_via_sso":false,"log_type":"token"}', '2025-11-27 22:17:40.193844+00', ''),
	('00000000-0000-0000-0000-000000000000', 'ab4bff1a-b057-4abf-85e9-1e386dd96447', '{"action":"token_refreshed","actor_id":"73904179-cca9-40ab-a2c4-e509dadbbbbb","actor_username":"ajitkumarpes@gmail.com","actor_via_sso":false,"log_type":"token"}', '2025-11-27 23:23:46.335314+00', ''),
	('00000000-0000-0000-0000-000000000000', '8efddf93-3711-4e90-a6f7-fd74e5dbc75d', '{"action":"token_revoked","actor_id":"73904179-cca9-40ab-a2c4-e509dadbbbbb","actor_username":"ajitkumarpes@gmail.com","actor_via_sso":false,"log_type":"token"}', '2025-11-27 23:23:46.349256+00', ''),
	('00000000-0000-0000-0000-000000000000', 'eb2784dd-9497-49ab-8962-96ee2e10eedc', '{"action":"token_refreshed","actor_id":"73904179-cca9-40ab-a2c4-e509dadbbbbb","actor_username":"ajitkumarpes@gmail.com","actor_via_sso":false,"log_type":"token"}', '2025-11-28 01:19:50.548067+00', ''),
	('00000000-0000-0000-0000-000000000000', 'c6e36b2e-473d-4747-94ee-50c0d698edbf', '{"action":"token_revoked","actor_id":"73904179-cca9-40ab-a2c4-e509dadbbbbb","actor_username":"ajitkumarpes@gmail.com","actor_via_sso":false,"log_type":"token"}', '2025-11-28 01:19:50.561765+00', ''),
	('00000000-0000-0000-0000-000000000000', '275c370b-4310-483d-abcf-b455665b29a7', '{"action":"token_refreshed","actor_id":"d1e40c02-9978-46fd-875e-3989537af942","actor_username":"kbisht786@gmail.com","actor_via_sso":false,"log_type":"token"}', '2025-11-28 02:02:48.84775+00', ''),
	('00000000-0000-0000-0000-000000000000', '8503e6aa-de2f-4bd5-858a-2d37b91c9250', '{"action":"token_revoked","actor_id":"d1e40c02-9978-46fd-875e-3989537af942","actor_username":"kbisht786@gmail.com","actor_via_sso":false,"log_type":"token"}', '2025-11-28 02:02:48.867976+00', ''),
	('00000000-0000-0000-0000-000000000000', 'e1029035-6d2b-4c12-adc7-37632b4aa74a', '{"action":"token_refreshed","actor_id":"73904179-cca9-40ab-a2c4-e509dadbbbbb","actor_username":"ajitkumarpes@gmail.com","actor_via_sso":false,"log_type":"token"}', '2025-11-28 02:20:56.173514+00', ''),
	('00000000-0000-0000-0000-000000000000', 'bc549d5f-05cc-4ffa-beff-405d9718a200', '{"action":"token_revoked","actor_id":"73904179-cca9-40ab-a2c4-e509dadbbbbb","actor_username":"ajitkumarpes@gmail.com","actor_via_sso":false,"log_type":"token"}', '2025-11-28 02:20:56.187946+00', ''),
	('00000000-0000-0000-0000-000000000000', 'b268e013-6e06-49cc-a26b-fbff6701a7fe', '{"action":"token_refreshed","actor_id":"73904179-cca9-40ab-a2c4-e509dadbbbbb","actor_username":"ajitkumarpes@gmail.com","actor_via_sso":false,"log_type":"token"}', '2025-11-28 03:22:02.307395+00', ''),
	('00000000-0000-0000-0000-000000000000', 'd63ae6b1-3015-484d-bdbf-d466329dcb58', '{"action":"token_revoked","actor_id":"73904179-cca9-40ab-a2c4-e509dadbbbbb","actor_username":"ajitkumarpes@gmail.com","actor_via_sso":false,"log_type":"token"}', '2025-11-28 03:22:02.325169+00', ''),
	('00000000-0000-0000-0000-000000000000', '85304347-26a2-4d64-ad8c-613638e94c52', '{"action":"token_refreshed","actor_id":"73904179-cca9-40ab-a2c4-e509dadbbbbb","actor_username":"ajitkumarpes@gmail.com","actor_via_sso":false,"log_type":"token"}', '2025-11-28 04:23:08.224298+00', ''),
	('00000000-0000-0000-0000-000000000000', '98a5e808-8c3e-4683-a936-3fb295342691', '{"action":"token_revoked","actor_id":"73904179-cca9-40ab-a2c4-e509dadbbbbb","actor_username":"ajitkumarpes@gmail.com","actor_via_sso":false,"log_type":"token"}', '2025-11-28 04:23:08.240974+00', ''),
	('00000000-0000-0000-0000-000000000000', '59bb516d-baad-4cf9-b4fc-1c5f5ab900e4', '{"action":"token_refreshed","actor_id":"d1e40c02-9978-46fd-875e-3989537af942","actor_username":"kbisht786@gmail.com","actor_via_sso":false,"log_type":"token"}', '2025-11-28 05:45:17.335971+00', ''),
	('00000000-0000-0000-0000-000000000000', 'aaff656c-4e04-45fd-b3ae-6d1d7b274e9a', '{"action":"token_revoked","actor_id":"d1e40c02-9978-46fd-875e-3989537af942","actor_username":"kbisht786@gmail.com","actor_via_sso":false,"log_type":"token"}', '2025-11-28 05:45:17.353527+00', ''),
	('00000000-0000-0000-0000-000000000000', '20ab6bf9-aaa6-4ed9-b8a8-d8b9fa7b2733', '{"action":"token_refreshed","actor_id":"73904179-cca9-40ab-a2c4-e509dadbbbbb","actor_username":"ajitkumarpes@gmail.com","actor_via_sso":false,"log_type":"token"}', '2025-11-28 06:21:53.716852+00', ''),
	('00000000-0000-0000-0000-000000000000', '523ee650-2c52-4fd0-abc5-e204b0ead3ae', '{"action":"token_revoked","actor_id":"73904179-cca9-40ab-a2c4-e509dadbbbbb","actor_username":"ajitkumarpes@gmail.com","actor_via_sso":false,"log_type":"token"}', '2025-11-28 06:21:53.739666+00', ''),
	('00000000-0000-0000-0000-000000000000', 'bc6b40f4-89e5-48ac-a771-558088834dbd', '{"action":"token_refreshed","actor_id":"d1e40c02-9978-46fd-875e-3989537af942","actor_username":"kbisht786@gmail.com","actor_via_sso":false,"log_type":"token"}', '2025-11-28 08:08:25.91962+00', ''),
	('00000000-0000-0000-0000-000000000000', '67e8adea-3152-42b9-ac43-bdff0d5d2846', '{"action":"token_revoked","actor_id":"d1e40c02-9978-46fd-875e-3989537af942","actor_username":"kbisht786@gmail.com","actor_via_sso":false,"log_type":"token"}', '2025-11-28 08:08:25.950577+00', ''),
	('00000000-0000-0000-0000-000000000000', 'f06d094c-b619-45aa-98bc-7e6ab8da32ed', '{"action":"token_refreshed","actor_id":"73904179-cca9-40ab-a2c4-e509dadbbbbb","actor_username":"ajitkumarpes@gmail.com","actor_via_sso":false,"log_type":"token"}', '2025-11-28 09:34:43.962057+00', ''),
	('00000000-0000-0000-0000-000000000000', '91879445-395b-475c-aaf2-2e64faa92f1c', '{"action":"token_revoked","actor_id":"73904179-cca9-40ab-a2c4-e509dadbbbbb","actor_username":"ajitkumarpes@gmail.com","actor_via_sso":false,"log_type":"token"}', '2025-11-28 09:34:43.978419+00', ''),
	('00000000-0000-0000-0000-000000000000', '27c39416-5c27-4220-a743-15ae9a48f940', '{"action":"user_recovery_requested","actor_id":"73904179-cca9-40ab-a2c4-e509dadbbbbb","actor_username":"ajitkumarpes@gmail.com","actor_via_sso":false,"log_type":"user"}', '2025-11-28 09:36:28.591407+00', ''),
	('00000000-0000-0000-0000-000000000000', 'e890cf0f-65ce-4a95-8a7d-e509794215f9', '{"action":"login","actor_id":"73904179-cca9-40ab-a2c4-e509dadbbbbb","actor_username":"ajitkumarpes@gmail.com","actor_via_sso":false,"log_type":"account"}', '2025-11-28 09:36:38.701054+00', ''),
	('00000000-0000-0000-0000-000000000000', '185f8db6-8d13-4191-a457-3d136920c7fd', '{"action":"user_recovery_requested","actor_id":"73904179-cca9-40ab-a2c4-e509dadbbbbb","actor_username":"ajitkumarpes@gmail.com","actor_via_sso":false,"log_type":"user"}', '2025-11-28 09:46:01.980317+00', ''),
	('00000000-0000-0000-0000-000000000000', '5f91fdfb-ff5f-4d00-b036-de3af73eefa9', '{"action":"login","actor_id":"73904179-cca9-40ab-a2c4-e509dadbbbbb","actor_username":"ajitkumarpes@gmail.com","actor_via_sso":false,"log_type":"account"}', '2025-11-28 09:47:04.031028+00', ''),
	('00000000-0000-0000-0000-000000000000', '8ef3b4a9-8fdd-4ad5-a3db-cf363bb18a5a', '{"action":"logout","actor_id":"73904179-cca9-40ab-a2c4-e509dadbbbbb","actor_username":"ajitkumarpes@gmail.com","actor_via_sso":false,"log_type":"account"}', '2025-11-28 10:09:10.869895+00', ''),
	('00000000-0000-0000-0000-000000000000', 'e607ba0a-c495-42ea-a5d3-467a9c404c22', '{"action":"user_recovery_requested","actor_id":"73904179-cca9-40ab-a2c4-e509dadbbbbb","actor_username":"ajitkumarpes@gmail.com","actor_via_sso":false,"log_type":"user"}', '2025-11-28 10:09:24.406314+00', ''),
	('00000000-0000-0000-0000-000000000000', '874dec7a-e556-43db-9233-46f18c6285a2', '{"action":"login","actor_id":"73904179-cca9-40ab-a2c4-e509dadbbbbb","actor_username":"ajitkumarpes@gmail.com","actor_via_sso":false,"log_type":"account"}', '2025-11-28 10:09:35.524567+00', ''),
	('00000000-0000-0000-0000-000000000000', '48ea5b68-ac66-4b1e-be3b-bcf55f728d72', '{"action":"token_refreshed","actor_id":"d1e40c02-9978-46fd-875e-3989537af942","actor_username":"kbisht786@gmail.com","actor_via_sso":false,"log_type":"token"}', '2025-11-28 10:32:07.873083+00', ''),
	('00000000-0000-0000-0000-000000000000', 'b44ad172-96e0-4860-8f38-a5689865c25c', '{"action":"token_revoked","actor_id":"d1e40c02-9978-46fd-875e-3989537af942","actor_username":"kbisht786@gmail.com","actor_via_sso":false,"log_type":"token"}', '2025-11-28 10:32:07.890317+00', ''),
	('00000000-0000-0000-0000-000000000000', '69c04cba-bcf6-46be-bcb9-c7e2bdc7139a', '{"action":"token_refreshed","actor_id":"73904179-cca9-40ab-a2c4-e509dadbbbbb","actor_username":"ajitkumarpes@gmail.com","actor_via_sso":false,"log_type":"token"}', '2025-11-28 11:07:57.002118+00', ''),
	('00000000-0000-0000-0000-000000000000', 'bf65de0f-f198-4856-9087-6aba580c820d', '{"action":"token_revoked","actor_id":"73904179-cca9-40ab-a2c4-e509dadbbbbb","actor_username":"ajitkumarpes@gmail.com","actor_via_sso":false,"log_type":"token"}', '2025-11-28 11:07:57.021783+00', ''),
	('00000000-0000-0000-0000-000000000000', '0f52f7ee-b65b-49be-9b64-1f9a9a28495c', '{"action":"logout","actor_id":"73904179-cca9-40ab-a2c4-e509dadbbbbb","actor_username":"ajitkumarpes@gmail.com","actor_via_sso":false,"log_type":"account"}', '2025-11-28 11:47:10.043901+00', ''),
	('00000000-0000-0000-0000-000000000000', 'b921245a-2c58-48b6-9dcd-3e84ed0834cf', '{"action":"user_recovery_requested","actor_id":"73904179-cca9-40ab-a2c4-e509dadbbbbb","actor_username":"ajitkumarpes@gmail.com","actor_via_sso":false,"log_type":"user"}', '2025-11-28 11:47:25.764003+00', ''),
	('00000000-0000-0000-0000-000000000000', 'f047abab-b174-4ab8-9b7b-7899d939f729', '{"action":"login","actor_id":"73904179-cca9-40ab-a2c4-e509dadbbbbb","actor_username":"ajitkumarpes@gmail.com","actor_via_sso":false,"log_type":"account"}', '2025-11-28 11:47:37.47751+00', ''),
	('00000000-0000-0000-0000-000000000000', 'e07f922d-1355-4ee2-a084-bf395eee2a89', '{"action":"token_refreshed","actor_id":"d1e40c02-9978-46fd-875e-3989537af942","actor_username":"kbisht786@gmail.com","actor_via_sso":false,"log_type":"token"}', '2025-11-28 15:47:46.291749+00', ''),
	('00000000-0000-0000-0000-000000000000', '0508404e-a0e7-4d2d-af32-d4a4a9435156', '{"action":"token_revoked","actor_id":"d1e40c02-9978-46fd-875e-3989537af942","actor_username":"kbisht786@gmail.com","actor_via_sso":false,"log_type":"token"}', '2025-11-28 15:47:46.317481+00', ''),
	('00000000-0000-0000-0000-000000000000', 'da1cf6b2-d534-43d0-bbff-be00417a8c5d', '{"action":"token_refreshed","actor_id":"d1e40c02-9978-46fd-875e-3989537af942","actor_username":"kbisht786@gmail.com","actor_via_sso":false,"log_type":"token"}', '2025-11-28 18:00:47.070181+00', ''),
	('00000000-0000-0000-0000-000000000000', 'eaeb913b-c762-4a55-b783-a4f71dde59e4', '{"action":"token_revoked","actor_id":"d1e40c02-9978-46fd-875e-3989537af942","actor_username":"kbisht786@gmail.com","actor_via_sso":false,"log_type":"token"}', '2025-11-28 18:00:47.098687+00', ''),
	('00000000-0000-0000-0000-000000000000', '0e3caca5-f0ff-4bb3-852c-e6211870cc08', '{"action":"token_refreshed","actor_id":"73904179-cca9-40ab-a2c4-e509dadbbbbb","actor_username":"ajitkumarpes@gmail.com","actor_via_sso":false,"log_type":"token"}', '2025-11-28 18:01:29.340429+00', ''),
	('00000000-0000-0000-0000-000000000000', '0f29b368-682e-4bb8-9310-ef11e988e10d', '{"action":"token_revoked","actor_id":"73904179-cca9-40ab-a2c4-e509dadbbbbb","actor_username":"ajitkumarpes@gmail.com","actor_via_sso":false,"log_type":"token"}', '2025-11-28 18:01:29.344166+00', ''),
	('00000000-0000-0000-0000-000000000000', '9de9a619-92f3-4b73-985c-25d71afa46a9', '{"action":"logout","actor_id":"73904179-cca9-40ab-a2c4-e509dadbbbbb","actor_username":"ajitkumarpes@gmail.com","actor_via_sso":false,"log_type":"account"}', '2025-11-28 18:15:01.693748+00', ''),
	('00000000-0000-0000-0000-000000000000', '9f330556-0e3d-45a7-b048-48251ebf6517', '{"action":"user_recovery_requested","actor_id":"73904179-cca9-40ab-a2c4-e509dadbbbbb","actor_username":"ajitkumarpes@gmail.com","actor_via_sso":false,"log_type":"user"}', '2025-11-28 18:15:25.933248+00', ''),
	('00000000-0000-0000-0000-000000000000', '2581eca9-ca3c-404d-b6e2-06045d244223', '{"action":"login","actor_id":"73904179-cca9-40ab-a2c4-e509dadbbbbb","actor_username":"ajitkumarpes@gmail.com","actor_via_sso":false,"log_type":"account"}', '2025-11-28 18:15:52.716925+00', ''),
	('00000000-0000-0000-0000-000000000000', '12a6cc8d-0997-4223-9936-27b26152917e', '{"action":"logout","actor_id":"73904179-cca9-40ab-a2c4-e509dadbbbbb","actor_username":"ajitkumarpes@gmail.com","actor_via_sso":false,"log_type":"account"}', '2025-11-28 18:36:48.37363+00', ''),
	('00000000-0000-0000-0000-000000000000', '606b7147-d8ef-411c-bf7c-247a6ef55932', '{"action":"user_recovery_requested","actor_id":"73904179-cca9-40ab-a2c4-e509dadbbbbb","actor_username":"ajitkumarpes@gmail.com","actor_via_sso":false,"log_type":"user"}', '2025-11-28 18:37:02.523999+00', ''),
	('00000000-0000-0000-0000-000000000000', 'e24c9eac-2a2d-45b6-90f9-835144dd0d5c', '{"action":"login","actor_id":"73904179-cca9-40ab-a2c4-e509dadbbbbb","actor_username":"ajitkumarpes@gmail.com","actor_via_sso":false,"log_type":"account"}', '2025-11-28 18:37:16.628574+00', ''),
	('00000000-0000-0000-0000-000000000000', 'b76a85c6-7b8d-4424-9f41-22f534bd681b', '{"action":"token_refreshed","actor_id":"d1e40c02-9978-46fd-875e-3989537af942","actor_username":"kbisht786@gmail.com","actor_via_sso":false,"log_type":"token"}', '2025-11-28 19:18:18.728581+00', ''),
	('00000000-0000-0000-0000-000000000000', 'b60a7851-2b6d-4230-b2ec-d8db8d25eb09', '{"action":"token_revoked","actor_id":"d1e40c02-9978-46fd-875e-3989537af942","actor_username":"kbisht786@gmail.com","actor_via_sso":false,"log_type":"token"}', '2025-11-28 19:18:18.749406+00', ''),
	('00000000-0000-0000-0000-000000000000', '3d6529b2-850a-4b4d-a634-97b384473d1e', '{"action":"token_refreshed","actor_id":"d1e40c02-9978-46fd-875e-3989537af942","actor_username":"kbisht786@gmail.com","actor_via_sso":false,"log_type":"token"}', '2025-11-28 20:17:46.695037+00', ''),
	('00000000-0000-0000-0000-000000000000', 'f9a8efe8-7644-45c9-a247-3fe00e93294a', '{"action":"token_revoked","actor_id":"d1e40c02-9978-46fd-875e-3989537af942","actor_username":"kbisht786@gmail.com","actor_via_sso":false,"log_type":"token"}', '2025-11-28 20:17:46.706763+00', ''),
	('00000000-0000-0000-0000-000000000000', '373d09e0-8674-4be9-9497-07dc93cfcba3', '{"action":"token_refreshed","actor_id":"d1e40c02-9978-46fd-875e-3989537af942","actor_username":"kbisht786@gmail.com","actor_via_sso":false,"log_type":"token"}', '2025-11-29 02:05:18.078313+00', ''),
	('00000000-0000-0000-0000-000000000000', 'c6d364d1-0d83-49d4-af1b-cdd0484ea766', '{"action":"token_revoked","actor_id":"d1e40c02-9978-46fd-875e-3989537af942","actor_username":"kbisht786@gmail.com","actor_via_sso":false,"log_type":"token"}', '2025-11-29 02:05:18.095296+00', ''),
	('00000000-0000-0000-0000-000000000000', '16aac585-6b1e-40df-ba2a-25097034e633', '{"action":"token_refreshed","actor_id":"73904179-cca9-40ab-a2c4-e509dadbbbbb","actor_username":"ajitkumarpes@gmail.com","actor_via_sso":false,"log_type":"token"}', '2025-11-29 03:14:37.22215+00', ''),
	('00000000-0000-0000-0000-000000000000', 'b8fa84c0-2751-4950-8b45-69c4d8d2e501', '{"action":"token_revoked","actor_id":"73904179-cca9-40ab-a2c4-e509dadbbbbb","actor_username":"ajitkumarpes@gmail.com","actor_via_sso":false,"log_type":"token"}', '2025-11-29 03:14:37.252137+00', ''),
	('00000000-0000-0000-0000-000000000000', '11ce37fe-0c19-4062-9090-7fa19860ec3f', '{"action":"token_refreshed","actor_id":"d1e40c02-9978-46fd-875e-3989537af942","actor_username":"kbisht786@gmail.com","actor_via_sso":false,"log_type":"token"}', '2025-11-29 04:48:36.406175+00', ''),
	('00000000-0000-0000-0000-000000000000', 'a5693fc7-c0e6-45c3-a8be-8f7de6865c25', '{"action":"token_revoked","actor_id":"d1e40c02-9978-46fd-875e-3989537af942","actor_username":"kbisht786@gmail.com","actor_via_sso":false,"log_type":"token"}', '2025-11-29 04:48:36.420178+00', ''),
	('00000000-0000-0000-0000-000000000000', '8b45035b-f192-4ebf-bede-1871154c11ee', '{"action":"token_refreshed","actor_id":"73904179-cca9-40ab-a2c4-e509dadbbbbb","actor_username":"ajitkumarpes@gmail.com","actor_via_sso":false,"log_type":"token"}', '2025-11-29 05:56:03.940214+00', ''),
	('00000000-0000-0000-0000-000000000000', '3eeee5c4-0562-4a86-960a-aa5c2b4aba56', '{"action":"token_revoked","actor_id":"73904179-cca9-40ab-a2c4-e509dadbbbbb","actor_username":"ajitkumarpes@gmail.com","actor_via_sso":false,"log_type":"token"}', '2025-11-29 05:56:03.96775+00', ''),
	('00000000-0000-0000-0000-000000000000', 'e465131a-95fd-4197-b75e-f15607d197bb', '{"action":"token_refreshed","actor_id":"d1e40c02-9978-46fd-875e-3989537af942","actor_username":"kbisht786@gmail.com","actor_via_sso":false,"log_type":"token"}', '2025-11-29 13:06:03.654819+00', ''),
	('00000000-0000-0000-0000-000000000000', 'e6dd2c1e-2b0c-43eb-a2d1-97829e072757', '{"action":"token_revoked","actor_id":"d1e40c02-9978-46fd-875e-3989537af942","actor_username":"kbisht786@gmail.com","actor_via_sso":false,"log_type":"token"}', '2025-11-29 13:06:03.683014+00', ''),
	('00000000-0000-0000-0000-000000000000', '67973dc2-76ee-41e5-811d-552d0ec1f27f', '{"action":"token_refreshed","actor_id":"d1e40c02-9978-46fd-875e-3989537af942","actor_username":"kbisht786@gmail.com","actor_via_sso":false,"log_type":"token"}', '2025-11-29 17:12:21.338819+00', ''),
	('00000000-0000-0000-0000-000000000000', 'de1167d7-3651-4b6f-9138-13b74bb1b4c0', '{"action":"token_revoked","actor_id":"d1e40c02-9978-46fd-875e-3989537af942","actor_username":"kbisht786@gmail.com","actor_via_sso":false,"log_type":"token"}', '2025-11-29 17:12:21.365038+00', ''),
	('00000000-0000-0000-0000-000000000000', '189dcd12-e431-40c0-a37b-ab08f55b18d8', '{"action":"token_refreshed","actor_id":"d1e40c02-9978-46fd-875e-3989537af942","actor_username":"kbisht786@gmail.com","actor_via_sso":false,"log_type":"token"}', '2025-11-29 18:15:31.017908+00', ''),
	('00000000-0000-0000-0000-000000000000', '86c1e5fa-8685-443a-befe-b67794ba7247', '{"action":"token_revoked","actor_id":"d1e40c02-9978-46fd-875e-3989537af942","actor_username":"kbisht786@gmail.com","actor_via_sso":false,"log_type":"token"}', '2025-11-29 18:15:31.026067+00', ''),
	('00000000-0000-0000-0000-000000000000', '797ffb03-36ae-44e1-aaa6-cf43a94729c6', '{"action":"token_refreshed","actor_id":"73904179-cca9-40ab-a2c4-e509dadbbbbb","actor_username":"ajitkumarpes@gmail.com","actor_via_sso":false,"log_type":"token"}', '2025-11-29 23:52:43.826894+00', ''),
	('00000000-0000-0000-0000-000000000000', '6a830f4e-5f88-4235-900b-dfaa82752bbb', '{"action":"token_revoked","actor_id":"73904179-cca9-40ab-a2c4-e509dadbbbbb","actor_username":"ajitkumarpes@gmail.com","actor_via_sso":false,"log_type":"token"}', '2025-11-29 23:52:43.855684+00', ''),
	('00000000-0000-0000-0000-000000000000', '47c318fe-3251-4182-8d3c-2df82ebefb18', '{"action":"token_refreshed","actor_id":"73904179-cca9-40ab-a2c4-e509dadbbbbb","actor_username":"ajitkumarpes@gmail.com","actor_via_sso":false,"log_type":"token"}', '2025-11-30 01:39:10.270822+00', ''),
	('00000000-0000-0000-0000-000000000000', '4ad22868-d09c-4e3d-8d16-0e7e43445e01', '{"action":"token_revoked","actor_id":"73904179-cca9-40ab-a2c4-e509dadbbbbb","actor_username":"ajitkumarpes@gmail.com","actor_via_sso":false,"log_type":"token"}', '2025-11-30 01:39:10.289904+00', ''),
	('00000000-0000-0000-0000-000000000000', '8b907b06-3ea8-453b-bf88-38143788f76c', '{"action":"token_refreshed","actor_id":"d1e40c02-9978-46fd-875e-3989537af942","actor_username":"kbisht786@gmail.com","actor_via_sso":false,"log_type":"token"}', '2025-11-30 01:45:00.675293+00', ''),
	('00000000-0000-0000-0000-000000000000', 'e94e45ec-d275-4d14-a0b2-1701d7e6d6f4', '{"action":"token_revoked","actor_id":"d1e40c02-9978-46fd-875e-3989537af942","actor_username":"kbisht786@gmail.com","actor_via_sso":false,"log_type":"token"}', '2025-11-30 01:45:00.685031+00', ''),
	('00000000-0000-0000-0000-000000000000', '507a790e-b377-4199-a7ba-169ca32e046b', '{"action":"token_refreshed","actor_id":"73904179-cca9-40ab-a2c4-e509dadbbbbb","actor_username":"ajitkumarpes@gmail.com","actor_via_sso":false,"log_type":"token"}', '2025-11-30 06:16:45.84556+00', ''),
	('00000000-0000-0000-0000-000000000000', '28edecff-81c0-436d-965a-af8c57850b18', '{"action":"token_revoked","actor_id":"73904179-cca9-40ab-a2c4-e509dadbbbbb","actor_username":"ajitkumarpes@gmail.com","actor_via_sso":false,"log_type":"token"}', '2025-11-30 06:16:45.876191+00', ''),
	('00000000-0000-0000-0000-000000000000', 'bcf03aa6-815e-40ff-a293-5908fd09bbdf', '{"action":"token_refreshed","actor_id":"d1e40c02-9978-46fd-875e-3989537af942","actor_username":"kbisht786@gmail.com","actor_via_sso":false,"log_type":"token"}', '2025-11-30 12:59:20.191236+00', ''),
	('00000000-0000-0000-0000-000000000000', '69b49d64-83b3-438e-9cad-75275368b224', '{"action":"token_revoked","actor_id":"d1e40c02-9978-46fd-875e-3989537af942","actor_username":"kbisht786@gmail.com","actor_via_sso":false,"log_type":"token"}', '2025-11-30 12:59:20.222337+00', ''),
	('00000000-0000-0000-0000-000000000000', 'a8830b64-9404-46cd-a904-b9882523ea63', '{"action":"token_refreshed","actor_id":"d1e40c02-9978-46fd-875e-3989537af942","actor_username":"kbisht786@gmail.com","actor_via_sso":false,"log_type":"token"}', '2025-11-30 16:36:24.725997+00', ''),
	('00000000-0000-0000-0000-000000000000', '52a55cb1-3e8b-4620-8d12-c9a6447879df', '{"action":"token_revoked","actor_id":"d1e40c02-9978-46fd-875e-3989537af942","actor_username":"kbisht786@gmail.com","actor_via_sso":false,"log_type":"token"}', '2025-11-30 16:36:24.757029+00', ''),
	('00000000-0000-0000-0000-000000000000', 'a24fbb6e-28ca-4163-a0d6-96b4fefd5471', '{"action":"token_refreshed","actor_id":"d1e40c02-9978-46fd-875e-3989537af942","actor_username":"kbisht786@gmail.com","actor_via_sso":false,"log_type":"token"}', '2025-11-30 17:35:27.756452+00', ''),
	('00000000-0000-0000-0000-000000000000', '600446c7-fca8-4d01-a339-3618c061cb4b', '{"action":"token_revoked","actor_id":"d1e40c02-9978-46fd-875e-3989537af942","actor_username":"kbisht786@gmail.com","actor_via_sso":false,"log_type":"token"}', '2025-11-30 17:35:27.77828+00', ''),
	('00000000-0000-0000-0000-000000000000', 'da54de36-70ef-4fd0-8bb0-4821d80fbfd3', '{"action":"token_refreshed","actor_id":"d1e40c02-9978-46fd-875e-3989537af942","actor_username":"kbisht786@gmail.com","actor_via_sso":false,"log_type":"token"}', '2025-12-01 02:38:14.594184+00', ''),
	('00000000-0000-0000-0000-000000000000', '369b56c3-525b-41f8-9626-8918ca53130f', '{"action":"token_revoked","actor_id":"d1e40c02-9978-46fd-875e-3989537af942","actor_username":"kbisht786@gmail.com","actor_via_sso":false,"log_type":"token"}', '2025-12-01 02:38:14.622148+00', ''),
	('00000000-0000-0000-0000-000000000000', '7bb06ed0-a9ff-4e6f-acc0-b1438142d24c', '{"action":"token_refreshed","actor_id":"d1e40c02-9978-46fd-875e-3989537af942","actor_username":"kbisht786@gmail.com","actor_via_sso":false,"log_type":"token"}', '2025-12-01 04:34:18.665426+00', ''),
	('00000000-0000-0000-0000-000000000000', '644497a8-d755-4f1b-a944-546afc18c1a5', '{"action":"token_revoked","actor_id":"d1e40c02-9978-46fd-875e-3989537af942","actor_username":"kbisht786@gmail.com","actor_via_sso":false,"log_type":"token"}', '2025-12-01 04:34:18.694626+00', ''),
	('00000000-0000-0000-0000-000000000000', 'c9cb976c-8c24-41c4-b17a-bdf38b2fea13', '{"action":"token_refreshed","actor_id":"d1e40c02-9978-46fd-875e-3989537af942","actor_username":"kbisht786@gmail.com","actor_via_sso":false,"log_type":"token"}', '2025-12-01 05:32:21.408687+00', ''),
	('00000000-0000-0000-0000-000000000000', '2640cb3a-d6c9-4fec-b56f-de8608c41e69', '{"action":"token_revoked","actor_id":"d1e40c02-9978-46fd-875e-3989537af942","actor_username":"kbisht786@gmail.com","actor_via_sso":false,"log_type":"token"}', '2025-12-01 05:32:21.43441+00', ''),
	('00000000-0000-0000-0000-000000000000', 'da46bc03-b689-414b-a10c-27cf983be5e2', '{"action":"token_refreshed","actor_id":"73904179-cca9-40ab-a2c4-e509dadbbbbb","actor_username":"ajitkumarpes@gmail.com","actor_via_sso":false,"log_type":"token"}', '2025-12-01 06:10:49.222119+00', ''),
	('00000000-0000-0000-0000-000000000000', 'a962a5b4-dfa3-4fdb-839e-ab7ad59f98ff', '{"action":"token_revoked","actor_id":"73904179-cca9-40ab-a2c4-e509dadbbbbb","actor_username":"ajitkumarpes@gmail.com","actor_via_sso":false,"log_type":"token"}', '2025-12-01 06:10:49.239544+00', ''),
	('00000000-0000-0000-0000-000000000000', 'dafe411d-66a8-4228-8791-d0479c3d8ef6', '{"action":"token_refreshed","actor_id":"d1e40c02-9978-46fd-875e-3989537af942","actor_username":"kbisht786@gmail.com","actor_via_sso":false,"log_type":"token"}', '2025-12-01 06:33:31.159192+00', ''),
	('00000000-0000-0000-0000-000000000000', '40b182b1-6326-44dc-ab52-a9fb3c1de266', '{"action":"token_revoked","actor_id":"d1e40c02-9978-46fd-875e-3989537af942","actor_username":"kbisht786@gmail.com","actor_via_sso":false,"log_type":"token"}', '2025-12-01 06:33:31.1715+00', ''),
	('00000000-0000-0000-0000-000000000000', '5d5228a3-a27e-47f0-8e3d-339689d1ba9a', '{"action":"token_refreshed","actor_id":"73904179-cca9-40ab-a2c4-e509dadbbbbb","actor_username":"ajitkumarpes@gmail.com","actor_via_sso":false,"log_type":"token"}', '2025-12-01 07:09:15.847137+00', ''),
	('00000000-0000-0000-0000-000000000000', 'd5cb9b0d-7a77-4ef2-adcf-12334859c57d', '{"action":"token_revoked","actor_id":"73904179-cca9-40ab-a2c4-e509dadbbbbb","actor_username":"ajitkumarpes@gmail.com","actor_via_sso":false,"log_type":"token"}', '2025-12-01 07:09:15.865272+00', ''),
	('00000000-0000-0000-0000-000000000000', 'e43b64b8-663a-4e5e-8e73-33d485606af7', '{"action":"token_refreshed","actor_id":"d1e40c02-9978-46fd-875e-3989537af942","actor_username":"kbisht786@gmail.com","actor_via_sso":false,"log_type":"token"}', '2025-12-01 07:47:10.918699+00', ''),
	('00000000-0000-0000-0000-000000000000', '79b756dd-061f-4dd6-8907-3212bd3ed89d', '{"action":"token_revoked","actor_id":"d1e40c02-9978-46fd-875e-3989537af942","actor_username":"kbisht786@gmail.com","actor_via_sso":false,"log_type":"token"}', '2025-12-01 07:47:10.942248+00', ''),
	('00000000-0000-0000-0000-000000000000', '0d1f2606-1faa-45b5-a2cb-9f002adb0076', '{"action":"token_refreshed","actor_id":"d1e40c02-9978-46fd-875e-3989537af942","actor_username":"kbisht786@gmail.com","actor_via_sso":false,"log_type":"token"}', '2025-12-01 08:46:18.564425+00', ''),
	('00000000-0000-0000-0000-000000000000', '454d0ede-bbc4-4ca5-b211-31ee999980d4', '{"action":"token_revoked","actor_id":"d1e40c02-9978-46fd-875e-3989537af942","actor_username":"kbisht786@gmail.com","actor_via_sso":false,"log_type":"token"}', '2025-12-01 08:46:18.581005+00', ''),
	('00000000-0000-0000-0000-000000000000', 'fffefe8d-07af-4e12-89bb-f4ef7f78df80', '{"action":"token_refreshed","actor_id":"73904179-cca9-40ab-a2c4-e509dadbbbbb","actor_username":"ajitkumarpes@gmail.com","actor_via_sso":false,"log_type":"token"}', '2025-12-01 09:10:32.886086+00', ''),
	('00000000-0000-0000-0000-000000000000', '5a536689-198f-416d-bc1f-c3f1eaface39', '{"action":"token_revoked","actor_id":"73904179-cca9-40ab-a2c4-e509dadbbbbb","actor_username":"ajitkumarpes@gmail.com","actor_via_sso":false,"log_type":"token"}', '2025-12-01 09:10:32.908288+00', ''),
	('00000000-0000-0000-0000-000000000000', 'de3dac26-ecfc-4be5-aa92-0a11e8c6aec4', '{"action":"token_refreshed","actor_id":"d1e40c02-9978-46fd-875e-3989537af942","actor_username":"kbisht786@gmail.com","actor_via_sso":false,"log_type":"token"}', '2025-12-01 09:59:01.014818+00', ''),
	('00000000-0000-0000-0000-000000000000', 'c2c500e0-1f39-4160-9b87-ee079df96791', '{"action":"token_revoked","actor_id":"d1e40c02-9978-46fd-875e-3989537af942","actor_username":"kbisht786@gmail.com","actor_via_sso":false,"log_type":"token"}', '2025-12-01 09:59:01.042758+00', ''),
	('00000000-0000-0000-0000-000000000000', 'b22685a3-54af-403f-aafe-62e5d1869840', '{"action":"token_refreshed","actor_id":"d1e40c02-9978-46fd-875e-3989537af942","actor_username":"kbisht786@gmail.com","actor_via_sso":false,"log_type":"token"}', '2025-12-01 12:31:13.262842+00', ''),
	('00000000-0000-0000-0000-000000000000', 'ca29b30f-5dc8-4095-8174-008c3f398f5a', '{"action":"token_revoked","actor_id":"d1e40c02-9978-46fd-875e-3989537af942","actor_username":"kbisht786@gmail.com","actor_via_sso":false,"log_type":"token"}', '2025-12-01 12:31:13.285266+00', ''),
	('00000000-0000-0000-0000-000000000000', '758d4543-8e12-4134-8ffc-b9dd1519811f', '{"action":"token_refreshed","actor_id":"d1e40c02-9978-46fd-875e-3989537af942","actor_username":"kbisht786@gmail.com","actor_via_sso":false,"log_type":"token"}', '2025-12-01 14:36:48.053669+00', ''),
	('00000000-0000-0000-0000-000000000000', '5cbed834-5f07-4274-a697-0eec633ad7a5', '{"action":"token_revoked","actor_id":"d1e40c02-9978-46fd-875e-3989537af942","actor_username":"kbisht786@gmail.com","actor_via_sso":false,"log_type":"token"}', '2025-12-01 14:36:48.066301+00', ''),
	('00000000-0000-0000-0000-000000000000', 'd0c07fb3-bca9-4f31-9854-7bdb59a775f3', '{"action":"token_refreshed","actor_id":"d1e40c02-9978-46fd-875e-3989537af942","actor_username":"kbisht786@gmail.com","actor_via_sso":false,"log_type":"token"}', '2025-12-01 15:57:58.230835+00', ''),
	('00000000-0000-0000-0000-000000000000', '93453084-fb57-4e16-85a7-cd5bca561335', '{"action":"token_revoked","actor_id":"d1e40c02-9978-46fd-875e-3989537af942","actor_username":"kbisht786@gmail.com","actor_via_sso":false,"log_type":"token"}', '2025-12-01 15:57:58.240009+00', ''),
	('00000000-0000-0000-0000-000000000000', '3bea0aeb-68d3-4eec-97fc-9f8b4e6a8761', '{"action":"user_recovery_requested","actor_id":"73904179-cca9-40ab-a2c4-e509dadbbbbb","actor_username":"ajitkumarpes@gmail.com","actor_via_sso":false,"log_type":"user"}', '2025-12-01 16:00:42.873912+00', ''),
	('00000000-0000-0000-0000-000000000000', 'b64c1437-8a09-4a9b-8833-a301b09f037b', '{"action":"token_refreshed","actor_id":"73904179-cca9-40ab-a2c4-e509dadbbbbb","actor_username":"ajitkumarpes@gmail.com","actor_via_sso":false,"log_type":"token"}', '2025-12-01 16:24:31.140055+00', ''),
	('00000000-0000-0000-0000-000000000000', '7fccfba4-bbc8-43b5-bab4-c1d127d24422', '{"action":"token_revoked","actor_id":"73904179-cca9-40ab-a2c4-e509dadbbbbb","actor_username":"ajitkumarpes@gmail.com","actor_via_sso":false,"log_type":"token"}', '2025-12-01 16:24:31.160327+00', ''),
	('00000000-0000-0000-0000-000000000000', 'caf4bb50-bf96-40e1-8315-ba3d9d6d7636', '{"action":"token_refreshed","actor_id":"d1e40c02-9978-46fd-875e-3989537af942","actor_username":"kbisht786@gmail.com","actor_via_sso":false,"log_type":"token"}', '2025-12-01 17:00:21.949932+00', ''),
	('00000000-0000-0000-0000-000000000000', 'e54fa48b-12a8-45a2-861c-f7f117b38a64', '{"action":"token_revoked","actor_id":"d1e40c02-9978-46fd-875e-3989537af942","actor_username":"kbisht786@gmail.com","actor_via_sso":false,"log_type":"token"}', '2025-12-01 17:00:21.975904+00', ''),
	('00000000-0000-0000-0000-000000000000', '0f5ede3a-fc2b-49a1-8769-03ad338556d5', '{"action":"logout","actor_id":"d1e40c02-9978-46fd-875e-3989537af942","actor_username":"kbisht786@gmail.com","actor_via_sso":false,"log_type":"account"}', '2025-12-01 17:24:03.580817+00', ''),
	('00000000-0000-0000-0000-000000000000', 'c1ed6bc3-5f80-4d56-927d-a3c08fb0cc1d', '{"action":"user_recovery_requested","actor_id":"d1e40c02-9978-46fd-875e-3989537af942","actor_username":"kbisht786@gmail.com","actor_via_sso":false,"log_type":"user"}', '2025-12-01 17:24:09.475583+00', ''),
	('00000000-0000-0000-0000-000000000000', '02dce874-1bbc-4696-b33e-9bdd9cf7e1bd', '{"action":"login","actor_id":"d1e40c02-9978-46fd-875e-3989537af942","actor_username":"kbisht786@gmail.com","actor_via_sso":false,"log_type":"account"}', '2025-12-01 17:24:45.392115+00', ''),
	('00000000-0000-0000-0000-000000000000', 'bfb60ecb-2eac-4416-bfb2-0d2930fc747a', '{"action":"token_refreshed","actor_id":"d1e40c02-9978-46fd-875e-3989537af942","actor_username":"kbisht786@gmail.com","actor_via_sso":false,"log_type":"token"}', '2025-12-02 01:54:50.70926+00', ''),
	('00000000-0000-0000-0000-000000000000', '78c30564-4bd4-46f1-bb6e-9a3a747647a1', '{"action":"token_revoked","actor_id":"d1e40c02-9978-46fd-875e-3989537af942","actor_username":"kbisht786@gmail.com","actor_via_sso":false,"log_type":"token"}', '2025-12-02 01:54:50.726317+00', ''),
	('00000000-0000-0000-0000-000000000000', '02ebaae6-a3e0-4802-9d3f-df815a3797e3', '{"action":"token_refreshed","actor_id":"d1e40c02-9978-46fd-875e-3989537af942","actor_username":"kbisht786@gmail.com","actor_via_sso":false,"log_type":"token"}', '2025-12-02 02:53:55.755023+00', ''),
	('00000000-0000-0000-0000-000000000000', 'd746af4c-8d80-4298-81f4-beaf3af3ec62', '{"action":"token_revoked","actor_id":"d1e40c02-9978-46fd-875e-3989537af942","actor_username":"kbisht786@gmail.com","actor_via_sso":false,"log_type":"token"}', '2025-12-02 02:53:55.770844+00', ''),
	('00000000-0000-0000-0000-000000000000', '02f5cc96-4fcf-4bee-9d1d-b418a424a1b1', '{"action":"token_refreshed","actor_id":"d1e40c02-9978-46fd-875e-3989537af942","actor_username":"kbisht786@gmail.com","actor_via_sso":false,"log_type":"token"}', '2025-12-02 03:52:29.615985+00', ''),
	('00000000-0000-0000-0000-000000000000', 'f159ef5d-002d-4302-80d5-a4cbcc9e39e7', '{"action":"token_revoked","actor_id":"d1e40c02-9978-46fd-875e-3989537af942","actor_username":"kbisht786@gmail.com","actor_via_sso":false,"log_type":"token"}', '2025-12-02 03:52:29.639488+00', ''),
	('00000000-0000-0000-0000-000000000000', '44406d06-e8a0-40b3-b5b2-62a667514856', '{"action":"user_recovery_requested","actor_id":"9540608e-bfc6-4600-8430-c8f59ad423bf","actor_username":"kamal.bisht.1010@gmail.com","actor_via_sso":false,"log_type":"user"}', '2025-12-02 03:54:21.969601+00', ''),
	('00000000-0000-0000-0000-000000000000', '7e820934-3f81-4d2d-9737-526bd7f60d88', '{"action":"login","actor_id":"9540608e-bfc6-4600-8430-c8f59ad423bf","actor_username":"kamal.bisht.1010@gmail.com","actor_via_sso":false,"log_type":"account"}', '2025-12-02 04:03:35.453087+00', ''),
	('00000000-0000-0000-0000-000000000000', '05cc2455-e774-458f-a590-255533cdb3f7', '{"action":"token_refreshed","actor_id":"d1e40c02-9978-46fd-875e-3989537af942","actor_username":"kbisht786@gmail.com","actor_via_sso":false,"log_type":"token"}', '2025-12-02 05:16:44.559894+00', ''),
	('00000000-0000-0000-0000-000000000000', '45050917-979c-4ab4-a3e2-e96399a90db6', '{"action":"token_revoked","actor_id":"d1e40c02-9978-46fd-875e-3989537af942","actor_username":"kbisht786@gmail.com","actor_via_sso":false,"log_type":"token"}', '2025-12-02 05:16:44.580927+00', ''),
	('00000000-0000-0000-0000-000000000000', '45876c3d-320e-468b-866d-cf9cbb131c4b', '{"action":"token_refreshed","actor_id":"d1e40c02-9978-46fd-875e-3989537af942","actor_username":"kbisht786@gmail.com","actor_via_sso":false,"log_type":"token"}', '2025-12-02 06:17:27.392658+00', ''),
	('00000000-0000-0000-0000-000000000000', '0d21b909-00d2-422c-9b36-c6b43fa3c252', '{"action":"token_revoked","actor_id":"d1e40c02-9978-46fd-875e-3989537af942","actor_username":"kbisht786@gmail.com","actor_via_sso":false,"log_type":"token"}', '2025-12-02 06:17:27.413512+00', ''),
	('00000000-0000-0000-0000-000000000000', '00c6770d-faf0-44dd-9452-2967efb81c41', '{"action":"token_refreshed","actor_id":"d1e40c02-9978-46fd-875e-3989537af942","actor_username":"kbisht786@gmail.com","actor_via_sso":false,"log_type":"token"}', '2025-12-02 07:24:58.368206+00', ''),
	('00000000-0000-0000-0000-000000000000', '3d8125e7-94c1-4003-949d-106bed5aa40d', '{"action":"token_revoked","actor_id":"d1e40c02-9978-46fd-875e-3989537af942","actor_username":"kbisht786@gmail.com","actor_via_sso":false,"log_type":"token"}', '2025-12-02 07:24:58.382324+00', ''),
	('00000000-0000-0000-0000-000000000000', 'f5a9df33-5f68-4094-b9ee-fe1ec42411c2', '{"action":"token_refreshed","actor_id":"d1e40c02-9978-46fd-875e-3989537af942","actor_username":"kbisht786@gmail.com","actor_via_sso":false,"log_type":"token"}', '2025-12-02 08:39:04.533885+00', ''),
	('00000000-0000-0000-0000-000000000000', '8167d8dd-54f0-48c2-88a0-0f09b2fc45a9', '{"action":"token_revoked","actor_id":"d1e40c02-9978-46fd-875e-3989537af942","actor_username":"kbisht786@gmail.com","actor_via_sso":false,"log_type":"token"}', '2025-12-02 08:39:04.546464+00', ''),
	('00000000-0000-0000-0000-000000000000', '9d6be437-6eeb-44f5-bda2-3a4f4c3334db', '{"action":"token_refreshed","actor_id":"d1e40c02-9978-46fd-875e-3989537af942","actor_username":"kbisht786@gmail.com","actor_via_sso":false,"log_type":"token"}', '2025-12-02 09:38:42.489463+00', ''),
	('00000000-0000-0000-0000-000000000000', '45ddd74e-ab0d-43b0-bb00-73e9bffc49e3', '{"action":"token_revoked","actor_id":"d1e40c02-9978-46fd-875e-3989537af942","actor_username":"kbisht786@gmail.com","actor_via_sso":false,"log_type":"token"}', '2025-12-02 09:38:42.502632+00', ''),
	('00000000-0000-0000-0000-000000000000', '28c61fa6-5e01-470c-b67a-9fa5ecea50ac', '{"action":"token_refreshed","actor_id":"73904179-cca9-40ab-a2c4-e509dadbbbbb","actor_username":"ajitkumarpes@gmail.com","actor_via_sso":false,"log_type":"token"}', '2025-12-02 09:56:13.521875+00', ''),
	('00000000-0000-0000-0000-000000000000', '487ab641-8886-4ee9-84de-f8d34ae38b08', '{"action":"token_revoked","actor_id":"73904179-cca9-40ab-a2c4-e509dadbbbbb","actor_username":"ajitkumarpes@gmail.com","actor_via_sso":false,"log_type":"token"}', '2025-12-02 09:56:13.543948+00', ''),
	('00000000-0000-0000-0000-000000000000', 'a9e7d210-22bc-4e7b-920d-a3eb3e221f31', '{"action":"token_refreshed","actor_id":"73904179-cca9-40ab-a2c4-e509dadbbbbb","actor_username":"ajitkumarpes@gmail.com","actor_via_sso":false,"log_type":"token"}', '2025-12-02 10:54:38.236596+00', ''),
	('00000000-0000-0000-0000-000000000000', '3d780958-509a-4a7f-a9e9-7fedb237520e', '{"action":"token_revoked","actor_id":"73904179-cca9-40ab-a2c4-e509dadbbbbb","actor_username":"ajitkumarpes@gmail.com","actor_via_sso":false,"log_type":"token"}', '2025-12-02 10:54:38.262995+00', ''),
	('00000000-0000-0000-0000-000000000000', 'df740b9e-0c45-4818-8953-79f3e48e5a89', '{"action":"token_refreshed","actor_id":"d1e40c02-9978-46fd-875e-3989537af942","actor_username":"kbisht786@gmail.com","actor_via_sso":false,"log_type":"token"}', '2025-12-02 18:17:30.218849+00', ''),
	('00000000-0000-0000-0000-000000000000', 'dcebd4e2-8931-4200-b5c0-9370898b279b', '{"action":"token_revoked","actor_id":"d1e40c02-9978-46fd-875e-3989537af942","actor_username":"kbisht786@gmail.com","actor_via_sso":false,"log_type":"token"}', '2025-12-02 18:17:30.230204+00', ''),
	('00000000-0000-0000-0000-000000000000', '6e750452-a176-4986-8c88-583ef5603d59', '{"action":"token_refreshed","actor_id":"d1e40c02-9978-46fd-875e-3989537af942","actor_username":"kbisht786@gmail.com","actor_via_sso":false,"log_type":"token"}', '2025-12-02 19:32:34.17324+00', ''),
	('00000000-0000-0000-0000-000000000000', '3f27feef-c1f0-4058-8bf4-7f6d925a80aa', '{"action":"token_revoked","actor_id":"d1e40c02-9978-46fd-875e-3989537af942","actor_username":"kbisht786@gmail.com","actor_via_sso":false,"log_type":"token"}', '2025-12-02 19:32:34.186851+00', ''),
	('00000000-0000-0000-0000-000000000000', '608ee6cd-f32f-4e1a-841d-09ea9c7f1f81', '{"action":"token_refreshed","actor_id":"d1e40c02-9978-46fd-875e-3989537af942","actor_username":"kbisht786@gmail.com","actor_via_sso":false,"log_type":"token"}', '2025-12-03 03:12:36.364747+00', ''),
	('00000000-0000-0000-0000-000000000000', 'a6fd7c4c-76eb-4d8f-af2b-f6e7771506f6', '{"action":"token_revoked","actor_id":"d1e40c02-9978-46fd-875e-3989537af942","actor_username":"kbisht786@gmail.com","actor_via_sso":false,"log_type":"token"}', '2025-12-03 03:12:36.376383+00', ''),
	('00000000-0000-0000-0000-000000000000', 'cc14469e-9185-413b-aaca-99eafe9e304e', '{"action":"token_refreshed","actor_id":"d1e40c02-9978-46fd-875e-3989537af942","actor_username":"kbisht786@gmail.com","actor_via_sso":false,"log_type":"token"}', '2025-12-03 04:14:15.678895+00', ''),
	('00000000-0000-0000-0000-000000000000', '2b2d9bb4-4be3-432e-afba-3e99b5a9d96d', '{"action":"token_revoked","actor_id":"d1e40c02-9978-46fd-875e-3989537af942","actor_username":"kbisht786@gmail.com","actor_via_sso":false,"log_type":"token"}', '2025-12-03 04:14:15.695557+00', ''),
	('00000000-0000-0000-0000-000000000000', 'e3440e7d-9b9d-4036-9d5d-8f616e357ca2', '{"action":"token_refreshed","actor_id":"d1e40c02-9978-46fd-875e-3989537af942","actor_username":"kbisht786@gmail.com","actor_via_sso":false,"log_type":"token"}', '2025-12-03 05:29:39.200714+00', ''),
	('00000000-0000-0000-0000-000000000000', '8bf504de-3015-49e2-8c5e-ce86971ab9e9', '{"action":"token_revoked","actor_id":"d1e40c02-9978-46fd-875e-3989537af942","actor_username":"kbisht786@gmail.com","actor_via_sso":false,"log_type":"token"}', '2025-12-03 05:29:39.211803+00', ''),
	('00000000-0000-0000-0000-000000000000', '371df4dc-ab29-4075-8556-51774e536060', '{"action":"token_refreshed","actor_id":"d1e40c02-9978-46fd-875e-3989537af942","actor_username":"kbisht786@gmail.com","actor_via_sso":false,"log_type":"token"}', '2025-12-03 07:04:20.691668+00', ''),
	('00000000-0000-0000-0000-000000000000', 'a5c4f82f-dfca-4a43-98c2-3ed7fbb11506', '{"action":"token_revoked","actor_id":"d1e40c02-9978-46fd-875e-3989537af942","actor_username":"kbisht786@gmail.com","actor_via_sso":false,"log_type":"token"}', '2025-12-03 07:04:20.705284+00', ''),
	('00000000-0000-0000-0000-000000000000', 'ad940fe7-8c00-4be5-a20e-00a1d4621831', '{"action":"token_refreshed","actor_id":"d1e40c02-9978-46fd-875e-3989537af942","actor_username":"kbisht786@gmail.com","actor_via_sso":false,"log_type":"token"}', '2025-12-03 08:24:32.011175+00', ''),
	('00000000-0000-0000-0000-000000000000', '65d0dc2d-9b06-4bfd-a8b6-b06cf8b8ceba', '{"action":"token_revoked","actor_id":"d1e40c02-9978-46fd-875e-3989537af942","actor_username":"kbisht786@gmail.com","actor_via_sso":false,"log_type":"token"}', '2025-12-03 08:24:32.046021+00', ''),
	('00000000-0000-0000-0000-000000000000', '29440f95-b8fb-40bb-9cdd-94d5af57b748', '{"action":"user_recovery_requested","actor_id":"73904179-cca9-40ab-a2c4-e509dadbbbbb","actor_username":"ajitkumarpes@gmail.com","actor_via_sso":false,"log_type":"user"}', '2025-12-03 08:32:10.48053+00', ''),
	('00000000-0000-0000-0000-000000000000', '54e898bd-4c17-42b6-99c9-007881d2ec53', '{"action":"login","actor_id":"73904179-cca9-40ab-a2c4-e509dadbbbbb","actor_username":"ajitkumarpes@gmail.com","actor_via_sso":false,"log_type":"account"}', '2025-12-03 08:32:26.438236+00', ''),
	('00000000-0000-0000-0000-000000000000', '65df04f0-a0b1-441b-9b51-e7d1aa41b0c4', '{"action":"token_refreshed","actor_id":"d1e40c02-9978-46fd-875e-3989537af942","actor_username":"kbisht786@gmail.com","actor_via_sso":false,"log_type":"token"}', '2025-12-03 10:42:19.232137+00', ''),
	('00000000-0000-0000-0000-000000000000', '76ad5ce2-5959-42bc-b26e-1d300aea490c', '{"action":"token_revoked","actor_id":"d1e40c02-9978-46fd-875e-3989537af942","actor_username":"kbisht786@gmail.com","actor_via_sso":false,"log_type":"token"}', '2025-12-03 10:42:19.242385+00', ''),
	('00000000-0000-0000-0000-000000000000', '7ce71196-e641-40ad-af4d-33d22fd90e49', '{"action":"token_refreshed","actor_id":"d1e40c02-9978-46fd-875e-3989537af942","actor_username":"kbisht786@gmail.com","actor_via_sso":false,"log_type":"token"}', '2025-12-03 11:40:49.908696+00', ''),
	('00000000-0000-0000-0000-000000000000', 'a3bbd11b-84b8-462b-9d3e-823910ee00cc', '{"action":"token_revoked","actor_id":"d1e40c02-9978-46fd-875e-3989537af942","actor_username":"kbisht786@gmail.com","actor_via_sso":false,"log_type":"token"}', '2025-12-03 11:40:49.918104+00', ''),
	('00000000-0000-0000-0000-000000000000', 'b2474d36-cd46-4fc3-8936-5b2016a33a02', '{"action":"token_refreshed","actor_id":"d1e40c02-9978-46fd-875e-3989537af942","actor_username":"kbisht786@gmail.com","actor_via_sso":false,"log_type":"token"}', '2025-12-03 12:40:11.727244+00', ''),
	('00000000-0000-0000-0000-000000000000', '03a7d9ac-684b-458e-bb6e-b34716a2d452', '{"action":"token_revoked","actor_id":"d1e40c02-9978-46fd-875e-3989537af942","actor_username":"kbisht786@gmail.com","actor_via_sso":false,"log_type":"token"}', '2025-12-03 12:40:11.746599+00', ''),
	('00000000-0000-0000-0000-000000000000', '94c5fdc9-a734-4202-9941-3ec8ff0d9a8f', '{"action":"user_recovery_requested","actor_id":"d1e40c02-9978-46fd-875e-3989537af942","actor_username":"kbisht786@gmail.com","actor_via_sso":false,"log_type":"user"}', '2025-12-03 13:11:03.035401+00', ''),
	('00000000-0000-0000-0000-000000000000', 'a4d58099-6eb3-4864-8f16-06dda6c6e2be', '{"action":"login","actor_id":"d1e40c02-9978-46fd-875e-3989537af942","actor_username":"kbisht786@gmail.com","actor_via_sso":false,"log_type":"account"}', '2025-12-03 13:12:21.850246+00', ''),
	('00000000-0000-0000-0000-000000000000', '28c9adaf-fc4e-49c4-9d52-709ea61be222', '{"action":"token_refreshed","actor_id":"d1e40c02-9978-46fd-875e-3989537af942","actor_username":"kbisht786@gmail.com","actor_via_sso":false,"log_type":"token"}', '2025-12-03 13:48:49.46556+00', ''),
	('00000000-0000-0000-0000-000000000000', 'abfed6fd-fd85-4d3b-b907-eceb9cdec0e9', '{"action":"token_revoked","actor_id":"d1e40c02-9978-46fd-875e-3989537af942","actor_username":"kbisht786@gmail.com","actor_via_sso":false,"log_type":"token"}', '2025-12-03 13:48:49.483438+00', ''),
	('00000000-0000-0000-0000-000000000000', 'fc802250-13c4-442a-bf91-bb93e3e29583', '{"action":"token_refreshed","actor_id":"d1e40c02-9978-46fd-875e-3989537af942","actor_username":"kbisht786@gmail.com","actor_via_sso":false,"log_type":"token"}', '2025-12-03 15:28:24.975835+00', ''),
	('00000000-0000-0000-0000-000000000000', '2c0398d4-acdb-435c-9637-d6802a7c3286', '{"action":"token_revoked","actor_id":"d1e40c02-9978-46fd-875e-3989537af942","actor_username":"kbisht786@gmail.com","actor_via_sso":false,"log_type":"token"}', '2025-12-03 15:28:24.986941+00', ''),
	('00000000-0000-0000-0000-000000000000', 'ec52500c-61db-4a39-b1d0-bcf388347d8e', '{"action":"token_refreshed","actor_id":"73904179-cca9-40ab-a2c4-e509dadbbbbb","actor_username":"ajitkumarpes@gmail.com","actor_via_sso":false,"log_type":"token"}', '2025-12-07 18:56:37.090761+00', ''),
	('00000000-0000-0000-0000-000000000000', '12920c89-60aa-422c-a0fc-dbad12b20353', '{"action":"token_revoked","actor_id":"73904179-cca9-40ab-a2c4-e509dadbbbbb","actor_username":"ajitkumarpes@gmail.com","actor_via_sso":false,"log_type":"token"}', '2025-12-07 18:56:37.120138+00', ''),
	('00000000-0000-0000-0000-000000000000', 'e6c89f77-c234-4b2c-a572-af0d1075c035', '{"action":"user_recovery_requested","actor_id":"73904179-cca9-40ab-a2c4-e509dadbbbbb","actor_username":"ajitkumarpes@gmail.com","actor_via_sso":false,"log_type":"user"}', '2025-12-07 18:57:00.354966+00', ''),
	('00000000-0000-0000-0000-000000000000', 'fe6e5a79-3de8-4d76-939f-ece626b64a6b', '{"action":"login","actor_id":"73904179-cca9-40ab-a2c4-e509dadbbbbb","actor_username":"ajitkumarpes@gmail.com","actor_via_sso":false,"log_type":"account"}', '2025-12-07 18:57:13.821333+00', ''),
	('00000000-0000-0000-0000-000000000000', 'e734e3b5-fbaa-4a23-95fb-d5d04d71b7e4', '{"action":"token_refreshed","actor_id":"d1e40c02-9978-46fd-875e-3989537af942","actor_username":"kbisht786@gmail.com","actor_via_sso":false,"log_type":"token"}', '2025-12-08 02:40:10.894896+00', ''),
	('00000000-0000-0000-0000-000000000000', '8e6eff07-4d5e-44ac-b88b-800a8c52e64d', '{"action":"token_revoked","actor_id":"d1e40c02-9978-46fd-875e-3989537af942","actor_username":"kbisht786@gmail.com","actor_via_sso":false,"log_type":"token"}', '2025-12-08 02:40:10.919843+00', ''),
	('00000000-0000-0000-0000-000000000000', '44350b3f-c288-47a7-ae50-998650823d73', '{"action":"token_refreshed","actor_id":"73904179-cca9-40ab-a2c4-e509dadbbbbb","actor_username":"ajitkumarpes@gmail.com","actor_via_sso":false,"log_type":"token"}', '2025-12-08 04:30:54.334384+00', ''),
	('00000000-0000-0000-0000-000000000000', 'c1449c56-8cbd-46d5-a42e-4c2bacd4b8d0', '{"action":"token_revoked","actor_id":"73904179-cca9-40ab-a2c4-e509dadbbbbb","actor_username":"ajitkumarpes@gmail.com","actor_via_sso":false,"log_type":"token"}', '2025-12-08 04:30:54.358132+00', ''),
	('00000000-0000-0000-0000-000000000000', '37617031-d523-474b-8f75-8b7d1c9f1fa9', '{"action":"token_refreshed","actor_id":"73904179-cca9-40ab-a2c4-e509dadbbbbb","actor_username":"ajitkumarpes@gmail.com","actor_via_sso":false,"log_type":"token"}', '2025-12-08 06:30:45.45163+00', ''),
	('00000000-0000-0000-0000-000000000000', '29bbb4a4-711b-43fd-ba19-85b94229eaae', '{"action":"token_revoked","actor_id":"73904179-cca9-40ab-a2c4-e509dadbbbbb","actor_username":"ajitkumarpes@gmail.com","actor_via_sso":false,"log_type":"token"}', '2025-12-08 06:30:45.467994+00', ''),
	('00000000-0000-0000-0000-000000000000', '57ab0366-9dfd-4efd-8477-422b0a5ed9cf', '{"action":"token_refreshed","actor_id":"73904179-cca9-40ab-a2c4-e509dadbbbbb","actor_username":"ajitkumarpes@gmail.com","actor_via_sso":false,"log_type":"token"}', '2025-12-08 10:25:40.509038+00', ''),
	('00000000-0000-0000-0000-000000000000', '562bbc08-0962-4c28-8844-fe990e8a2597', '{"action":"token_revoked","actor_id":"73904179-cca9-40ab-a2c4-e509dadbbbbb","actor_username":"ajitkumarpes@gmail.com","actor_via_sso":false,"log_type":"token"}', '2025-12-08 10:25:40.526447+00', ''),
	('00000000-0000-0000-0000-000000000000', '8ec9c859-3b40-4157-abf8-5d1011ff2bb1', '{"action":"token_refreshed","actor_id":"73904179-cca9-40ab-a2c4-e509dadbbbbb","actor_username":"ajitkumarpes@gmail.com","actor_via_sso":false,"log_type":"token"}', '2025-12-08 15:19:10.430438+00', ''),
	('00000000-0000-0000-0000-000000000000', '6efed2d6-5376-436c-b283-f4cf8402dd44', '{"action":"token_revoked","actor_id":"73904179-cca9-40ab-a2c4-e509dadbbbbb","actor_username":"ajitkumarpes@gmail.com","actor_via_sso":false,"log_type":"token"}', '2025-12-08 15:19:10.454783+00', ''),
	('00000000-0000-0000-0000-000000000000', 'a6965531-9f24-41b6-b658-f08b93626906', '{"action":"token_refreshed","actor_id":"d1e40c02-9978-46fd-875e-3989537af942","actor_username":"kbisht786@gmail.com","actor_via_sso":false,"log_type":"token"}', '2025-12-08 19:50:35.32582+00', ''),
	('00000000-0000-0000-0000-000000000000', 'bb364cf8-e399-412c-9a22-027ec4f2e9fc', '{"action":"token_revoked","actor_id":"d1e40c02-9978-46fd-875e-3989537af942","actor_username":"kbisht786@gmail.com","actor_via_sso":false,"log_type":"token"}', '2025-12-08 19:50:35.354584+00', ''),
	('00000000-0000-0000-0000-000000000000', '4efe0f28-8df1-450b-959e-22fbffb126fb', '{"action":"token_refreshed","actor_id":"d1e40c02-9978-46fd-875e-3989537af942","actor_username":"kbisht786@gmail.com","actor_via_sso":false,"log_type":"token"}', '2025-12-09 02:57:39.339798+00', ''),
	('00000000-0000-0000-0000-000000000000', '0fa1c458-0c12-4248-b564-6a75341fc1ff', '{"action":"token_revoked","actor_id":"d1e40c02-9978-46fd-875e-3989537af942","actor_username":"kbisht786@gmail.com","actor_via_sso":false,"log_type":"token"}', '2025-12-09 02:57:39.364657+00', ''),
	('00000000-0000-0000-0000-000000000000', '08da5e05-f312-47d9-b74c-93aa9f63bb82', '{"action":"token_refreshed","actor_id":"d1e40c02-9978-46fd-875e-3989537af942","actor_username":"kbisht786@gmail.com","actor_via_sso":false,"log_type":"token"}', '2025-12-09 02:59:25.164559+00', ''),
	('00000000-0000-0000-0000-000000000000', 'df77437e-b063-4fa7-84f3-d38c808f87dd', '{"action":"token_revoked","actor_id":"d1e40c02-9978-46fd-875e-3989537af942","actor_username":"kbisht786@gmail.com","actor_via_sso":false,"log_type":"token"}', '2025-12-09 02:59:25.166256+00', ''),
	('00000000-0000-0000-0000-000000000000', 'e1404143-fcdf-4bf6-8127-deaa64f5b6d2', '{"action":"token_refreshed","actor_id":"d1e40c02-9978-46fd-875e-3989537af942","actor_username":"kbisht786@gmail.com","actor_via_sso":false,"log_type":"token"}', '2025-12-09 03:59:12.259676+00', ''),
	('00000000-0000-0000-0000-000000000000', '0e3ce6fb-a0c3-4d5f-90ed-e07489957bb8', '{"action":"token_revoked","actor_id":"d1e40c02-9978-46fd-875e-3989537af942","actor_username":"kbisht786@gmail.com","actor_via_sso":false,"log_type":"token"}', '2025-12-09 03:59:12.285377+00', ''),
	('00000000-0000-0000-0000-000000000000', '27075f18-155b-43f1-ada5-69e69f1dc1a2', '{"action":"token_refreshed","actor_id":"d1e40c02-9978-46fd-875e-3989537af942","actor_username":"kbisht786@gmail.com","actor_via_sso":false,"log_type":"token"}', '2025-12-09 04:57:49.249677+00', ''),
	('00000000-0000-0000-0000-000000000000', 'e7b157ad-64c9-4917-ba19-001e07628400', '{"action":"token_revoked","actor_id":"d1e40c02-9978-46fd-875e-3989537af942","actor_username":"kbisht786@gmail.com","actor_via_sso":false,"log_type":"token"}', '2025-12-09 04:57:49.276332+00', ''),
	('00000000-0000-0000-0000-000000000000', 'ea178540-ab37-4c40-8e3b-820cc17820cf', '{"action":"token_refreshed","actor_id":"d1e40c02-9978-46fd-875e-3989537af942","actor_username":"kbisht786@gmail.com","actor_via_sso":false,"log_type":"token"}', '2025-12-09 06:09:44.413629+00', ''),
	('00000000-0000-0000-0000-000000000000', 'f2686b86-1f80-44a2-a70f-a581e782ba5f', '{"action":"token_revoked","actor_id":"d1e40c02-9978-46fd-875e-3989537af942","actor_username":"kbisht786@gmail.com","actor_via_sso":false,"log_type":"token"}', '2025-12-09 06:09:44.423149+00', ''),
	('00000000-0000-0000-0000-000000000000', '6bd1554f-777f-46e2-9bce-627ab0a513ca', '{"action":"token_refreshed","actor_id":"d1e40c02-9978-46fd-875e-3989537af942","actor_username":"kbisht786@gmail.com","actor_via_sso":false,"log_type":"token"}', '2025-12-09 07:23:13.370047+00', ''),
	('00000000-0000-0000-0000-000000000000', 'ed1e852d-0298-434f-8442-0556ad65ef87', '{"action":"token_revoked","actor_id":"d1e40c02-9978-46fd-875e-3989537af942","actor_username":"kbisht786@gmail.com","actor_via_sso":false,"log_type":"token"}', '2025-12-09 07:23:13.395311+00', ''),
	('00000000-0000-0000-0000-000000000000', '7ca7fab1-3460-4778-9d24-991d50eb475b', '{"action":"token_refreshed","actor_id":"d1e40c02-9978-46fd-875e-3989537af942","actor_username":"kbisht786@gmail.com","actor_via_sso":false,"log_type":"token"}', '2025-12-09 08:22:24.459336+00', ''),
	('00000000-0000-0000-0000-000000000000', 'e9aead71-0a4b-4160-92ad-bb31f8ac2d0a', '{"action":"token_revoked","actor_id":"d1e40c02-9978-46fd-875e-3989537af942","actor_username":"kbisht786@gmail.com","actor_via_sso":false,"log_type":"token"}', '2025-12-09 08:22:24.479929+00', ''),
	('00000000-0000-0000-0000-000000000000', '5116037c-8b29-4f7b-8310-15aad35e7cd2', '{"action":"logout","actor_id":"d1e40c02-9978-46fd-875e-3989537af942","actor_username":"kbisht786@gmail.com","actor_via_sso":false,"log_type":"account"}', '2025-12-09 09:11:10.9519+00', ''),
	('00000000-0000-0000-0000-000000000000', '177aeec9-f775-4a90-bff1-b604cdfbb1e1', '{"action":"user_recovery_requested","actor_id":"d1e40c02-9978-46fd-875e-3989537af942","actor_username":"kbisht786@gmail.com","actor_via_sso":false,"log_type":"user"}', '2025-12-09 10:57:07.121017+00', ''),
	('00000000-0000-0000-0000-000000000000', 'e9ba9c0a-09f5-45b1-989e-37f0545bc164', '{"action":"login","actor_id":"d1e40c02-9978-46fd-875e-3989537af942","actor_username":"kbisht786@gmail.com","actor_via_sso":false,"log_type":"account"}', '2025-12-09 10:57:42.394338+00', ''),
	('00000000-0000-0000-0000-000000000000', '5cc25e7b-3c88-4f80-849b-74d4e9fc92ea', '{"action":"token_refreshed","actor_id":"d1e40c02-9978-46fd-875e-3989537af942","actor_username":"kbisht786@gmail.com","actor_via_sso":false,"log_type":"token"}', '2025-12-09 11:59:54.170144+00', ''),
	('00000000-0000-0000-0000-000000000000', '8a798d81-05a0-48ab-be88-61965785f3ee', '{"action":"token_revoked","actor_id":"d1e40c02-9978-46fd-875e-3989537af942","actor_username":"kbisht786@gmail.com","actor_via_sso":false,"log_type":"token"}', '2025-12-09 11:59:54.20114+00', ''),
	('00000000-0000-0000-0000-000000000000', '0626f9fa-76dd-4c52-b7ca-e140ff3a45dc', '{"action":"token_refreshed","actor_id":"d1e40c02-9978-46fd-875e-3989537af942","actor_username":"kbisht786@gmail.com","actor_via_sso":false,"log_type":"token"}', '2025-12-09 13:07:33.772436+00', ''),
	('00000000-0000-0000-0000-000000000000', '262a8a78-07c4-4e52-adb1-920da2b728f3', '{"action":"token_revoked","actor_id":"d1e40c02-9978-46fd-875e-3989537af942","actor_username":"kbisht786@gmail.com","actor_via_sso":false,"log_type":"token"}', '2025-12-09 13:07:33.799516+00', ''),
	('00000000-0000-0000-0000-000000000000', 'e50c1a43-07f2-439f-b6fa-032c1a955a9e', '{"action":"token_refreshed","actor_id":"d1e40c02-9978-46fd-875e-3989537af942","actor_username":"kbisht786@gmail.com","actor_via_sso":false,"log_type":"token"}', '2025-12-09 17:26:35.999053+00', ''),
	('00000000-0000-0000-0000-000000000000', '7f6aff5a-87cb-4724-82dc-16065e73a714', '{"action":"token_revoked","actor_id":"d1e40c02-9978-46fd-875e-3989537af942","actor_username":"kbisht786@gmail.com","actor_via_sso":false,"log_type":"token"}', '2025-12-09 17:26:36.028893+00', ''),
	('00000000-0000-0000-0000-000000000000', '64526296-9fa5-4106-887a-6ea240f482e6', '{"action":"token_refreshed","actor_id":"d1e40c02-9978-46fd-875e-3989537af942","actor_username":"kbisht786@gmail.com","actor_via_sso":false,"log_type":"token"}', '2025-12-09 18:41:03.752177+00', ''),
	('00000000-0000-0000-0000-000000000000', 'f13948e7-8027-44af-bf08-8f3d61bf6333', '{"action":"token_revoked","actor_id":"d1e40c02-9978-46fd-875e-3989537af942","actor_username":"kbisht786@gmail.com","actor_via_sso":false,"log_type":"token"}', '2025-12-09 18:41:03.780368+00', ''),
	('00000000-0000-0000-0000-000000000000', 'a638fff3-3ca0-46c9-8cc8-063a1ca635d7', '{"action":"token_refreshed","actor_id":"73904179-cca9-40ab-a2c4-e509dadbbbbb","actor_username":"ajitkumarpes@gmail.com","actor_via_sso":false,"log_type":"token"}', '2025-12-09 19:04:28.129954+00', ''),
	('00000000-0000-0000-0000-000000000000', 'e5654966-1315-47d8-b17c-f9f81ffbca33', '{"action":"token_revoked","actor_id":"73904179-cca9-40ab-a2c4-e509dadbbbbb","actor_username":"ajitkumarpes@gmail.com","actor_via_sso":false,"log_type":"token"}', '2025-12-09 19:04:28.144045+00', ''),
	('00000000-0000-0000-0000-000000000000', '5270fcb2-f328-45ea-9fec-a1dcfd24b59e', '{"action":"token_refreshed","actor_id":"73904179-cca9-40ab-a2c4-e509dadbbbbb","actor_username":"ajitkumarpes@gmail.com","actor_via_sso":false,"log_type":"token"}', '2025-12-10 04:57:25.831739+00', ''),
	('00000000-0000-0000-0000-000000000000', 'cef58ff0-eb2a-4402-bf3b-b38f689be762', '{"action":"token_revoked","actor_id":"73904179-cca9-40ab-a2c4-e509dadbbbbb","actor_username":"ajitkumarpes@gmail.com","actor_via_sso":false,"log_type":"token"}', '2025-12-10 04:57:25.857941+00', ''),
	('00000000-0000-0000-0000-000000000000', 'ee1dc180-9229-4653-b230-8a81290a8ad5', '{"action":"token_refreshed","actor_id":"73904179-cca9-40ab-a2c4-e509dadbbbbb","actor_username":"ajitkumarpes@gmail.com","actor_via_sso":false,"log_type":"token"}', '2025-12-11 16:11:09.745615+00', ''),
	('00000000-0000-0000-0000-000000000000', 'bddc25e7-4245-45bd-b177-89ab13076f8d', '{"action":"token_revoked","actor_id":"73904179-cca9-40ab-a2c4-e509dadbbbbb","actor_username":"ajitkumarpes@gmail.com","actor_via_sso":false,"log_type":"token"}', '2025-12-11 16:11:09.774254+00', ''),
	('00000000-0000-0000-0000-000000000000', 'a66cb975-3e80-4765-b9d7-16540896c96a', '{"action":"user_recovery_requested","actor_id":"73904179-cca9-40ab-a2c4-e509dadbbbbb","actor_username":"ajitkumarpes@gmail.com","actor_via_sso":false,"log_type":"user"}', '2025-12-14 14:49:39.479885+00', ''),
	('00000000-0000-0000-0000-000000000000', 'a8696622-4d6d-480d-ae8e-fb18a4ea5e0d', '{"action":"login","actor_id":"73904179-cca9-40ab-a2c4-e509dadbbbbb","actor_username":"ajitkumarpes@gmail.com","actor_via_sso":false,"log_type":"account"}', '2025-12-14 14:49:59.623549+00', ''),
	('00000000-0000-0000-0000-000000000000', '7bbe7f30-01e3-4ec0-b699-abd380d053d1', '{"action":"token_refreshed","actor_id":"73904179-cca9-40ab-a2c4-e509dadbbbbb","actor_username":"ajitkumarpes@gmail.com","actor_via_sso":false,"log_type":"token"}', '2025-12-14 15:56:21.436224+00', ''),
	('00000000-0000-0000-0000-000000000000', '4e78d23b-7f35-42f1-b574-e5e4fc4afe96', '{"action":"token_revoked","actor_id":"73904179-cca9-40ab-a2c4-e509dadbbbbb","actor_username":"ajitkumarpes@gmail.com","actor_via_sso":false,"log_type":"token"}', '2025-12-14 15:56:21.456401+00', ''),
	('00000000-0000-0000-0000-000000000000', 'e5271b65-9955-4bf5-84b4-166482f39440', '{"action":"token_refreshed","actor_id":"73904179-cca9-40ab-a2c4-e509dadbbbbb","actor_username":"ajitkumarpes@gmail.com","actor_via_sso":false,"log_type":"token"}', '2025-12-14 17:59:52.293941+00', ''),
	('00000000-0000-0000-0000-000000000000', 'ae65289f-311e-4301-b28e-de19a787596b', '{"action":"token_revoked","actor_id":"73904179-cca9-40ab-a2c4-e509dadbbbbb","actor_username":"ajitkumarpes@gmail.com","actor_via_sso":false,"log_type":"token"}', '2025-12-14 17:59:52.306044+00', ''),
	('00000000-0000-0000-0000-000000000000', 'c8b76923-0572-4158-bcca-98a8044289f0', '{"action":"user_recovery_requested","actor_id":"73904179-cca9-40ab-a2c4-e509dadbbbbb","actor_username":"ajitkumarpes@gmail.com","actor_via_sso":false,"log_type":"user"}', '2025-12-14 18:00:22.460133+00', ''),
	('00000000-0000-0000-0000-000000000000', '4743ff4e-e59a-4056-abba-a5f1c813463e', '{"action":"login","actor_id":"73904179-cca9-40ab-a2c4-e509dadbbbbb","actor_username":"ajitkumarpes@gmail.com","actor_via_sso":false,"log_type":"account"}', '2025-12-14 18:00:41.786299+00', ''),
	('00000000-0000-0000-0000-000000000000', '52aad7b7-3c95-4453-8b94-6aa113c7dc88', '{"action":"token_refreshed","actor_id":"73904179-cca9-40ab-a2c4-e509dadbbbbb","actor_username":"ajitkumarpes@gmail.com","actor_via_sso":false,"log_type":"token"}', '2025-12-15 05:42:11.928522+00', ''),
	('00000000-0000-0000-0000-000000000000', '1fc656d4-877d-4cbe-9ae1-0b04f3cbee60', '{"action":"token_revoked","actor_id":"73904179-cca9-40ab-a2c4-e509dadbbbbb","actor_username":"ajitkumarpes@gmail.com","actor_via_sso":false,"log_type":"token"}', '2025-12-15 05:42:11.955926+00', ''),
	('00000000-0000-0000-0000-000000000000', '4bd248cf-05e0-42e6-b750-983e5125e995', '{"action":"token_refreshed","actor_id":"73904179-cca9-40ab-a2c4-e509dadbbbbb","actor_username":"ajitkumarpes@gmail.com","actor_via_sso":false,"log_type":"token"}', '2025-12-15 08:38:30.680916+00', ''),
	('00000000-0000-0000-0000-000000000000', 'c9b341f8-7926-424e-9cb0-8ae490afe6b5', '{"action":"token_revoked","actor_id":"73904179-cca9-40ab-a2c4-e509dadbbbbb","actor_username":"ajitkumarpes@gmail.com","actor_via_sso":false,"log_type":"token"}', '2025-12-15 08:38:30.694159+00', ''),
	('00000000-0000-0000-0000-000000000000', '65718286-9d68-4447-8149-cfacd6e80d95', '{"action":"token_refreshed","actor_id":"73904179-cca9-40ab-a2c4-e509dadbbbbb","actor_username":"ajitkumarpes@gmail.com","actor_via_sso":false,"log_type":"token"}', '2025-12-15 09:38:53.352066+00', ''),
	('00000000-0000-0000-0000-000000000000', '11b1e113-6792-4e18-a1d7-7e0725c9558a', '{"action":"token_revoked","actor_id":"73904179-cca9-40ab-a2c4-e509dadbbbbb","actor_username":"ajitkumarpes@gmail.com","actor_via_sso":false,"log_type":"token"}', '2025-12-15 09:38:53.378799+00', ''),
	('00000000-0000-0000-0000-000000000000', '1a2c668f-3f13-4b6d-9324-c65fb5b30224', '{"action":"token_refreshed","actor_id":"73904179-cca9-40ab-a2c4-e509dadbbbbb","actor_username":"ajitkumarpes@gmail.com","actor_via_sso":false,"log_type":"token"}', '2025-12-15 13:46:37.618385+00', ''),
	('00000000-0000-0000-0000-000000000000', '2e1ba57d-6728-4937-91ce-6e036ac060ef', '{"action":"token_revoked","actor_id":"73904179-cca9-40ab-a2c4-e509dadbbbbb","actor_username":"ajitkumarpes@gmail.com","actor_via_sso":false,"log_type":"token"}', '2025-12-15 13:46:37.647077+00', ''),
	('00000000-0000-0000-0000-000000000000', '97899d03-8181-4cc6-a249-071ede21e367', '{"action":"token_refreshed","actor_id":"73904179-cca9-40ab-a2c4-e509dadbbbbb","actor_username":"ajitkumarpes@gmail.com","actor_via_sso":false,"log_type":"token"}', '2025-12-15 14:46:25.882954+00', ''),
	('00000000-0000-0000-0000-000000000000', 'a4f23e99-66f4-4713-abc1-a2d0ac8aeb72', '{"action":"token_revoked","actor_id":"73904179-cca9-40ab-a2c4-e509dadbbbbb","actor_username":"ajitkumarpes@gmail.com","actor_via_sso":false,"log_type":"token"}', '2025-12-15 14:46:25.892641+00', ''),
	('00000000-0000-0000-0000-000000000000', 'e4d2a59a-2122-4d26-8224-c0b771af87e8', '{"action":"token_refreshed","actor_id":"73904179-cca9-40ab-a2c4-e509dadbbbbb","actor_username":"ajitkumarpes@gmail.com","actor_via_sso":false,"log_type":"token"}', '2025-12-15 16:29:10.61916+00', ''),
	('00000000-0000-0000-0000-000000000000', 'd949a29d-f7aa-4265-a156-e63e4f7a8131', '{"action":"token_revoked","actor_id":"73904179-cca9-40ab-a2c4-e509dadbbbbb","actor_username":"ajitkumarpes@gmail.com","actor_via_sso":false,"log_type":"token"}', '2025-12-15 16:29:10.646536+00', ''),
	('00000000-0000-0000-0000-000000000000', 'a3362a43-be4c-44a9-93f9-9fbf66584318', '{"action":"token_refreshed","actor_id":"73904179-cca9-40ab-a2c4-e509dadbbbbb","actor_username":"ajitkumarpes@gmail.com","actor_via_sso":false,"log_type":"token"}', '2025-12-15 17:48:02.730491+00', ''),
	('00000000-0000-0000-0000-000000000000', '427f391b-b6d9-444b-9fb9-2a7309b9374f', '{"action":"token_revoked","actor_id":"73904179-cca9-40ab-a2c4-e509dadbbbbb","actor_username":"ajitkumarpes@gmail.com","actor_via_sso":false,"log_type":"token"}', '2025-12-15 17:48:02.752427+00', ''),
	('00000000-0000-0000-0000-000000000000', '902726fa-c8f2-423b-a460-bd83d0da716f', '{"action":"token_refreshed","actor_id":"73904179-cca9-40ab-a2c4-e509dadbbbbb","actor_username":"ajitkumarpes@gmail.com","actor_via_sso":false,"log_type":"token"}', '2025-12-15 21:52:51.85923+00', ''),
	('00000000-0000-0000-0000-000000000000', 'edaaa030-31fd-4508-9fbb-7585a025d6f2', '{"action":"token_revoked","actor_id":"73904179-cca9-40ab-a2c4-e509dadbbbbb","actor_username":"ajitkumarpes@gmail.com","actor_via_sso":false,"log_type":"token"}', '2025-12-15 21:52:51.875856+00', ''),
	('00000000-0000-0000-0000-000000000000', '1c5066ee-f771-4725-bd6e-b92d1dc5043c', '{"action":"token_refreshed","actor_id":"73904179-cca9-40ab-a2c4-e509dadbbbbb","actor_username":"ajitkumarpes@gmail.com","actor_via_sso":false,"log_type":"token"}', '2025-12-15 22:53:59.753523+00', ''),
	('00000000-0000-0000-0000-000000000000', '3a6a335b-ca96-4e81-8dff-233e0547e6f0', '{"action":"token_revoked","actor_id":"73904179-cca9-40ab-a2c4-e509dadbbbbb","actor_username":"ajitkumarpes@gmail.com","actor_via_sso":false,"log_type":"token"}', '2025-12-15 22:53:59.856369+00', ''),
	('00000000-0000-0000-0000-000000000000', '24e24bd0-d835-477f-84f8-f2d21278afa6', '{"action":"token_refreshed","actor_id":"73904179-cca9-40ab-a2c4-e509dadbbbbb","actor_username":"ajitkumarpes@gmail.com","actor_via_sso":false,"log_type":"token"}', '2025-12-15 22:54:00.063222+00', ''),
	('00000000-0000-0000-0000-000000000000', '2c88e0e9-85e2-4f5c-84d9-e81c6e437320', '{"action":"token_refreshed","actor_id":"73904179-cca9-40ab-a2c4-e509dadbbbbb","actor_username":"ajitkumarpes@gmail.com","actor_via_sso":false,"log_type":"token"}', '2025-12-15 23:55:07.736403+00', ''),
	('00000000-0000-0000-0000-000000000000', 'dc46f9b6-a1ab-40f5-bd2f-5f9846bcd7be', '{"action":"token_revoked","actor_id":"73904179-cca9-40ab-a2c4-e509dadbbbbb","actor_username":"ajitkumarpes@gmail.com","actor_via_sso":false,"log_type":"token"}', '2025-12-15 23:55:07.746113+00', ''),
	('00000000-0000-0000-0000-000000000000', '4ffd9449-309e-4ff7-bd5f-82240ef1dcac', '{"action":"token_refreshed","actor_id":"73904179-cca9-40ab-a2c4-e509dadbbbbb","actor_username":"ajitkumarpes@gmail.com","actor_via_sso":false,"log_type":"token"}', '2025-12-16 00:56:16.705652+00', ''),
	('00000000-0000-0000-0000-000000000000', '41f39b57-925b-410c-8594-af3347c955f9', '{"action":"token_revoked","actor_id":"73904179-cca9-40ab-a2c4-e509dadbbbbb","actor_username":"ajitkumarpes@gmail.com","actor_via_sso":false,"log_type":"token"}', '2025-12-16 00:56:16.73085+00', ''),
	('00000000-0000-0000-0000-000000000000', '9613e640-8a1b-4a52-b555-5f9397a2cfcd', '{"action":"token_refreshed","actor_id":"73904179-cca9-40ab-a2c4-e509dadbbbbb","actor_username":"ajitkumarpes@gmail.com","actor_via_sso":false,"log_type":"token"}', '2025-12-16 01:57:25.121046+00', ''),
	('00000000-0000-0000-0000-000000000000', '8c6efc67-84a8-439f-89b4-193c4a6792a7', '{"action":"token_revoked","actor_id":"73904179-cca9-40ab-a2c4-e509dadbbbbb","actor_username":"ajitkumarpes@gmail.com","actor_via_sso":false,"log_type":"token"}', '2025-12-16 01:57:25.134082+00', ''),
	('00000000-0000-0000-0000-000000000000', 'cde28eda-86fb-47ec-90ed-6f482733c901', '{"action":"token_refreshed","actor_id":"73904179-cca9-40ab-a2c4-e509dadbbbbb","actor_username":"ajitkumarpes@gmail.com","actor_via_sso":false,"log_type":"token"}', '2025-12-16 02:58:33.666491+00', ''),
	('00000000-0000-0000-0000-000000000000', '8cd548df-d564-4913-abe7-cd337021f86c', '{"action":"token_revoked","actor_id":"73904179-cca9-40ab-a2c4-e509dadbbbbb","actor_username":"ajitkumarpes@gmail.com","actor_via_sso":false,"log_type":"token"}', '2025-12-16 02:58:33.677449+00', ''),
	('00000000-0000-0000-0000-000000000000', '659219d0-bcf1-4da2-b9ac-b7fd2482d0ee', '{"action":"token_refreshed","actor_id":"73904179-cca9-40ab-a2c4-e509dadbbbbb","actor_username":"ajitkumarpes@gmail.com","actor_via_sso":false,"log_type":"token"}', '2025-12-16 03:59:41.560588+00', ''),
	('00000000-0000-0000-0000-000000000000', '8eeade46-33c6-48c8-8545-222839578dd2', '{"action":"token_revoked","actor_id":"73904179-cca9-40ab-a2c4-e509dadbbbbb","actor_username":"ajitkumarpes@gmail.com","actor_via_sso":false,"log_type":"token"}', '2025-12-16 03:59:41.575701+00', ''),
	('00000000-0000-0000-0000-000000000000', 'f98c31e1-68ab-4e5e-9f64-23ae45a73356', '{"action":"token_refreshed","actor_id":"73904179-cca9-40ab-a2c4-e509dadbbbbb","actor_username":"ajitkumarpes@gmail.com","actor_via_sso":false,"log_type":"token"}', '2025-12-16 13:26:54.85423+00', ''),
	('00000000-0000-0000-0000-000000000000', 'b6e18818-0d3c-4ca3-985a-d41389310edb', '{"action":"token_revoked","actor_id":"73904179-cca9-40ab-a2c4-e509dadbbbbb","actor_username":"ajitkumarpes@gmail.com","actor_via_sso":false,"log_type":"token"}', '2025-12-16 13:26:54.87894+00', ''),
	('00000000-0000-0000-0000-000000000000', '2a1a001a-eaa7-40ad-a718-32ce6df3ef3c', '{"action":"token_refreshed","actor_id":"73904179-cca9-40ab-a2c4-e509dadbbbbb","actor_username":"ajitkumarpes@gmail.com","actor_via_sso":false,"log_type":"token"}', '2025-12-16 16:50:28.837777+00', ''),
	('00000000-0000-0000-0000-000000000000', 'afb84fbe-a498-46de-b26f-9f0d643201ce', '{"action":"token_revoked","actor_id":"73904179-cca9-40ab-a2c4-e509dadbbbbb","actor_username":"ajitkumarpes@gmail.com","actor_via_sso":false,"log_type":"token"}', '2025-12-16 16:50:28.86392+00', ''),
	('00000000-0000-0000-0000-000000000000', '3fc9fb68-bd88-4801-a089-33d777365b8f', '{"action":"token_refreshed","actor_id":"73904179-cca9-40ab-a2c4-e509dadbbbbb","actor_username":"ajitkumarpes@gmail.com","actor_via_sso":false,"log_type":"token"}', '2025-12-16 17:48:57.918338+00', ''),
	('00000000-0000-0000-0000-000000000000', 'd8e2f7c3-7b1b-4be8-b4b1-37f1ee1036be', '{"action":"token_revoked","actor_id":"73904179-cca9-40ab-a2c4-e509dadbbbbb","actor_username":"ajitkumarpes@gmail.com","actor_via_sso":false,"log_type":"token"}', '2025-12-16 17:48:57.934915+00', ''),
	('00000000-0000-0000-0000-000000000000', 'eeca0f5c-0f4d-49ea-863d-850a10ffb109', '{"action":"token_refreshed","actor_id":"73904179-cca9-40ab-a2c4-e509dadbbbbb","actor_username":"ajitkumarpes@gmail.com","actor_via_sso":false,"log_type":"token"}', '2025-12-16 18:48:51.181006+00', ''),
	('00000000-0000-0000-0000-000000000000', '4ebd6018-21a0-4cb2-aca6-f43d41bbcfa9', '{"action":"token_revoked","actor_id":"73904179-cca9-40ab-a2c4-e509dadbbbbb","actor_username":"ajitkumarpes@gmail.com","actor_via_sso":false,"log_type":"token"}', '2025-12-16 18:48:51.206407+00', ''),
	('00000000-0000-0000-0000-000000000000', '90ba81ae-f9e4-4265-a5dd-aae078f0204d', '{"action":"token_refreshed","actor_id":"73904179-cca9-40ab-a2c4-e509dadbbbbb","actor_username":"ajitkumarpes@gmail.com","actor_via_sso":false,"log_type":"token"}', '2025-12-16 19:51:41.6001+00', ''),
	('00000000-0000-0000-0000-000000000000', '81ec3118-8369-404e-a213-f05925040291', '{"action":"token_revoked","actor_id":"73904179-cca9-40ab-a2c4-e509dadbbbbb","actor_username":"ajitkumarpes@gmail.com","actor_via_sso":false,"log_type":"token"}', '2025-12-16 19:51:41.630229+00', ''),
	('00000000-0000-0000-0000-000000000000', 'ecf51a6a-fdac-4276-ad17-bea781791b5a', '{"action":"token_refreshed","actor_id":"73904179-cca9-40ab-a2c4-e509dadbbbbb","actor_username":"ajitkumarpes@gmail.com","actor_via_sso":false,"log_type":"token"}', '2025-12-19 11:24:24.429941+00', ''),
	('00000000-0000-0000-0000-000000000000', '037b09e0-d2a6-471c-82dc-f4851a9001e7', '{"action":"token_revoked","actor_id":"73904179-cca9-40ab-a2c4-e509dadbbbbb","actor_username":"ajitkumarpes@gmail.com","actor_via_sso":false,"log_type":"token"}', '2025-12-19 11:24:24.452674+00', ''),
	('00000000-0000-0000-0000-000000000000', '960f2ad2-c3b8-4b61-a91b-990c5e6b9734', '{"action":"token_refreshed","actor_id":"73904179-cca9-40ab-a2c4-e509dadbbbbb","actor_username":"ajitkumarpes@gmail.com","actor_via_sso":false,"log_type":"token"}', '2025-12-19 12:49:43.081178+00', ''),
	('00000000-0000-0000-0000-000000000000', 'b7aeb5b5-dbc2-48e7-9d33-79bcc5d251d9', '{"action":"token_revoked","actor_id":"73904179-cca9-40ab-a2c4-e509dadbbbbb","actor_username":"ajitkumarpes@gmail.com","actor_via_sso":false,"log_type":"token"}', '2025-12-19 12:49:43.089205+00', ''),
	('00000000-0000-0000-0000-000000000000', 'efbb06b1-659e-43cd-ba45-172508c8f983', '{"action":"token_refreshed","actor_id":"73904179-cca9-40ab-a2c4-e509dadbbbbb","actor_username":"ajitkumarpes@gmail.com","actor_via_sso":false,"log_type":"token"}', '2025-12-19 14:26:12.413293+00', ''),
	('00000000-0000-0000-0000-000000000000', '0e4e5412-7bc7-4819-a7b8-048bee82aa63', '{"action":"token_revoked","actor_id":"73904179-cca9-40ab-a2c4-e509dadbbbbb","actor_username":"ajitkumarpes@gmail.com","actor_via_sso":false,"log_type":"token"}', '2025-12-19 14:26:12.430948+00', ''),
	('00000000-0000-0000-0000-000000000000', '83ae2501-dcff-4539-a66b-94b1d67a3198', '{"action":"token_refreshed","actor_id":"73904179-cca9-40ab-a2c4-e509dadbbbbb","actor_username":"ajitkumarpes@gmail.com","actor_via_sso":false,"log_type":"token"}', '2025-12-19 17:46:16.293855+00', ''),
	('00000000-0000-0000-0000-000000000000', 'bebbb536-10a0-4796-ae08-306b7450774a', '{"action":"token_revoked","actor_id":"73904179-cca9-40ab-a2c4-e509dadbbbbb","actor_username":"ajitkumarpes@gmail.com","actor_via_sso":false,"log_type":"token"}', '2025-12-19 17:46:16.307103+00', ''),
	('00000000-0000-0000-0000-000000000000', '49b98c01-286d-49ea-9a2a-7725eea729a5', '{"action":"token_refreshed","actor_id":"73904179-cca9-40ab-a2c4-e509dadbbbbb","actor_username":"ajitkumarpes@gmail.com","actor_via_sso":false,"log_type":"token"}', '2025-12-19 18:44:37.68843+00', ''),
	('00000000-0000-0000-0000-000000000000', '5488d8ff-5811-4c5e-9674-671382ef2363', '{"action":"token_revoked","actor_id":"73904179-cca9-40ab-a2c4-e509dadbbbbb","actor_username":"ajitkumarpes@gmail.com","actor_via_sso":false,"log_type":"token"}', '2025-12-19 18:44:37.699251+00', ''),
	('00000000-0000-0000-0000-000000000000', '265d7c37-e891-4afa-9fce-0626786b1a61', '{"action":"token_refreshed","actor_id":"73904179-cca9-40ab-a2c4-e509dadbbbbb","actor_username":"ajitkumarpes@gmail.com","actor_via_sso":false,"log_type":"token"}', '2025-12-19 19:45:35.675642+00', ''),
	('00000000-0000-0000-0000-000000000000', 'b1af24e0-5d96-48db-a44e-6b773f645e27', '{"action":"token_revoked","actor_id":"73904179-cca9-40ab-a2c4-e509dadbbbbb","actor_username":"ajitkumarpes@gmail.com","actor_via_sso":false,"log_type":"token"}', '2025-12-19 19:45:35.700789+00', ''),
	('00000000-0000-0000-0000-000000000000', '99af0fda-bc25-418f-b12e-8e1d32ceaf7a', '{"action":"token_refreshed","actor_id":"73904179-cca9-40ab-a2c4-e509dadbbbbb","actor_username":"ajitkumarpes@gmail.com","actor_via_sso":false,"log_type":"token"}', '2026-01-07 16:43:18.263596+00', ''),
	('00000000-0000-0000-0000-000000000000', '84ce1360-6dca-4787-a53c-451594b2cb5b', '{"action":"user_recovery_requested","actor_id":"73904179-cca9-40ab-a2c4-e509dadbbbbb","actor_username":"ajitkumarpes@gmail.com","actor_via_sso":false,"log_type":"user"}', '2025-12-19 20:01:35.970583+00', ''),
	('00000000-0000-0000-0000-000000000000', 'f756f052-5633-410d-aaf3-1fb66f88c3c1', '{"action":"login","actor_id":"73904179-cca9-40ab-a2c4-e509dadbbbbb","actor_username":"ajitkumarpes@gmail.com","actor_via_sso":false,"log_type":"account"}', '2025-12-19 20:02:24.952131+00', ''),
	('00000000-0000-0000-0000-000000000000', '9a4f6370-0be9-4f8c-be6b-489a8a4c7683', '{"action":"token_refreshed","actor_id":"d1e40c02-9978-46fd-875e-3989537af942","actor_username":"kbisht786@gmail.com","actor_via_sso":false,"log_type":"token"}', '2025-12-20 00:21:05.211595+00', ''),
	('00000000-0000-0000-0000-000000000000', 'bdfbda92-e88f-465b-894e-caeeae644158', '{"action":"token_revoked","actor_id":"d1e40c02-9978-46fd-875e-3989537af942","actor_username":"kbisht786@gmail.com","actor_via_sso":false,"log_type":"token"}', '2025-12-20 00:21:05.237755+00', ''),
	('00000000-0000-0000-0000-000000000000', '1042ccbe-52f4-4f79-ab73-799d43c821c3', '{"action":"token_refreshed","actor_id":"73904179-cca9-40ab-a2c4-e509dadbbbbb","actor_username":"ajitkumarpes@gmail.com","actor_via_sso":false,"log_type":"token"}', '2025-12-20 06:27:04.558934+00', ''),
	('00000000-0000-0000-0000-000000000000', '318ccbc7-a76c-44c0-baf1-0dec0fc938b0', '{"action":"token_revoked","actor_id":"73904179-cca9-40ab-a2c4-e509dadbbbbb","actor_username":"ajitkumarpes@gmail.com","actor_via_sso":false,"log_type":"token"}', '2025-12-20 06:27:04.582616+00', ''),
	('00000000-0000-0000-0000-000000000000', '75117dd4-b0a1-4467-90ab-016090754447', '{"action":"token_refreshed","actor_id":"73904179-cca9-40ab-a2c4-e509dadbbbbb","actor_username":"ajitkumarpes@gmail.com","actor_via_sso":false,"log_type":"token"}', '2025-12-20 07:03:12.375384+00', ''),
	('00000000-0000-0000-0000-000000000000', 'edcc4485-5c96-481f-8b00-cf430a9497d0', '{"action":"token_revoked","actor_id":"73904179-cca9-40ab-a2c4-e509dadbbbbb","actor_username":"ajitkumarpes@gmail.com","actor_via_sso":false,"log_type":"token"}', '2025-12-20 07:03:12.400691+00', ''),
	('00000000-0000-0000-0000-000000000000', 'edb914ab-4ab1-480b-b767-e31d977c75c3', '{"action":"token_refreshed","actor_id":"73904179-cca9-40ab-a2c4-e509dadbbbbb","actor_username":"ajitkumarpes@gmail.com","actor_via_sso":false,"log_type":"token"}', '2025-12-20 07:25:31.819947+00', ''),
	('00000000-0000-0000-0000-000000000000', '69813220-46ca-4cbd-98e2-955ef4e00a7a', '{"action":"token_revoked","actor_id":"73904179-cca9-40ab-a2c4-e509dadbbbbb","actor_username":"ajitkumarpes@gmail.com","actor_via_sso":false,"log_type":"token"}', '2025-12-20 07:25:31.840362+00', ''),
	('00000000-0000-0000-0000-000000000000', '8ba1bfc8-6e97-42b4-b80c-032f46914bf8', '{"action":"token_refreshed","actor_id":"d1e40c02-9978-46fd-875e-3989537af942","actor_username":"kbisht786@gmail.com","actor_via_sso":false,"log_type":"token"}', '2025-12-20 08:43:41.653024+00', ''),
	('00000000-0000-0000-0000-000000000000', 'b66eefed-a5c1-412c-9bbf-a9f31922232f', '{"action":"token_revoked","actor_id":"d1e40c02-9978-46fd-875e-3989537af942","actor_username":"kbisht786@gmail.com","actor_via_sso":false,"log_type":"token"}', '2025-12-20 08:43:41.679697+00', ''),
	('00000000-0000-0000-0000-000000000000', 'e5ded791-4b72-49d3-8d0e-77c1a6018e83', '{"action":"token_refreshed","actor_id":"73904179-cca9-40ab-a2c4-e509dadbbbbb","actor_username":"ajitkumarpes@gmail.com","actor_via_sso":false,"log_type":"token"}', '2025-12-20 09:38:55.774444+00', ''),
	('00000000-0000-0000-0000-000000000000', '82015d25-dd03-46c6-989c-e8ace428fa96', '{"action":"token_revoked","actor_id":"73904179-cca9-40ab-a2c4-e509dadbbbbb","actor_username":"ajitkumarpes@gmail.com","actor_via_sso":false,"log_type":"token"}', '2025-12-20 09:38:55.789514+00', ''),
	('00000000-0000-0000-0000-000000000000', '6cc8f5c8-219a-4366-9f87-b81394b89f1d', '{"action":"token_refreshed","actor_id":"73904179-cca9-40ab-a2c4-e509dadbbbbb","actor_username":"ajitkumarpes@gmail.com","actor_via_sso":false,"log_type":"token"}', '2025-12-20 09:39:16.382437+00', ''),
	('00000000-0000-0000-0000-000000000000', '86eef820-6a6f-4812-b1a9-fece5918fd8b', '{"action":"token_revoked","actor_id":"73904179-cca9-40ab-a2c4-e509dadbbbbb","actor_username":"ajitkumarpes@gmail.com","actor_via_sso":false,"log_type":"token"}', '2025-12-20 09:39:16.385765+00', ''),
	('00000000-0000-0000-0000-000000000000', 'ac4bedae-7b8a-4c52-a4de-cd79c879a3b4', '{"action":"token_refreshed","actor_id":"73904179-cca9-40ab-a2c4-e509dadbbbbb","actor_username":"ajitkumarpes@gmail.com","actor_via_sso":false,"log_type":"token"}', '2025-12-20 10:37:15.36899+00', ''),
	('00000000-0000-0000-0000-000000000000', 'c2829cd5-c50e-4972-85ad-c217f193b15c', '{"action":"token_revoked","actor_id":"73904179-cca9-40ab-a2c4-e509dadbbbbb","actor_username":"ajitkumarpes@gmail.com","actor_via_sso":false,"log_type":"token"}', '2025-12-20 10:37:15.381915+00', ''),
	('00000000-0000-0000-0000-000000000000', 'ceab4c78-ae28-49a2-b3d7-52ddbd044642', '{"action":"token_refreshed","actor_id":"73904179-cca9-40ab-a2c4-e509dadbbbbb","actor_username":"ajitkumarpes@gmail.com","actor_via_sso":false,"log_type":"token"}', '2025-12-20 14:39:50.932685+00', ''),
	('00000000-0000-0000-0000-000000000000', 'ea25ac91-c262-48c7-ac32-94a3bd9ac300', '{"action":"token_revoked","actor_id":"73904179-cca9-40ab-a2c4-e509dadbbbbb","actor_username":"ajitkumarpes@gmail.com","actor_via_sso":false,"log_type":"token"}', '2025-12-20 14:39:50.958134+00', ''),
	('00000000-0000-0000-0000-000000000000', '912f377d-4e0a-4ec7-9d46-87768dd08a2d', '{"action":"logout","actor_id":"73904179-cca9-40ab-a2c4-e509dadbbbbb","actor_username":"ajitkumarpes@gmail.com","actor_via_sso":false,"log_type":"account"}', '2025-12-20 14:39:51.184981+00', ''),
	('00000000-0000-0000-0000-000000000000', '7b95c9b7-4f2f-4f05-b7ba-36e6ae86af2d', '{"action":"token_refreshed","actor_id":"d1e40c02-9978-46fd-875e-3989537af942","actor_username":"kbisht786@gmail.com","actor_via_sso":false,"log_type":"token"}', '2025-12-20 15:17:42.190021+00', ''),
	('00000000-0000-0000-0000-000000000000', 'b9636bbf-14b1-4612-acaf-4ea158f8eed7', '{"action":"token_revoked","actor_id":"d1e40c02-9978-46fd-875e-3989537af942","actor_username":"kbisht786@gmail.com","actor_via_sso":false,"log_type":"token"}', '2025-12-20 15:17:42.20638+00', ''),
	('00000000-0000-0000-0000-000000000000', '82bfc460-c113-4f4d-977b-a3728eee2243', '{"action":"token_refreshed","actor_id":"d1e40c02-9978-46fd-875e-3989537af942","actor_username":"kbisht786@gmail.com","actor_via_sso":false,"log_type":"token"}', '2025-12-21 04:51:34.173745+00', ''),
	('00000000-0000-0000-0000-000000000000', '8e9fc8a5-387f-4131-bb09-f759ca0a8d21', '{"action":"token_revoked","actor_id":"d1e40c02-9978-46fd-875e-3989537af942","actor_username":"kbisht786@gmail.com","actor_via_sso":false,"log_type":"token"}', '2025-12-21 04:51:34.194432+00', ''),
	('00000000-0000-0000-0000-000000000000', 'c4b192e8-4ab2-4c85-97b4-617570950946', '{"action":"user_recovery_requested","actor_id":"73904179-cca9-40ab-a2c4-e509dadbbbbb","actor_username":"ajitkumarpes@gmail.com","actor_via_sso":false,"log_type":"user"}', '2025-12-23 08:11:09.053149+00', ''),
	('00000000-0000-0000-0000-000000000000', '5916024a-80d1-4e84-b772-fefb963a684c', '{"action":"login","actor_id":"73904179-cca9-40ab-a2c4-e509dadbbbbb","actor_username":"ajitkumarpes@gmail.com","actor_via_sso":false,"log_type":"account"}', '2025-12-23 08:11:25.967934+00', ''),
	('00000000-0000-0000-0000-000000000000', '690624b0-f2b3-4322-a483-dcff53847d72', '{"action":"token_refreshed","actor_id":"73904179-cca9-40ab-a2c4-e509dadbbbbb","actor_username":"ajitkumarpes@gmail.com","actor_via_sso":false,"log_type":"token"}', '2025-12-23 14:32:14.288989+00', ''),
	('00000000-0000-0000-0000-000000000000', '73af8329-6859-4c65-ba3d-814026092e2c', '{"action":"token_revoked","actor_id":"73904179-cca9-40ab-a2c4-e509dadbbbbb","actor_username":"ajitkumarpes@gmail.com","actor_via_sso":false,"log_type":"token"}', '2025-12-23 14:32:14.299123+00', ''),
	('00000000-0000-0000-0000-000000000000', '5b064bd5-edd0-4440-b3d5-a407e95848ed', '{"action":"token_refreshed","actor_id":"73904179-cca9-40ab-a2c4-e509dadbbbbb","actor_username":"ajitkumarpes@gmail.com","actor_via_sso":false,"log_type":"token"}', '2025-12-23 15:38:12.571474+00', ''),
	('00000000-0000-0000-0000-000000000000', 'cd563c06-900e-4bdd-9014-d8657b50d4ae', '{"action":"token_revoked","actor_id":"73904179-cca9-40ab-a2c4-e509dadbbbbb","actor_username":"ajitkumarpes@gmail.com","actor_via_sso":false,"log_type":"token"}', '2025-12-23 15:38:12.578226+00', ''),
	('00000000-0000-0000-0000-000000000000', 'b2579758-7db9-4615-9c7e-e166e042ef08', '{"action":"token_refreshed","actor_id":"73904179-cca9-40ab-a2c4-e509dadbbbbb","actor_username":"ajitkumarpes@gmail.com","actor_via_sso":false,"log_type":"token"}', '2025-12-23 16:36:27.822284+00', ''),
	('00000000-0000-0000-0000-000000000000', 'c66865f8-6dad-4c4e-aaad-657eeb658a6a', '{"action":"token_revoked","actor_id":"73904179-cca9-40ab-a2c4-e509dadbbbbb","actor_username":"ajitkumarpes@gmail.com","actor_via_sso":false,"log_type":"token"}', '2025-12-23 16:36:27.843885+00', ''),
	('00000000-0000-0000-0000-000000000000', 'ae4972fe-fd3f-4ced-ae12-ed7bd37052d2', '{"action":"token_refreshed","actor_id":"73904179-cca9-40ab-a2c4-e509dadbbbbb","actor_username":"ajitkumarpes@gmail.com","actor_via_sso":false,"log_type":"token"}', '2025-12-23 17:54:30.414573+00', ''),
	('00000000-0000-0000-0000-000000000000', '372a80f0-c14e-46b7-88dd-d0577fc35699', '{"action":"token_revoked","actor_id":"73904179-cca9-40ab-a2c4-e509dadbbbbb","actor_username":"ajitkumarpes@gmail.com","actor_via_sso":false,"log_type":"token"}', '2025-12-23 17:54:30.427392+00', ''),
	('00000000-0000-0000-0000-000000000000', '991e50ff-846c-4ddb-ba15-5f3afb1f5479', '{"action":"token_refreshed","actor_id":"73904179-cca9-40ab-a2c4-e509dadbbbbb","actor_username":"ajitkumarpes@gmail.com","actor_via_sso":false,"log_type":"token"}', '2025-12-23 18:57:54.935043+00', ''),
	('00000000-0000-0000-0000-000000000000', '9a264a18-22eb-48ff-9962-c18f49938611', '{"action":"token_revoked","actor_id":"73904179-cca9-40ab-a2c4-e509dadbbbbb","actor_username":"ajitkumarpes@gmail.com","actor_via_sso":false,"log_type":"token"}', '2025-12-23 18:57:54.94649+00', ''),
	('00000000-0000-0000-0000-000000000000', '8fe8b074-3d7e-4143-9805-399e1d6f4a97', '{"action":"token_refreshed","actor_id":"73904179-cca9-40ab-a2c4-e509dadbbbbb","actor_username":"ajitkumarpes@gmail.com","actor_via_sso":false,"log_type":"token"}', '2025-12-23 20:11:31.05311+00', ''),
	('00000000-0000-0000-0000-000000000000', '7dbf5c51-4d28-4279-b623-e5f25a254fa6', '{"action":"token_revoked","actor_id":"73904179-cca9-40ab-a2c4-e509dadbbbbb","actor_username":"ajitkumarpes@gmail.com","actor_via_sso":false,"log_type":"token"}', '2025-12-23 20:11:31.064656+00', ''),
	('00000000-0000-0000-0000-000000000000', '59e87f25-171c-486b-a617-9e8c3ef6da55', '{"action":"token_refreshed","actor_id":"73904179-cca9-40ab-a2c4-e509dadbbbbb","actor_username":"ajitkumarpes@gmail.com","actor_via_sso":false,"log_type":"token"}', '2025-12-23 23:10:11.677382+00', ''),
	('00000000-0000-0000-0000-000000000000', 'efe557c0-8291-4b6f-b38e-394dd3b5f6dc', '{"action":"token_revoked","actor_id":"73904179-cca9-40ab-a2c4-e509dadbbbbb","actor_username":"ajitkumarpes@gmail.com","actor_via_sso":false,"log_type":"token"}', '2025-12-23 23:10:11.702691+00', ''),
	('00000000-0000-0000-0000-000000000000', '2a184a5f-5f35-45cc-8035-acad97641691', '{"action":"token_refreshed","actor_id":"73904179-cca9-40ab-a2c4-e509dadbbbbb","actor_username":"ajitkumarpes@gmail.com","actor_via_sso":false,"log_type":"token"}', '2025-12-24 07:53:08.676305+00', ''),
	('00000000-0000-0000-0000-000000000000', '67e44faf-6596-4661-8a69-bd341b3cfd9c', '{"action":"token_revoked","actor_id":"73904179-cca9-40ab-a2c4-e509dadbbbbb","actor_username":"ajitkumarpes@gmail.com","actor_via_sso":false,"log_type":"token"}', '2025-12-24 07:53:08.703862+00', ''),
	('00000000-0000-0000-0000-000000000000', '5c68ebe2-f24d-49f9-b646-4448ff32f35d', '{"action":"token_refreshed","actor_id":"73904179-cca9-40ab-a2c4-e509dadbbbbb","actor_username":"ajitkumarpes@gmail.com","actor_via_sso":false,"log_type":"token"}', '2025-12-24 09:13:17.433779+00', ''),
	('00000000-0000-0000-0000-000000000000', '60d84fd5-501f-4fbe-bf1a-9bd901a3d88c', '{"action":"token_revoked","actor_id":"73904179-cca9-40ab-a2c4-e509dadbbbbb","actor_username":"ajitkumarpes@gmail.com","actor_via_sso":false,"log_type":"token"}', '2025-12-24 09:13:17.462559+00', ''),
	('00000000-0000-0000-0000-000000000000', '4d41d357-ad16-43e2-8a5e-c789df8c4f07', '{"action":"token_refreshed","actor_id":"73904179-cca9-40ab-a2c4-e509dadbbbbb","actor_username":"ajitkumarpes@gmail.com","actor_via_sso":false,"log_type":"token"}', '2025-12-24 10:12:13.701885+00', ''),
	('00000000-0000-0000-0000-000000000000', '60ffa33d-5b96-4c64-b6af-5bf3b7879e39', '{"action":"token_revoked","actor_id":"73904179-cca9-40ab-a2c4-e509dadbbbbb","actor_username":"ajitkumarpes@gmail.com","actor_via_sso":false,"log_type":"token"}', '2025-12-24 10:12:13.711177+00', ''),
	('00000000-0000-0000-0000-000000000000', '990cc06d-e1b8-4045-b23b-ddf695a4ff9f', '{"action":"token_refreshed","actor_id":"73904179-cca9-40ab-a2c4-e509dadbbbbb","actor_username":"ajitkumarpes@gmail.com","actor_via_sso":false,"log_type":"token"}', '2025-12-24 11:10:44.617942+00', ''),
	('00000000-0000-0000-0000-000000000000', 'e4725f55-7c22-4d2c-99b9-c7e33a6d92ee', '{"action":"token_revoked","actor_id":"73904179-cca9-40ab-a2c4-e509dadbbbbb","actor_username":"ajitkumarpes@gmail.com","actor_via_sso":false,"log_type":"token"}', '2025-12-24 11:10:44.629478+00', ''),
	('00000000-0000-0000-0000-000000000000', '68a6ba2f-cd72-4d92-92fd-c956874c417f', '{"action":"token_refreshed","actor_id":"73904179-cca9-40ab-a2c4-e509dadbbbbb","actor_username":"ajitkumarpes@gmail.com","actor_via_sso":false,"log_type":"token"}', '2025-12-24 13:03:46.346391+00', ''),
	('00000000-0000-0000-0000-000000000000', '45783ece-0f97-4ac2-866c-e3ffab635b87', '{"action":"token_revoked","actor_id":"73904179-cca9-40ab-a2c4-e509dadbbbbb","actor_username":"ajitkumarpes@gmail.com","actor_via_sso":false,"log_type":"token"}', '2025-12-24 13:03:46.356813+00', ''),
	('00000000-0000-0000-0000-000000000000', '138909a3-3f16-4da2-b01a-2695c724f6f5', '{"action":"user_recovery_requested","actor_id":"73904179-cca9-40ab-a2c4-e509dadbbbbb","actor_username":"ajitkumarpes@gmail.com","actor_via_sso":false,"log_type":"user"}', '2025-12-24 15:40:59.357361+00', ''),
	('00000000-0000-0000-0000-000000000000', '5bdcf258-7f3d-450b-ab43-05b9a751016f', '{"action":"login","actor_id":"73904179-cca9-40ab-a2c4-e509dadbbbbb","actor_username":"ajitkumarpes@gmail.com","actor_via_sso":false,"log_type":"account"}', '2025-12-24 15:41:14.846837+00', ''),
	('00000000-0000-0000-0000-000000000000', '05f0f3e5-fc0f-42a9-b2a5-e345074b8eb1', '{"action":"token_refreshed","actor_id":"73904179-cca9-40ab-a2c4-e509dadbbbbb","actor_username":"ajitkumarpes@gmail.com","actor_via_sso":false,"log_type":"token"}', '2025-12-24 16:24:42.300406+00', ''),
	('00000000-0000-0000-0000-000000000000', 'c3d7e312-8b32-4bb4-8bcc-e7dbd225edc8', '{"action":"token_revoked","actor_id":"73904179-cca9-40ab-a2c4-e509dadbbbbb","actor_username":"ajitkumarpes@gmail.com","actor_via_sso":false,"log_type":"token"}', '2025-12-24 16:24:42.313218+00', ''),
	('00000000-0000-0000-0000-000000000000', 'e24a193a-5915-4162-8848-ac68d16ce321', '{"action":"token_refreshed","actor_id":"73904179-cca9-40ab-a2c4-e509dadbbbbb","actor_username":"ajitkumarpes@gmail.com","actor_via_sso":false,"log_type":"token"}', '2025-12-24 17:23:01.17468+00', ''),
	('00000000-0000-0000-0000-000000000000', '156f4660-115e-4a3b-a903-36de2351f70a', '{"action":"token_revoked","actor_id":"73904179-cca9-40ab-a2c4-e509dadbbbbb","actor_username":"ajitkumarpes@gmail.com","actor_via_sso":false,"log_type":"token"}', '2025-12-24 17:23:01.206255+00', ''),
	('00000000-0000-0000-0000-000000000000', '6a89b382-18a3-4913-afcf-1e12540d3aa1', '{"action":"token_refreshed","actor_id":"73904179-cca9-40ab-a2c4-e509dadbbbbb","actor_username":"ajitkumarpes@gmail.com","actor_via_sso":false,"log_type":"token"}', '2025-12-24 18:21:28.735524+00', ''),
	('00000000-0000-0000-0000-000000000000', '44d2889d-6ade-498e-83fe-9f0ab726fd81', '{"action":"token_revoked","actor_id":"73904179-cca9-40ab-a2c4-e509dadbbbbb","actor_username":"ajitkumarpes@gmail.com","actor_via_sso":false,"log_type":"token"}', '2025-12-24 18:21:28.750383+00', ''),
	('00000000-0000-0000-0000-000000000000', 'e8e7eea2-3c8c-46c4-a642-4e5a747685f7', '{"action":"token_refreshed","actor_id":"73904179-cca9-40ab-a2c4-e509dadbbbbb","actor_username":"ajitkumarpes@gmail.com","actor_via_sso":false,"log_type":"token"}', '2025-12-24 19:21:20.785834+00', ''),
	('00000000-0000-0000-0000-000000000000', 'c3682ebc-23cd-40d9-8f02-e69d2bb7ef25', '{"action":"token_revoked","actor_id":"73904179-cca9-40ab-a2c4-e509dadbbbbb","actor_username":"ajitkumarpes@gmail.com","actor_via_sso":false,"log_type":"token"}', '2025-12-24 19:21:20.795619+00', ''),
	('00000000-0000-0000-0000-000000000000', 'a0530d3b-c59d-4f52-b619-2e00632bee2d', '{"action":"token_refreshed","actor_id":"73904179-cca9-40ab-a2c4-e509dadbbbbb","actor_username":"ajitkumarpes@gmail.com","actor_via_sso":false,"log_type":"token"}', '2025-12-24 20:19:56.169157+00', ''),
	('00000000-0000-0000-0000-000000000000', 'eb7aca6f-2720-4f88-ba9b-74dbab5935fe', '{"action":"token_revoked","actor_id":"73904179-cca9-40ab-a2c4-e509dadbbbbb","actor_username":"ajitkumarpes@gmail.com","actor_via_sso":false,"log_type":"token"}', '2025-12-24 20:19:56.182578+00', ''),
	('00000000-0000-0000-0000-000000000000', 'd1983139-1e8b-4fe2-b182-17740b41a66b', '{"action":"token_refreshed","actor_id":"73904179-cca9-40ab-a2c4-e509dadbbbbb","actor_username":"ajitkumarpes@gmail.com","actor_via_sso":false,"log_type":"token"}', '2025-12-24 21:19:12.096432+00', ''),
	('00000000-0000-0000-0000-000000000000', '18fd782c-dbbf-460f-975e-2065f3c489b1', '{"action":"token_revoked","actor_id":"73904179-cca9-40ab-a2c4-e509dadbbbbb","actor_username":"ajitkumarpes@gmail.com","actor_via_sso":false,"log_type":"token"}', '2025-12-24 21:19:12.10956+00', ''),
	('00000000-0000-0000-0000-000000000000', 'a455d7fe-c72d-4f52-b1cb-8c6b45437c46', '{"action":"user_recovery_requested","actor_id":"73904179-cca9-40ab-a2c4-e509dadbbbbb","actor_username":"ajitkumarpes@gmail.com","actor_via_sso":false,"log_type":"user"}', '2025-12-25 11:59:06.114256+00', ''),
	('00000000-0000-0000-0000-000000000000', '3b11887c-d145-4ef5-ba4d-ad72d2fa78b7', '{"action":"login","actor_id":"73904179-cca9-40ab-a2c4-e509dadbbbbb","actor_username":"ajitkumarpes@gmail.com","actor_via_sso":false,"log_type":"account"}', '2025-12-25 11:59:22.304795+00', ''),
	('00000000-0000-0000-0000-000000000000', 'f792b995-74f3-414a-b5fc-578fd7b834c6', '{"action":"token_revoked","actor_id":"73904179-cca9-40ab-a2c4-e509dadbbbbb","actor_username":"ajitkumarpes@gmail.com","actor_via_sso":false,"log_type":"token"}', '2026-01-07 16:43:18.274432+00', ''),
	('00000000-0000-0000-0000-000000000000', '005a51bb-ef28-437a-8047-dcff6b381683', '{"action":"user_recovery_requested","actor_id":"73904179-cca9-40ab-a2c4-e509dadbbbbb","actor_username":"ajitkumarpes@gmail.com","actor_via_sso":false,"log_type":"user"}', '2025-12-25 12:00:11.879078+00', ''),
	('00000000-0000-0000-0000-000000000000', '6be6cc95-6aca-4f95-a110-5a16c7b4585a', '{"action":"login","actor_id":"73904179-cca9-40ab-a2c4-e509dadbbbbb","actor_username":"ajitkumarpes@gmail.com","actor_via_sso":false,"log_type":"account"}', '2025-12-25 12:00:24.536902+00', ''),
	('00000000-0000-0000-0000-000000000000', '3881227c-320a-4667-bd34-edb6d99de43b', '{"action":"user_recovery_requested","actor_id":"73904179-cca9-40ab-a2c4-e509dadbbbbb","actor_username":"ajitkumarpes@gmail.com","actor_via_sso":false,"log_type":"user"}', '2025-12-25 12:01:21.379267+00', ''),
	('00000000-0000-0000-0000-000000000000', '6231166a-ebe0-45bd-a25d-9497049ae084', '{"action":"login","actor_id":"73904179-cca9-40ab-a2c4-e509dadbbbbb","actor_username":"ajitkumarpes@gmail.com","actor_via_sso":false,"log_type":"account"}', '2025-12-25 12:01:34.344771+00', ''),
	('00000000-0000-0000-0000-000000000000', '02721a63-8dd5-48bd-abe5-35ac0ab863ab', '{"action":"user_recovery_requested","actor_id":"73904179-cca9-40ab-a2c4-e509dadbbbbb","actor_username":"ajitkumarpes@gmail.com","actor_via_sso":false,"log_type":"user"}', '2025-12-25 12:10:37.569911+00', ''),
	('00000000-0000-0000-0000-000000000000', 'c0841070-7b32-4eaa-97d8-b8d5a27b2eec', '{"action":"login","actor_id":"73904179-cca9-40ab-a2c4-e509dadbbbbb","actor_username":"ajitkumarpes@gmail.com","actor_via_sso":false,"log_type":"account"}', '2025-12-25 12:10:48.477314+00', ''),
	('00000000-0000-0000-0000-000000000000', '00f9f812-00c3-4693-983c-31d701bea0f3', '{"action":"user_recovery_requested","actor_id":"73904179-cca9-40ab-a2c4-e509dadbbbbb","actor_username":"ajitkumarpes@gmail.com","actor_via_sso":false,"log_type":"user"}', '2025-12-25 12:11:50.625707+00', ''),
	('00000000-0000-0000-0000-000000000000', '4c393055-7baa-47bf-bc5a-65fd9292ad16', '{"action":"login","actor_id":"73904179-cca9-40ab-a2c4-e509dadbbbbb","actor_username":"ajitkumarpes@gmail.com","actor_via_sso":false,"log_type":"account"}', '2025-12-25 12:12:00.463812+00', ''),
	('00000000-0000-0000-0000-000000000000', 'a8e82f1c-53dd-45ce-baf4-d1b1ca1f1926', '{"action":"user_recovery_requested","actor_id":"73904179-cca9-40ab-a2c4-e509dadbbbbb","actor_username":"ajitkumarpes@gmail.com","actor_via_sso":false,"log_type":"user"}', '2025-12-25 12:15:49.95665+00', ''),
	('00000000-0000-0000-0000-000000000000', '2a265d51-d682-47fc-a5c5-537b20c8b80e', '{"action":"login","actor_id":"73904179-cca9-40ab-a2c4-e509dadbbbbb","actor_username":"ajitkumarpes@gmail.com","actor_via_sso":false,"log_type":"account"}', '2025-12-25 12:15:59.702039+00', ''),
	('00000000-0000-0000-0000-000000000000', 'bc4b7278-9eed-4b23-a459-94ecf483858c', '{"action":"user_recovery_requested","actor_id":"73904179-cca9-40ab-a2c4-e509dadbbbbb","actor_username":"ajitkumarpes@gmail.com","actor_via_sso":false,"log_type":"user"}', '2025-12-25 12:20:09.437555+00', ''),
	('00000000-0000-0000-0000-000000000000', '3482ee26-7c70-4369-97bc-3b432aead340', '{"action":"login","actor_id":"73904179-cca9-40ab-a2c4-e509dadbbbbb","actor_username":"ajitkumarpes@gmail.com","actor_via_sso":false,"log_type":"account"}', '2025-12-25 12:20:29.252432+00', ''),
	('00000000-0000-0000-0000-000000000000', '0839606b-e318-4649-b498-b3b97b044b39', '{"action":"token_refreshed","actor_id":"73904179-cca9-40ab-a2c4-e509dadbbbbb","actor_username":"ajitkumarpes@gmail.com","actor_via_sso":false,"log_type":"token"}', '2025-12-25 13:20:02.77144+00', ''),
	('00000000-0000-0000-0000-000000000000', 'c335d5bf-4eb7-46ad-863a-35dbaab8c498', '{"action":"token_revoked","actor_id":"73904179-cca9-40ab-a2c4-e509dadbbbbb","actor_username":"ajitkumarpes@gmail.com","actor_via_sso":false,"log_type":"token"}', '2025-12-25 13:20:02.784699+00', ''),
	('00000000-0000-0000-0000-000000000000', 'ce51a750-5783-4c03-ba08-ab2490508234', '{"action":"token_refreshed","actor_id":"73904179-cca9-40ab-a2c4-e509dadbbbbb","actor_username":"ajitkumarpes@gmail.com","actor_via_sso":false,"log_type":"token"}', '2025-12-25 14:20:41.152616+00', ''),
	('00000000-0000-0000-0000-000000000000', '4e9d471a-765d-4d0a-add6-ebe6e452ccb7', '{"action":"token_revoked","actor_id":"73904179-cca9-40ab-a2c4-e509dadbbbbb","actor_username":"ajitkumarpes@gmail.com","actor_via_sso":false,"log_type":"token"}', '2025-12-25 14:20:41.16875+00', ''),
	('00000000-0000-0000-0000-000000000000', 'b3f3a87d-a3c6-4345-9bfa-2437ed99fe92', '{"action":"token_refreshed","actor_id":"73904179-cca9-40ab-a2c4-e509dadbbbbb","actor_username":"ajitkumarpes@gmail.com","actor_via_sso":false,"log_type":"token"}', '2025-12-25 15:19:17.590151+00', ''),
	('00000000-0000-0000-0000-000000000000', 'd109a280-e77a-46fd-b40e-94d6f6fd62ba', '{"action":"token_revoked","actor_id":"73904179-cca9-40ab-a2c4-e509dadbbbbb","actor_username":"ajitkumarpes@gmail.com","actor_via_sso":false,"log_type":"token"}', '2025-12-25 15:19:17.601106+00', ''),
	('00000000-0000-0000-0000-000000000000', '9b2f2230-1b6d-4d6f-9194-0c98c823882f', '{"action":"token_refreshed","actor_id":"73904179-cca9-40ab-a2c4-e509dadbbbbb","actor_username":"ajitkumarpes@gmail.com","actor_via_sso":false,"log_type":"token"}', '2025-12-25 16:18:12.525924+00', ''),
	('00000000-0000-0000-0000-000000000000', '635ae291-a632-41c4-88b4-e670bae389d4', '{"action":"token_revoked","actor_id":"73904179-cca9-40ab-a2c4-e509dadbbbbb","actor_username":"ajitkumarpes@gmail.com","actor_via_sso":false,"log_type":"token"}', '2025-12-25 16:18:12.537347+00', ''),
	('00000000-0000-0000-0000-000000000000', 'a5f5bc2b-2cac-4882-93e1-ad7a04080d95', '{"action":"user_recovery_requested","actor_id":"73904179-cca9-40ab-a2c4-e509dadbbbbb","actor_username":"ajitkumarpes@gmail.com","actor_via_sso":false,"log_type":"user"}', '2025-12-25 16:19:57.640987+00', ''),
	('00000000-0000-0000-0000-000000000000', '02200652-97e0-4a1b-ae2c-1e6b16f018d9', '{"action":"login","actor_id":"73904179-cca9-40ab-a2c4-e509dadbbbbb","actor_username":"ajitkumarpes@gmail.com","actor_via_sso":false,"log_type":"account"}', '2025-12-25 16:24:47.30031+00', ''),
	('00000000-0000-0000-0000-000000000000', 'b481a006-ac86-4ba7-9929-a89d7ffee013', '{"action":"token_refreshed","actor_id":"73904179-cca9-40ab-a2c4-e509dadbbbbb","actor_username":"ajitkumarpes@gmail.com","actor_via_sso":false,"log_type":"token"}', '2025-12-25 17:17:35.877819+00', ''),
	('00000000-0000-0000-0000-000000000000', 'a00e26dd-7889-4f1f-8892-26e46f5c5dfb', '{"action":"token_revoked","actor_id":"73904179-cca9-40ab-a2c4-e509dadbbbbb","actor_username":"ajitkumarpes@gmail.com","actor_via_sso":false,"log_type":"token"}', '2025-12-25 17:17:35.893739+00', ''),
	('00000000-0000-0000-0000-000000000000', '35d4de96-6d5b-4951-b18a-e63dead98f5b', '{"action":"token_refreshed","actor_id":"73904179-cca9-40ab-a2c4-e509dadbbbbb","actor_username":"ajitkumarpes@gmail.com","actor_via_sso":false,"log_type":"token"}', '2025-12-25 18:29:05.728443+00', ''),
	('00000000-0000-0000-0000-000000000000', '1d15eb9b-f756-464e-816d-369e0db77a97', '{"action":"token_revoked","actor_id":"73904179-cca9-40ab-a2c4-e509dadbbbbb","actor_username":"ajitkumarpes@gmail.com","actor_via_sso":false,"log_type":"token"}', '2025-12-25 18:29:05.74921+00', ''),
	('00000000-0000-0000-0000-000000000000', '8ad50802-04d9-4dbc-b298-0af63117d727', '{"action":"token_refreshed","actor_id":"73904179-cca9-40ab-a2c4-e509dadbbbbb","actor_username":"ajitkumarpes@gmail.com","actor_via_sso":false,"log_type":"token"}', '2025-12-26 00:04:04.505219+00', ''),
	('00000000-0000-0000-0000-000000000000', '83e6fe3a-d51f-49e1-a281-21a3c9fb254a', '{"action":"token_revoked","actor_id":"73904179-cca9-40ab-a2c4-e509dadbbbbb","actor_username":"ajitkumarpes@gmail.com","actor_via_sso":false,"log_type":"token"}', '2025-12-26 00:04:04.525007+00', ''),
	('00000000-0000-0000-0000-000000000000', 'b230395b-8176-4d0e-b869-551e21d861fd', '{"action":"token_refreshed","actor_id":"73904179-cca9-40ab-a2c4-e509dadbbbbb","actor_username":"ajitkumarpes@gmail.com","actor_via_sso":false,"log_type":"token"}', '2025-12-26 01:08:34.443155+00', ''),
	('00000000-0000-0000-0000-000000000000', '6e8f0ce2-f6f6-4c7c-936b-f53315a11b16', '{"action":"token_revoked","actor_id":"73904179-cca9-40ab-a2c4-e509dadbbbbb","actor_username":"ajitkumarpes@gmail.com","actor_via_sso":false,"log_type":"token"}', '2025-12-26 01:08:34.462727+00', ''),
	('00000000-0000-0000-0000-000000000000', '09bc0ce4-4f20-4536-94e4-4b97c3c2ffd1', '{"action":"token_refreshed","actor_id":"73904179-cca9-40ab-a2c4-e509dadbbbbb","actor_username":"ajitkumarpes@gmail.com","actor_via_sso":false,"log_type":"token"}', '2025-12-26 01:49:55.781963+00', ''),
	('00000000-0000-0000-0000-000000000000', '3195a3a2-8253-441a-9518-f9b7ff1920f9', '{"action":"token_revoked","actor_id":"73904179-cca9-40ab-a2c4-e509dadbbbbb","actor_username":"ajitkumarpes@gmail.com","actor_via_sso":false,"log_type":"token"}', '2025-12-26 01:49:55.794531+00', ''),
	('00000000-0000-0000-0000-000000000000', '10206611-cc0b-44e5-bfe2-6be56b5c5989', '{"action":"token_refreshed","actor_id":"73904179-cca9-40ab-a2c4-e509dadbbbbb","actor_username":"ajitkumarpes@gmail.com","actor_via_sso":false,"log_type":"token"}', '2025-12-26 12:51:58.050319+00', ''),
	('00000000-0000-0000-0000-000000000000', '6f4c7c98-f03c-465b-a022-ad091ccfdab8', '{"action":"token_revoked","actor_id":"73904179-cca9-40ab-a2c4-e509dadbbbbb","actor_username":"ajitkumarpes@gmail.com","actor_via_sso":false,"log_type":"token"}', '2025-12-26 12:51:58.067832+00', ''),
	('00000000-0000-0000-0000-000000000000', '66607209-ce2d-42cb-869c-269e2f98f0cf', '{"action":"token_refreshed","actor_id":"73904179-cca9-40ab-a2c4-e509dadbbbbb","actor_username":"ajitkumarpes@gmail.com","actor_via_sso":false,"log_type":"token"}', '2025-12-26 18:10:46.723831+00', ''),
	('00000000-0000-0000-0000-000000000000', '8eb509f9-473c-446f-8a17-838b26e0002f', '{"action":"token_refreshed","actor_id":"d1e40c02-9978-46fd-875e-3989537af942","actor_username":"kbisht786@gmail.com","actor_via_sso":false,"log_type":"token"}', '2025-12-27 02:02:13.634764+00', ''),
	('00000000-0000-0000-0000-000000000000', '43f148af-d61f-47cd-90dc-cf530b9b5b83', '{"action":"token_revoked","actor_id":"d1e40c02-9978-46fd-875e-3989537af942","actor_username":"kbisht786@gmail.com","actor_via_sso":false,"log_type":"token"}', '2025-12-27 02:02:13.653457+00', ''),
	('00000000-0000-0000-0000-000000000000', '6a83bf54-4c3a-42fa-ac0d-af8c0eae08eb', '{"action":"token_refreshed","actor_id":"d1e40c02-9978-46fd-875e-3989537af942","actor_username":"kbisht786@gmail.com","actor_via_sso":false,"log_type":"token"}', '2025-12-27 03:11:38.087747+00', ''),
	('00000000-0000-0000-0000-000000000000', '5723a0eb-d41b-4ac7-a9d9-5d430cdb1551', '{"action":"token_revoked","actor_id":"d1e40c02-9978-46fd-875e-3989537af942","actor_username":"kbisht786@gmail.com","actor_via_sso":false,"log_type":"token"}', '2025-12-27 03:11:38.1001+00', ''),
	('00000000-0000-0000-0000-000000000000', 'da718c15-1088-4dfd-a6ec-6098c8756e18', '{"action":"token_refreshed","actor_id":"73904179-cca9-40ab-a2c4-e509dadbbbbb","actor_username":"ajitkumarpes@gmail.com","actor_via_sso":false,"log_type":"token"}', '2025-12-27 04:35:03.124823+00', ''),
	('00000000-0000-0000-0000-000000000000', 'fc87cd1e-ca36-43e6-95c6-b686a7adf397', '{"action":"token_revoked","actor_id":"73904179-cca9-40ab-a2c4-e509dadbbbbb","actor_username":"ajitkumarpes@gmail.com","actor_via_sso":false,"log_type":"token"}', '2025-12-27 04:35:03.143777+00', ''),
	('00000000-0000-0000-0000-000000000000', '0b33eab8-fe27-45f0-ad0d-d687f1df76e5', '{"action":"token_refreshed","actor_id":"d1e40c02-9978-46fd-875e-3989537af942","actor_username":"kbisht786@gmail.com","actor_via_sso":false,"log_type":"token"}', '2025-12-27 09:50:15.369933+00', ''),
	('00000000-0000-0000-0000-000000000000', '20ab44ad-b840-4576-a476-bc4d975a8954', '{"action":"token_revoked","actor_id":"d1e40c02-9978-46fd-875e-3989537af942","actor_username":"kbisht786@gmail.com","actor_via_sso":false,"log_type":"token"}', '2025-12-27 09:50:15.383795+00', ''),
	('00000000-0000-0000-0000-000000000000', '3e5e3250-7990-4a0a-94ff-fa1e495f8757', '{"action":"token_refreshed","actor_id":"d1e40c02-9978-46fd-875e-3989537af942","actor_username":"kbisht786@gmail.com","actor_via_sso":false,"log_type":"token"}', '2025-12-27 17:50:08.139634+00', ''),
	('00000000-0000-0000-0000-000000000000', '7b5538d2-51db-4dc3-b7e9-ac96a1c1b5d6', '{"action":"token_revoked","actor_id":"d1e40c02-9978-46fd-875e-3989537af942","actor_username":"kbisht786@gmail.com","actor_via_sso":false,"log_type":"token"}', '2025-12-27 17:50:08.156403+00', ''),
	('00000000-0000-0000-0000-000000000000', 'ef8c732b-d051-4676-aee8-e794bdafb51d', '{"action":"token_refreshed","actor_id":"73904179-cca9-40ab-a2c4-e509dadbbbbb","actor_username":"ajitkumarpes@gmail.com","actor_via_sso":false,"log_type":"token"}', '2025-12-30 10:26:12.813816+00', ''),
	('00000000-0000-0000-0000-000000000000', '3c3f6119-be64-4097-a023-0f82e427a700', '{"action":"token_revoked","actor_id":"73904179-cca9-40ab-a2c4-e509dadbbbbb","actor_username":"ajitkumarpes@gmail.com","actor_via_sso":false,"log_type":"token"}', '2025-12-30 10:26:12.830826+00', ''),
	('00000000-0000-0000-0000-000000000000', '861cd63a-ef94-4157-bac0-cbd9503f8919', '{"action":"token_refreshed","actor_id":"73904179-cca9-40ab-a2c4-e509dadbbbbb","actor_username":"ajitkumarpes@gmail.com","actor_via_sso":false,"log_type":"token"}', '2026-01-02 05:17:14.720026+00', ''),
	('00000000-0000-0000-0000-000000000000', '76949057-049d-48b0-95c9-0717d8590bb1', '{"action":"token_revoked","actor_id":"73904179-cca9-40ab-a2c4-e509dadbbbbb","actor_username":"ajitkumarpes@gmail.com","actor_via_sso":false,"log_type":"token"}', '2026-01-02 05:17:14.741822+00', ''),
	('00000000-0000-0000-0000-000000000000', 'c6144786-120e-4a47-84df-a40134e48fae', '{"action":"token_refreshed","actor_id":"73904179-cca9-40ab-a2c4-e509dadbbbbb","actor_username":"ajitkumarpes@gmail.com","actor_via_sso":false,"log_type":"token"}', '2026-01-02 06:40:54.285963+00', ''),
	('00000000-0000-0000-0000-000000000000', 'c4fd2c90-5e9e-4dd2-85b5-88bceac399e8', '{"action":"token_revoked","actor_id":"73904179-cca9-40ab-a2c4-e509dadbbbbb","actor_username":"ajitkumarpes@gmail.com","actor_via_sso":false,"log_type":"token"}', '2026-01-02 06:40:54.302757+00', ''),
	('00000000-0000-0000-0000-000000000000', 'e904e7a0-9782-40ad-a721-81dafb4c44cf', '{"action":"token_refreshed","actor_id":"73904179-cca9-40ab-a2c4-e509dadbbbbb","actor_username":"ajitkumarpes@gmail.com","actor_via_sso":false,"log_type":"token"}', '2026-01-02 07:43:35.85147+00', ''),
	('00000000-0000-0000-0000-000000000000', 'ce3e6fe7-8a6b-4bdd-a4cd-57293a26dbb4', '{"action":"token_revoked","actor_id":"73904179-cca9-40ab-a2c4-e509dadbbbbb","actor_username":"ajitkumarpes@gmail.com","actor_via_sso":false,"log_type":"token"}', '2026-01-02 07:43:35.865917+00', ''),
	('00000000-0000-0000-0000-000000000000', '9d4207c9-c016-4d72-a7b4-af6dd0987839', '{"action":"token_refreshed","actor_id":"73904179-cca9-40ab-a2c4-e509dadbbbbb","actor_username":"ajitkumarpes@gmail.com","actor_via_sso":false,"log_type":"token"}', '2026-01-02 10:01:04.586182+00', ''),
	('00000000-0000-0000-0000-000000000000', 'cf89893e-0d23-408b-beaf-ce68da453d41', '{"action":"token_revoked","actor_id":"73904179-cca9-40ab-a2c4-e509dadbbbbb","actor_username":"ajitkumarpes@gmail.com","actor_via_sso":false,"log_type":"token"}', '2026-01-02 10:01:04.596404+00', ''),
	('00000000-0000-0000-0000-000000000000', 'dede4b24-cd3c-48a3-b08f-fca2158e23e7', '{"action":"token_refreshed","actor_id":"73904179-cca9-40ab-a2c4-e509dadbbbbb","actor_username":"ajitkumarpes@gmail.com","actor_via_sso":false,"log_type":"token"}', '2026-01-02 10:59:12.81306+00', ''),
	('00000000-0000-0000-0000-000000000000', '8b4c5bf8-eb3b-4656-936d-71be1ad63ad2', '{"action":"token_revoked","actor_id":"73904179-cca9-40ab-a2c4-e509dadbbbbb","actor_username":"ajitkumarpes@gmail.com","actor_via_sso":false,"log_type":"token"}', '2026-01-02 10:59:12.826347+00', ''),
	('00000000-0000-0000-0000-000000000000', 'a270e18e-c500-47b8-8cc4-7db10954f4b3', '{"action":"token_refreshed","actor_id":"73904179-cca9-40ab-a2c4-e509dadbbbbb","actor_username":"ajitkumarpes@gmail.com","actor_via_sso":false,"log_type":"token"}', '2026-01-02 12:15:17.737984+00', ''),
	('00000000-0000-0000-0000-000000000000', 'bace68a7-5990-460b-9823-36fbae4da3ba', '{"action":"token_revoked","actor_id":"73904179-cca9-40ab-a2c4-e509dadbbbbb","actor_username":"ajitkumarpes@gmail.com","actor_via_sso":false,"log_type":"token"}', '2026-01-02 12:15:17.748119+00', ''),
	('00000000-0000-0000-0000-000000000000', '5a42fd6b-6bf4-4a9e-98b7-ca589856cc8f', '{"action":"token_refreshed","actor_id":"73904179-cca9-40ab-a2c4-e509dadbbbbb","actor_username":"ajitkumarpes@gmail.com","actor_via_sso":false,"log_type":"token"}', '2026-01-02 13:21:44.014125+00', ''),
	('00000000-0000-0000-0000-000000000000', 'c14ee8c5-19ce-41b1-a11e-6994fddfbda5', '{"action":"token_revoked","actor_id":"73904179-cca9-40ab-a2c4-e509dadbbbbb","actor_username":"ajitkumarpes@gmail.com","actor_via_sso":false,"log_type":"token"}', '2026-01-02 13:21:44.032641+00', ''),
	('00000000-0000-0000-0000-000000000000', 'f00259d3-cce2-4cca-b7bf-6e19e1a78ef8', '{"action":"token_refreshed","actor_id":"73904179-cca9-40ab-a2c4-e509dadbbbbb","actor_username":"ajitkumarpes@gmail.com","actor_via_sso":false,"log_type":"token"}', '2026-01-02 14:26:21.069383+00', ''),
	('00000000-0000-0000-0000-000000000000', 'dddc6ef4-1f9f-4f8d-bc26-c37e342a27f8', '{"action":"token_revoked","actor_id":"73904179-cca9-40ab-a2c4-e509dadbbbbb","actor_username":"ajitkumarpes@gmail.com","actor_via_sso":false,"log_type":"token"}', '2026-01-02 14:26:21.090082+00', ''),
	('00000000-0000-0000-0000-000000000000', 'd9fa6542-09cc-4999-b669-ac78e60e7567', '{"action":"token_refreshed","actor_id":"73904179-cca9-40ab-a2c4-e509dadbbbbb","actor_username":"ajitkumarpes@gmail.com","actor_via_sso":false,"log_type":"token"}', '2026-01-02 17:02:38.754268+00', ''),
	('00000000-0000-0000-0000-000000000000', '473a6bf9-0f7b-4663-93d1-3bed251e2e25', '{"action":"token_revoked","actor_id":"73904179-cca9-40ab-a2c4-e509dadbbbbb","actor_username":"ajitkumarpes@gmail.com","actor_via_sso":false,"log_type":"token"}', '2026-01-02 17:02:38.765576+00', ''),
	('00000000-0000-0000-0000-000000000000', '85d5ce63-2fba-42e9-a57a-d4b831ef877e', '{"action":"user_recovery_requested","actor_id":"73904179-cca9-40ab-a2c4-e509dadbbbbb","actor_username":"ajitkumarpes@gmail.com","actor_via_sso":false,"log_type":"user"}', '2026-01-02 17:57:07.243362+00', ''),
	('00000000-0000-0000-0000-000000000000', 'dbe17196-bdad-46b1-b2f3-817ba485354d', '{"action":"login","actor_id":"73904179-cca9-40ab-a2c4-e509dadbbbbb","actor_username":"ajitkumarpes@gmail.com","actor_via_sso":false,"log_type":"account"}', '2026-01-02 17:57:43.274386+00', ''),
	('00000000-0000-0000-0000-000000000000', '6783d72f-7635-4c58-8ae1-d71766c66f46', '{"action":"token_refreshed","actor_id":"73904179-cca9-40ab-a2c4-e509dadbbbbb","actor_username":"ajitkumarpes@gmail.com","actor_via_sso":false,"log_type":"token"}', '2026-01-02 18:00:58.507968+00', ''),
	('00000000-0000-0000-0000-000000000000', '648d30b4-ffe5-43e4-b956-4593c87f63c7', '{"action":"token_revoked","actor_id":"73904179-cca9-40ab-a2c4-e509dadbbbbb","actor_username":"ajitkumarpes@gmail.com","actor_via_sso":false,"log_type":"token"}', '2026-01-02 18:00:58.512478+00', ''),
	('00000000-0000-0000-0000-000000000000', '6f6934bc-d48f-46ca-88ff-f5a6c6701803', '{"action":"token_refreshed","actor_id":"73904179-cca9-40ab-a2c4-e509dadbbbbb","actor_username":"ajitkumarpes@gmail.com","actor_via_sso":false,"log_type":"token"}', '2026-01-02 18:03:39.851275+00', ''),
	('00000000-0000-0000-0000-000000000000', 'e430fdd1-bbb5-4579-9a06-ea5f9051b3cf', '{"action":"token_revoked","actor_id":"73904179-cca9-40ab-a2c4-e509dadbbbbb","actor_username":"ajitkumarpes@gmail.com","actor_via_sso":false,"log_type":"token"}', '2026-01-02 18:03:39.856044+00', ''),
	('00000000-0000-0000-0000-000000000000', 'f6937959-a2be-4167-8a4d-da48362afc68', '{"action":"token_refreshed","actor_id":"73904179-cca9-40ab-a2c4-e509dadbbbbb","actor_username":"ajitkumarpes@gmail.com","actor_via_sso":false,"log_type":"token"}', '2026-01-02 19:05:17.836098+00', ''),
	('00000000-0000-0000-0000-000000000000', 'f42ffa65-cc2d-4619-9a1b-44ebbd0d0f8d', '{"action":"token_revoked","actor_id":"73904179-cca9-40ab-a2c4-e509dadbbbbb","actor_username":"ajitkumarpes@gmail.com","actor_via_sso":false,"log_type":"token"}', '2026-01-02 19:05:17.846412+00', ''),
	('00000000-0000-0000-0000-000000000000', 'ef17f8c2-10bb-4e91-8065-1e003323fdb1', '{"action":"token_refreshed","actor_id":"73904179-cca9-40ab-a2c4-e509dadbbbbb","actor_username":"ajitkumarpes@gmail.com","actor_via_sso":false,"log_type":"token"}', '2026-01-02 19:44:01.156927+00', ''),
	('00000000-0000-0000-0000-000000000000', '7eecc3e0-faaa-4ec4-baa0-c802f11f5746', '{"action":"token_revoked","actor_id":"73904179-cca9-40ab-a2c4-e509dadbbbbb","actor_username":"ajitkumarpes@gmail.com","actor_via_sso":false,"log_type":"token"}', '2026-01-02 19:44:01.16802+00', ''),
	('00000000-0000-0000-0000-000000000000', 'd2b5375f-532c-4fe3-b8ca-92744e05dc18', '{"action":"token_refreshed","actor_id":"73904179-cca9-40ab-a2c4-e509dadbbbbb","actor_username":"ajitkumarpes@gmail.com","actor_via_sso":false,"log_type":"token"}', '2026-01-02 20:04:04.715658+00', ''),
	('00000000-0000-0000-0000-000000000000', 'e64ac54e-e717-4a67-a273-8fac2396f6f1', '{"action":"token_revoked","actor_id":"73904179-cca9-40ab-a2c4-e509dadbbbbb","actor_username":"ajitkumarpes@gmail.com","actor_via_sso":false,"log_type":"token"}', '2026-01-02 20:04:04.733727+00', ''),
	('00000000-0000-0000-0000-000000000000', '38fa1c4d-adac-4593-a5f2-e6e4f8086189', '{"action":"token_refreshed","actor_id":"73904179-cca9-40ab-a2c4-e509dadbbbbb","actor_username":"ajitkumarpes@gmail.com","actor_via_sso":false,"log_type":"token"}', '2026-01-02 20:45:09.854822+00', ''),
	('00000000-0000-0000-0000-000000000000', 'bde08f57-66a7-462f-80f1-cb69d4822eda', '{"action":"token_revoked","actor_id":"73904179-cca9-40ab-a2c4-e509dadbbbbb","actor_username":"ajitkumarpes@gmail.com","actor_via_sso":false,"log_type":"token"}', '2026-01-02 20:45:09.877441+00', ''),
	('00000000-0000-0000-0000-000000000000', 'eac4e762-a02e-4b12-a961-7687aa852089', '{"action":"token_refreshed","actor_id":"73904179-cca9-40ab-a2c4-e509dadbbbbb","actor_username":"ajitkumarpes@gmail.com","actor_via_sso":false,"log_type":"token"}', '2026-01-02 21:43:27.510926+00', ''),
	('00000000-0000-0000-0000-000000000000', '501945cc-2f35-4f41-b2df-b2c488297420', '{"action":"token_revoked","actor_id":"73904179-cca9-40ab-a2c4-e509dadbbbbb","actor_username":"ajitkumarpes@gmail.com","actor_via_sso":false,"log_type":"token"}', '2026-01-02 21:43:27.527442+00', ''),
	('00000000-0000-0000-0000-000000000000', 'b471ed04-9715-425d-96c0-1e4082dc91ca', '{"action":"token_refreshed","actor_id":"73904179-cca9-40ab-a2c4-e509dadbbbbb","actor_username":"ajitkumarpes@gmail.com","actor_via_sso":false,"log_type":"token"}', '2026-01-02 22:54:14.625568+00', ''),
	('00000000-0000-0000-0000-000000000000', 'b01394d0-e167-4e49-838c-f4eb4ad97efc', '{"action":"token_revoked","actor_id":"73904179-cca9-40ab-a2c4-e509dadbbbbb","actor_username":"ajitkumarpes@gmail.com","actor_via_sso":false,"log_type":"token"}', '2026-01-02 22:54:14.642099+00', ''),
	('00000000-0000-0000-0000-000000000000', '0749d043-a799-4af9-9ff8-0f3f548b780c', '{"action":"token_refreshed","actor_id":"73904179-cca9-40ab-a2c4-e509dadbbbbb","actor_username":"ajitkumarpes@gmail.com","actor_via_sso":false,"log_type":"token"}', '2026-01-02 23:52:54.449018+00', ''),
	('00000000-0000-0000-0000-000000000000', 'dbbfd2cb-d13d-43f2-909e-f51a293c1331', '{"action":"token_revoked","actor_id":"73904179-cca9-40ab-a2c4-e509dadbbbbb","actor_username":"ajitkumarpes@gmail.com","actor_via_sso":false,"log_type":"token"}', '2026-01-02 23:52:54.466453+00', ''),
	('00000000-0000-0000-0000-000000000000', '7a4b4ebb-3d2a-4ce4-b9c0-0f9f25fc8beb', '{"action":"token_refreshed","actor_id":"73904179-cca9-40ab-a2c4-e509dadbbbbb","actor_username":"ajitkumarpes@gmail.com","actor_via_sso":false,"log_type":"token"}', '2026-01-03 00:51:45.647401+00', ''),
	('00000000-0000-0000-0000-000000000000', 'f64653e6-f533-4a0e-a52a-08c00a85fa27', '{"action":"token_revoked","actor_id":"73904179-cca9-40ab-a2c4-e509dadbbbbb","actor_username":"ajitkumarpes@gmail.com","actor_via_sso":false,"log_type":"token"}', '2026-01-03 00:51:45.661882+00', ''),
	('00000000-0000-0000-0000-000000000000', '45890e13-8042-4df7-9992-7acbd76e4029', '{"action":"token_refreshed","actor_id":"73904179-cca9-40ab-a2c4-e509dadbbbbb","actor_username":"ajitkumarpes@gmail.com","actor_via_sso":false,"log_type":"token"}', '2026-01-03 01:50:46.100014+00', ''),
	('00000000-0000-0000-0000-000000000000', 'de12bad3-bb32-47b4-aec7-94c432953f2f', '{"action":"token_revoked","actor_id":"73904179-cca9-40ab-a2c4-e509dadbbbbb","actor_username":"ajitkumarpes@gmail.com","actor_via_sso":false,"log_type":"token"}', '2026-01-03 01:50:46.114679+00', ''),
	('00000000-0000-0000-0000-000000000000', '010ccdea-2db7-4b8f-8fed-81774e808735', '{"action":"token_refreshed","actor_id":"73904179-cca9-40ab-a2c4-e509dadbbbbb","actor_username":"ajitkumarpes@gmail.com","actor_via_sso":false,"log_type":"token"}', '2026-01-03 02:59:18.417448+00', ''),
	('00000000-0000-0000-0000-000000000000', '5cc69627-138a-4adb-baa9-59407252b895', '{"action":"token_revoked","actor_id":"73904179-cca9-40ab-a2c4-e509dadbbbbb","actor_username":"ajitkumarpes@gmail.com","actor_via_sso":false,"log_type":"token"}', '2026-01-03 02:59:18.436525+00', ''),
	('00000000-0000-0000-0000-000000000000', 'fa39f3df-c4bb-4154-a132-1b5bacaac792', '{"action":"token_refreshed","actor_id":"73904179-cca9-40ab-a2c4-e509dadbbbbb","actor_username":"ajitkumarpes@gmail.com","actor_via_sso":false,"log_type":"token"}', '2026-01-03 04:27:25.519267+00', ''),
	('00000000-0000-0000-0000-000000000000', '0df93605-e5b0-430f-9c81-3ec038f9c8bb', '{"action":"token_revoked","actor_id":"73904179-cca9-40ab-a2c4-e509dadbbbbb","actor_username":"ajitkumarpes@gmail.com","actor_via_sso":false,"log_type":"token"}', '2026-01-03 04:27:25.536378+00', ''),
	('00000000-0000-0000-0000-000000000000', '9d94834a-2dd6-4481-8692-50b0dced0d1c', '{"action":"token_refreshed","actor_id":"73904179-cca9-40ab-a2c4-e509dadbbbbb","actor_username":"ajitkumarpes@gmail.com","actor_via_sso":false,"log_type":"token"}', '2026-01-03 05:26:43.143265+00', ''),
	('00000000-0000-0000-0000-000000000000', '8d28cc37-3df5-418f-bff4-84c4133b1a17', '{"action":"token_revoked","actor_id":"73904179-cca9-40ab-a2c4-e509dadbbbbb","actor_username":"ajitkumarpes@gmail.com","actor_via_sso":false,"log_type":"token"}', '2026-01-03 05:26:43.164177+00', ''),
	('00000000-0000-0000-0000-000000000000', 'fc832509-cd1f-448b-ab20-f94e8c4eae21', '{"action":"token_refreshed","actor_id":"73904179-cca9-40ab-a2c4-e509dadbbbbb","actor_username":"ajitkumarpes@gmail.com","actor_via_sso":false,"log_type":"token"}', '2026-01-03 06:40:43.381239+00', ''),
	('00000000-0000-0000-0000-000000000000', 'f3ab902e-a56a-4906-9263-6ecebedef9b5', '{"action":"token_revoked","actor_id":"73904179-cca9-40ab-a2c4-e509dadbbbbb","actor_username":"ajitkumarpes@gmail.com","actor_via_sso":false,"log_type":"token"}', '2026-01-03 06:40:43.398311+00', ''),
	('00000000-0000-0000-0000-000000000000', 'f0f93bcc-8a77-4a97-8eca-cbfcf5486ba4', '{"action":"token_refreshed","actor_id":"73904179-cca9-40ab-a2c4-e509dadbbbbb","actor_username":"ajitkumarpes@gmail.com","actor_via_sso":false,"log_type":"token"}', '2026-01-03 07:45:40.839122+00', ''),
	('00000000-0000-0000-0000-000000000000', 'bedddec5-87aa-4103-b3df-71909a4447fe', '{"action":"token_revoked","actor_id":"73904179-cca9-40ab-a2c4-e509dadbbbbb","actor_username":"ajitkumarpes@gmail.com","actor_via_sso":false,"log_type":"token"}', '2026-01-03 07:45:40.86038+00', ''),
	('00000000-0000-0000-0000-000000000000', '19bcab9a-e2fe-4e92-8f8e-877e3dc92bf1', '{"action":"token_refreshed","actor_id":"73904179-cca9-40ab-a2c4-e509dadbbbbb","actor_username":"ajitkumarpes@gmail.com","actor_via_sso":false,"log_type":"token"}', '2026-01-03 07:49:54.765665+00', ''),
	('00000000-0000-0000-0000-000000000000', '11c97285-9976-474d-ac7c-0053af4d02bd', '{"action":"token_revoked","actor_id":"73904179-cca9-40ab-a2c4-e509dadbbbbb","actor_username":"ajitkumarpes@gmail.com","actor_via_sso":false,"log_type":"token"}', '2026-01-03 07:49:54.772068+00', ''),
	('00000000-0000-0000-0000-000000000000', 'ad689b05-2a42-4ac5-a55c-1b44df57d984', '{"action":"token_refreshed","actor_id":"73904179-cca9-40ab-a2c4-e509dadbbbbb","actor_username":"ajitkumarpes@gmail.com","actor_via_sso":false,"log_type":"token"}', '2026-01-03 08:43:46.986705+00', ''),
	('00000000-0000-0000-0000-000000000000', 'fefe5008-ffb5-4545-8734-2a353e3ef433', '{"action":"token_revoked","actor_id":"73904179-cca9-40ab-a2c4-e509dadbbbbb","actor_username":"ajitkumarpes@gmail.com","actor_via_sso":false,"log_type":"token"}', '2026-01-03 08:43:47.003072+00', ''),
	('00000000-0000-0000-0000-000000000000', '11ca1715-c4cf-4ab4-bc44-c47f72e33f3d', '{"action":"token_refreshed","actor_id":"73904179-cca9-40ab-a2c4-e509dadbbbbb","actor_username":"ajitkumarpes@gmail.com","actor_via_sso":false,"log_type":"token"}', '2026-01-03 08:51:11.324162+00', ''),
	('00000000-0000-0000-0000-000000000000', 'ee1335dc-5df9-4f8a-9e0b-85402991be52', '{"action":"token_revoked","actor_id":"73904179-cca9-40ab-a2c4-e509dadbbbbb","actor_username":"ajitkumarpes@gmail.com","actor_via_sso":false,"log_type":"token"}', '2026-01-03 08:51:11.338203+00', ''),
	('00000000-0000-0000-0000-000000000000', '61f5085f-5c87-4736-9929-27dda789e22b', '{"action":"token_refreshed","actor_id":"73904179-cca9-40ab-a2c4-e509dadbbbbb","actor_username":"ajitkumarpes@gmail.com","actor_via_sso":false,"log_type":"token"}', '2026-01-03 09:47:29.614296+00', ''),
	('00000000-0000-0000-0000-000000000000', '4864c458-1790-4736-a429-8fcf42ffc417', '{"action":"token_revoked","actor_id":"73904179-cca9-40ab-a2c4-e509dadbbbbb","actor_username":"ajitkumarpes@gmail.com","actor_via_sso":false,"log_type":"token"}', '2026-01-03 09:47:29.629289+00', ''),
	('00000000-0000-0000-0000-000000000000', 'ba4f80b3-450f-446a-9d56-dbce2f532e83', '{"action":"token_refreshed","actor_id":"73904179-cca9-40ab-a2c4-e509dadbbbbb","actor_username":"ajitkumarpes@gmail.com","actor_via_sso":false,"log_type":"token"}', '2026-01-03 10:46:58.10146+00', ''),
	('00000000-0000-0000-0000-000000000000', '93e668f2-6916-4901-9717-da2715681abf', '{"action":"token_revoked","actor_id":"73904179-cca9-40ab-a2c4-e509dadbbbbb","actor_username":"ajitkumarpes@gmail.com","actor_via_sso":false,"log_type":"token"}', '2026-01-03 10:46:58.112364+00', ''),
	('00000000-0000-0000-0000-000000000000', '6757fa60-36cd-423c-9940-52ff6ac3bb34', '{"action":"token_refreshed","actor_id":"73904179-cca9-40ab-a2c4-e509dadbbbbb","actor_username":"ajitkumarpes@gmail.com","actor_via_sso":false,"log_type":"token"}', '2026-01-03 11:45:43.427369+00', ''),
	('00000000-0000-0000-0000-000000000000', 'caebb106-546a-4e9a-bc52-08046cd39d92', '{"action":"token_revoked","actor_id":"73904179-cca9-40ab-a2c4-e509dadbbbbb","actor_username":"ajitkumarpes@gmail.com","actor_via_sso":false,"log_type":"token"}', '2026-01-03 11:45:43.446762+00', ''),
	('00000000-0000-0000-0000-000000000000', 'a83d6343-649d-480b-8861-b5ed892bbf45', '{"action":"token_refreshed","actor_id":"73904179-cca9-40ab-a2c4-e509dadbbbbb","actor_username":"ajitkumarpes@gmail.com","actor_via_sso":false,"log_type":"token"}', '2026-01-03 12:51:25.546093+00', ''),
	('00000000-0000-0000-0000-000000000000', '930eeed7-b85d-43ab-bd9a-163601013ae8', '{"action":"token_revoked","actor_id":"73904179-cca9-40ab-a2c4-e509dadbbbbb","actor_username":"ajitkumarpes@gmail.com","actor_via_sso":false,"log_type":"token"}', '2026-01-03 12:51:25.560235+00', ''),
	('00000000-0000-0000-0000-000000000000', '36d230fc-4d71-4ec8-a39d-a5a9fd946967', '{"action":"token_refreshed","actor_id":"73904179-cca9-40ab-a2c4-e509dadbbbbb","actor_username":"ajitkumarpes@gmail.com","actor_via_sso":false,"log_type":"token"}', '2026-01-03 13:50:33.889212+00', ''),
	('00000000-0000-0000-0000-000000000000', 'ce0be384-d34e-4e82-a509-e97cef65d1b7', '{"action":"token_revoked","actor_id":"73904179-cca9-40ab-a2c4-e509dadbbbbb","actor_username":"ajitkumarpes@gmail.com","actor_via_sso":false,"log_type":"token"}', '2026-01-03 13:50:33.903206+00', ''),
	('00000000-0000-0000-0000-000000000000', '97500980-29d8-45b8-9a27-5994d6d722fc', '{"action":"token_refreshed","actor_id":"73904179-cca9-40ab-a2c4-e509dadbbbbb","actor_username":"ajitkumarpes@gmail.com","actor_via_sso":false,"log_type":"token"}', '2026-01-03 14:58:37.950442+00', ''),
	('00000000-0000-0000-0000-000000000000', '4153fa11-2ced-40dd-a8e5-fe2669f5ba91', '{"action":"token_revoked","actor_id":"73904179-cca9-40ab-a2c4-e509dadbbbbb","actor_username":"ajitkumarpes@gmail.com","actor_via_sso":false,"log_type":"token"}', '2026-01-03 14:58:37.969725+00', ''),
	('00000000-0000-0000-0000-000000000000', '3fc5652c-72ef-464d-b8f3-afea2d86a410', '{"action":"token_refreshed","actor_id":"73904179-cca9-40ab-a2c4-e509dadbbbbb","actor_username":"ajitkumarpes@gmail.com","actor_via_sso":false,"log_type":"token"}', '2026-01-03 16:06:51.073056+00', ''),
	('00000000-0000-0000-0000-000000000000', '5e50a416-45e8-4b17-b402-84bc7c9cfa35', '{"action":"token_revoked","actor_id":"73904179-cca9-40ab-a2c4-e509dadbbbbb","actor_username":"ajitkumarpes@gmail.com","actor_via_sso":false,"log_type":"token"}', '2026-01-03 16:06:51.088073+00', ''),
	('00000000-0000-0000-0000-000000000000', 'f5a80b22-a5ca-49cd-af69-52570bd6b201', '{"action":"token_refreshed","actor_id":"73904179-cca9-40ab-a2c4-e509dadbbbbb","actor_username":"ajitkumarpes@gmail.com","actor_via_sso":false,"log_type":"token"}', '2026-01-03 17:05:36.134786+00', ''),
	('00000000-0000-0000-0000-000000000000', '7cbe9e98-5cb9-42a7-868f-83e5b8935306', '{"action":"token_revoked","actor_id":"73904179-cca9-40ab-a2c4-e509dadbbbbb","actor_username":"ajitkumarpes@gmail.com","actor_via_sso":false,"log_type":"token"}', '2026-01-03 17:05:36.148412+00', ''),
	('00000000-0000-0000-0000-000000000000', '1aef7d64-7027-4fea-ab87-1c4244e843b5', '{"action":"token_refreshed","actor_id":"73904179-cca9-40ab-a2c4-e509dadbbbbb","actor_username":"ajitkumarpes@gmail.com","actor_via_sso":false,"log_type":"token"}', '2026-01-03 18:04:21.842128+00', ''),
	('00000000-0000-0000-0000-000000000000', 'de0803f3-8c81-454e-9719-9156cf1acbcc', '{"action":"token_revoked","actor_id":"73904179-cca9-40ab-a2c4-e509dadbbbbb","actor_username":"ajitkumarpes@gmail.com","actor_via_sso":false,"log_type":"token"}', '2026-01-03 18:04:21.857232+00', ''),
	('00000000-0000-0000-0000-000000000000', 'dd92cef0-e0b2-4be7-99f1-cc6473b91907', '{"action":"token_refreshed","actor_id":"73904179-cca9-40ab-a2c4-e509dadbbbbb","actor_username":"ajitkumarpes@gmail.com","actor_via_sso":false,"log_type":"token"}', '2026-01-03 19:03:36.32966+00', ''),
	('00000000-0000-0000-0000-000000000000', '00da8d6f-abf3-482f-be79-4ef02ceef741', '{"action":"token_revoked","actor_id":"73904179-cca9-40ab-a2c4-e509dadbbbbb","actor_username":"ajitkumarpes@gmail.com","actor_via_sso":false,"log_type":"token"}', '2026-01-03 19:03:36.346937+00', ''),
	('00000000-0000-0000-0000-000000000000', '9bac51f9-6a32-4d46-ac5f-9ef85080d30d', '{"action":"token_refreshed","actor_id":"73904179-cca9-40ab-a2c4-e509dadbbbbb","actor_username":"ajitkumarpes@gmail.com","actor_via_sso":false,"log_type":"token"}', '2026-01-03 20:02:36.716432+00', ''),
	('00000000-0000-0000-0000-000000000000', 'd932f22a-22f8-4526-9c0c-64110127ae75', '{"action":"token_revoked","actor_id":"73904179-cca9-40ab-a2c4-e509dadbbbbb","actor_username":"ajitkumarpes@gmail.com","actor_via_sso":false,"log_type":"token"}', '2026-01-03 20:02:36.737452+00', ''),
	('00000000-0000-0000-0000-000000000000', '297a5baa-7481-4091-8445-a4cceedf76b5', '{"action":"token_refreshed","actor_id":"73904179-cca9-40ab-a2c4-e509dadbbbbb","actor_username":"ajitkumarpes@gmail.com","actor_via_sso":false,"log_type":"token"}', '2026-01-03 21:00:57.19902+00', ''),
	('00000000-0000-0000-0000-000000000000', 'dcba94ed-9c56-48d4-aaa5-c3b3629b3b57', '{"action":"token_revoked","actor_id":"73904179-cca9-40ab-a2c4-e509dadbbbbb","actor_username":"ajitkumarpes@gmail.com","actor_via_sso":false,"log_type":"token"}', '2026-01-03 21:00:57.213495+00', ''),
	('00000000-0000-0000-0000-000000000000', '1f436b09-14f4-44a7-97c2-7582fc55b817', '{"action":"token_refreshed","actor_id":"73904179-cca9-40ab-a2c4-e509dadbbbbb","actor_username":"ajitkumarpes@gmail.com","actor_via_sso":false,"log_type":"token"}', '2026-01-03 22:06:38.147638+00', ''),
	('00000000-0000-0000-0000-000000000000', '0d6fa17f-1b6d-43af-a4fc-12a3e0f7ffd0', '{"action":"token_revoked","actor_id":"73904179-cca9-40ab-a2c4-e509dadbbbbb","actor_username":"ajitkumarpes@gmail.com","actor_via_sso":false,"log_type":"token"}', '2026-01-03 22:06:38.162066+00', ''),
	('00000000-0000-0000-0000-000000000000', 'ed12e864-671f-4d3e-92d3-6b99fd4f174e', '{"action":"token_refreshed","actor_id":"73904179-cca9-40ab-a2c4-e509dadbbbbb","actor_username":"ajitkumarpes@gmail.com","actor_via_sso":false,"log_type":"token"}', '2026-01-03 23:12:16.765281+00', ''),
	('00000000-0000-0000-0000-000000000000', '5a9de1f6-f29c-492c-aae9-8abd94c349f5', '{"action":"token_revoked","actor_id":"73904179-cca9-40ab-a2c4-e509dadbbbbb","actor_username":"ajitkumarpes@gmail.com","actor_via_sso":false,"log_type":"token"}', '2026-01-03 23:12:16.781182+00', ''),
	('00000000-0000-0000-0000-000000000000', '5163bbb5-496e-4dcc-90d5-3c0af188f3f4', '{"action":"token_refreshed","actor_id":"73904179-cca9-40ab-a2c4-e509dadbbbbb","actor_username":"ajitkumarpes@gmail.com","actor_via_sso":false,"log_type":"token"}', '2026-01-04 00:12:48.298552+00', ''),
	('00000000-0000-0000-0000-000000000000', '8a27d524-4498-477a-8dfe-7a0d5c700461', '{"action":"token_revoked","actor_id":"73904179-cca9-40ab-a2c4-e509dadbbbbb","actor_username":"ajitkumarpes@gmail.com","actor_via_sso":false,"log_type":"token"}', '2026-01-04 00:12:48.311367+00', ''),
	('00000000-0000-0000-0000-000000000000', '02edc8dd-bcf6-4e55-ada7-3779e65b9bfc', '{"action":"token_refreshed","actor_id":"73904179-cca9-40ab-a2c4-e509dadbbbbb","actor_username":"ajitkumarpes@gmail.com","actor_via_sso":false,"log_type":"token"}', '2026-01-04 01:35:58.334501+00', ''),
	('00000000-0000-0000-0000-000000000000', '71a28110-0a6b-4555-84d9-33f6743ecb96', '{"action":"token_revoked","actor_id":"73904179-cca9-40ab-a2c4-e509dadbbbbb","actor_username":"ajitkumarpes@gmail.com","actor_via_sso":false,"log_type":"token"}', '2026-01-04 01:35:58.345371+00', ''),
	('00000000-0000-0000-0000-000000000000', '0d4baf97-f5b5-4621-9b56-b45656228d7f', '{"action":"token_refreshed","actor_id":"73904179-cca9-40ab-a2c4-e509dadbbbbb","actor_username":"ajitkumarpes@gmail.com","actor_via_sso":false,"log_type":"token"}', '2026-01-04 02:37:04.150157+00', ''),
	('00000000-0000-0000-0000-000000000000', '3bdd8864-9259-4dde-a3e6-c7e947b32ddc', '{"action":"token_revoked","actor_id":"73904179-cca9-40ab-a2c4-e509dadbbbbb","actor_username":"ajitkumarpes@gmail.com","actor_via_sso":false,"log_type":"token"}', '2026-01-04 02:37:04.1826+00', ''),
	('00000000-0000-0000-0000-000000000000', '1c300cc1-0b1d-4054-874e-c3dec786f83a', '{"action":"token_refreshed","actor_id":"73904179-cca9-40ab-a2c4-e509dadbbbbb","actor_username":"ajitkumarpes@gmail.com","actor_via_sso":false,"log_type":"token"}', '2026-01-04 03:38:10.008304+00', ''),
	('00000000-0000-0000-0000-000000000000', '5c009223-c726-47f2-a7a0-77ebe2fb024c', '{"action":"token_revoked","actor_id":"73904179-cca9-40ab-a2c4-e509dadbbbbb","actor_username":"ajitkumarpes@gmail.com","actor_via_sso":false,"log_type":"token"}', '2026-01-04 03:38:10.033453+00', ''),
	('00000000-0000-0000-0000-000000000000', '00e88c4f-4d51-4a4e-a5a5-d0435e821c7c', '{"action":"token_refreshed","actor_id":"73904179-cca9-40ab-a2c4-e509dadbbbbb","actor_username":"ajitkumarpes@gmail.com","actor_via_sso":false,"log_type":"token"}', '2026-01-04 05:02:52.598897+00', ''),
	('00000000-0000-0000-0000-000000000000', 'd189207d-dd53-4f79-af8f-7f61a36ba545', '{"action":"token_revoked","actor_id":"73904179-cca9-40ab-a2c4-e509dadbbbbb","actor_username":"ajitkumarpes@gmail.com","actor_via_sso":false,"log_type":"token"}', '2026-01-04 05:02:52.614457+00', ''),
	('00000000-0000-0000-0000-000000000000', '424a4f45-7e89-4ab7-9880-91c9feff4ceb', '{"action":"token_refreshed","actor_id":"73904179-cca9-40ab-a2c4-e509dadbbbbb","actor_username":"ajitkumarpes@gmail.com","actor_via_sso":false,"log_type":"token"}', '2026-01-04 06:07:56.825545+00', ''),
	('00000000-0000-0000-0000-000000000000', '6d8ab6ce-0643-4be4-8c26-6a187332f0c0', '{"action":"token_revoked","actor_id":"73904179-cca9-40ab-a2c4-e509dadbbbbb","actor_username":"ajitkumarpes@gmail.com","actor_via_sso":false,"log_type":"token"}', '2026-01-04 06:07:56.843028+00', ''),
	('00000000-0000-0000-0000-000000000000', 'a74ee2e5-09d1-44e3-885e-64ea1d602a5b', '{"action":"token_refreshed","actor_id":"73904179-cca9-40ab-a2c4-e509dadbbbbb","actor_username":"ajitkumarpes@gmail.com","actor_via_sso":false,"log_type":"token"}', '2026-01-04 07:10:57.165507+00', ''),
	('00000000-0000-0000-0000-000000000000', '2b338970-699c-4a46-93f5-86b24fc0c396', '{"action":"token_revoked","actor_id":"73904179-cca9-40ab-a2c4-e509dadbbbbb","actor_username":"ajitkumarpes@gmail.com","actor_via_sso":false,"log_type":"token"}', '2026-01-04 07:10:57.178317+00', ''),
	('00000000-0000-0000-0000-000000000000', 'ce3140b6-9fe6-4143-86c3-e97f27eac59b', '{"action":"token_refreshed","actor_id":"73904179-cca9-40ab-a2c4-e509dadbbbbb","actor_username":"ajitkumarpes@gmail.com","actor_via_sso":false,"log_type":"token"}', '2026-01-04 08:12:38.979265+00', ''),
	('00000000-0000-0000-0000-000000000000', '1494698f-568c-4910-afed-bbf0bd70f18c', '{"action":"token_revoked","actor_id":"73904179-cca9-40ab-a2c4-e509dadbbbbb","actor_username":"ajitkumarpes@gmail.com","actor_via_sso":false,"log_type":"token"}', '2026-01-04 08:12:39.001744+00', ''),
	('00000000-0000-0000-0000-000000000000', '691ab5ea-719e-4adf-8dea-6024930d6298', '{"action":"token_refreshed","actor_id":"73904179-cca9-40ab-a2c4-e509dadbbbbb","actor_username":"ajitkumarpes@gmail.com","actor_via_sso":false,"log_type":"token"}', '2026-01-04 09:13:44.768773+00', ''),
	('00000000-0000-0000-0000-000000000000', 'b35c3d96-cf67-411d-9eaf-1440c28345bd', '{"action":"token_revoked","actor_id":"73904179-cca9-40ab-a2c4-e509dadbbbbb","actor_username":"ajitkumarpes@gmail.com","actor_via_sso":false,"log_type":"token"}', '2026-01-04 09:13:44.820444+00', ''),
	('00000000-0000-0000-0000-000000000000', '150630c6-c3bc-4ddb-a6d2-59c2f784e56f', '{"action":"token_refreshed","actor_id":"73904179-cca9-40ab-a2c4-e509dadbbbbb","actor_username":"ajitkumarpes@gmail.com","actor_via_sso":false,"log_type":"token"}', '2026-01-04 10:14:51.594901+00', ''),
	('00000000-0000-0000-0000-000000000000', '605fde13-c220-44bc-bac9-d9bfb81d6518', '{"action":"token_revoked","actor_id":"73904179-cca9-40ab-a2c4-e509dadbbbbb","actor_username":"ajitkumarpes@gmail.com","actor_via_sso":false,"log_type":"token"}', '2026-01-04 10:14:51.606776+00', ''),
	('00000000-0000-0000-0000-000000000000', '47da7b22-545e-46a2-a86c-382173b2a907', '{"action":"token_refreshed","actor_id":"73904179-cca9-40ab-a2c4-e509dadbbbbb","actor_username":"ajitkumarpes@gmail.com","actor_via_sso":false,"log_type":"token"}', '2026-01-04 11:15:58.072339+00', ''),
	('00000000-0000-0000-0000-000000000000', 'f1e0a7ac-9aa9-4b08-968b-e2050cee598b', '{"action":"token_revoked","actor_id":"73904179-cca9-40ab-a2c4-e509dadbbbbb","actor_username":"ajitkumarpes@gmail.com","actor_via_sso":false,"log_type":"token"}', '2026-01-04 11:15:58.088959+00', ''),
	('00000000-0000-0000-0000-000000000000', '88f3a90c-020f-4584-8d43-cfd97b7ea781', '{"action":"token_refreshed","actor_id":"73904179-cca9-40ab-a2c4-e509dadbbbbb","actor_username":"ajitkumarpes@gmail.com","actor_via_sso":false,"log_type":"token"}', '2026-01-04 12:17:04.602656+00', ''),
	('00000000-0000-0000-0000-000000000000', '98324840-ba7a-498f-b484-37033fe49496', '{"action":"token_revoked","actor_id":"73904179-cca9-40ab-a2c4-e509dadbbbbb","actor_username":"ajitkumarpes@gmail.com","actor_via_sso":false,"log_type":"token"}', '2026-01-04 12:17:04.615484+00', ''),
	('00000000-0000-0000-0000-000000000000', '60b49dda-5c52-4c2b-8d15-184fe392d1bb', '{"action":"token_refreshed","actor_id":"73904179-cca9-40ab-a2c4-e509dadbbbbb","actor_username":"ajitkumarpes@gmail.com","actor_via_sso":false,"log_type":"token"}', '2026-01-04 13:18:11.581051+00', ''),
	('00000000-0000-0000-0000-000000000000', '49a29ae6-2a87-49f4-a846-ab11b1550f36', '{"action":"token_revoked","actor_id":"73904179-cca9-40ab-a2c4-e509dadbbbbb","actor_username":"ajitkumarpes@gmail.com","actor_via_sso":false,"log_type":"token"}', '2026-01-04 13:18:11.593261+00', ''),
	('00000000-0000-0000-0000-000000000000', 'c490deeb-d909-4ca5-8daf-e346bd4bfeec', '{"action":"token_refreshed","actor_id":"73904179-cca9-40ab-a2c4-e509dadbbbbb","actor_username":"ajitkumarpes@gmail.com","actor_via_sso":false,"log_type":"token"}', '2026-01-04 14:19:18.559415+00', ''),
	('00000000-0000-0000-0000-000000000000', '6f8b39be-8d88-47ad-924b-86740613e71f', '{"action":"token_revoked","actor_id":"73904179-cca9-40ab-a2c4-e509dadbbbbb","actor_username":"ajitkumarpes@gmail.com","actor_via_sso":false,"log_type":"token"}', '2026-01-04 14:19:18.573679+00', ''),
	('00000000-0000-0000-0000-000000000000', '82344766-7dcf-4b13-b564-fbfe354f3a59', '{"action":"token_refreshed","actor_id":"73904179-cca9-40ab-a2c4-e509dadbbbbb","actor_username":"ajitkumarpes@gmail.com","actor_via_sso":false,"log_type":"token"}', '2026-01-04 15:20:24.990228+00', ''),
	('00000000-0000-0000-0000-000000000000', 'f3d7dd3a-ee3e-4a18-833b-6a118456b6ec', '{"action":"token_revoked","actor_id":"73904179-cca9-40ab-a2c4-e509dadbbbbb","actor_username":"ajitkumarpes@gmail.com","actor_via_sso":false,"log_type":"token"}', '2026-01-04 15:20:25.003987+00', ''),
	('00000000-0000-0000-0000-000000000000', 'd0a5df8c-d5dd-4e81-b1f3-48dcb0e476ef', '{"action":"token_refreshed","actor_id":"73904179-cca9-40ab-a2c4-e509dadbbbbb","actor_username":"ajitkumarpes@gmail.com","actor_via_sso":false,"log_type":"token"}', '2026-01-04 16:21:05.431972+00', ''),
	('00000000-0000-0000-0000-000000000000', 'b95f9f57-b0d7-48d8-962c-761b54ada2eb', '{"action":"token_revoked","actor_id":"73904179-cca9-40ab-a2c4-e509dadbbbbb","actor_username":"ajitkumarpes@gmail.com","actor_via_sso":false,"log_type":"token"}', '2026-01-04 16:21:05.448021+00', ''),
	('00000000-0000-0000-0000-000000000000', 'fec439f0-9918-4733-9784-2fcf61888721', '{"action":"token_refreshed","actor_id":"73904179-cca9-40ab-a2c4-e509dadbbbbb","actor_username":"ajitkumarpes@gmail.com","actor_via_sso":false,"log_type":"token"}', '2026-01-04 17:21:32.128466+00', ''),
	('00000000-0000-0000-0000-000000000000', '6e313d08-d5d4-4f87-901d-5d9953470033', '{"action":"token_revoked","actor_id":"73904179-cca9-40ab-a2c4-e509dadbbbbb","actor_username":"ajitkumarpes@gmail.com","actor_via_sso":false,"log_type":"token"}', '2026-01-04 17:21:32.139207+00', ''),
	('00000000-0000-0000-0000-000000000000', '0511c723-2980-4176-8a7c-6cf277ccb8e1', '{"action":"token_refreshed","actor_id":"73904179-cca9-40ab-a2c4-e509dadbbbbb","actor_username":"ajitkumarpes@gmail.com","actor_via_sso":false,"log_type":"token"}', '2026-01-04 18:20:24.814356+00', ''),
	('00000000-0000-0000-0000-000000000000', '85aba340-d1e9-402b-be9d-c92dfe3640f3', '{"action":"token_revoked","actor_id":"73904179-cca9-40ab-a2c4-e509dadbbbbb","actor_username":"ajitkumarpes@gmail.com","actor_via_sso":false,"log_type":"token"}', '2026-01-04 18:20:24.831005+00', ''),
	('00000000-0000-0000-0000-000000000000', 'f9ab3b49-ed97-4eb9-9a43-5a67fac94e23', '{"action":"token_refreshed","actor_id":"73904179-cca9-40ab-a2c4-e509dadbbbbb","actor_username":"ajitkumarpes@gmail.com","actor_via_sso":false,"log_type":"token"}', '2026-01-04 19:19:58.274065+00', ''),
	('00000000-0000-0000-0000-000000000000', '8cdf4978-e99a-480b-9d69-9c19b5858ad1', '{"action":"token_revoked","actor_id":"73904179-cca9-40ab-a2c4-e509dadbbbbb","actor_username":"ajitkumarpes@gmail.com","actor_via_sso":false,"log_type":"token"}', '2026-01-04 19:19:58.287029+00', ''),
	('00000000-0000-0000-0000-000000000000', '302dfac5-f31c-4a5d-9971-9f3859d84c83', '{"action":"token_refreshed","actor_id":"73904179-cca9-40ab-a2c4-e509dadbbbbb","actor_username":"ajitkumarpes@gmail.com","actor_via_sso":false,"log_type":"token"}', '2026-01-04 20:19:52.367659+00', ''),
	('00000000-0000-0000-0000-000000000000', '28f27aaa-bb90-4f0a-a967-06d344a3360e', '{"action":"token_revoked","actor_id":"73904179-cca9-40ab-a2c4-e509dadbbbbb","actor_username":"ajitkumarpes@gmail.com","actor_via_sso":false,"log_type":"token"}', '2026-01-04 20:19:52.381596+00', ''),
	('00000000-0000-0000-0000-000000000000', 'e6459738-f50c-4d42-af68-0743d186b145', '{"action":"user_recovery_requested","actor_id":"73904179-cca9-40ab-a2c4-e509dadbbbbb","actor_username":"ajitkumarpes@gmail.com","actor_via_sso":false,"log_type":"user"}', '2026-01-05 16:35:18.881917+00', ''),
	('00000000-0000-0000-0000-000000000000', 'c8cb7924-0270-4173-a341-f0b16babce84', '{"action":"login","actor_id":"73904179-cca9-40ab-a2c4-e509dadbbbbb","actor_username":"ajitkumarpes@gmail.com","actor_via_sso":false,"log_type":"account"}', '2026-01-05 16:35:40.946628+00', ''),
	('00000000-0000-0000-0000-000000000000', 'd0b5779f-f952-45a8-922f-85ce0cc23e64', '{"action":"token_refreshed","actor_id":"73904179-cca9-40ab-a2c4-e509dadbbbbb","actor_username":"ajitkumarpes@gmail.com","actor_via_sso":false,"log_type":"token"}', '2026-01-05 17:33:42.202622+00', ''),
	('00000000-0000-0000-0000-000000000000', 'b0d35fe7-6eba-4a80-b9bb-0cfb518fd7ab', '{"action":"token_revoked","actor_id":"73904179-cca9-40ab-a2c4-e509dadbbbbb","actor_username":"ajitkumarpes@gmail.com","actor_via_sso":false,"log_type":"token"}', '2026-01-05 17:33:42.212227+00', ''),
	('00000000-0000-0000-0000-000000000000', 'aa97f7a8-0dc6-4845-9183-7fcfaff56b8e', '{"action":"token_refreshed","actor_id":"73904179-cca9-40ab-a2c4-e509dadbbbbb","actor_username":"ajitkumarpes@gmail.com","actor_via_sso":false,"log_type":"token"}', '2026-01-05 18:45:19.317655+00', ''),
	('00000000-0000-0000-0000-000000000000', 'd7770454-7566-41e0-a293-c5fe0694cfe4', '{"action":"token_revoked","actor_id":"73904179-cca9-40ab-a2c4-e509dadbbbbb","actor_username":"ajitkumarpes@gmail.com","actor_via_sso":false,"log_type":"token"}', '2026-01-05 18:45:19.334208+00', ''),
	('00000000-0000-0000-0000-000000000000', 'f5dad452-1b37-479b-aa15-5ec716549b8a', '{"action":"token_refreshed","actor_id":"73904179-cca9-40ab-a2c4-e509dadbbbbb","actor_username":"ajitkumarpes@gmail.com","actor_via_sso":false,"log_type":"token"}', '2026-01-05 19:44:12.024178+00', ''),
	('00000000-0000-0000-0000-000000000000', '815002b8-daa1-4c9b-9872-40ed408a4ca3', '{"action":"token_revoked","actor_id":"73904179-cca9-40ab-a2c4-e509dadbbbbb","actor_username":"ajitkumarpes@gmail.com","actor_via_sso":false,"log_type":"token"}', '2026-01-05 19:44:12.040893+00', ''),
	('00000000-0000-0000-0000-000000000000', '7b957770-6b93-4d51-81ca-3c125e505fa6', '{"action":"token_refreshed","actor_id":"73904179-cca9-40ab-a2c4-e509dadbbbbb","actor_username":"ajitkumarpes@gmail.com","actor_via_sso":false,"log_type":"token"}', '2026-01-05 20:43:40.8318+00', ''),
	('00000000-0000-0000-0000-000000000000', '7c6a1dad-be39-4d94-a76d-edbea141f5c7', '{"action":"token_revoked","actor_id":"73904179-cca9-40ab-a2c4-e509dadbbbbb","actor_username":"ajitkumarpes@gmail.com","actor_via_sso":false,"log_type":"token"}', '2026-01-05 20:43:40.844206+00', ''),
	('00000000-0000-0000-0000-000000000000', '8bc654db-1a39-4419-8812-07ff566083a6', '{"action":"token_refreshed","actor_id":"73904179-cca9-40ab-a2c4-e509dadbbbbb","actor_username":"ajitkumarpes@gmail.com","actor_via_sso":false,"log_type":"token"}', '2026-01-05 22:50:05.488036+00', ''),
	('00000000-0000-0000-0000-000000000000', '57f04f42-c9a3-4c31-8d51-8238fefb97bc', '{"action":"token_revoked","actor_id":"73904179-cca9-40ab-a2c4-e509dadbbbbb","actor_username":"ajitkumarpes@gmail.com","actor_via_sso":false,"log_type":"token"}', '2026-01-05 22:50:05.504323+00', ''),
	('00000000-0000-0000-0000-000000000000', '47bd6316-6800-4fb2-8ed7-a096734422a2', '{"action":"token_refreshed","actor_id":"73904179-cca9-40ab-a2c4-e509dadbbbbb","actor_username":"ajitkumarpes@gmail.com","actor_via_sso":false,"log_type":"token"}', '2026-01-05 23:51:11.536949+00', ''),
	('00000000-0000-0000-0000-000000000000', '92c6c755-888b-426f-b823-a9535f2681d8', '{"action":"token_revoked","actor_id":"73904179-cca9-40ab-a2c4-e509dadbbbbb","actor_username":"ajitkumarpes@gmail.com","actor_via_sso":false,"log_type":"token"}', '2026-01-05 23:51:11.555473+00', ''),
	('00000000-0000-0000-0000-000000000000', 'ba3995e9-3131-43d3-92e3-90c234efba1e', '{"action":"token_refreshed","actor_id":"73904179-cca9-40ab-a2c4-e509dadbbbbb","actor_username":"ajitkumarpes@gmail.com","actor_via_sso":false,"log_type":"token"}', '2026-01-06 00:52:17.133267+00', ''),
	('00000000-0000-0000-0000-000000000000', '3e7a9b3c-1570-4b5f-9a47-b825cdfb0fe2', '{"action":"token_revoked","actor_id":"73904179-cca9-40ab-a2c4-e509dadbbbbb","actor_username":"ajitkumarpes@gmail.com","actor_via_sso":false,"log_type":"token"}', '2026-01-06 00:52:17.148848+00', ''),
	('00000000-0000-0000-0000-000000000000', 'a32fa4e1-d70f-4d01-a67c-920f04e06d0b', '{"action":"token_refreshed","actor_id":"73904179-cca9-40ab-a2c4-e509dadbbbbb","actor_username":"ajitkumarpes@gmail.com","actor_via_sso":false,"log_type":"token"}', '2026-01-06 11:25:31.47542+00', ''),
	('00000000-0000-0000-0000-000000000000', 'fd88be07-367a-4aa3-b653-a49d0112ddbc', '{"action":"token_revoked","actor_id":"73904179-cca9-40ab-a2c4-e509dadbbbbb","actor_username":"ajitkumarpes@gmail.com","actor_via_sso":false,"log_type":"token"}', '2026-01-06 11:25:31.491354+00', ''),
	('00000000-0000-0000-0000-000000000000', '5aaa2e59-dbc0-4188-a250-514389d59d8b', '{"action":"token_refreshed","actor_id":"73904179-cca9-40ab-a2c4-e509dadbbbbb","actor_username":"ajitkumarpes@gmail.com","actor_via_sso":false,"log_type":"token"}', '2026-01-06 15:30:10.046513+00', ''),
	('00000000-0000-0000-0000-000000000000', '7e22754c-52a4-4d51-bb4b-ee9155104407', '{"action":"token_revoked","actor_id":"73904179-cca9-40ab-a2c4-e509dadbbbbb","actor_username":"ajitkumarpes@gmail.com","actor_via_sso":false,"log_type":"token"}', '2026-01-06 15:30:10.062261+00', ''),
	('00000000-0000-0000-0000-000000000000', '4594685c-2c03-4a9c-b881-f0a688e4166d', '{"action":"token_refreshed","actor_id":"73904179-cca9-40ab-a2c4-e509dadbbbbb","actor_username":"ajitkumarpes@gmail.com","actor_via_sso":false,"log_type":"token"}', '2026-01-06 16:33:58.695896+00', ''),
	('00000000-0000-0000-0000-000000000000', 'b2fd8739-11a5-4c30-8e2b-29a291de0d57', '{"action":"token_revoked","actor_id":"73904179-cca9-40ab-a2c4-e509dadbbbbb","actor_username":"ajitkumarpes@gmail.com","actor_via_sso":false,"log_type":"token"}', '2026-01-06 16:33:58.710048+00', ''),
	('00000000-0000-0000-0000-000000000000', '4c274b7b-6c57-4651-bc1f-10ff75b29c0b', '{"action":"token_refreshed","actor_id":"73904179-cca9-40ab-a2c4-e509dadbbbbb","actor_username":"ajitkumarpes@gmail.com","actor_via_sso":false,"log_type":"token"}', '2026-01-06 17:32:04.656478+00', ''),
	('00000000-0000-0000-0000-000000000000', '1fae7948-3ab5-4fc8-9011-e0d3fcb4118f', '{"action":"token_revoked","actor_id":"73904179-cca9-40ab-a2c4-e509dadbbbbb","actor_username":"ajitkumarpes@gmail.com","actor_via_sso":false,"log_type":"token"}', '2026-01-06 17:32:04.669088+00', ''),
	('00000000-0000-0000-0000-000000000000', '8dcaec2c-6047-4f84-adeb-41bc9c104f4c', '{"action":"token_refreshed","actor_id":"73904179-cca9-40ab-a2c4-e509dadbbbbb","actor_username":"ajitkumarpes@gmail.com","actor_via_sso":false,"log_type":"token"}', '2026-01-06 18:31:21.454041+00', ''),
	('00000000-0000-0000-0000-000000000000', '9bfd9962-ed58-455c-a6b4-eb71b59f59c3', '{"action":"token_revoked","actor_id":"73904179-cca9-40ab-a2c4-e509dadbbbbb","actor_username":"ajitkumarpes@gmail.com","actor_via_sso":false,"log_type":"token"}', '2026-01-06 18:31:21.469372+00', ''),
	('00000000-0000-0000-0000-000000000000', '1df8d4ef-c2df-4710-9947-50bde868533e', '{"action":"token_refreshed","actor_id":"73904179-cca9-40ab-a2c4-e509dadbbbbb","actor_username":"ajitkumarpes@gmail.com","actor_via_sso":false,"log_type":"token"}', '2026-01-06 19:43:31.648943+00', ''),
	('00000000-0000-0000-0000-000000000000', '457b5e9f-e8c6-44ad-b2e7-e0f651969232', '{"action":"token_revoked","actor_id":"73904179-cca9-40ab-a2c4-e509dadbbbbb","actor_username":"ajitkumarpes@gmail.com","actor_via_sso":false,"log_type":"token"}', '2026-01-06 19:43:31.664262+00', ''),
	('00000000-0000-0000-0000-000000000000', '7c64db49-08b7-4f3a-94b5-e0877a634410', '{"action":"token_refreshed","actor_id":"73904179-cca9-40ab-a2c4-e509dadbbbbb","actor_username":"ajitkumarpes@gmail.com","actor_via_sso":false,"log_type":"token"}', '2026-01-06 20:46:21.255155+00', ''),
	('00000000-0000-0000-0000-000000000000', '3458f0a0-b21a-4486-adad-aa03d8534bf9', '{"action":"token_revoked","actor_id":"73904179-cca9-40ab-a2c4-e509dadbbbbb","actor_username":"ajitkumarpes@gmail.com","actor_via_sso":false,"log_type":"token"}', '2026-01-06 20:46:21.270178+00', ''),
	('00000000-0000-0000-0000-000000000000', '43416e2d-1801-473f-85ea-6151e21b7375', '{"action":"token_refreshed","actor_id":"73904179-cca9-40ab-a2c4-e509dadbbbbb","actor_username":"ajitkumarpes@gmail.com","actor_via_sso":false,"log_type":"token"}', '2026-01-06 22:11:20.866159+00', ''),
	('00000000-0000-0000-0000-000000000000', '2e7ee4d9-6556-4b04-b669-fa2d03ce02fe', '{"action":"token_revoked","actor_id":"73904179-cca9-40ab-a2c4-e509dadbbbbb","actor_username":"ajitkumarpes@gmail.com","actor_via_sso":false,"log_type":"token"}', '2026-01-06 22:11:20.880269+00', ''),
	('00000000-0000-0000-0000-000000000000', 'b810b97a-28b1-4187-8fa6-5e46478fb4d4', '{"action":"token_refreshed","actor_id":"73904179-cca9-40ab-a2c4-e509dadbbbbb","actor_username":"ajitkumarpes@gmail.com","actor_via_sso":false,"log_type":"token"}', '2026-01-07 19:41:22.726677+00', ''),
	('00000000-0000-0000-0000-000000000000', '3573030b-52a2-4b3f-83a5-bed65813afc6', '{"action":"token_revoked","actor_id":"73904179-cca9-40ab-a2c4-e509dadbbbbb","actor_username":"ajitkumarpes@gmail.com","actor_via_sso":false,"log_type":"token"}', '2026-01-07 19:41:22.749191+00', ''),
	('00000000-0000-0000-0000-000000000000', '003fbeba-03f1-46d7-bab1-1ff9e96e9d8d', '{"action":"token_refreshed","actor_id":"73904179-cca9-40ab-a2c4-e509dadbbbbb","actor_username":"ajitkumarpes@gmail.com","actor_via_sso":false,"log_type":"token"}', '2026-01-08 12:13:47.894084+00', ''),
	('00000000-0000-0000-0000-000000000000', '604a53d1-d03a-4702-8929-ac97abcaca14', '{"action":"token_revoked","actor_id":"73904179-cca9-40ab-a2c4-e509dadbbbbb","actor_username":"ajitkumarpes@gmail.com","actor_via_sso":false,"log_type":"token"}', '2026-01-08 12:13:47.911079+00', ''),
	('00000000-0000-0000-0000-000000000000', '788b0bfc-4d24-4b24-8392-2292e694ebbf', '{"action":"token_refreshed","actor_id":"73904179-cca9-40ab-a2c4-e509dadbbbbb","actor_username":"ajitkumarpes@gmail.com","actor_via_sso":false,"log_type":"token"}', '2026-01-08 13:26:57.42162+00', ''),
	('00000000-0000-0000-0000-000000000000', '57a9a28c-af2a-4e8b-bb47-74e0fd1f520d', '{"action":"token_revoked","actor_id":"73904179-cca9-40ab-a2c4-e509dadbbbbb","actor_username":"ajitkumarpes@gmail.com","actor_via_sso":false,"log_type":"token"}', '2026-01-08 13:26:57.437898+00', ''),
	('00000000-0000-0000-0000-000000000000', '11e4cb2a-f1ea-4855-a574-a229cce52446', '{"action":"token_refreshed","actor_id":"73904179-cca9-40ab-a2c4-e509dadbbbbb","actor_username":"ajitkumarpes@gmail.com","actor_via_sso":false,"log_type":"token"}', '2026-01-08 14:25:57.539738+00', ''),
	('00000000-0000-0000-0000-000000000000', '76150c37-e708-477b-85a0-1e7fb5bcf2a4', '{"action":"token_revoked","actor_id":"73904179-cca9-40ab-a2c4-e509dadbbbbb","actor_username":"ajitkumarpes@gmail.com","actor_via_sso":false,"log_type":"token"}', '2026-01-08 14:25:57.560659+00', ''),
	('00000000-0000-0000-0000-000000000000', 'd1b9e256-c348-4b4b-ae09-44a6147f28e0', '{"action":"token_refreshed","actor_id":"73904179-cca9-40ab-a2c4-e509dadbbbbb","actor_username":"ajitkumarpes@gmail.com","actor_via_sso":false,"log_type":"token"}', '2026-01-08 15:36:26.554738+00', ''),
	('00000000-0000-0000-0000-000000000000', '7d082125-9ca4-43fd-b134-41a88fb28389', '{"action":"token_revoked","actor_id":"73904179-cca9-40ab-a2c4-e509dadbbbbb","actor_username":"ajitkumarpes@gmail.com","actor_via_sso":false,"log_type":"token"}', '2026-01-08 15:36:26.578766+00', ''),
	('00000000-0000-0000-0000-000000000000', '717e52e5-caf2-4d4b-8eb2-38505ab641f7', '{"action":"token_refreshed","actor_id":"73904179-cca9-40ab-a2c4-e509dadbbbbb","actor_username":"ajitkumarpes@gmail.com","actor_via_sso":false,"log_type":"token"}', '2026-01-08 16:36:47.265963+00', ''),
	('00000000-0000-0000-0000-000000000000', 'f19e0780-b8d9-4e56-b172-f4b8a79cb4f9', '{"action":"token_revoked","actor_id":"73904179-cca9-40ab-a2c4-e509dadbbbbb","actor_username":"ajitkumarpes@gmail.com","actor_via_sso":false,"log_type":"token"}', '2026-01-08 16:36:47.284475+00', ''),
	('00000000-0000-0000-0000-000000000000', '1c40488b-57a3-4dd1-9cec-8f52623bd2fc', '{"action":"token_refreshed","actor_id":"73904179-cca9-40ab-a2c4-e509dadbbbbb","actor_username":"ajitkumarpes@gmail.com","actor_via_sso":false,"log_type":"token"}', '2026-01-08 17:46:49.807817+00', ''),
	('00000000-0000-0000-0000-000000000000', '74904371-c8b4-4968-98b8-1dfa5fbece69', '{"action":"token_revoked","actor_id":"73904179-cca9-40ab-a2c4-e509dadbbbbb","actor_username":"ajitkumarpes@gmail.com","actor_via_sso":false,"log_type":"token"}', '2026-01-08 17:46:49.824737+00', ''),
	('00000000-0000-0000-0000-000000000000', '47eafe12-01de-4af4-b854-6e73f1dbfd82', '{"action":"token_refreshed","actor_id":"73904179-cca9-40ab-a2c4-e509dadbbbbb","actor_username":"ajitkumarpes@gmail.com","actor_via_sso":false,"log_type":"token"}', '2026-01-08 18:45:36.195801+00', ''),
	('00000000-0000-0000-0000-000000000000', 'cfda5f0f-e64e-49d3-bfe7-33c691b79d19', '{"action":"token_revoked","actor_id":"73904179-cca9-40ab-a2c4-e509dadbbbbb","actor_username":"ajitkumarpes@gmail.com","actor_via_sso":false,"log_type":"token"}', '2026-01-08 18:45:36.221011+00', ''),
	('00000000-0000-0000-0000-000000000000', '0eff88e2-96f3-421a-84a3-474794ef3c1e', '{"action":"token_refreshed","actor_id":"73904179-cca9-40ab-a2c4-e509dadbbbbb","actor_username":"ajitkumarpes@gmail.com","actor_via_sso":false,"log_type":"token"}', '2026-01-08 19:45:05.057536+00', ''),
	('00000000-0000-0000-0000-000000000000', 'c9c4ba0e-5355-4763-8168-a1b307c9efb8', '{"action":"token_revoked","actor_id":"73904179-cca9-40ab-a2c4-e509dadbbbbb","actor_username":"ajitkumarpes@gmail.com","actor_via_sso":false,"log_type":"token"}', '2026-01-08 19:45:05.075596+00', ''),
	('00000000-0000-0000-0000-000000000000', '141b5638-6671-4b7c-9a1d-70e87d33470d', '{"action":"token_refreshed","actor_id":"73904179-cca9-40ab-a2c4-e509dadbbbbb","actor_username":"ajitkumarpes@gmail.com","actor_via_sso":false,"log_type":"token"}', '2026-01-09 12:37:24.280572+00', ''),
	('00000000-0000-0000-0000-000000000000', '1d1b86d9-a64d-422f-b5d8-ceb9bf631578', '{"action":"token_revoked","actor_id":"73904179-cca9-40ab-a2c4-e509dadbbbbb","actor_username":"ajitkumarpes@gmail.com","actor_via_sso":false,"log_type":"token"}', '2026-01-09 12:37:24.289601+00', ''),
	('00000000-0000-0000-0000-000000000000', '3a4c20b2-0d6b-40e7-96ed-24fc12c50897', '{"action":"token_refreshed","actor_id":"73904179-cca9-40ab-a2c4-e509dadbbbbb","actor_username":"ajitkumarpes@gmail.com","actor_via_sso":false,"log_type":"token"}', '2026-01-09 13:39:07.221109+00', ''),
	('00000000-0000-0000-0000-000000000000', '3ab48c5b-6ae7-497e-bfc8-61ed4a4f4ab7', '{"action":"token_revoked","actor_id":"73904179-cca9-40ab-a2c4-e509dadbbbbb","actor_username":"ajitkumarpes@gmail.com","actor_via_sso":false,"log_type":"token"}', '2026-01-09 13:39:07.244452+00', ''),
	('00000000-0000-0000-0000-000000000000', '81278550-e604-4771-8abf-606da31b806c', '{"action":"token_refreshed","actor_id":"73904179-cca9-40ab-a2c4-e509dadbbbbb","actor_username":"ajitkumarpes@gmail.com","actor_via_sso":false,"log_type":"token"}', '2026-01-09 14:38:24.938337+00', ''),
	('00000000-0000-0000-0000-000000000000', 'b48b738d-306e-47f1-8882-02f291eaa6ea', '{"action":"token_revoked","actor_id":"73904179-cca9-40ab-a2c4-e509dadbbbbb","actor_username":"ajitkumarpes@gmail.com","actor_via_sso":false,"log_type":"token"}', '2026-01-09 14:38:24.95464+00', ''),
	('00000000-0000-0000-0000-000000000000', 'fd238740-b89c-48a3-b505-2046a9f18c3b', '{"action":"token_refreshed","actor_id":"73904179-cca9-40ab-a2c4-e509dadbbbbb","actor_username":"ajitkumarpes@gmail.com","actor_via_sso":false,"log_type":"token"}', '2026-01-09 15:45:25.131725+00', ''),
	('00000000-0000-0000-0000-000000000000', '933a668a-5b60-412c-b905-745f0b0153c1', '{"action":"token_revoked","actor_id":"73904179-cca9-40ab-a2c4-e509dadbbbbb","actor_username":"ajitkumarpes@gmail.com","actor_via_sso":false,"log_type":"token"}', '2026-01-09 15:45:25.152362+00', ''),
	('00000000-0000-0000-0000-000000000000', 'fca2bfc9-21a4-4e8c-9cc4-4aa63bd14694', '{"action":"token_refreshed","actor_id":"73904179-cca9-40ab-a2c4-e509dadbbbbb","actor_username":"ajitkumarpes@gmail.com","actor_via_sso":false,"log_type":"token"}', '2026-01-09 17:06:27.20703+00', ''),
	('00000000-0000-0000-0000-000000000000', 'c3308cc0-94f2-4467-93ad-f56f071bc645', '{"action":"token_revoked","actor_id":"73904179-cca9-40ab-a2c4-e509dadbbbbb","actor_username":"ajitkumarpes@gmail.com","actor_via_sso":false,"log_type":"token"}', '2026-01-09 17:06:27.225258+00', ''),
	('00000000-0000-0000-0000-000000000000', '93bb9ede-26d0-4606-a768-51ee4b273c41', '{"action":"token_refreshed","actor_id":"73904179-cca9-40ab-a2c4-e509dadbbbbb","actor_username":"ajitkumarpes@gmail.com","actor_via_sso":false,"log_type":"token"}', '2026-01-09 18:07:09.947359+00', ''),
	('00000000-0000-0000-0000-000000000000', 'ac243177-cfb6-40b3-8dcd-240531cc9b6f', '{"action":"token_revoked","actor_id":"73904179-cca9-40ab-a2c4-e509dadbbbbb","actor_username":"ajitkumarpes@gmail.com","actor_via_sso":false,"log_type":"token"}', '2026-01-09 18:07:09.962193+00', ''),
	('00000000-0000-0000-0000-000000000000', '0f42b731-6627-4ee0-857d-e218c9bdf986', '{"action":"token_refreshed","actor_id":"73904179-cca9-40ab-a2c4-e509dadbbbbb","actor_username":"ajitkumarpes@gmail.com","actor_via_sso":false,"log_type":"token"}', '2026-01-09 19:06:32.468127+00', ''),
	('00000000-0000-0000-0000-000000000000', '6c657c51-033b-4e67-93f1-ca5065274496', '{"action":"token_revoked","actor_id":"73904179-cca9-40ab-a2c4-e509dadbbbbb","actor_username":"ajitkumarpes@gmail.com","actor_via_sso":false,"log_type":"token"}', '2026-01-09 19:06:32.481006+00', ''),
	('00000000-0000-0000-0000-000000000000', 'bdcdcb64-b838-45cc-9bf5-716ce0ec078b', '{"action":"token_refreshed","actor_id":"73904179-cca9-40ab-a2c4-e509dadbbbbb","actor_username":"ajitkumarpes@gmail.com","actor_via_sso":false,"log_type":"token"}', '2026-01-09 20:04:33.954684+00', ''),
	('00000000-0000-0000-0000-000000000000', '992b9326-c40b-4c50-8f20-fecd28ad807e', '{"action":"token_revoked","actor_id":"73904179-cca9-40ab-a2c4-e509dadbbbbb","actor_username":"ajitkumarpes@gmail.com","actor_via_sso":false,"log_type":"token"}', '2026-01-09 20:04:33.972633+00', ''),
	('00000000-0000-0000-0000-000000000000', 'c5a53c19-317f-467f-9b25-3619e795bc70', '{"action":"token_refreshed","actor_id":"73904179-cca9-40ab-a2c4-e509dadbbbbb","actor_username":"ajitkumarpes@gmail.com","actor_via_sso":false,"log_type":"token"}', '2026-01-09 21:03:37.95124+00', ''),
	('00000000-0000-0000-0000-000000000000', 'cddc5bf4-9301-413d-96bf-9a905530b91c', '{"action":"token_revoked","actor_id":"73904179-cca9-40ab-a2c4-e509dadbbbbb","actor_username":"ajitkumarpes@gmail.com","actor_via_sso":false,"log_type":"token"}', '2026-01-09 21:03:37.973291+00', ''),
	('00000000-0000-0000-0000-000000000000', 'b0a26d7d-5452-4fdc-a7a0-c608077fe080', '{"action":"token_refreshed","actor_id":"73904179-cca9-40ab-a2c4-e509dadbbbbb","actor_username":"ajitkumarpes@gmail.com","actor_via_sso":false,"log_type":"token"}', '2026-01-09 22:12:19.385451+00', ''),
	('00000000-0000-0000-0000-000000000000', 'e19f60ee-92ae-4b0b-ba82-5626ebf8ea70', '{"action":"token_revoked","actor_id":"73904179-cca9-40ab-a2c4-e509dadbbbbb","actor_username":"ajitkumarpes@gmail.com","actor_via_sso":false,"log_type":"token"}', '2026-01-09 22:12:19.409076+00', ''),
	('00000000-0000-0000-0000-000000000000', '7df507d9-5b3f-421b-b4fa-917949622d31', '{"action":"token_refreshed","actor_id":"73904179-cca9-40ab-a2c4-e509dadbbbbb","actor_username":"ajitkumarpes@gmail.com","actor_via_sso":false,"log_type":"token"}', '2026-01-09 23:16:56.088476+00', ''),
	('00000000-0000-0000-0000-000000000000', 'f713a9e5-dbf2-47a3-abd2-785558cb738b', '{"action":"token_revoked","actor_id":"73904179-cca9-40ab-a2c4-e509dadbbbbb","actor_username":"ajitkumarpes@gmail.com","actor_via_sso":false,"log_type":"token"}', '2026-01-09 23:16:56.102187+00', ''),
	('00000000-0000-0000-0000-000000000000', 'a7183126-84c3-4657-8ce3-5283b115ce75', '{"action":"token_refreshed","actor_id":"73904179-cca9-40ab-a2c4-e509dadbbbbb","actor_username":"ajitkumarpes@gmail.com","actor_via_sso":false,"log_type":"token"}', '2026-01-10 00:29:26.377753+00', ''),
	('00000000-0000-0000-0000-000000000000', '153cb3b2-9be0-476b-b33a-13f03045e2a4', '{"action":"token_revoked","actor_id":"73904179-cca9-40ab-a2c4-e509dadbbbbb","actor_username":"ajitkumarpes@gmail.com","actor_via_sso":false,"log_type":"token"}', '2026-01-10 00:29:26.389511+00', ''),
	('00000000-0000-0000-0000-000000000000', '558c0ca3-bfa4-45bd-bed7-83149b8f6594', '{"action":"token_refreshed","actor_id":"73904179-cca9-40ab-a2c4-e509dadbbbbb","actor_username":"ajitkumarpes@gmail.com","actor_via_sso":false,"log_type":"token"}', '2026-01-10 01:41:39.653844+00', ''),
	('00000000-0000-0000-0000-000000000000', '5b31b51b-66e6-47ef-b703-57ce8b7bfb4e', '{"action":"token_revoked","actor_id":"73904179-cca9-40ab-a2c4-e509dadbbbbb","actor_username":"ajitkumarpes@gmail.com","actor_via_sso":false,"log_type":"token"}', '2026-01-10 01:41:39.668768+00', ''),
	('00000000-0000-0000-0000-000000000000', 'c92fac20-6504-4b1e-9318-3a7cd10daefe', '{"action":"token_refreshed","actor_id":"73904179-cca9-40ab-a2c4-e509dadbbbbb","actor_username":"ajitkumarpes@gmail.com","actor_via_sso":false,"log_type":"token"}', '2026-01-10 02:42:47.831248+00', ''),
	('00000000-0000-0000-0000-000000000000', 'bab9ac43-8f68-4fab-a429-4f27dd55acab', '{"action":"token_revoked","actor_id":"73904179-cca9-40ab-a2c4-e509dadbbbbb","actor_username":"ajitkumarpes@gmail.com","actor_via_sso":false,"log_type":"token"}', '2026-01-10 02:42:47.850751+00', ''),
	('00000000-0000-0000-0000-000000000000', 'ccab83cb-7f8a-41fc-86e7-b1af9322904f', '{"action":"token_refreshed","actor_id":"73904179-cca9-40ab-a2c4-e509dadbbbbb","actor_username":"ajitkumarpes@gmail.com","actor_via_sso":false,"log_type":"token"}', '2026-01-10 03:43:56.605324+00', ''),
	('00000000-0000-0000-0000-000000000000', 'b0c3b141-be3f-4d29-b049-71ef853d0184', '{"action":"token_revoked","actor_id":"73904179-cca9-40ab-a2c4-e509dadbbbbb","actor_username":"ajitkumarpes@gmail.com","actor_via_sso":false,"log_type":"token"}', '2026-01-10 03:43:56.622946+00', ''),
	('00000000-0000-0000-0000-000000000000', '43e31a80-0bdb-493e-b5ec-487c00882619', '{"action":"token_refreshed","actor_id":"73904179-cca9-40ab-a2c4-e509dadbbbbb","actor_username":"ajitkumarpes@gmail.com","actor_via_sso":false,"log_type":"token"}', '2026-01-10 04:45:04.537507+00', ''),
	('00000000-0000-0000-0000-000000000000', '13503551-f8e7-4e25-8b90-2694244b6b89', '{"action":"token_revoked","actor_id":"73904179-cca9-40ab-a2c4-e509dadbbbbb","actor_username":"ajitkumarpes@gmail.com","actor_via_sso":false,"log_type":"token"}', '2026-01-10 04:45:04.553764+00', ''),
	('00000000-0000-0000-0000-000000000000', '161e7df3-7622-4e7a-83be-9cbbfe89530b', '{"action":"token_refreshed","actor_id":"73904179-cca9-40ab-a2c4-e509dadbbbbb","actor_username":"ajitkumarpes@gmail.com","actor_via_sso":false,"log_type":"token"}', '2026-01-10 05:46:13.597621+00', ''),
	('00000000-0000-0000-0000-000000000000', '461bfb2e-221e-44e0-aade-8cf453db2a84', '{"action":"token_revoked","actor_id":"73904179-cca9-40ab-a2c4-e509dadbbbbb","actor_username":"ajitkumarpes@gmail.com","actor_via_sso":false,"log_type":"token"}', '2026-01-10 05:46:13.618626+00', ''),
	('00000000-0000-0000-0000-000000000000', '50c4f649-0b93-48cd-8868-006ab971dcae', '{"action":"token_refreshed","actor_id":"73904179-cca9-40ab-a2c4-e509dadbbbbb","actor_username":"ajitkumarpes@gmail.com","actor_via_sso":false,"log_type":"token"}', '2026-01-10 06:47:21.853657+00', ''),
	('00000000-0000-0000-0000-000000000000', '26462374-e621-4a5f-a8b3-30ee65fadb97', '{"action":"token_revoked","actor_id":"73904179-cca9-40ab-a2c4-e509dadbbbbb","actor_username":"ajitkumarpes@gmail.com","actor_via_sso":false,"log_type":"token"}', '2026-01-10 06:47:21.863089+00', ''),
	('00000000-0000-0000-0000-000000000000', 'e4836d6e-5942-4428-a52d-31018077469c', '{"action":"token_refreshed","actor_id":"73904179-cca9-40ab-a2c4-e509dadbbbbb","actor_username":"ajitkumarpes@gmail.com","actor_via_sso":false,"log_type":"token"}', '2026-01-10 07:48:26.826541+00', ''),
	('00000000-0000-0000-0000-000000000000', '4095dd5f-a987-4e04-b336-8dd28132226e', '{"action":"token_revoked","actor_id":"73904179-cca9-40ab-a2c4-e509dadbbbbb","actor_username":"ajitkumarpes@gmail.com","actor_via_sso":false,"log_type":"token"}', '2026-01-10 07:48:26.84225+00', ''),
	('00000000-0000-0000-0000-000000000000', 'cd895fa1-27c6-4370-96d3-eefa9bfd538c', '{"action":"token_refreshed","actor_id":"73904179-cca9-40ab-a2c4-e509dadbbbbb","actor_username":"ajitkumarpes@gmail.com","actor_via_sso":false,"log_type":"token"}', '2026-01-10 08:49:37.914486+00', ''),
	('00000000-0000-0000-0000-000000000000', 'e5cb1759-7a60-4354-a9ff-d73a3fb95782', '{"action":"token_revoked","actor_id":"73904179-cca9-40ab-a2c4-e509dadbbbbb","actor_username":"ajitkumarpes@gmail.com","actor_via_sso":false,"log_type":"token"}', '2026-01-10 08:49:37.922574+00', ''),
	('00000000-0000-0000-0000-000000000000', '4d776677-3c11-42e6-bdfe-2c3b37cadb52', '{"action":"token_refreshed","actor_id":"73904179-cca9-40ab-a2c4-e509dadbbbbb","actor_username":"ajitkumarpes@gmail.com","actor_via_sso":false,"log_type":"token"}', '2026-01-10 09:50:45.134642+00', ''),
	('00000000-0000-0000-0000-000000000000', '1b887e9d-afc0-4ca9-9064-c9ba838569a3', '{"action":"token_revoked","actor_id":"73904179-cca9-40ab-a2c4-e509dadbbbbb","actor_username":"ajitkumarpes@gmail.com","actor_via_sso":false,"log_type":"token"}', '2026-01-10 09:50:45.149728+00', ''),
	('00000000-0000-0000-0000-000000000000', '7e9ca9f9-ad71-4634-b785-41726313de42', '{"action":"token_refreshed","actor_id":"73904179-cca9-40ab-a2c4-e509dadbbbbb","actor_username":"ajitkumarpes@gmail.com","actor_via_sso":false,"log_type":"token"}', '2026-01-10 10:50:13.006134+00', ''),
	('00000000-0000-0000-0000-000000000000', '3ee7315f-a163-463e-895d-866bca6d7e72', '{"action":"token_revoked","actor_id":"73904179-cca9-40ab-a2c4-e509dadbbbbb","actor_username":"ajitkumarpes@gmail.com","actor_via_sso":false,"log_type":"token"}', '2026-01-10 10:50:13.022642+00', ''),
	('00000000-0000-0000-0000-000000000000', '884b4d92-28cb-48e4-9c30-43a222cc4d0a', '{"action":"token_refreshed","actor_id":"73904179-cca9-40ab-a2c4-e509dadbbbbb","actor_username":"ajitkumarpes@gmail.com","actor_via_sso":false,"log_type":"token"}', '2026-01-10 11:49:13.039425+00', ''),
	('00000000-0000-0000-0000-000000000000', '6cbd2f70-9843-42ad-8f7e-cde753bc0c67', '{"action":"token_revoked","actor_id":"73904179-cca9-40ab-a2c4-e509dadbbbbb","actor_username":"ajitkumarpes@gmail.com","actor_via_sso":false,"log_type":"token"}', '2026-01-10 11:49:13.056635+00', ''),
	('00000000-0000-0000-0000-000000000000', '6be3bf09-766b-40ee-a596-335b82d846fa', '{"action":"token_refreshed","actor_id":"73904179-cca9-40ab-a2c4-e509dadbbbbb","actor_username":"ajitkumarpes@gmail.com","actor_via_sso":false,"log_type":"token"}', '2026-01-10 12:48:11.277242+00', ''),
	('00000000-0000-0000-0000-000000000000', '1f55fca0-f2e8-47c3-9352-ceb12b096824', '{"action":"token_revoked","actor_id":"73904179-cca9-40ab-a2c4-e509dadbbbbb","actor_username":"ajitkumarpes@gmail.com","actor_via_sso":false,"log_type":"token"}', '2026-01-10 12:48:11.292832+00', ''),
	('00000000-0000-0000-0000-000000000000', 'e6e5e0ad-b7c8-4896-afde-713eccbcaed4', '{"action":"token_refreshed","actor_id":"73904179-cca9-40ab-a2c4-e509dadbbbbb","actor_username":"ajitkumarpes@gmail.com","actor_via_sso":false,"log_type":"token"}', '2026-01-10 13:47:26.481924+00', ''),
	('00000000-0000-0000-0000-000000000000', 'db5af3ac-f18d-4044-bf4d-ca030100267c', '{"action":"token_revoked","actor_id":"73904179-cca9-40ab-a2c4-e509dadbbbbb","actor_username":"ajitkumarpes@gmail.com","actor_via_sso":false,"log_type":"token"}', '2026-01-10 13:47:26.498704+00', ''),
	('00000000-0000-0000-0000-000000000000', '2e0feb89-fda7-4773-bd08-8aba3511857a', '{"action":"token_refreshed","actor_id":"73904179-cca9-40ab-a2c4-e509dadbbbbb","actor_username":"ajitkumarpes@gmail.com","actor_via_sso":false,"log_type":"token"}', '2026-01-10 14:52:46.740217+00', ''),
	('00000000-0000-0000-0000-000000000000', '784e1451-91a6-4256-9de5-be63b52b7583', '{"action":"token_revoked","actor_id":"73904179-cca9-40ab-a2c4-e509dadbbbbb","actor_username":"ajitkumarpes@gmail.com","actor_via_sso":false,"log_type":"token"}', '2026-01-10 14:52:46.754444+00', ''),
	('00000000-0000-0000-0000-000000000000', 'baa84b52-841f-4949-bca1-d34d040d6394', '{"action":"token_refreshed","actor_id":"73904179-cca9-40ab-a2c4-e509dadbbbbb","actor_username":"ajitkumarpes@gmail.com","actor_via_sso":false,"log_type":"token"}', '2026-01-10 15:51:24.272178+00', ''),
	('00000000-0000-0000-0000-000000000000', 'd3cf596d-a7e0-4ae8-a991-60eb624c017d', '{"action":"token_revoked","actor_id":"73904179-cca9-40ab-a2c4-e509dadbbbbb","actor_username":"ajitkumarpes@gmail.com","actor_via_sso":false,"log_type":"token"}', '2026-01-10 15:51:24.292896+00', ''),
	('00000000-0000-0000-0000-000000000000', '9e1cba3b-049e-4af2-add4-549b4fb17b4c', '{"action":"token_refreshed","actor_id":"73904179-cca9-40ab-a2c4-e509dadbbbbb","actor_username":"ajitkumarpes@gmail.com","actor_via_sso":false,"log_type":"token"}', '2026-01-10 16:50:06.384649+00', ''),
	('00000000-0000-0000-0000-000000000000', '14df2990-3d66-45fa-9570-9f495a2f70e7', '{"action":"token_revoked","actor_id":"73904179-cca9-40ab-a2c4-e509dadbbbbb","actor_username":"ajitkumarpes@gmail.com","actor_via_sso":false,"log_type":"token"}', '2026-01-10 16:50:06.39637+00', ''),
	('00000000-0000-0000-0000-000000000000', 'c6e60cc5-7889-496f-8b13-54d9cca2db91', '{"action":"token_refreshed","actor_id":"73904179-cca9-40ab-a2c4-e509dadbbbbb","actor_username":"ajitkumarpes@gmail.com","actor_via_sso":false,"log_type":"token"}', '2026-01-10 17:48:52.92776+00', ''),
	('00000000-0000-0000-0000-000000000000', '959525fa-10ca-49c9-8333-4c1cd1b2ae69', '{"action":"token_revoked","actor_id":"73904179-cca9-40ab-a2c4-e509dadbbbbb","actor_username":"ajitkumarpes@gmail.com","actor_via_sso":false,"log_type":"token"}', '2026-01-10 17:48:52.947153+00', ''),
	('00000000-0000-0000-0000-000000000000', 'f5036179-9c56-4383-ac55-7955bb8d2ced', '{"action":"token_refreshed","actor_id":"73904179-cca9-40ab-a2c4-e509dadbbbbb","actor_username":"ajitkumarpes@gmail.com","actor_via_sso":false,"log_type":"token"}', '2026-01-10 18:47:34.042863+00', ''),
	('00000000-0000-0000-0000-000000000000', 'b7f45765-f59e-4eb0-990e-2c7d71e70fec', '{"action":"token_revoked","actor_id":"73904179-cca9-40ab-a2c4-e509dadbbbbb","actor_username":"ajitkumarpes@gmail.com","actor_via_sso":false,"log_type":"token"}', '2026-01-10 18:47:34.061661+00', ''),
	('00000000-0000-0000-0000-000000000000', '904ca939-b4f9-4539-8f8f-ef8968e2ee57', '{"action":"token_refreshed","actor_id":"73904179-cca9-40ab-a2c4-e509dadbbbbb","actor_username":"ajitkumarpes@gmail.com","actor_via_sso":false,"log_type":"token"}', '2026-01-10 19:50:35.880089+00', ''),
	('00000000-0000-0000-0000-000000000000', '57d1a129-05fd-4d3e-98ae-802806e50d84', '{"action":"token_revoked","actor_id":"73904179-cca9-40ab-a2c4-e509dadbbbbb","actor_username":"ajitkumarpes@gmail.com","actor_via_sso":false,"log_type":"token"}', '2026-01-10 19:50:35.901205+00', ''),
	('00000000-0000-0000-0000-000000000000', 'ed59cb1e-da39-4bbe-9172-7871a7866778', '{"action":"token_refreshed","actor_id":"73904179-cca9-40ab-a2c4-e509dadbbbbb","actor_username":"ajitkumarpes@gmail.com","actor_via_sso":false,"log_type":"token"}', '2026-01-10 20:49:19.100741+00', ''),
	('00000000-0000-0000-0000-000000000000', '0160703b-6694-4684-92c4-e005d146e6ca', '{"action":"token_revoked","actor_id":"73904179-cca9-40ab-a2c4-e509dadbbbbb","actor_username":"ajitkumarpes@gmail.com","actor_via_sso":false,"log_type":"token"}', '2026-01-10 20:49:19.117628+00', ''),
	('00000000-0000-0000-0000-000000000000', 'b9e278ca-2070-41c1-9968-8cae22b1f372', '{"action":"token_refreshed","actor_id":"73904179-cca9-40ab-a2c4-e509dadbbbbb","actor_username":"ajitkumarpes@gmail.com","actor_via_sso":false,"log_type":"token"}', '2026-01-10 21:58:09.127268+00', ''),
	('00000000-0000-0000-0000-000000000000', '206bc1b4-2155-4509-9235-b223b17d3eb2', '{"action":"token_revoked","actor_id":"73904179-cca9-40ab-a2c4-e509dadbbbbb","actor_username":"ajitkumarpes@gmail.com","actor_via_sso":false,"log_type":"token"}', '2026-01-10 21:58:09.142785+00', ''),
	('00000000-0000-0000-0000-000000000000', '8e0b2521-e350-4d5f-8048-fc578a66ed68', '{"action":"token_refreshed","actor_id":"73904179-cca9-40ab-a2c4-e509dadbbbbb","actor_username":"ajitkumarpes@gmail.com","actor_via_sso":false,"log_type":"token"}', '2026-01-11 07:27:05.640326+00', ''),
	('00000000-0000-0000-0000-000000000000', 'fa7ac2a5-3a08-4782-b6f0-8b1d07711ce8', '{"action":"token_revoked","actor_id":"73904179-cca9-40ab-a2c4-e509dadbbbbb","actor_username":"ajitkumarpes@gmail.com","actor_via_sso":false,"log_type":"token"}', '2026-01-11 07:27:05.65391+00', ''),
	('00000000-0000-0000-0000-000000000000', '4d29695e-36aa-45a9-9877-d139526742b4', '{"action":"token_refreshed","actor_id":"73904179-cca9-40ab-a2c4-e509dadbbbbb","actor_username":"ajitkumarpes@gmail.com","actor_via_sso":false,"log_type":"token"}', '2026-01-11 08:25:45.255365+00', ''),
	('00000000-0000-0000-0000-000000000000', '62174c66-8046-4ada-a1ab-b3a3936c027c', '{"action":"token_revoked","actor_id":"73904179-cca9-40ab-a2c4-e509dadbbbbb","actor_username":"ajitkumarpes@gmail.com","actor_via_sso":false,"log_type":"token"}', '2026-01-11 08:25:45.270762+00', ''),
	('00000000-0000-0000-0000-000000000000', 'd000871c-ac88-40f6-978b-74f9baddc473', '{"action":"token_refreshed","actor_id":"73904179-cca9-40ab-a2c4-e509dadbbbbb","actor_username":"ajitkumarpes@gmail.com","actor_via_sso":false,"log_type":"token"}', '2026-01-11 09:25:12.278529+00', ''),
	('00000000-0000-0000-0000-000000000000', '18d6f538-3ee3-433e-8679-84393bdb0089', '{"action":"token_revoked","actor_id":"73904179-cca9-40ab-a2c4-e509dadbbbbb","actor_username":"ajitkumarpes@gmail.com","actor_via_sso":false,"log_type":"token"}', '2026-01-11 09:25:12.290507+00', ''),
	('00000000-0000-0000-0000-000000000000', '388bf800-c89c-4e4e-8720-9a4394cb63dd', '{"action":"token_refreshed","actor_id":"73904179-cca9-40ab-a2c4-e509dadbbbbb","actor_username":"ajitkumarpes@gmail.com","actor_via_sso":false,"log_type":"token"}', '2026-01-11 10:32:29.738349+00', ''),
	('00000000-0000-0000-0000-000000000000', '30953399-919c-4102-b975-e7e6ae9c8448', '{"action":"token_revoked","actor_id":"73904179-cca9-40ab-a2c4-e509dadbbbbb","actor_username":"ajitkumarpes@gmail.com","actor_via_sso":false,"log_type":"token"}', '2026-01-11 10:32:29.75523+00', ''),
	('00000000-0000-0000-0000-000000000000', 'abfbacee-890a-4104-a795-cde50c28df36', '{"action":"token_refreshed","actor_id":"73904179-cca9-40ab-a2c4-e509dadbbbbb","actor_username":"ajitkumarpes@gmail.com","actor_via_sso":false,"log_type":"token"}', '2026-01-11 11:34:39.312079+00', ''),
	('00000000-0000-0000-0000-000000000000', 'e97dac33-92e6-4d25-a277-60cc0983638f', '{"action":"token_revoked","actor_id":"73904179-cca9-40ab-a2c4-e509dadbbbbb","actor_username":"ajitkumarpes@gmail.com","actor_via_sso":false,"log_type":"token"}', '2026-01-11 11:34:39.327353+00', ''),
	('00000000-0000-0000-0000-000000000000', '221f0731-e457-4735-97ce-1d6a11df7d94', '{"action":"token_refreshed","actor_id":"73904179-cca9-40ab-a2c4-e509dadbbbbb","actor_username":"ajitkumarpes@gmail.com","actor_via_sso":false,"log_type":"token"}', '2026-01-11 12:33:40.705882+00', ''),
	('00000000-0000-0000-0000-000000000000', '96da5233-696b-45cc-abea-b53e22379329', '{"action":"token_revoked","actor_id":"73904179-cca9-40ab-a2c4-e509dadbbbbb","actor_username":"ajitkumarpes@gmail.com","actor_via_sso":false,"log_type":"token"}', '2026-01-11 12:33:40.720651+00', ''),
	('00000000-0000-0000-0000-000000000000', '1ba400c0-4e35-4e7f-bc03-e621a7663adc', '{"action":"token_refreshed","actor_id":"73904179-cca9-40ab-a2c4-e509dadbbbbb","actor_username":"ajitkumarpes@gmail.com","actor_via_sso":false,"log_type":"token"}', '2026-01-11 13:32:22.48607+00', ''),
	('00000000-0000-0000-0000-000000000000', '42012ff0-8961-4be7-905d-d8b7c1f96afc', '{"action":"token_revoked","actor_id":"73904179-cca9-40ab-a2c4-e509dadbbbbb","actor_username":"ajitkumarpes@gmail.com","actor_via_sso":false,"log_type":"token"}', '2026-01-11 13:32:22.504823+00', ''),
	('00000000-0000-0000-0000-000000000000', '852b842b-0a90-4822-84dc-b782246cccfb', '{"action":"token_refreshed","actor_id":"73904179-cca9-40ab-a2c4-e509dadbbbbb","actor_username":"ajitkumarpes@gmail.com","actor_via_sso":false,"log_type":"token"}', '2026-01-11 14:45:04.488858+00', ''),
	('00000000-0000-0000-0000-000000000000', 'f7ff1cff-3c4c-40f6-95f1-16f9946e6879', '{"action":"token_revoked","actor_id":"73904179-cca9-40ab-a2c4-e509dadbbbbb","actor_username":"ajitkumarpes@gmail.com","actor_via_sso":false,"log_type":"token"}', '2026-01-11 14:45:04.503735+00', ''),
	('00000000-0000-0000-0000-000000000000', '33c7ce41-2d7c-4a25-9a85-48cc404ada87', '{"action":"token_refreshed","actor_id":"73904179-cca9-40ab-a2c4-e509dadbbbbb","actor_username":"ajitkumarpes@gmail.com","actor_via_sso":false,"log_type":"token"}', '2026-01-11 15:53:45.550128+00', ''),
	('00000000-0000-0000-0000-000000000000', '885c94ab-fbb4-4897-8ecf-35ee53cae630', '{"action":"token_revoked","actor_id":"73904179-cca9-40ab-a2c4-e509dadbbbbb","actor_username":"ajitkumarpes@gmail.com","actor_via_sso":false,"log_type":"token"}', '2026-01-11 15:53:45.567455+00', ''),
	('00000000-0000-0000-0000-000000000000', '8edccbc0-f7cb-4214-a9dc-cd6ec9b4aa0c', '{"action":"token_refreshed","actor_id":"73904179-cca9-40ab-a2c4-e509dadbbbbb","actor_username":"ajitkumarpes@gmail.com","actor_via_sso":false,"log_type":"token"}', '2026-01-11 17:02:03.92956+00', ''),
	('00000000-0000-0000-0000-000000000000', '44aaff1c-b64b-4bc5-854a-addf183a2462', '{"action":"token_revoked","actor_id":"73904179-cca9-40ab-a2c4-e509dadbbbbb","actor_username":"ajitkumarpes@gmail.com","actor_via_sso":false,"log_type":"token"}', '2026-01-11 17:02:03.94795+00', ''),
	('00000000-0000-0000-0000-000000000000', '8361540d-af10-4497-8d0b-7a0775a2581d', '{"action":"token_refreshed","actor_id":"73904179-cca9-40ab-a2c4-e509dadbbbbb","actor_username":"ajitkumarpes@gmail.com","actor_via_sso":false,"log_type":"token"}', '2026-01-11 18:01:52.421515+00', ''),
	('00000000-0000-0000-0000-000000000000', '7f48962d-8579-419f-93eb-e9b5551b3388', '{"action":"token_revoked","actor_id":"73904179-cca9-40ab-a2c4-e509dadbbbbb","actor_username":"ajitkumarpes@gmail.com","actor_via_sso":false,"log_type":"token"}', '2026-01-11 18:01:52.448521+00', ''),
	('00000000-0000-0000-0000-000000000000', '9bb56668-9d2b-43f1-9c0a-b25550b86abc', '{"action":"token_refreshed","actor_id":"73904179-cca9-40ab-a2c4-e509dadbbbbb","actor_username":"ajitkumarpes@gmail.com","actor_via_sso":false,"log_type":"token"}', '2026-01-11 19:00:32.301123+00', ''),
	('00000000-0000-0000-0000-000000000000', 'c9673505-686f-42c8-b3bb-fe184c0838cd', '{"action":"token_revoked","actor_id":"73904179-cca9-40ab-a2c4-e509dadbbbbb","actor_username":"ajitkumarpes@gmail.com","actor_via_sso":false,"log_type":"token"}', '2026-01-11 19:00:32.313105+00', ''),
	('00000000-0000-0000-0000-000000000000', 'faa43f1e-0582-4396-8a6d-4f1283a71ef0', '{"action":"token_refreshed","actor_id":"73904179-cca9-40ab-a2c4-e509dadbbbbb","actor_username":"ajitkumarpes@gmail.com","actor_via_sso":false,"log_type":"token"}', '2026-01-11 19:59:15.432617+00', ''),
	('00000000-0000-0000-0000-000000000000', 'deca1f66-75f7-4432-b0d1-ee2a8a2983c6', '{"action":"token_revoked","actor_id":"73904179-cca9-40ab-a2c4-e509dadbbbbb","actor_username":"ajitkumarpes@gmail.com","actor_via_sso":false,"log_type":"token"}', '2026-01-11 19:59:15.451191+00', ''),
	('00000000-0000-0000-0000-000000000000', 'b1586981-1508-4c8e-9373-8de015144893', '{"action":"token_refreshed","actor_id":"73904179-cca9-40ab-a2c4-e509dadbbbbb","actor_username":"ajitkumarpes@gmail.com","actor_via_sso":false,"log_type":"token"}', '2026-01-11 20:58:44.756161+00', ''),
	('00000000-0000-0000-0000-000000000000', 'a9db0bcc-c67f-4ded-90b2-b3addff0c379', '{"action":"token_revoked","actor_id":"73904179-cca9-40ab-a2c4-e509dadbbbbb","actor_username":"ajitkumarpes@gmail.com","actor_via_sso":false,"log_type":"token"}', '2026-01-11 20:58:44.773717+00', ''),
	('00000000-0000-0000-0000-000000000000', '986f6455-46c6-4d0b-a85d-1a8057ecc9bd', '{"action":"token_refreshed","actor_id":"73904179-cca9-40ab-a2c4-e509dadbbbbb","actor_username":"ajitkumarpes@gmail.com","actor_via_sso":false,"log_type":"token"}', '2026-01-11 22:09:30.531217+00', ''),
	('00000000-0000-0000-0000-000000000000', 'a31f9c0e-102d-46fd-84eb-1c0dbe197df4', '{"action":"token_revoked","actor_id":"73904179-cca9-40ab-a2c4-e509dadbbbbb","actor_username":"ajitkumarpes@gmail.com","actor_via_sso":false,"log_type":"token"}', '2026-01-11 22:09:30.548947+00', ''),
	('00000000-0000-0000-0000-000000000000', 'dfd827d0-5856-4b70-8644-bbf59873f43e', '{"action":"token_refreshed","actor_id":"73904179-cca9-40ab-a2c4-e509dadbbbbb","actor_username":"ajitkumarpes@gmail.com","actor_via_sso":false,"log_type":"token"}', '2026-01-11 23:14:36.950726+00', ''),
	('00000000-0000-0000-0000-000000000000', '83359d18-21a1-4f76-9e8e-7b872195f650', '{"action":"token_revoked","actor_id":"73904179-cca9-40ab-a2c4-e509dadbbbbb","actor_username":"ajitkumarpes@gmail.com","actor_via_sso":false,"log_type":"token"}', '2026-01-11 23:14:36.964954+00', ''),
	('00000000-0000-0000-0000-000000000000', '14b2458f-d013-448a-8044-f48e5f7913f9', '{"action":"token_refreshed","actor_id":"73904179-cca9-40ab-a2c4-e509dadbbbbb","actor_username":"ajitkumarpes@gmail.com","actor_via_sso":false,"log_type":"token"}', '2026-01-12 00:51:53.657229+00', ''),
	('00000000-0000-0000-0000-000000000000', '9cd4d5b4-02a9-4683-9baf-427b1da57380', '{"action":"token_revoked","actor_id":"73904179-cca9-40ab-a2c4-e509dadbbbbb","actor_username":"ajitkumarpes@gmail.com","actor_via_sso":false,"log_type":"token"}', '2026-01-12 00:51:53.678318+00', ''),
	('00000000-0000-0000-0000-000000000000', '4dc2d02e-610f-4b48-ab57-b28129e896fe', '{"action":"token_refreshed","actor_id":"73904179-cca9-40ab-a2c4-e509dadbbbbb","actor_username":"ajitkumarpes@gmail.com","actor_via_sso":false,"log_type":"token"}', '2026-01-12 01:56:12.89873+00', ''),
	('00000000-0000-0000-0000-000000000000', '440a43d7-b0fe-43e0-8722-296f6237b5b2', '{"action":"token_revoked","actor_id":"73904179-cca9-40ab-a2c4-e509dadbbbbb","actor_username":"ajitkumarpes@gmail.com","actor_via_sso":false,"log_type":"token"}', '2026-01-12 01:56:12.909993+00', ''),
	('00000000-0000-0000-0000-000000000000', '9aa9f3d5-51b5-40e3-a492-c0e13da0efa7', '{"action":"token_refreshed","actor_id":"73904179-cca9-40ab-a2c4-e509dadbbbbb","actor_username":"ajitkumarpes@gmail.com","actor_via_sso":false,"log_type":"token"}', '2026-01-12 02:57:18.575895+00', ''),
	('00000000-0000-0000-0000-000000000000', '84d49f25-4bf6-4349-953b-a59c3ae3c6ed', '{"action":"token_revoked","actor_id":"73904179-cca9-40ab-a2c4-e509dadbbbbb","actor_username":"ajitkumarpes@gmail.com","actor_via_sso":false,"log_type":"token"}', '2026-01-12 02:57:18.601499+00', ''),
	('00000000-0000-0000-0000-000000000000', '0804b85d-1362-46fd-916e-61e2c3d18983', '{"action":"token_refreshed","actor_id":"73904179-cca9-40ab-a2c4-e509dadbbbbb","actor_username":"ajitkumarpes@gmail.com","actor_via_sso":false,"log_type":"token"}', '2026-01-12 03:58:24.41966+00', ''),
	('00000000-0000-0000-0000-000000000000', '3bc5a5e7-f006-49b0-9800-9a4fc9edf758', '{"action":"token_revoked","actor_id":"73904179-cca9-40ab-a2c4-e509dadbbbbb","actor_username":"ajitkumarpes@gmail.com","actor_via_sso":false,"log_type":"token"}', '2026-01-12 03:58:24.439467+00', ''),
	('00000000-0000-0000-0000-000000000000', '13b12c81-bf98-4891-8385-74549082c2c9', '{"action":"token_refreshed","actor_id":"73904179-cca9-40ab-a2c4-e509dadbbbbb","actor_username":"ajitkumarpes@gmail.com","actor_via_sso":false,"log_type":"token"}', '2026-01-12 05:15:51.204919+00', ''),
	('00000000-0000-0000-0000-000000000000', 'd5d090bc-38d8-4e9e-ba2a-c4c6389c876c', '{"action":"token_revoked","actor_id":"73904179-cca9-40ab-a2c4-e509dadbbbbb","actor_username":"ajitkumarpes@gmail.com","actor_via_sso":false,"log_type":"token"}', '2026-01-12 05:15:51.217764+00', ''),
	('00000000-0000-0000-0000-000000000000', 'cb5ec5d1-8299-4ac5-acb2-e5612c9b1dbf', '{"action":"token_refreshed","actor_id":"73904179-cca9-40ab-a2c4-e509dadbbbbb","actor_username":"ajitkumarpes@gmail.com","actor_via_sso":false,"log_type":"token"}', '2026-01-12 06:14:25.021428+00', ''),
	('00000000-0000-0000-0000-000000000000', '74d47e1f-e667-4d17-98de-eb9c00a83d7a', '{"action":"token_revoked","actor_id":"73904179-cca9-40ab-a2c4-e509dadbbbbb","actor_username":"ajitkumarpes@gmail.com","actor_via_sso":false,"log_type":"token"}', '2026-01-12 06:14:25.03978+00', ''),
	('00000000-0000-0000-0000-000000000000', '12c5178b-2d68-49a3-ac31-ceaf152eb302', '{"action":"token_refreshed","actor_id":"73904179-cca9-40ab-a2c4-e509dadbbbbb","actor_username":"ajitkumarpes@gmail.com","actor_via_sso":false,"log_type":"token"}', '2026-01-12 07:15:49.540441+00', ''),
	('00000000-0000-0000-0000-000000000000', 'ef4767da-cd38-4813-b55c-be60d0ba5305', '{"action":"token_revoked","actor_id":"73904179-cca9-40ab-a2c4-e509dadbbbbb","actor_username":"ajitkumarpes@gmail.com","actor_via_sso":false,"log_type":"token"}', '2026-01-12 07:15:49.555987+00', ''),
	('00000000-0000-0000-0000-000000000000', '99e4f979-2a62-4ddb-adfa-ba24e769980b', '{"action":"token_refreshed","actor_id":"73904179-cca9-40ab-a2c4-e509dadbbbbb","actor_username":"ajitkumarpes@gmail.com","actor_via_sso":false,"log_type":"token"}', '2026-01-12 08:20:26.342477+00', ''),
	('00000000-0000-0000-0000-000000000000', '398f43b9-a08f-4fe4-951a-3967b92f8e2a', '{"action":"token_revoked","actor_id":"73904179-cca9-40ab-a2c4-e509dadbbbbb","actor_username":"ajitkumarpes@gmail.com","actor_via_sso":false,"log_type":"token"}', '2026-01-12 08:20:26.359904+00', ''),
	('00000000-0000-0000-0000-000000000000', '9bb5894a-5587-4b63-9aef-b8c6afeb9d7e', '{"action":"token_refreshed","actor_id":"73904179-cca9-40ab-a2c4-e509dadbbbbb","actor_username":"ajitkumarpes@gmail.com","actor_via_sso":false,"log_type":"token"}', '2026-01-12 09:29:06.190015+00', ''),
	('00000000-0000-0000-0000-000000000000', '8a9b187e-8d09-46d5-9485-014909d55a19', '{"action":"token_revoked","actor_id":"73904179-cca9-40ab-a2c4-e509dadbbbbb","actor_username":"ajitkumarpes@gmail.com","actor_via_sso":false,"log_type":"token"}', '2026-01-12 09:29:06.20543+00', ''),
	('00000000-0000-0000-0000-000000000000', '688f1514-df21-4a5d-9a3a-f534de014661', '{"action":"token_refreshed","actor_id":"73904179-cca9-40ab-a2c4-e509dadbbbbb","actor_username":"ajitkumarpes@gmail.com","actor_via_sso":false,"log_type":"token"}', '2026-01-12 10:45:33.988435+00', ''),
	('00000000-0000-0000-0000-000000000000', 'd1ed2a40-edd2-4b80-8afb-232361e80a1d', '{"action":"token_revoked","actor_id":"73904179-cca9-40ab-a2c4-e509dadbbbbb","actor_username":"ajitkumarpes@gmail.com","actor_via_sso":false,"log_type":"token"}', '2026-01-12 10:45:34.0034+00', ''),
	('00000000-0000-0000-0000-000000000000', '4d59ef6f-aa66-4440-b74c-d3f957175b57', '{"action":"token_refreshed","actor_id":"73904179-cca9-40ab-a2c4-e509dadbbbbb","actor_username":"ajitkumarpes@gmail.com","actor_via_sso":false,"log_type":"token"}', '2026-01-12 12:02:53.565582+00', ''),
	('00000000-0000-0000-0000-000000000000', '588166dc-713e-4b2c-a10e-ffe5a3d8e918', '{"action":"token_revoked","actor_id":"73904179-cca9-40ab-a2c4-e509dadbbbbb","actor_username":"ajitkumarpes@gmail.com","actor_via_sso":false,"log_type":"token"}', '2026-01-12 12:02:53.579987+00', ''),
	('00000000-0000-0000-0000-000000000000', 'd6d5290d-53fa-478a-84d2-fc7921985f4b', '{"action":"token_refreshed","actor_id":"73904179-cca9-40ab-a2c4-e509dadbbbbb","actor_username":"ajitkumarpes@gmail.com","actor_via_sso":false,"log_type":"token"}', '2026-01-12 13:20:07.076392+00', ''),
	('00000000-0000-0000-0000-000000000000', '4a3d1a24-1635-4517-8c17-fa769daf3f5a', '{"action":"token_revoked","actor_id":"73904179-cca9-40ab-a2c4-e509dadbbbbb","actor_username":"ajitkumarpes@gmail.com","actor_via_sso":false,"log_type":"token"}', '2026-01-12 13:20:07.099915+00', ''),
	('00000000-0000-0000-0000-000000000000', 'a26ec162-7fa6-4379-8d0e-4c8c6615a51c', '{"action":"token_refreshed","actor_id":"73904179-cca9-40ab-a2c4-e509dadbbbbb","actor_username":"ajitkumarpes@gmail.com","actor_via_sso":false,"log_type":"token"}', '2026-01-12 14:23:05.329337+00', ''),
	('00000000-0000-0000-0000-000000000000', 'b64e153c-6fbc-4aeb-b970-8a71311a9b77', '{"action":"token_revoked","actor_id":"73904179-cca9-40ab-a2c4-e509dadbbbbb","actor_username":"ajitkumarpes@gmail.com","actor_via_sso":false,"log_type":"token"}', '2026-01-12 14:23:05.340117+00', ''),
	('00000000-0000-0000-0000-000000000000', '93159bba-b113-4ba5-8608-e9a4c938caf8', '{"action":"token_refreshed","actor_id":"73904179-cca9-40ab-a2c4-e509dadbbbbb","actor_username":"ajitkumarpes@gmail.com","actor_via_sso":false,"log_type":"token"}', '2026-01-12 15:22:34.178678+00', ''),
	('00000000-0000-0000-0000-000000000000', '2e879c39-8524-474c-8ff5-6daf4ade416d', '{"action":"token_revoked","actor_id":"73904179-cca9-40ab-a2c4-e509dadbbbbb","actor_username":"ajitkumarpes@gmail.com","actor_via_sso":false,"log_type":"token"}', '2026-01-12 15:22:34.195561+00', ''),
	('00000000-0000-0000-0000-000000000000', 'ff99f52f-eef5-4a24-b8b3-c63aadc42ee5', '{"action":"token_refreshed","actor_id":"73904179-cca9-40ab-a2c4-e509dadbbbbb","actor_username":"ajitkumarpes@gmail.com","actor_via_sso":false,"log_type":"token"}', '2026-01-12 16:23:22.419444+00', ''),
	('00000000-0000-0000-0000-000000000000', '655bcd95-c17e-4e2d-82c0-ffcfac908d01', '{"action":"token_revoked","actor_id":"73904179-cca9-40ab-a2c4-e509dadbbbbb","actor_username":"ajitkumarpes@gmail.com","actor_via_sso":false,"log_type":"token"}', '2026-01-12 16:23:22.436974+00', ''),
	('00000000-0000-0000-0000-000000000000', '450941b8-0493-4631-b1ba-2069f9d7f22c', '{"action":"token_refreshed","actor_id":"73904179-cca9-40ab-a2c4-e509dadbbbbb","actor_username":"ajitkumarpes@gmail.com","actor_via_sso":false,"log_type":"token"}', '2026-01-12 17:25:10.029459+00', ''),
	('00000000-0000-0000-0000-000000000000', 'd3160705-3036-4cf9-b279-2cbd891f384a', '{"action":"token_revoked","actor_id":"73904179-cca9-40ab-a2c4-e509dadbbbbb","actor_username":"ajitkumarpes@gmail.com","actor_via_sso":false,"log_type":"token"}', '2026-01-12 17:25:10.043653+00', ''),
	('00000000-0000-0000-0000-000000000000', '2daec60b-34fd-4562-b35c-9d71df406cd7', '{"action":"token_refreshed","actor_id":"73904179-cca9-40ab-a2c4-e509dadbbbbb","actor_username":"ajitkumarpes@gmail.com","actor_via_sso":false,"log_type":"token"}', '2026-01-12 18:25:43.986048+00', ''),
	('00000000-0000-0000-0000-000000000000', '19c82c23-e721-47be-8981-f527792b5857', '{"action":"token_revoked","actor_id":"73904179-cca9-40ab-a2c4-e509dadbbbbb","actor_username":"ajitkumarpes@gmail.com","actor_via_sso":false,"log_type":"token"}', '2026-01-12 18:25:43.998922+00', ''),
	('00000000-0000-0000-0000-000000000000', '3c1db9c7-9077-4494-a99a-8439099ee928', '{"action":"token_refreshed","actor_id":"73904179-cca9-40ab-a2c4-e509dadbbbbb","actor_username":"ajitkumarpes@gmail.com","actor_via_sso":false,"log_type":"token"}', '2026-01-12 19:38:45.20763+00', ''),
	('00000000-0000-0000-0000-000000000000', 'fee4d29d-6a68-4333-837f-2c1cf2a94ab8', '{"action":"token_revoked","actor_id":"73904179-cca9-40ab-a2c4-e509dadbbbbb","actor_username":"ajitkumarpes@gmail.com","actor_via_sso":false,"log_type":"token"}', '2026-01-12 19:38:45.228463+00', ''),
	('00000000-0000-0000-0000-000000000000', '9816c55f-b3c4-4250-9f27-086e76a0353a', '{"action":"token_refreshed","actor_id":"73904179-cca9-40ab-a2c4-e509dadbbbbb","actor_username":"ajitkumarpes@gmail.com","actor_via_sso":false,"log_type":"token"}', '2026-01-12 22:20:08.040801+00', ''),
	('00000000-0000-0000-0000-000000000000', 'f9c8591f-2643-4b09-93bc-95a33fadec58', '{"action":"token_revoked","actor_id":"73904179-cca9-40ab-a2c4-e509dadbbbbb","actor_username":"ajitkumarpes@gmail.com","actor_via_sso":false,"log_type":"token"}', '2026-01-12 22:20:08.049686+00', ''),
	('00000000-0000-0000-0000-000000000000', '329facbe-55c7-4e34-867a-4b4702d5f591', '{"action":"token_refreshed","actor_id":"73904179-cca9-40ab-a2c4-e509dadbbbbb","actor_username":"ajitkumarpes@gmail.com","actor_via_sso":false,"log_type":"token"}', '2026-01-12 23:34:53.188918+00', ''),
	('00000000-0000-0000-0000-000000000000', 'c898c723-6285-42e2-81ae-93361df17ed4', '{"action":"token_revoked","actor_id":"73904179-cca9-40ab-a2c4-e509dadbbbbb","actor_username":"ajitkumarpes@gmail.com","actor_via_sso":false,"log_type":"token"}', '2026-01-12 23:34:53.199245+00', ''),
	('00000000-0000-0000-0000-000000000000', '21cee632-2e10-440e-b66c-4a0c65cb354b', '{"action":"token_refreshed","actor_id":"73904179-cca9-40ab-a2c4-e509dadbbbbb","actor_username":"ajitkumarpes@gmail.com","actor_via_sso":false,"log_type":"token"}', '2026-01-12 23:34:53.417257+00', ''),
	('00000000-0000-0000-0000-000000000000', '22ccf750-0c37-41f9-a97a-2b839d42772b', '{"action":"token_refreshed","actor_id":"73904179-cca9-40ab-a2c4-e509dadbbbbb","actor_username":"ajitkumarpes@gmail.com","actor_via_sso":false,"log_type":"token"}', '2026-01-13 01:36:04.175106+00', ''),
	('00000000-0000-0000-0000-000000000000', '20f911ad-b6c1-4909-a6cf-0dbe0f39e10c', '{"action":"token_revoked","actor_id":"73904179-cca9-40ab-a2c4-e509dadbbbbb","actor_username":"ajitkumarpes@gmail.com","actor_via_sso":false,"log_type":"token"}', '2026-01-13 01:36:04.191483+00', ''),
	('00000000-0000-0000-0000-000000000000', 'd9b63094-1970-4b0d-ab23-3c2c291af3ba', '{"action":"token_refreshed","actor_id":"73904179-cca9-40ab-a2c4-e509dadbbbbb","actor_username":"ajitkumarpes@gmail.com","actor_via_sso":false,"log_type":"token"}', '2026-01-13 02:37:04.123771+00', ''),
	('00000000-0000-0000-0000-000000000000', 'e7c20c09-2a76-4558-833c-28df4a3b8c26', '{"action":"token_revoked","actor_id":"73904179-cca9-40ab-a2c4-e509dadbbbbb","actor_username":"ajitkumarpes@gmail.com","actor_via_sso":false,"log_type":"token"}', '2026-01-13 02:37:04.135047+00', ''),
	('00000000-0000-0000-0000-000000000000', '6297ef60-509d-4b2d-86cd-eaed6c9547ef', '{"action":"token_refreshed","actor_id":"73904179-cca9-40ab-a2c4-e509dadbbbbb","actor_username":"ajitkumarpes@gmail.com","actor_via_sso":false,"log_type":"token"}', '2026-01-13 03:38:10.648858+00', ''),
	('00000000-0000-0000-0000-000000000000', 'f7e42805-1384-4ea4-b43f-633d36b8c3f8', '{"action":"token_revoked","actor_id":"73904179-cca9-40ab-a2c4-e509dadbbbbb","actor_username":"ajitkumarpes@gmail.com","actor_via_sso":false,"log_type":"token"}', '2026-01-13 03:38:10.663105+00', ''),
	('00000000-0000-0000-0000-000000000000', '082f2328-1a9e-4260-8f02-9271ece0db7d', '{"action":"token_refreshed","actor_id":"73904179-cca9-40ab-a2c4-e509dadbbbbb","actor_username":"ajitkumarpes@gmail.com","actor_via_sso":false,"log_type":"token"}', '2026-01-13 04:39:11.93892+00', ''),
	('00000000-0000-0000-0000-000000000000', '1feb0a01-f64d-459e-901a-646028920d1e', '{"action":"token_revoked","actor_id":"73904179-cca9-40ab-a2c4-e509dadbbbbb","actor_username":"ajitkumarpes@gmail.com","actor_via_sso":false,"log_type":"token"}', '2026-01-13 04:39:11.956895+00', ''),
	('00000000-0000-0000-0000-000000000000', '4e67777f-daa3-4f2f-8de3-d2fe4c7699de', '{"action":"token_refreshed","actor_id":"73904179-cca9-40ab-a2c4-e509dadbbbbb","actor_username":"ajitkumarpes@gmail.com","actor_via_sso":false,"log_type":"token"}', '2026-01-13 05:40:13.870726+00', ''),
	('00000000-0000-0000-0000-000000000000', 'c3d5b481-ad51-4a26-87d7-e3215c9490f0', '{"action":"token_revoked","actor_id":"73904179-cca9-40ab-a2c4-e509dadbbbbb","actor_username":"ajitkumarpes@gmail.com","actor_via_sso":false,"log_type":"token"}', '2026-01-13 05:40:13.898854+00', ''),
	('00000000-0000-0000-0000-000000000000', 'fe0d9dec-f6d5-4424-8476-a293bbd5fc94', '{"action":"token_refreshed","actor_id":"73904179-cca9-40ab-a2c4-e509dadbbbbb","actor_username":"ajitkumarpes@gmail.com","actor_via_sso":false,"log_type":"token"}', '2026-01-13 06:41:16.405681+00', ''),
	('00000000-0000-0000-0000-000000000000', '44ca006b-b06a-42b2-90f0-2d72fc431b00', '{"action":"token_revoked","actor_id":"73904179-cca9-40ab-a2c4-e509dadbbbbb","actor_username":"ajitkumarpes@gmail.com","actor_via_sso":false,"log_type":"token"}', '2026-01-13 06:41:16.421077+00', ''),
	('00000000-0000-0000-0000-000000000000', '933d5907-37d0-405b-8c3f-388a2b03f5cc', '{"action":"token_refreshed","actor_id":"73904179-cca9-40ab-a2c4-e509dadbbbbb","actor_username":"ajitkumarpes@gmail.com","actor_via_sso":false,"log_type":"token"}', '2026-01-13 07:42:18.77586+00', ''),
	('00000000-0000-0000-0000-000000000000', '58a43168-4832-47bc-b93d-6f35bf5591da', '{"action":"token_revoked","actor_id":"73904179-cca9-40ab-a2c4-e509dadbbbbb","actor_username":"ajitkumarpes@gmail.com","actor_via_sso":false,"log_type":"token"}', '2026-01-13 07:42:18.792261+00', ''),
	('00000000-0000-0000-0000-000000000000', '9da5d548-9e80-4677-b0e7-12f663626dc4', '{"action":"token_refreshed","actor_id":"73904179-cca9-40ab-a2c4-e509dadbbbbb","actor_username":"ajitkumarpes@gmail.com","actor_via_sso":false,"log_type":"token"}', '2026-01-13 08:43:19.848264+00', ''),
	('00000000-0000-0000-0000-000000000000', '6db16f63-a9ab-48f7-afc9-8e379571a090', '{"action":"token_revoked","actor_id":"73904179-cca9-40ab-a2c4-e509dadbbbbb","actor_username":"ajitkumarpes@gmail.com","actor_via_sso":false,"log_type":"token"}', '2026-01-13 08:43:19.858291+00', ''),
	('00000000-0000-0000-0000-000000000000', '944ec048-ebbc-4c12-9ad2-54277313a56a', '{"action":"token_refreshed","actor_id":"73904179-cca9-40ab-a2c4-e509dadbbbbb","actor_username":"ajitkumarpes@gmail.com","actor_via_sso":false,"log_type":"token"}', '2026-01-13 09:44:21.872351+00', ''),
	('00000000-0000-0000-0000-000000000000', '6002456f-5edf-49a8-a255-3eefc448d07e', '{"action":"token_revoked","actor_id":"73904179-cca9-40ab-a2c4-e509dadbbbbb","actor_username":"ajitkumarpes@gmail.com","actor_via_sso":false,"log_type":"token"}', '2026-01-13 09:44:21.885415+00', ''),
	('00000000-0000-0000-0000-000000000000', '3951cd40-2614-49c0-8814-4b00f9267b4d', '{"action":"token_refreshed","actor_id":"73904179-cca9-40ab-a2c4-e509dadbbbbb","actor_username":"ajitkumarpes@gmail.com","actor_via_sso":false,"log_type":"token"}', '2026-01-13 10:45:24.654999+00', ''),
	('00000000-0000-0000-0000-000000000000', 'd5aaaa28-7373-49c1-9bbd-fbeeb41d119b', '{"action":"token_revoked","actor_id":"73904179-cca9-40ab-a2c4-e509dadbbbbb","actor_username":"ajitkumarpes@gmail.com","actor_via_sso":false,"log_type":"token"}', '2026-01-13 10:45:24.671907+00', ''),
	('00000000-0000-0000-0000-000000000000', '38f9bbad-88f3-452f-ba62-b7e42e3e3eb7', '{"action":"token_refreshed","actor_id":"73904179-cca9-40ab-a2c4-e509dadbbbbb","actor_username":"ajitkumarpes@gmail.com","actor_via_sso":false,"log_type":"token"}', '2026-01-13 11:46:29.403627+00', ''),
	('00000000-0000-0000-0000-000000000000', '2e5b0ce6-4ab0-45ca-8cf1-6196a22b1323', '{"action":"token_revoked","actor_id":"73904179-cca9-40ab-a2c4-e509dadbbbbb","actor_username":"ajitkumarpes@gmail.com","actor_via_sso":false,"log_type":"token"}', '2026-01-13 11:46:29.411726+00', ''),
	('00000000-0000-0000-0000-000000000000', '92ee3e59-464d-4cd1-9678-aa1e616afa3e', '{"action":"token_refreshed","actor_id":"73904179-cca9-40ab-a2c4-e509dadbbbbb","actor_username":"ajitkumarpes@gmail.com","actor_via_sso":false,"log_type":"token"}', '2026-01-13 12:47:31.968682+00', ''),
	('00000000-0000-0000-0000-000000000000', '9d9853c2-a42c-491b-a6d6-9482fcdc6656', '{"action":"token_revoked","actor_id":"73904179-cca9-40ab-a2c4-e509dadbbbbb","actor_username":"ajitkumarpes@gmail.com","actor_via_sso":false,"log_type":"token"}', '2026-01-13 12:47:31.983264+00', ''),
	('00000000-0000-0000-0000-000000000000', '66c4a856-6757-4040-a322-7e16f5e9fb96', '{"action":"token_refreshed","actor_id":"73904179-cca9-40ab-a2c4-e509dadbbbbb","actor_username":"ajitkumarpes@gmail.com","actor_via_sso":false,"log_type":"token"}', '2026-01-13 13:48:33.93869+00', ''),
	('00000000-0000-0000-0000-000000000000', '0d47b3bc-43db-4b9c-a9aa-6c5de7388d08', '{"action":"token_revoked","actor_id":"73904179-cca9-40ab-a2c4-e509dadbbbbb","actor_username":"ajitkumarpes@gmail.com","actor_via_sso":false,"log_type":"token"}', '2026-01-13 13:48:33.950745+00', ''),
	('00000000-0000-0000-0000-000000000000', 'f8e65548-757e-4834-8a47-458a8f1f4e70', '{"action":"token_refreshed","actor_id":"73904179-cca9-40ab-a2c4-e509dadbbbbb","actor_username":"ajitkumarpes@gmail.com","actor_via_sso":false,"log_type":"token"}', '2026-01-13 14:49:35.314827+00', ''),
	('00000000-0000-0000-0000-000000000000', 'dc41190b-7232-4135-a1d7-ae63d1c0aa75', '{"action":"token_revoked","actor_id":"73904179-cca9-40ab-a2c4-e509dadbbbbb","actor_username":"ajitkumarpes@gmail.com","actor_via_sso":false,"log_type":"token"}', '2026-01-13 14:49:35.330087+00', ''),
	('00000000-0000-0000-0000-000000000000', 'ae287120-78f3-4d5f-9a6e-25ef0ee4522a', '{"action":"token_refreshed","actor_id":"73904179-cca9-40ab-a2c4-e509dadbbbbb","actor_username":"ajitkumarpes@gmail.com","actor_via_sso":false,"log_type":"token"}', '2026-01-13 15:50:42.718701+00', ''),
	('00000000-0000-0000-0000-000000000000', '192ea422-7552-42c9-876a-2a7ed971bcc5', '{"action":"token_revoked","actor_id":"73904179-cca9-40ab-a2c4-e509dadbbbbb","actor_username":"ajitkumarpes@gmail.com","actor_via_sso":false,"log_type":"token"}', '2026-01-13 15:50:42.726682+00', ''),
	('00000000-0000-0000-0000-000000000000', 'e7e38795-3187-4cc4-9e31-5ac13ea73333', '{"action":"token_refreshed","actor_id":"73904179-cca9-40ab-a2c4-e509dadbbbbb","actor_username":"ajitkumarpes@gmail.com","actor_via_sso":false,"log_type":"token"}', '2026-01-13 17:03:38.897047+00', ''),
	('00000000-0000-0000-0000-000000000000', '9820303f-0e12-49de-ab61-fc0579f01506', '{"action":"token_revoked","actor_id":"73904179-cca9-40ab-a2c4-e509dadbbbbb","actor_username":"ajitkumarpes@gmail.com","actor_via_sso":false,"log_type":"token"}', '2026-01-13 17:03:38.915612+00', ''),
	('00000000-0000-0000-0000-000000000000', 'e75f0de3-6f18-485d-af91-e35e43b41fb5', '{"action":"token_refreshed","actor_id":"73904179-cca9-40ab-a2c4-e509dadbbbbb","actor_username":"ajitkumarpes@gmail.com","actor_via_sso":false,"log_type":"token"}', '2026-01-13 18:02:36.839512+00', ''),
	('00000000-0000-0000-0000-000000000000', '308fa918-7df2-43ff-89ee-fb2c62dd381b', '{"action":"token_revoked","actor_id":"73904179-cca9-40ab-a2c4-e509dadbbbbb","actor_username":"ajitkumarpes@gmail.com","actor_via_sso":false,"log_type":"token"}', '2026-01-13 18:02:36.849343+00', ''),
	('00000000-0000-0000-0000-000000000000', '49fedfaf-dbd7-4e15-ad6c-1210104afb28', '{"action":"token_refreshed","actor_id":"73904179-cca9-40ab-a2c4-e509dadbbbbb","actor_username":"ajitkumarpes@gmail.com","actor_via_sso":false,"log_type":"token"}', '2026-01-13 19:01:36.670924+00', ''),
	('00000000-0000-0000-0000-000000000000', '5bd2e453-53a4-45f6-b46e-d1635426d948', '{"action":"token_revoked","actor_id":"73904179-cca9-40ab-a2c4-e509dadbbbbb","actor_username":"ajitkumarpes@gmail.com","actor_via_sso":false,"log_type":"token"}', '2026-01-13 19:01:36.685721+00', ''),
	('00000000-0000-0000-0000-000000000000', 'b880fe9d-eb5e-4d5a-a407-e4d5f77d4d69', '{"action":"token_refreshed","actor_id":"73904179-cca9-40ab-a2c4-e509dadbbbbb","actor_username":"ajitkumarpes@gmail.com","actor_via_sso":false,"log_type":"token"}', '2026-01-13 20:03:04.824138+00', ''),
	('00000000-0000-0000-0000-000000000000', 'b6bf79a2-b672-4901-8614-b7a78989b297', '{"action":"token_revoked","actor_id":"73904179-cca9-40ab-a2c4-e509dadbbbbb","actor_username":"ajitkumarpes@gmail.com","actor_via_sso":false,"log_type":"token"}', '2026-01-13 20:03:04.843292+00', ''),
	('00000000-0000-0000-0000-000000000000', '0ba1d5ed-6682-4c59-8f92-3b3859d11425', '{"action":"token_refreshed","actor_id":"73904179-cca9-40ab-a2c4-e509dadbbbbb","actor_username":"ajitkumarpes@gmail.com","actor_via_sso":false,"log_type":"token"}', '2026-01-13 21:28:59.958818+00', ''),
	('00000000-0000-0000-0000-000000000000', '1f530f78-0256-4cdb-a04a-1f0b77c1b8a1', '{"action":"token_revoked","actor_id":"73904179-cca9-40ab-a2c4-e509dadbbbbb","actor_username":"ajitkumarpes@gmail.com","actor_via_sso":false,"log_type":"token"}', '2026-01-13 21:28:59.977253+00', ''),
	('00000000-0000-0000-0000-000000000000', '45a5b32e-e06f-44fb-844c-14cea60f5cc7', '{"action":"token_refreshed","actor_id":"73904179-cca9-40ab-a2c4-e509dadbbbbb","actor_username":"ajitkumarpes@gmail.com","actor_via_sso":false,"log_type":"token"}', '2026-01-13 22:29:08.582261+00', ''),
	('00000000-0000-0000-0000-000000000000', '56dbccbe-a712-4389-953c-9f59ddf79df8', '{"action":"token_revoked","actor_id":"73904179-cca9-40ab-a2c4-e509dadbbbbb","actor_username":"ajitkumarpes@gmail.com","actor_via_sso":false,"log_type":"token"}', '2026-01-13 22:29:08.595149+00', ''),
	('00000000-0000-0000-0000-000000000000', '0201ad05-eeed-4b13-b165-98b84585a7e2', '{"action":"token_refreshed","actor_id":"73904179-cca9-40ab-a2c4-e509dadbbbbb","actor_username":"ajitkumarpes@gmail.com","actor_via_sso":false,"log_type":"token"}', '2026-01-14 15:47:29.869965+00', ''),
	('00000000-0000-0000-0000-000000000000', '736cfd97-72c2-4e26-951c-ee788a9b42a1', '{"action":"token_revoked","actor_id":"73904179-cca9-40ab-a2c4-e509dadbbbbb","actor_username":"ajitkumarpes@gmail.com","actor_via_sso":false,"log_type":"token"}', '2026-01-14 15:47:29.884932+00', ''),
	('00000000-0000-0000-0000-000000000000', 'f0601267-e19b-4c24-b8c0-ef9cdbecd5cb', '{"action":"token_refreshed","actor_id":"73904179-cca9-40ab-a2c4-e509dadbbbbb","actor_username":"ajitkumarpes@gmail.com","actor_via_sso":false,"log_type":"token"}', '2026-01-14 16:57:44.093079+00', ''),
	('00000000-0000-0000-0000-000000000000', '0a737d83-0825-4627-9280-fec5c0c85ced', '{"action":"token_revoked","actor_id":"73904179-cca9-40ab-a2c4-e509dadbbbbb","actor_username":"ajitkumarpes@gmail.com","actor_via_sso":false,"log_type":"token"}', '2026-01-14 16:57:44.110672+00', ''),
	('00000000-0000-0000-0000-000000000000', '84765a87-1e0e-4b10-9982-b17564d526be', '{"action":"token_refreshed","actor_id":"73904179-cca9-40ab-a2c4-e509dadbbbbb","actor_username":"ajitkumarpes@gmail.com","actor_via_sso":false,"log_type":"token"}', '2026-01-14 17:58:43.096242+00', ''),
	('00000000-0000-0000-0000-000000000000', '61b0ab62-7b9b-44a5-a378-12b98225a9bf', '{"action":"token_revoked","actor_id":"73904179-cca9-40ab-a2c4-e509dadbbbbb","actor_username":"ajitkumarpes@gmail.com","actor_via_sso":false,"log_type":"token"}', '2026-01-14 17:58:43.110434+00', ''),
	('00000000-0000-0000-0000-000000000000', '7ac7a7d8-a097-4ba1-8173-17cdbe18b6ba', '{"action":"user_recovery_requested","actor_id":"73904179-cca9-40ab-a2c4-e509dadbbbbb","actor_username":"ajitkumarpes@gmail.com","actor_via_sso":false,"log_type":"user"}', '2026-01-14 18:30:09.548785+00', ''),
	('00000000-0000-0000-0000-000000000000', '1b2e4af9-9814-40b4-ba1a-19b52f10b25c', '{"action":"login","actor_id":"73904179-cca9-40ab-a2c4-e509dadbbbbb","actor_username":"ajitkumarpes@gmail.com","actor_via_sso":false,"log_type":"account"}', '2026-01-14 18:30:34.992829+00', ''),
	('00000000-0000-0000-0000-000000000000', '0088d64a-17d2-40bc-add2-0a8485454977', '{"action":"token_refreshed","actor_id":"73904179-cca9-40ab-a2c4-e509dadbbbbb","actor_username":"ajitkumarpes@gmail.com","actor_via_sso":false,"log_type":"token"}', '2026-01-14 18:57:15.995185+00', ''),
	('00000000-0000-0000-0000-000000000000', 'd34ab73d-2826-4b3f-9b27-4ab627c0aa06', '{"action":"token_revoked","actor_id":"73904179-cca9-40ab-a2c4-e509dadbbbbb","actor_username":"ajitkumarpes@gmail.com","actor_via_sso":false,"log_type":"token"}', '2026-01-14 18:57:16.000507+00', ''),
	('00000000-0000-0000-0000-000000000000', '668b6199-a96d-4aae-a6d0-e4b3ee0fd736', '{"action":"token_refreshed","actor_id":"73904179-cca9-40ab-a2c4-e509dadbbbbb","actor_username":"ajitkumarpes@gmail.com","actor_via_sso":false,"log_type":"token"}', '2026-01-14 19:56:16.045703+00', ''),
	('00000000-0000-0000-0000-000000000000', 'b6b17b4b-0915-496f-9458-c8e27cf64b40', '{"action":"token_revoked","actor_id":"73904179-cca9-40ab-a2c4-e509dadbbbbb","actor_username":"ajitkumarpes@gmail.com","actor_via_sso":false,"log_type":"token"}', '2026-01-14 19:56:16.063624+00', ''),
	('00000000-0000-0000-0000-000000000000', '560892ef-1309-4230-9eaa-78f79199ec86', '{"action":"token_refreshed","actor_id":"73904179-cca9-40ab-a2c4-e509dadbbbbb","actor_username":"ajitkumarpes@gmail.com","actor_via_sso":false,"log_type":"token"}', '2026-01-14 20:55:16.973439+00', ''),
	('00000000-0000-0000-0000-000000000000', '355ca7b5-b9ba-4b68-9e7a-225a2276a94e', '{"action":"token_revoked","actor_id":"73904179-cca9-40ab-a2c4-e509dadbbbbb","actor_username":"ajitkumarpes@gmail.com","actor_via_sso":false,"log_type":"token"}', '2026-01-14 20:55:16.994915+00', ''),
	('00000000-0000-0000-0000-000000000000', '73ae5291-4996-4ab8-a038-e7ee4a8dfb35', '{"action":"token_refreshed","actor_id":"73904179-cca9-40ab-a2c4-e509dadbbbbb","actor_username":"ajitkumarpes@gmail.com","actor_via_sso":false,"log_type":"token"}', '2026-01-14 21:59:53.217809+00', ''),
	('00000000-0000-0000-0000-000000000000', 'a164949e-1d6a-4347-9c3f-5627e4348d78', '{"action":"token_revoked","actor_id":"73904179-cca9-40ab-a2c4-e509dadbbbbb","actor_username":"ajitkumarpes@gmail.com","actor_via_sso":false,"log_type":"token"}', '2026-01-14 21:59:53.234344+00', ''),
	('00000000-0000-0000-0000-000000000000', 'ba5cccf1-51bb-43c1-ad39-3a0ba68a2658', '{"action":"token_refreshed","actor_id":"73904179-cca9-40ab-a2c4-e509dadbbbbb","actor_username":"ajitkumarpes@gmail.com","actor_via_sso":false,"log_type":"token"}', '2026-01-14 23:29:01.823561+00', ''),
	('00000000-0000-0000-0000-000000000000', 'c4b280da-dea4-4c6b-a907-e92a718e685b', '{"action":"token_revoked","actor_id":"73904179-cca9-40ab-a2c4-e509dadbbbbb","actor_username":"ajitkumarpes@gmail.com","actor_via_sso":false,"log_type":"token"}', '2026-01-14 23:29:01.833971+00', ''),
	('00000000-0000-0000-0000-000000000000', 'b50d595f-215d-401d-a996-3681bcb5cec0', '{"action":"token_refreshed","actor_id":"73904179-cca9-40ab-a2c4-e509dadbbbbb","actor_username":"ajitkumarpes@gmail.com","actor_via_sso":false,"log_type":"token"}', '2026-01-15 00:29:55.516853+00', ''),
	('00000000-0000-0000-0000-000000000000', '4c473965-3ad4-4b5d-8608-84a155ad5770', '{"action":"token_revoked","actor_id":"73904179-cca9-40ab-a2c4-e509dadbbbbb","actor_username":"ajitkumarpes@gmail.com","actor_via_sso":false,"log_type":"token"}', '2026-01-15 00:29:55.533938+00', ''),
	('00000000-0000-0000-0000-000000000000', '8babb8e5-725e-4c79-ad36-7f89fcefaf1e', '{"action":"token_refreshed","actor_id":"73904179-cca9-40ab-a2c4-e509dadbbbbb","actor_username":"ajitkumarpes@gmail.com","actor_via_sso":false,"log_type":"token"}', '2026-01-15 01:47:09.781946+00', ''),
	('00000000-0000-0000-0000-000000000000', '048cfe5b-b765-4676-8955-dfc2ec214960', '{"action":"token_revoked","actor_id":"73904179-cca9-40ab-a2c4-e509dadbbbbb","actor_username":"ajitkumarpes@gmail.com","actor_via_sso":false,"log_type":"token"}', '2026-01-15 01:47:09.800452+00', ''),
	('00000000-0000-0000-0000-000000000000', '6c3bc2fb-8bda-4af0-aeef-63daf5c7cbc5', '{"action":"token_refreshed","actor_id":"73904179-cca9-40ab-a2c4-e509dadbbbbb","actor_username":"ajitkumarpes@gmail.com","actor_via_sso":false,"log_type":"token"}', '2026-01-15 02:49:59.278954+00', ''),
	('00000000-0000-0000-0000-000000000000', 'd1bed1e6-5350-4380-808a-f7704473b0ed', '{"action":"token_revoked","actor_id":"73904179-cca9-40ab-a2c4-e509dadbbbbb","actor_username":"ajitkumarpes@gmail.com","actor_via_sso":false,"log_type":"token"}', '2026-01-15 02:49:59.2942+00', ''),
	('00000000-0000-0000-0000-000000000000', '1bd89ffe-dcb2-4492-a72b-750d7ab87fd6', '{"action":"token_refreshed","actor_id":"73904179-cca9-40ab-a2c4-e509dadbbbbb","actor_username":"ajitkumarpes@gmail.com","actor_via_sso":false,"log_type":"token"}', '2026-01-15 03:49:09.577443+00', ''),
	('00000000-0000-0000-0000-000000000000', '2106b01b-9e5e-47e0-b70f-47da8038d98f', '{"action":"token_revoked","actor_id":"73904179-cca9-40ab-a2c4-e509dadbbbbb","actor_username":"ajitkumarpes@gmail.com","actor_via_sso":false,"log_type":"token"}', '2026-01-15 03:49:09.594824+00', ''),
	('00000000-0000-0000-0000-000000000000', 'cfc3035c-36a7-4b2a-bdba-1b1caa46b9e3', '{"action":"token_refreshed","actor_id":"73904179-cca9-40ab-a2c4-e509dadbbbbb","actor_username":"ajitkumarpes@gmail.com","actor_via_sso":false,"log_type":"token"}', '2026-01-15 05:02:49.875606+00', ''),
	('00000000-0000-0000-0000-000000000000', 'd5cb38fa-3502-49c7-9185-a2169655d8eb', '{"action":"token_revoked","actor_id":"73904179-cca9-40ab-a2c4-e509dadbbbbb","actor_username":"ajitkumarpes@gmail.com","actor_via_sso":false,"log_type":"token"}', '2026-01-15 05:02:49.892681+00', ''),
	('00000000-0000-0000-0000-000000000000', '390d28d2-682c-403b-a6bb-3b813823f3fa', '{"action":"token_refreshed","actor_id":"d1e40c02-9978-46fd-875e-3989537af942","actor_username":"kbisht786@gmail.com","actor_via_sso":false,"log_type":"token"}', '2026-01-15 16:05:18.801454+00', ''),
	('00000000-0000-0000-0000-000000000000', '429fe843-a4fe-4512-b6bd-c47cd3b8160b', '{"action":"token_revoked","actor_id":"d1e40c02-9978-46fd-875e-3989537af942","actor_username":"kbisht786@gmail.com","actor_via_sso":false,"log_type":"token"}', '2026-01-15 16:05:18.816457+00', ''),
	('00000000-0000-0000-0000-000000000000', '8a6bb08c-d209-4c81-9abc-b44cbfff9953', '{"action":"token_refreshed","actor_id":"73904179-cca9-40ab-a2c4-e509dadbbbbb","actor_username":"ajitkumarpes@gmail.com","actor_via_sso":false,"log_type":"token"}', '2026-01-15 16:37:47.357006+00', ''),
	('00000000-0000-0000-0000-000000000000', 'c0a0c2df-7568-41cd-9236-824a6ddeafe6', '{"action":"token_revoked","actor_id":"73904179-cca9-40ab-a2c4-e509dadbbbbb","actor_username":"ajitkumarpes@gmail.com","actor_via_sso":false,"log_type":"token"}', '2026-01-15 16:37:47.369539+00', ''),
	('00000000-0000-0000-0000-000000000000', '90d62a80-91ac-4125-934d-c80c0da5e212', '{"action":"token_refreshed","actor_id":"d1e40c02-9978-46fd-875e-3989537af942","actor_username":"kbisht786@gmail.com","actor_via_sso":false,"log_type":"token"}', '2026-01-15 17:13:56.916745+00', ''),
	('00000000-0000-0000-0000-000000000000', '8e770f41-76a3-478b-a551-b92d42b65ac4', '{"action":"token_revoked","actor_id":"d1e40c02-9978-46fd-875e-3989537af942","actor_username":"kbisht786@gmail.com","actor_via_sso":false,"log_type":"token"}', '2026-01-15 17:13:56.940304+00', ''),
	('00000000-0000-0000-0000-000000000000', '9c096a8e-042d-47e7-9414-20d3b4c9ae19', '{"action":"token_refreshed","actor_id":"73904179-cca9-40ab-a2c4-e509dadbbbbb","actor_username":"ajitkumarpes@gmail.com","actor_via_sso":false,"log_type":"token"}', '2026-01-15 18:11:20.131607+00', ''),
	('00000000-0000-0000-0000-000000000000', 'af85e22f-a1a5-4868-baf1-798c04eedf73', '{"action":"token_revoked","actor_id":"73904179-cca9-40ab-a2c4-e509dadbbbbb","actor_username":"ajitkumarpes@gmail.com","actor_via_sso":false,"log_type":"token"}', '2026-01-15 18:11:20.146902+00', ''),
	('00000000-0000-0000-0000-000000000000', '2f80c9a4-84fd-45bc-8746-a572709f8308', '{"action":"token_refreshed","actor_id":"73904179-cca9-40ab-a2c4-e509dadbbbbb","actor_username":"ajitkumarpes@gmail.com","actor_via_sso":false,"log_type":"token"}', '2026-01-15 18:32:10.438746+00', ''),
	('00000000-0000-0000-0000-000000000000', '5f1fe8d1-c586-4aff-8895-59bfb6196466', '{"action":"token_revoked","actor_id":"73904179-cca9-40ab-a2c4-e509dadbbbbb","actor_username":"ajitkumarpes@gmail.com","actor_via_sso":false,"log_type":"token"}', '2026-01-15 18:32:10.452905+00', ''),
	('00000000-0000-0000-0000-000000000000', '714c19a0-c79b-49bd-b79e-1153fed0affc', '{"action":"user_recovery_requested","actor_id":"73904179-cca9-40ab-a2c4-e509dadbbbbb","actor_username":"ajitkumarpes@gmail.com","actor_via_sso":false,"log_type":"user"}', '2026-01-15 18:50:04.54249+00', ''),
	('00000000-0000-0000-0000-000000000000', '32f3591d-a818-4960-b13a-b35fc2fe34c9', '{"action":"login","actor_id":"73904179-cca9-40ab-a2c4-e509dadbbbbb","actor_username":"ajitkumarpes@gmail.com","actor_via_sso":false,"log_type":"account"}', '2026-01-15 18:50:20.292788+00', ''),
	('00000000-0000-0000-0000-000000000000', '7afdb86b-752e-4694-b78f-a0bc8defc363', '{"action":"user_recovery_requested","actor_id":"73904179-cca9-40ab-a2c4-e509dadbbbbb","actor_username":"ajitkumarpes@gmail.com","actor_via_sso":false,"log_type":"user"}', '2026-01-15 18:52:28.815563+00', ''),
	('00000000-0000-0000-0000-000000000000', 'ba4802fe-6b6f-40a0-ab76-812480d4b153', '{"action":"login","actor_id":"73904179-cca9-40ab-a2c4-e509dadbbbbb","actor_username":"ajitkumarpes@gmail.com","actor_via_sso":false,"log_type":"account"}', '2026-01-15 18:53:25.520693+00', ''),
	('00000000-0000-0000-0000-000000000000', 'e949f8f1-4c32-4e00-b5fd-a4aa8dc4e4a6', '{"action":"token_refreshed","actor_id":"73904179-cca9-40ab-a2c4-e509dadbbbbb","actor_username":"ajitkumarpes@gmail.com","actor_via_sso":false,"log_type":"token"}', '2026-01-15 19:10:04.320742+00', ''),
	('00000000-0000-0000-0000-000000000000', 'adc27f45-7d1f-4270-88f1-26380bc8f8d0', '{"action":"token_revoked","actor_id":"73904179-cca9-40ab-a2c4-e509dadbbbbb","actor_username":"ajitkumarpes@gmail.com","actor_via_sso":false,"log_type":"token"}', '2026-01-15 19:10:04.335439+00', ''),
	('00000000-0000-0000-0000-000000000000', '16c09bd1-4261-4a56-ae08-0bd779fed067', '{"action":"token_refreshed","actor_id":"73904179-cca9-40ab-a2c4-e509dadbbbbb","actor_username":"ajitkumarpes@gmail.com","actor_via_sso":false,"log_type":"token"}', '2026-01-15 19:36:37.270799+00', ''),
	('00000000-0000-0000-0000-000000000000', 'af2447f7-479f-4d41-9359-38237d6791a4', '{"action":"token_revoked","actor_id":"73904179-cca9-40ab-a2c4-e509dadbbbbb","actor_username":"ajitkumarpes@gmail.com","actor_via_sso":false,"log_type":"token"}', '2026-01-15 19:36:37.286177+00', ''),
	('00000000-0000-0000-0000-000000000000', '43270941-616d-4954-8828-65f07fff6e7f', '{"action":"token_refreshed","actor_id":"73904179-cca9-40ab-a2c4-e509dadbbbbb","actor_username":"ajitkumarpes@gmail.com","actor_via_sso":false,"log_type":"token"}', '2026-01-15 19:52:03.906726+00', ''),
	('00000000-0000-0000-0000-000000000000', '1ce6e879-50cd-4acd-9a9d-9e3fe890ecd1', '{"action":"token_revoked","actor_id":"73904179-cca9-40ab-a2c4-e509dadbbbbb","actor_username":"ajitkumarpes@gmail.com","actor_via_sso":false,"log_type":"token"}', '2026-01-15 19:52:03.91817+00', ''),
	('00000000-0000-0000-0000-000000000000', '3da5503d-a36b-469c-a295-7a46eb7cd5fb', '{"action":"token_refreshed","actor_id":"73904179-cca9-40ab-a2c4-e509dadbbbbb","actor_username":"ajitkumarpes@gmail.com","actor_via_sso":false,"log_type":"token"}', '2026-01-15 20:08:16.7509+00', ''),
	('00000000-0000-0000-0000-000000000000', 'd283a40b-c751-4f13-ae0b-a241423eb30b', '{"action":"token_revoked","actor_id":"73904179-cca9-40ab-a2c4-e509dadbbbbb","actor_username":"ajitkumarpes@gmail.com","actor_via_sso":false,"log_type":"token"}', '2026-01-15 20:08:16.769415+00', ''),
	('00000000-0000-0000-0000-000000000000', '4e54dc42-c303-4928-8c3f-73ae928f12b0', '{"action":"token_refreshed","actor_id":"73904179-cca9-40ab-a2c4-e509dadbbbbb","actor_username":"ajitkumarpes@gmail.com","actor_via_sso":false,"log_type":"token"}', '2026-01-15 20:51:04.032972+00', ''),
	('00000000-0000-0000-0000-000000000000', 'c1f9fd15-658e-40a9-9981-d12ea13c3797', '{"action":"token_revoked","actor_id":"73904179-cca9-40ab-a2c4-e509dadbbbbb","actor_username":"ajitkumarpes@gmail.com","actor_via_sso":false,"log_type":"token"}', '2026-01-15 20:51:04.050674+00', ''),
	('00000000-0000-0000-0000-000000000000', '428349d9-d501-4c30-a258-ac1704ae1b29', '{"action":"token_refreshed","actor_id":"73904179-cca9-40ab-a2c4-e509dadbbbbb","actor_username":"ajitkumarpes@gmail.com","actor_via_sso":false,"log_type":"token"}', '2026-01-15 21:06:27.841571+00', ''),
	('00000000-0000-0000-0000-000000000000', '3ed1cf8b-37b7-4f66-8f00-6770857996db', '{"action":"token_revoked","actor_id":"73904179-cca9-40ab-a2c4-e509dadbbbbb","actor_username":"ajitkumarpes@gmail.com","actor_via_sso":false,"log_type":"token"}', '2026-01-15 21:06:27.856744+00', ''),
	('00000000-0000-0000-0000-000000000000', '6c9b3542-3d0a-4531-b24e-bdaeb9ea4df4', '{"action":"token_refreshed","actor_id":"73904179-cca9-40ab-a2c4-e509dadbbbbb","actor_username":"ajitkumarpes@gmail.com","actor_via_sso":false,"log_type":"token"}', '2026-01-15 22:16:43.457406+00', ''),
	('00000000-0000-0000-0000-000000000000', '6560c1cc-87bd-4188-bac5-d12e73543040', '{"action":"token_revoked","actor_id":"73904179-cca9-40ab-a2c4-e509dadbbbbb","actor_username":"ajitkumarpes@gmail.com","actor_via_sso":false,"log_type":"token"}', '2026-01-15 22:16:43.477896+00', ''),
	('00000000-0000-0000-0000-000000000000', 'bfae7b29-f7b4-493d-9d24-702040ff2006', '{"action":"token_refreshed","actor_id":"73904179-cca9-40ab-a2c4-e509dadbbbbb","actor_username":"ajitkumarpes@gmail.com","actor_via_sso":false,"log_type":"token"}', '2026-01-15 23:20:43.479666+00', ''),
	('00000000-0000-0000-0000-000000000000', 'eac4c37f-876b-4f9a-acf2-c1da9a0405a5', '{"action":"token_revoked","actor_id":"73904179-cca9-40ab-a2c4-e509dadbbbbb","actor_username":"ajitkumarpes@gmail.com","actor_via_sso":false,"log_type":"token"}', '2026-01-15 23:20:43.497614+00', ''),
	('00000000-0000-0000-0000-000000000000', 'd8f3ad77-8e9a-4d36-bfd8-2673664498de', '{"action":"token_refreshed","actor_id":"73904179-cca9-40ab-a2c4-e509dadbbbbb","actor_username":"ajitkumarpes@gmail.com","actor_via_sso":false,"log_type":"token"}', '2026-01-16 00:23:52.455174+00', ''),
	('00000000-0000-0000-0000-000000000000', '741ae305-a7a2-4210-9bd7-51f2b9510698', '{"action":"token_revoked","actor_id":"73904179-cca9-40ab-a2c4-e509dadbbbbb","actor_username":"ajitkumarpes@gmail.com","actor_via_sso":false,"log_type":"token"}', '2026-01-16 00:23:52.474959+00', ''),
	('00000000-0000-0000-0000-000000000000', '7667fdac-a74b-47c1-b50f-f638b74e078d', '{"action":"token_refreshed","actor_id":"73904179-cca9-40ab-a2c4-e509dadbbbbb","actor_username":"ajitkumarpes@gmail.com","actor_via_sso":false,"log_type":"token"}', '2026-01-16 01:32:57.398339+00', ''),
	('00000000-0000-0000-0000-000000000000', '5c236138-9ff1-4368-8b23-9489de77ef73', '{"action":"token_revoked","actor_id":"73904179-cca9-40ab-a2c4-e509dadbbbbb","actor_username":"ajitkumarpes@gmail.com","actor_via_sso":false,"log_type":"token"}', '2026-01-16 01:32:57.423549+00', ''),
	('00000000-0000-0000-0000-000000000000', '8016b396-af78-47d1-be3b-f43a1d578a01', '{"action":"token_refreshed","actor_id":"73904179-cca9-40ab-a2c4-e509dadbbbbb","actor_username":"ajitkumarpes@gmail.com","actor_via_sso":false,"log_type":"token"}', '2026-01-16 02:35:07.823383+00', ''),
	('00000000-0000-0000-0000-000000000000', 'bdd239e4-d049-460f-9d28-3ba2730234a4', '{"action":"token_revoked","actor_id":"73904179-cca9-40ab-a2c4-e509dadbbbbb","actor_username":"ajitkumarpes@gmail.com","actor_via_sso":false,"log_type":"token"}', '2026-01-16 02:35:07.843605+00', ''),
	('00000000-0000-0000-0000-000000000000', '30fca632-4255-47e5-b58d-bcf1cd2c2ef7', '{"action":"token_refreshed","actor_id":"73904179-cca9-40ab-a2c4-e509dadbbbbb","actor_username":"ajitkumarpes@gmail.com","actor_via_sso":false,"log_type":"token"}', '2026-01-16 03:34:38.147783+00', ''),
	('00000000-0000-0000-0000-000000000000', '1eb6ea71-33ab-4d30-bf32-eaac65b08b39', '{"action":"token_revoked","actor_id":"73904179-cca9-40ab-a2c4-e509dadbbbbb","actor_username":"ajitkumarpes@gmail.com","actor_via_sso":false,"log_type":"token"}', '2026-01-16 03:34:38.17441+00', ''),
	('00000000-0000-0000-0000-000000000000', '6f037565-68c4-436a-95ec-00c31574ca10', '{"action":"token_refreshed","actor_id":"73904179-cca9-40ab-a2c4-e509dadbbbbb","actor_username":"ajitkumarpes@gmail.com","actor_via_sso":false,"log_type":"token"}', '2026-01-16 04:47:17.467848+00', ''),
	('00000000-0000-0000-0000-000000000000', '5999e1ef-2d52-432b-89a0-c1b597d47c74', '{"action":"token_revoked","actor_id":"73904179-cca9-40ab-a2c4-e509dadbbbbb","actor_username":"ajitkumarpes@gmail.com","actor_via_sso":false,"log_type":"token"}', '2026-01-16 04:47:17.481704+00', ''),
	('00000000-0000-0000-0000-000000000000', '765d8b75-4db5-4eb2-ab58-47d974245aa9', '{"action":"token_refreshed","actor_id":"73904179-cca9-40ab-a2c4-e509dadbbbbb","actor_username":"ajitkumarpes@gmail.com","actor_via_sso":false,"log_type":"token"}', '2026-01-16 05:45:49.903903+00', ''),
	('00000000-0000-0000-0000-000000000000', 'fa93a76f-08c1-43c2-a46d-b1fb81189bc1', '{"action":"token_revoked","actor_id":"73904179-cca9-40ab-a2c4-e509dadbbbbb","actor_username":"ajitkumarpes@gmail.com","actor_via_sso":false,"log_type":"token"}', '2026-01-16 05:45:49.922664+00', ''),
	('00000000-0000-0000-0000-000000000000', '3203cbde-53f0-4bd6-a976-eb2bbc34a95b', '{"action":"token_refreshed","actor_id":"73904179-cca9-40ab-a2c4-e509dadbbbbb","actor_username":"ajitkumarpes@gmail.com","actor_via_sso":false,"log_type":"token"}', '2026-01-16 06:44:11.736293+00', ''),
	('00000000-0000-0000-0000-000000000000', '8006842d-52c8-4a08-860f-5936c1952c5d', '{"action":"token_revoked","actor_id":"73904179-cca9-40ab-a2c4-e509dadbbbbb","actor_username":"ajitkumarpes@gmail.com","actor_via_sso":false,"log_type":"token"}', '2026-01-16 06:44:11.758178+00', ''),
	('00000000-0000-0000-0000-000000000000', 'fef57b08-76bc-43c5-a919-bf25a78d52ad', '{"action":"token_refreshed","actor_id":"73904179-cca9-40ab-a2c4-e509dadbbbbb","actor_username":"ajitkumarpes@gmail.com","actor_via_sso":false,"log_type":"token"}', '2026-01-16 07:42:49.975168+00', ''),
	('00000000-0000-0000-0000-000000000000', '7e9d4b5b-9a74-4be4-bada-616e2a086125', '{"action":"token_revoked","actor_id":"73904179-cca9-40ab-a2c4-e509dadbbbbb","actor_username":"ajitkumarpes@gmail.com","actor_via_sso":false,"log_type":"token"}', '2026-01-16 07:42:49.998491+00', ''),
	('00000000-0000-0000-0000-000000000000', 'e02e9ba0-eff3-4cad-b0f8-e2702dca9957', '{"action":"token_refreshed","actor_id":"d1e40c02-9978-46fd-875e-3989537af942","actor_username":"kbisht786@gmail.com","actor_via_sso":false,"log_type":"token"}', '2026-01-16 07:55:51.167286+00', ''),
	('00000000-0000-0000-0000-000000000000', 'daad27bc-bffa-4991-90bf-a9fd613c08ac', '{"action":"token_revoked","actor_id":"d1e40c02-9978-46fd-875e-3989537af942","actor_username":"kbisht786@gmail.com","actor_via_sso":false,"log_type":"token"}', '2026-01-16 07:55:51.177274+00', ''),
	('00000000-0000-0000-0000-000000000000', 'c5047089-216b-4546-8647-cc4f94ecf01e', '{"action":"token_refreshed","actor_id":"73904179-cca9-40ab-a2c4-e509dadbbbbb","actor_username":"ajitkumarpes@gmail.com","actor_via_sso":false,"log_type":"token"}', '2026-01-16 08:41:06.400597+00', ''),
	('00000000-0000-0000-0000-000000000000', '4ed60619-3be8-4464-ba1e-937d900ac691', '{"action":"token_revoked","actor_id":"73904179-cca9-40ab-a2c4-e509dadbbbbb","actor_username":"ajitkumarpes@gmail.com","actor_via_sso":false,"log_type":"token"}', '2026-01-16 08:41:06.414215+00', ''),
	('00000000-0000-0000-0000-000000000000', '2a0108f3-bc18-49ef-adee-0239408c2139', '{"action":"token_refreshed","actor_id":"73904179-cca9-40ab-a2c4-e509dadbbbbb","actor_username":"ajitkumarpes@gmail.com","actor_via_sso":false,"log_type":"token"}', '2026-01-16 09:39:18.351365+00', ''),
	('00000000-0000-0000-0000-000000000000', 'b2ab4c9c-91f4-4cac-9605-bd7dd11139ab', '{"action":"token_revoked","actor_id":"73904179-cca9-40ab-a2c4-e509dadbbbbb","actor_username":"ajitkumarpes@gmail.com","actor_via_sso":false,"log_type":"token"}', '2026-01-16 09:39:18.371393+00', ''),
	('00000000-0000-0000-0000-000000000000', '90964591-c64e-4577-9da5-89386f660794', '{"action":"token_refreshed","actor_id":"73904179-cca9-40ab-a2c4-e509dadbbbbb","actor_username":"ajitkumarpes@gmail.com","actor_via_sso":false,"log_type":"token"}', '2026-01-16 10:37:24.539087+00', ''),
	('00000000-0000-0000-0000-000000000000', '7cc2c1bc-2e84-4155-b14b-196d990e1e71', '{"action":"token_revoked","actor_id":"73904179-cca9-40ab-a2c4-e509dadbbbbb","actor_username":"ajitkumarpes@gmail.com","actor_via_sso":false,"log_type":"token"}', '2026-01-16 10:37:24.558086+00', ''),
	('00000000-0000-0000-0000-000000000000', 'c5cd0c85-ea66-4f25-bcf8-74b6c699206b', '{"action":"token_refreshed","actor_id":"73904179-cca9-40ab-a2c4-e509dadbbbbb","actor_username":"ajitkumarpes@gmail.com","actor_via_sso":false,"log_type":"token"}', '2026-01-16 11:36:04.688623+00', ''),
	('00000000-0000-0000-0000-000000000000', '3b6d1205-269e-41d0-a5f9-007e8c126dab', '{"action":"token_revoked","actor_id":"73904179-cca9-40ab-a2c4-e509dadbbbbb","actor_username":"ajitkumarpes@gmail.com","actor_via_sso":false,"log_type":"token"}', '2026-01-16 11:36:04.702589+00', ''),
	('00000000-0000-0000-0000-000000000000', '143f82e4-e302-40a8-bbdc-6cec237e0fda', '{"action":"token_refreshed","actor_id":"73904179-cca9-40ab-a2c4-e509dadbbbbb","actor_username":"ajitkumarpes@gmail.com","actor_via_sso":false,"log_type":"token"}', '2026-01-16 12:34:50.707051+00', ''),
	('00000000-0000-0000-0000-000000000000', '6fda2f1f-c916-4f4f-b98f-133cebc3ff26', '{"action":"token_revoked","actor_id":"73904179-cca9-40ab-a2c4-e509dadbbbbb","actor_username":"ajitkumarpes@gmail.com","actor_via_sso":false,"log_type":"token"}', '2026-01-16 12:34:50.718255+00', ''),
	('00000000-0000-0000-0000-000000000000', '6a2ae688-6d9b-4688-acf1-0e8144b3c167', '{"action":"token_refreshed","actor_id":"73904179-cca9-40ab-a2c4-e509dadbbbbb","actor_username":"ajitkumarpes@gmail.com","actor_via_sso":false,"log_type":"token"}', '2026-01-16 13:33:50.763058+00', ''),
	('00000000-0000-0000-0000-000000000000', '2914e235-3364-40a5-8e22-e7c8559b3f51', '{"action":"token_revoked","actor_id":"73904179-cca9-40ab-a2c4-e509dadbbbbb","actor_username":"ajitkumarpes@gmail.com","actor_via_sso":false,"log_type":"token"}', '2026-01-16 13:33:50.781595+00', ''),
	('00000000-0000-0000-0000-000000000000', '53cf8e34-7409-4396-9d09-ac7ac9fe14ec', '{"action":"token_refreshed","actor_id":"73904179-cca9-40ab-a2c4-e509dadbbbbb","actor_username":"ajitkumarpes@gmail.com","actor_via_sso":false,"log_type":"token"}', '2026-01-16 14:32:50.637521+00', ''),
	('00000000-0000-0000-0000-000000000000', 'eaf9785d-d429-4ea3-b4c2-ce541b7dc396', '{"action":"token_revoked","actor_id":"73904179-cca9-40ab-a2c4-e509dadbbbbb","actor_username":"ajitkumarpes@gmail.com","actor_via_sso":false,"log_type":"token"}', '2026-01-16 14:32:50.650529+00', ''),
	('00000000-0000-0000-0000-000000000000', '88bb4b80-3229-4614-9a7d-600480e0a0e4', '{"action":"token_refreshed","actor_id":"73904179-cca9-40ab-a2c4-e509dadbbbbb","actor_username":"ajitkumarpes@gmail.com","actor_via_sso":false,"log_type":"token"}', '2026-01-16 15:31:50.930177+00', ''),
	('00000000-0000-0000-0000-000000000000', '5ec74a1f-3c10-4695-af64-0e49accc56a7', '{"action":"token_revoked","actor_id":"73904179-cca9-40ab-a2c4-e509dadbbbbb","actor_username":"ajitkumarpes@gmail.com","actor_via_sso":false,"log_type":"token"}', '2026-01-16 15:31:50.948595+00', ''),
	('00000000-0000-0000-0000-000000000000', '4f1f65ac-5b90-4738-aba1-698815fe60ce', '{"action":"token_refreshed","actor_id":"73904179-cca9-40ab-a2c4-e509dadbbbbb","actor_username":"ajitkumarpes@gmail.com","actor_via_sso":false,"log_type":"token"}', '2026-01-16 16:30:31.746684+00', ''),
	('00000000-0000-0000-0000-000000000000', 'a4d3c3f0-61f4-4868-b1a8-cf22583b8f30', '{"action":"token_revoked","actor_id":"73904179-cca9-40ab-a2c4-e509dadbbbbb","actor_username":"ajitkumarpes@gmail.com","actor_via_sso":false,"log_type":"token"}', '2026-01-16 16:30:31.758838+00', ''),
	('00000000-0000-0000-0000-000000000000', 'f4857203-e72e-4005-86fc-e561db63d2ab', '{"action":"token_refreshed","actor_id":"73904179-cca9-40ab-a2c4-e509dadbbbbb","actor_username":"ajitkumarpes@gmail.com","actor_via_sso":false,"log_type":"token"}', '2026-01-16 17:29:18.783442+00', ''),
	('00000000-0000-0000-0000-000000000000', 'd633cd46-92fb-467e-99c3-b437984cdb33', '{"action":"token_revoked","actor_id":"73904179-cca9-40ab-a2c4-e509dadbbbbb","actor_username":"ajitkumarpes@gmail.com","actor_via_sso":false,"log_type":"token"}', '2026-01-16 17:29:18.797698+00', ''),
	('00000000-0000-0000-0000-000000000000', 'c26f07b7-94f4-4054-994a-27682d795d6d', '{"action":"token_refreshed","actor_id":"73904179-cca9-40ab-a2c4-e509dadbbbbb","actor_username":"ajitkumarpes@gmail.com","actor_via_sso":false,"log_type":"token"}', '2026-01-16 18:27:51.640241+00', ''),
	('00000000-0000-0000-0000-000000000000', 'e3b343b8-33f6-40f6-897e-23e3880c11fb', '{"action":"token_revoked","actor_id":"73904179-cca9-40ab-a2c4-e509dadbbbbb","actor_username":"ajitkumarpes@gmail.com","actor_via_sso":false,"log_type":"token"}', '2026-01-16 18:27:51.657311+00', ''),
	('00000000-0000-0000-0000-000000000000', '5f140a1c-7d95-4c4c-8ed5-975a5edd386d', '{"action":"token_refreshed","actor_id":"73904179-cca9-40ab-a2c4-e509dadbbbbb","actor_username":"ajitkumarpes@gmail.com","actor_via_sso":false,"log_type":"token"}', '2026-01-16 19:26:13.620967+00', ''),
	('00000000-0000-0000-0000-000000000000', '6f08af84-8918-412e-a898-c4c2d996fb53', '{"action":"token_revoked","actor_id":"73904179-cca9-40ab-a2c4-e509dadbbbbb","actor_username":"ajitkumarpes@gmail.com","actor_via_sso":false,"log_type":"token"}', '2026-01-16 19:26:13.635619+00', ''),
	('00000000-0000-0000-0000-000000000000', 'a6144e1c-d9ac-49a6-ba1e-02b3ee050db0', '{"action":"token_refreshed","actor_id":"73904179-cca9-40ab-a2c4-e509dadbbbbb","actor_username":"ajitkumarpes@gmail.com","actor_via_sso":false,"log_type":"token"}', '2026-01-16 20:24:51.679558+00', ''),
	('00000000-0000-0000-0000-000000000000', 'c9ddf8f1-a77f-4147-9663-ca0ac9677e69', '{"action":"token_revoked","actor_id":"73904179-cca9-40ab-a2c4-e509dadbbbbb","actor_username":"ajitkumarpes@gmail.com","actor_via_sso":false,"log_type":"token"}', '2026-01-16 20:24:51.704262+00', ''),
	('00000000-0000-0000-0000-000000000000', 'aa99a5c1-0924-46be-b888-e63fa6c3250b', '{"action":"token_refreshed","actor_id":"73904179-cca9-40ab-a2c4-e509dadbbbbb","actor_username":"ajitkumarpes@gmail.com","actor_via_sso":false,"log_type":"token"}', '2026-01-16 21:23:32.623006+00', ''),
	('00000000-0000-0000-0000-000000000000', 'a6f38537-fb36-4d76-b21d-b5c43ec2a9b4', '{"action":"token_revoked","actor_id":"73904179-cca9-40ab-a2c4-e509dadbbbbb","actor_username":"ajitkumarpes@gmail.com","actor_via_sso":false,"log_type":"token"}', '2026-01-16 21:23:32.641107+00', ''),
	('00000000-0000-0000-0000-000000000000', '1e618fc1-9f70-42ef-b2e8-eccf29661455', '{"action":"token_refreshed","actor_id":"73904179-cca9-40ab-a2c4-e509dadbbbbb","actor_username":"ajitkumarpes@gmail.com","actor_via_sso":false,"log_type":"token"}', '2026-01-16 22:21:53.369938+00', ''),
	('00000000-0000-0000-0000-000000000000', '7108a9c8-09ad-4855-b947-49f66b0a5c3a', '{"action":"token_revoked","actor_id":"73904179-cca9-40ab-a2c4-e509dadbbbbb","actor_username":"ajitkumarpes@gmail.com","actor_via_sso":false,"log_type":"token"}', '2026-01-16 22:21:53.391373+00', ''),
	('00000000-0000-0000-0000-000000000000', 'ee0b62df-6877-4d99-9116-a76ba8f2b6c9', '{"action":"token_refreshed","actor_id":"73904179-cca9-40ab-a2c4-e509dadbbbbb","actor_username":"ajitkumarpes@gmail.com","actor_via_sso":false,"log_type":"token"}', '2026-01-16 23:29:06.061661+00', ''),
	('00000000-0000-0000-0000-000000000000', 'cb7fa48b-8764-45d5-98c1-7179777e0875', '{"action":"token_revoked","actor_id":"73904179-cca9-40ab-a2c4-e509dadbbbbb","actor_username":"ajitkumarpes@gmail.com","actor_via_sso":false,"log_type":"token"}', '2026-01-16 23:29:06.076592+00', ''),
	('00000000-0000-0000-0000-000000000000', 'd1c0a77a-1224-4783-bac6-0f3bba779599', '{"action":"token_refreshed","actor_id":"73904179-cca9-40ab-a2c4-e509dadbbbbb","actor_username":"ajitkumarpes@gmail.com","actor_via_sso":false,"log_type":"token"}', '2026-01-17 00:42:30.053067+00', ''),
	('00000000-0000-0000-0000-000000000000', '658e7d8a-5325-48e6-a842-a9b42e6d0e12', '{"action":"token_revoked","actor_id":"73904179-cca9-40ab-a2c4-e509dadbbbbb","actor_username":"ajitkumarpes@gmail.com","actor_via_sso":false,"log_type":"token"}', '2026-01-17 00:42:30.071129+00', ''),
	('00000000-0000-0000-0000-000000000000', '565226b6-c35d-44e4-98f1-1f249152d8be', '{"action":"token_refreshed","actor_id":"73904179-cca9-40ab-a2c4-e509dadbbbbb","actor_username":"ajitkumarpes@gmail.com","actor_via_sso":false,"log_type":"token"}', '2026-01-17 01:43:20.926783+00', ''),
	('00000000-0000-0000-0000-000000000000', 'd51f2f5d-8cfc-4c8f-824b-f737300aca48', '{"action":"token_revoked","actor_id":"73904179-cca9-40ab-a2c4-e509dadbbbbb","actor_username":"ajitkumarpes@gmail.com","actor_via_sso":false,"log_type":"token"}', '2026-01-17 01:43:20.940009+00', ''),
	('00000000-0000-0000-0000-000000000000', 'fbb105bf-18eb-479e-952c-925557d142f8', '{"action":"token_refreshed","actor_id":"73904179-cca9-40ab-a2c4-e509dadbbbbb","actor_username":"ajitkumarpes@gmail.com","actor_via_sso":false,"log_type":"token"}', '2026-01-17 02:44:12.147221+00', ''),
	('00000000-0000-0000-0000-000000000000', '10d4eb40-6c90-4d56-ba09-a7358009dc5e', '{"action":"token_revoked","actor_id":"73904179-cca9-40ab-a2c4-e509dadbbbbb","actor_username":"ajitkumarpes@gmail.com","actor_via_sso":false,"log_type":"token"}', '2026-01-17 02:44:12.161965+00', ''),
	('00000000-0000-0000-0000-000000000000', 'f34318ae-3635-4f1b-ae7e-cf67b4842a29', '{"action":"token_refreshed","actor_id":"73904179-cca9-40ab-a2c4-e509dadbbbbb","actor_username":"ajitkumarpes@gmail.com","actor_via_sso":false,"log_type":"token"}', '2026-01-17 03:45:44.150836+00', ''),
	('00000000-0000-0000-0000-000000000000', 'b2336a33-f4b9-429e-9925-0eb01751f7e1', '{"action":"token_revoked","actor_id":"73904179-cca9-40ab-a2c4-e509dadbbbbb","actor_username":"ajitkumarpes@gmail.com","actor_via_sso":false,"log_type":"token"}', '2026-01-17 03:45:44.166663+00', ''),
	('00000000-0000-0000-0000-000000000000', '25b11b65-36d1-4c34-889a-835bb5ae5cd3', '{"action":"token_refreshed","actor_id":"73904179-cca9-40ab-a2c4-e509dadbbbbb","actor_username":"ajitkumarpes@gmail.com","actor_via_sso":false,"log_type":"token"}', '2026-01-17 04:46:17.912688+00', ''),
	('00000000-0000-0000-0000-000000000000', '417e6eb2-81c9-40d1-ba21-d508912be2be', '{"action":"token_revoked","actor_id":"73904179-cca9-40ab-a2c4-e509dadbbbbb","actor_username":"ajitkumarpes@gmail.com","actor_via_sso":false,"log_type":"token"}', '2026-01-17 04:46:17.928495+00', ''),
	('00000000-0000-0000-0000-000000000000', 'b3f69730-ea06-4ce9-a689-4a2dc812c0a8', '{"action":"token_refreshed","actor_id":"73904179-cca9-40ab-a2c4-e509dadbbbbb","actor_username":"ajitkumarpes@gmail.com","actor_via_sso":false,"log_type":"token"}', '2026-01-17 05:47:02.142836+00', ''),
	('00000000-0000-0000-0000-000000000000', '83a9010f-74bb-4129-a8dd-06c0743e68f4', '{"action":"token_revoked","actor_id":"73904179-cca9-40ab-a2c4-e509dadbbbbb","actor_username":"ajitkumarpes@gmail.com","actor_via_sso":false,"log_type":"token"}', '2026-01-17 05:47:02.161555+00', ''),
	('00000000-0000-0000-0000-000000000000', '65edf915-5f83-4428-a112-00c0643fba64', '{"action":"token_refreshed","actor_id":"73904179-cca9-40ab-a2c4-e509dadbbbbb","actor_username":"ajitkumarpes@gmail.com","actor_via_sso":false,"log_type":"token"}', '2026-01-17 07:04:21.167362+00', ''),
	('00000000-0000-0000-0000-000000000000', 'f99dad1b-380c-4766-8b5f-b86c1d8f37e7', '{"action":"token_revoked","actor_id":"73904179-cca9-40ab-a2c4-e509dadbbbbb","actor_username":"ajitkumarpes@gmail.com","actor_via_sso":false,"log_type":"token"}', '2026-01-17 07:04:21.182998+00', ''),
	('00000000-0000-0000-0000-000000000000', 'c5c4b027-1169-409a-982c-5b81d79f5529', '{"action":"token_refreshed","actor_id":"73904179-cca9-40ab-a2c4-e509dadbbbbb","actor_username":"ajitkumarpes@gmail.com","actor_via_sso":false,"log_type":"token"}', '2026-01-17 08:14:44.915772+00', ''),
	('00000000-0000-0000-0000-000000000000', '4b471386-7e9e-48aa-81c7-e5a18e087dd7', '{"action":"token_revoked","actor_id":"73904179-cca9-40ab-a2c4-e509dadbbbbb","actor_username":"ajitkumarpes@gmail.com","actor_via_sso":false,"log_type":"token"}', '2026-01-17 08:14:44.935701+00', ''),
	('00000000-0000-0000-0000-000000000000', '9221edf5-29ee-460a-a3bb-9bf4dd5c58ac', '{"action":"token_refreshed","actor_id":"73904179-cca9-40ab-a2c4-e509dadbbbbb","actor_username":"ajitkumarpes@gmail.com","actor_via_sso":false,"log_type":"token"}', '2026-01-17 09:34:54.964077+00', ''),
	('00000000-0000-0000-0000-000000000000', 'bfc3bc36-c70e-492d-9428-ae4bf0c55ba2', '{"action":"token_revoked","actor_id":"73904179-cca9-40ab-a2c4-e509dadbbbbb","actor_username":"ajitkumarpes@gmail.com","actor_via_sso":false,"log_type":"token"}', '2026-01-17 09:34:54.977268+00', ''),
	('00000000-0000-0000-0000-000000000000', '3a89769c-d5f2-4a9d-837f-0a4b10e66468', '{"action":"token_refreshed","actor_id":"73904179-cca9-40ab-a2c4-e509dadbbbbb","actor_username":"ajitkumarpes@gmail.com","actor_via_sso":false,"log_type":"token"}', '2026-01-17 10:35:57.660263+00', ''),
	('00000000-0000-0000-0000-000000000000', 'd3320659-41fe-468a-b40b-83c8b1622cf1', '{"action":"token_revoked","actor_id":"73904179-cca9-40ab-a2c4-e509dadbbbbb","actor_username":"ajitkumarpes@gmail.com","actor_via_sso":false,"log_type":"token"}', '2026-01-17 10:35:57.672993+00', ''),
	('00000000-0000-0000-0000-000000000000', '3639d379-e416-4a17-980d-2c79bc279689', '{"action":"token_refreshed","actor_id":"73904179-cca9-40ab-a2c4-e509dadbbbbb","actor_username":"ajitkumarpes@gmail.com","actor_via_sso":false,"log_type":"token"}', '2026-01-17 11:36:59.630372+00', ''),
	('00000000-0000-0000-0000-000000000000', '3a7e319d-331c-464f-b8e0-441c55c35da2', '{"action":"token_revoked","actor_id":"73904179-cca9-40ab-a2c4-e509dadbbbbb","actor_username":"ajitkumarpes@gmail.com","actor_via_sso":false,"log_type":"token"}', '2026-01-17 11:36:59.642258+00', ''),
	('00000000-0000-0000-0000-000000000000', '676b1ca9-a6f5-4cc4-a066-2fdf494511cc', '{"action":"token_refreshed","actor_id":"73904179-cca9-40ab-a2c4-e509dadbbbbb","actor_username":"ajitkumarpes@gmail.com","actor_via_sso":false,"log_type":"token"}', '2026-01-17 11:36:59.891723+00', ''),
	('00000000-0000-0000-0000-000000000000', '7d42d5da-37a5-4b72-8a4d-8b3f28fbee5a', '{"action":"token_refreshed","actor_id":"73904179-cca9-40ab-a2c4-e509dadbbbbb","actor_username":"ajitkumarpes@gmail.com","actor_via_sso":false,"log_type":"token"}', '2026-01-17 12:38:01.728582+00', ''),
	('00000000-0000-0000-0000-000000000000', '02aab9cb-8669-4829-8284-9ac7a5a4529c', '{"action":"token_revoked","actor_id":"73904179-cca9-40ab-a2c4-e509dadbbbbb","actor_username":"ajitkumarpes@gmail.com","actor_via_sso":false,"log_type":"token"}', '2026-01-17 12:38:01.742881+00', ''),
	('00000000-0000-0000-0000-000000000000', '366f3baa-b197-4f21-a532-08eb60ffd182', '{"action":"token_refreshed","actor_id":"73904179-cca9-40ab-a2c4-e509dadbbbbb","actor_username":"ajitkumarpes@gmail.com","actor_via_sso":false,"log_type":"token"}', '2026-01-17 13:36:52.009668+00', ''),
	('00000000-0000-0000-0000-000000000000', 'adad3dcb-364b-4f77-94ef-fbd683bc8b2a', '{"action":"token_revoked","actor_id":"73904179-cca9-40ab-a2c4-e509dadbbbbb","actor_username":"ajitkumarpes@gmail.com","actor_via_sso":false,"log_type":"token"}', '2026-01-17 13:36:52.024277+00', ''),
	('00000000-0000-0000-0000-000000000000', '7aaf66ba-c110-4125-8482-a6f355f964ab', '{"action":"token_refreshed","actor_id":"73904179-cca9-40ab-a2c4-e509dadbbbbb","actor_username":"ajitkumarpes@gmail.com","actor_via_sso":false,"log_type":"token"}', '2026-01-17 13:36:52.151029+00', ''),
	('00000000-0000-0000-0000-000000000000', 'd545f5ea-ca34-4e9a-8a75-854824be4e51', '{"action":"token_refreshed","actor_id":"73904179-cca9-40ab-a2c4-e509dadbbbbb","actor_username":"ajitkumarpes@gmail.com","actor_via_sso":false,"log_type":"token"}', '2026-01-17 14:35:52.026765+00', ''),
	('00000000-0000-0000-0000-000000000000', 'eaa9094e-1581-4b25-892d-59d69201b27c', '{"action":"token_revoked","actor_id":"73904179-cca9-40ab-a2c4-e509dadbbbbb","actor_username":"ajitkumarpes@gmail.com","actor_via_sso":false,"log_type":"token"}', '2026-01-17 14:35:52.044577+00', ''),
	('00000000-0000-0000-0000-000000000000', '55bb2b39-3393-48bc-8320-79e3982bd22b', '{"action":"token_refreshed","actor_id":"d1e40c02-9978-46fd-875e-3989537af942","actor_username":"kbisht786@gmail.com","actor_via_sso":false,"log_type":"token"}', '2026-01-17 15:30:50.823187+00', ''),
	('00000000-0000-0000-0000-000000000000', '0636c7d4-b41d-461d-90c9-91fced60b72f', '{"action":"token_revoked","actor_id":"d1e40c02-9978-46fd-875e-3989537af942","actor_username":"kbisht786@gmail.com","actor_via_sso":false,"log_type":"token"}', '2026-01-17 15:30:50.836233+00', ''),
	('00000000-0000-0000-0000-000000000000', 'd88ccbe8-da7c-4c1d-829c-0937914810af', '{"action":"logout","actor_id":"d1e40c02-9978-46fd-875e-3989537af942","actor_username":"kbisht786@gmail.com","actor_via_sso":false,"log_type":"account"}', '2026-01-17 15:31:21.466615+00', ''),
	('00000000-0000-0000-0000-000000000000', 'd4796019-8112-4fde-8479-64f87f809283', '{"action":"user_recovery_requested","actor_id":"d1e40c02-9978-46fd-875e-3989537af942","actor_username":"kbisht786@gmail.com","actor_via_sso":false,"log_type":"user"}', '2026-01-17 15:31:27.519237+00', ''),
	('00000000-0000-0000-0000-000000000000', '53c07626-693c-4af5-8dc5-f20a625d5557', '{"action":"login","actor_id":"d1e40c02-9978-46fd-875e-3989537af942","actor_username":"kbisht786@gmail.com","actor_via_sso":false,"log_type":"account"}', '2026-01-17 15:31:47.595918+00', ''),
	('00000000-0000-0000-0000-000000000000', 'a8a09df9-cc75-4710-84d0-f27e801a185f', '{"action":"token_refreshed","actor_id":"73904179-cca9-40ab-a2c4-e509dadbbbbb","actor_username":"ajitkumarpes@gmail.com","actor_via_sso":false,"log_type":"token"}', '2026-01-17 15:34:22.73698+00', ''),
	('00000000-0000-0000-0000-000000000000', '870070ff-6ce0-4cef-953b-93410552106a', '{"action":"token_revoked","actor_id":"73904179-cca9-40ab-a2c4-e509dadbbbbb","actor_username":"ajitkumarpes@gmail.com","actor_via_sso":false,"log_type":"token"}', '2026-01-17 15:34:22.744322+00', ''),
	('00000000-0000-0000-0000-000000000000', '378cddeb-0b82-4d05-91b1-36c5ec4dfcb3', '{"action":"token_refreshed","actor_id":"73904179-cca9-40ab-a2c4-e509dadbbbbb","actor_username":"ajitkumarpes@gmail.com","actor_via_sso":false,"log_type":"token"}', '2026-01-17 16:33:51.90676+00', ''),
	('00000000-0000-0000-0000-000000000000', '341403e3-4cef-467d-a2f7-eeaa8dd0890b', '{"action":"token_revoked","actor_id":"73904179-cca9-40ab-a2c4-e509dadbbbbb","actor_username":"ajitkumarpes@gmail.com","actor_via_sso":false,"log_type":"token"}', '2026-01-17 16:33:51.92336+00', ''),
	('00000000-0000-0000-0000-000000000000', '66e8ef2b-fe74-46bf-b022-e633ea6f914e', '{"action":"token_refreshed","actor_id":"73904179-cca9-40ab-a2c4-e509dadbbbbb","actor_username":"ajitkumarpes@gmail.com","actor_via_sso":false,"log_type":"token"}', '2026-01-17 17:32:51.994618+00', ''),
	('00000000-0000-0000-0000-000000000000', '3270f07f-ca0b-41ec-9f07-b57e1ef08c6e', '{"action":"token_revoked","actor_id":"73904179-cca9-40ab-a2c4-e509dadbbbbb","actor_username":"ajitkumarpes@gmail.com","actor_via_sso":false,"log_type":"token"}', '2026-01-17 17:32:52.008699+00', ''),
	('00000000-0000-0000-0000-000000000000', 'e310dc85-2694-445e-9d2b-dd3e30fdfcf4', '{"action":"token_refreshed","actor_id":"d1e40c02-9978-46fd-875e-3989537af942","actor_username":"kbisht786@gmail.com","actor_via_sso":false,"log_type":"token"}', '2026-01-17 17:34:11.682215+00', ''),
	('00000000-0000-0000-0000-000000000000', '2c2e935a-92f0-4169-af3d-ea53858bbd20', '{"action":"token_revoked","actor_id":"d1e40c02-9978-46fd-875e-3989537af942","actor_username":"kbisht786@gmail.com","actor_via_sso":false,"log_type":"token"}', '2026-01-17 17:34:11.693316+00', ''),
	('00000000-0000-0000-0000-000000000000', '525fe6da-e679-47a1-9242-3b291b9272da', '{"action":"token_refreshed","actor_id":"73904179-cca9-40ab-a2c4-e509dadbbbbb","actor_username":"ajitkumarpes@gmail.com","actor_via_sso":false,"log_type":"token"}', '2026-01-17 18:31:34.083952+00', ''),
	('00000000-0000-0000-0000-000000000000', 'b4a01c1e-78c6-4316-bb6b-d1c51ebb4655', '{"action":"token_revoked","actor_id":"73904179-cca9-40ab-a2c4-e509dadbbbbb","actor_username":"ajitkumarpes@gmail.com","actor_via_sso":false,"log_type":"token"}', '2026-01-17 18:31:34.09983+00', ''),
	('00000000-0000-0000-0000-000000000000', 'a554bddc-edab-4081-99b4-81ec4e9d92bd', '{"action":"token_refreshed","actor_id":"73904179-cca9-40ab-a2c4-e509dadbbbbb","actor_username":"ajitkumarpes@gmail.com","actor_via_sso":false,"log_type":"token"}', '2026-01-17 19:30:52.560271+00', ''),
	('00000000-0000-0000-0000-000000000000', '02aed8d8-fb49-418e-b5c0-6ec6d3a5978e', '{"action":"token_revoked","actor_id":"73904179-cca9-40ab-a2c4-e509dadbbbbb","actor_username":"ajitkumarpes@gmail.com","actor_via_sso":false,"log_type":"token"}', '2026-01-17 19:30:52.575735+00', ''),
	('00000000-0000-0000-0000-000000000000', 'a1b2b333-740e-4811-b85e-6be01642d63d', '{"action":"token_refreshed","actor_id":"73904179-cca9-40ab-a2c4-e509dadbbbbb","actor_username":"ajitkumarpes@gmail.com","actor_via_sso":false,"log_type":"token"}', '2026-01-17 20:38:28.123861+00', ''),
	('00000000-0000-0000-0000-000000000000', 'e9da8521-9c98-4598-8c85-81d866606127', '{"action":"token_revoked","actor_id":"73904179-cca9-40ab-a2c4-e509dadbbbbb","actor_username":"ajitkumarpes@gmail.com","actor_via_sso":false,"log_type":"token"}', '2026-01-17 20:38:28.138682+00', ''),
	('00000000-0000-0000-0000-000000000000', '03df9906-5730-4ad9-afdf-632ef1e02775', '{"action":"token_refreshed","actor_id":"73904179-cca9-40ab-a2c4-e509dadbbbbb","actor_username":"ajitkumarpes@gmail.com","actor_via_sso":false,"log_type":"token"}', '2026-01-17 21:59:33.46946+00', ''),
	('00000000-0000-0000-0000-000000000000', 'a516f852-6e17-4008-ae89-68d736337bbf', '{"action":"token_revoked","actor_id":"73904179-cca9-40ab-a2c4-e509dadbbbbb","actor_username":"ajitkumarpes@gmail.com","actor_via_sso":false,"log_type":"token"}', '2026-01-17 21:59:33.484458+00', ''),
	('00000000-0000-0000-0000-000000000000', 'db8d0ab5-4186-44e2-a68e-51a8bbd34516', '{"action":"user_recovery_requested","actor_id":"d1e40c02-9978-46fd-875e-3989537af942","actor_username":"kbisht786@gmail.com","actor_via_sso":false,"log_type":"user"}', '2026-01-18 03:39:06.888834+00', ''),
	('00000000-0000-0000-0000-000000000000', '7cac0f8e-6cad-4ffe-b482-47db467cf52f', '{"action":"login","actor_id":"d1e40c02-9978-46fd-875e-3989537af942","actor_username":"kbisht786@gmail.com","actor_via_sso":false,"log_type":"account"}', '2026-01-18 03:40:06.429773+00', ''),
	('00000000-0000-0000-0000-000000000000', 'bf1fb772-14c5-42e5-8b0f-974609836ba1', '{"action":"user_recovery_requested","actor_id":"73904179-cca9-40ab-a2c4-e509dadbbbbb","actor_username":"ajitkumarpes@gmail.com","actor_via_sso":false,"log_type":"user"}', '2026-01-18 09:11:01.394+00', ''),
	('00000000-0000-0000-0000-000000000000', '3b7a0e3f-593f-4ab0-8df2-36e375a32bdb', '{"action":"user_recovery_requested","actor_id":"73904179-cca9-40ab-a2c4-e509dadbbbbb","actor_username":"ajitkumarpes@gmail.com","actor_via_sso":false,"log_type":"user"}', '2026-01-18 09:13:15.0304+00', ''),
	('00000000-0000-0000-0000-000000000000', '2cfcfd9e-8c27-4c49-8c7e-81d6b7f8a4dc', '{"action":"user_recovery_requested","actor_id":"73904179-cca9-40ab-a2c4-e509dadbbbbb","actor_username":"ajitkumarpes@gmail.com","actor_via_sso":false,"log_type":"user"}', '2026-01-18 09:19:18.133253+00', ''),
	('00000000-0000-0000-0000-000000000000', '1a9d608d-7865-46f8-9792-07c769a40025', '{"action":"login","actor_id":"73904179-cca9-40ab-a2c4-e509dadbbbbb","actor_username":"ajitkumarpes@gmail.com","actor_via_sso":false,"log_type":"account"}', '2026-01-18 09:19:41.919895+00', ''),
	('00000000-0000-0000-0000-000000000000', 'ebad06fd-4950-48e3-b388-644dd170cd9b', '{"action":"token_refreshed","actor_id":"73904179-cca9-40ab-a2c4-e509dadbbbbb","actor_username":"ajitkumarpes@gmail.com","actor_via_sso":false,"log_type":"token"}', '2026-01-18 10:18:31.114004+00', ''),
	('00000000-0000-0000-0000-000000000000', '862dcb2d-e386-409f-8aaa-0d12e7f70437', '{"action":"token_revoked","actor_id":"73904179-cca9-40ab-a2c4-e509dadbbbbb","actor_username":"ajitkumarpes@gmail.com","actor_via_sso":false,"log_type":"token"}', '2026-01-18 10:18:31.13396+00', ''),
	('00000000-0000-0000-0000-000000000000', '16577402-9b45-4504-abaa-78746d45ddc8', '{"action":"user_recovery_requested","actor_id":"73904179-cca9-40ab-a2c4-e509dadbbbbb","actor_username":"ajitkumarpes@gmail.com","actor_via_sso":false,"log_type":"user"}', '2026-01-18 10:42:30.559561+00', ''),
	('00000000-0000-0000-0000-000000000000', '85c2b02a-14be-4fba-a10f-5257649f9c2f', '{"action":"login","actor_id":"73904179-cca9-40ab-a2c4-e509dadbbbbb","actor_username":"ajitkumarpes@gmail.com","actor_via_sso":false,"log_type":"account"}', '2026-01-18 10:42:46.41286+00', ''),
	('00000000-0000-0000-0000-000000000000', '6e3894c2-077a-47b5-baed-9efdd0727f82', '{"action":"user_recovery_requested","actor_id":"73904179-cca9-40ab-a2c4-e509dadbbbbb","actor_username":"ajitkumarpes@gmail.com","actor_via_sso":false,"log_type":"user"}', '2026-01-18 10:51:46.928563+00', ''),
	('00000000-0000-0000-0000-000000000000', '77246480-588d-4646-a3bc-4c8c7c789e29', '{"action":"login","actor_id":"73904179-cca9-40ab-a2c4-e509dadbbbbb","actor_username":"ajitkumarpes@gmail.com","actor_via_sso":false,"log_type":"account"}', '2026-01-18 10:51:57.562591+00', ''),
	('00000000-0000-0000-0000-000000000000', '4ec1f3fa-122c-4da4-95dc-bbe5253b6d00', '{"action":"user_recovery_requested","actor_id":"73904179-cca9-40ab-a2c4-e509dadbbbbb","actor_username":"ajitkumarpes@gmail.com","actor_via_sso":false,"log_type":"user"}', '2026-01-18 11:19:42.873162+00', ''),
	('00000000-0000-0000-0000-000000000000', 'f7ff4c75-4882-4096-9c8b-fc4c639d95d4', '{"action":"login","actor_id":"73904179-cca9-40ab-a2c4-e509dadbbbbb","actor_username":"ajitkumarpes@gmail.com","actor_via_sso":false,"log_type":"account"}', '2026-01-18 11:19:53.574732+00', ''),
	('00000000-0000-0000-0000-000000000000', '2a3fb142-4df7-4193-826e-ac22676c8f1e', '{"action":"token_refreshed","actor_id":"73904179-cca9-40ab-a2c4-e509dadbbbbb","actor_username":"ajitkumarpes@gmail.com","actor_via_sso":false,"log_type":"token"}', '2026-01-18 11:20:04.614652+00', ''),
	('00000000-0000-0000-0000-000000000000', 'c63e9206-453b-4cb5-b3ab-383ae64e9601', '{"action":"token_revoked","actor_id":"73904179-cca9-40ab-a2c4-e509dadbbbbb","actor_username":"ajitkumarpes@gmail.com","actor_via_sso":false,"log_type":"token"}', '2026-01-18 11:20:04.617077+00', ''),
	('00000000-0000-0000-0000-000000000000', '45064035-add0-437d-92b7-c644a18cc9d7', '{"action":"user_recovery_requested","actor_id":"73904179-cca9-40ab-a2c4-e509dadbbbbb","actor_username":"ajitkumarpes@gmail.com","actor_via_sso":false,"log_type":"user"}', '2026-01-18 12:40:11.699374+00', ''),
	('00000000-0000-0000-0000-000000000000', '0c81aacc-d928-4b15-9fe5-99a7361a111c', '{"action":"login","actor_id":"73904179-cca9-40ab-a2c4-e509dadbbbbb","actor_username":"ajitkumarpes@gmail.com","actor_via_sso":false,"log_type":"account"}', '2026-01-18 12:40:28.404691+00', ''),
	('00000000-0000-0000-0000-000000000000', '5c5e4cca-217c-4898-8950-61c03fb790f4', '{"action":"token_refreshed","actor_id":"73904179-cca9-40ab-a2c4-e509dadbbbbb","actor_username":"ajitkumarpes@gmail.com","actor_via_sso":false,"log_type":"token"}', '2026-01-19 12:39:06.491336+00', ''),
	('00000000-0000-0000-0000-000000000000', 'd56d6e1b-54c0-4348-a831-e1c4272f1ad6', '{"action":"token_revoked","actor_id":"73904179-cca9-40ab-a2c4-e509dadbbbbb","actor_username":"ajitkumarpes@gmail.com","actor_via_sso":false,"log_type":"token"}', '2026-01-19 12:39:06.507003+00', ''),
	('00000000-0000-0000-0000-000000000000', '5a63057e-482a-4d8a-8e1e-72a9480a4dd0', '{"action":"user_recovery_requested","actor_id":"d1e40c02-9978-46fd-875e-3989537af942","actor_username":"kbisht786@gmail.com","actor_via_sso":false,"log_type":"user"}', '2026-01-19 12:43:25.313951+00', ''),
	('00000000-0000-0000-0000-000000000000', '0a483ba2-3290-40ca-bc83-de8782c6f053', '{"action":"login","actor_id":"d1e40c02-9978-46fd-875e-3989537af942","actor_username":"kbisht786@gmail.com","actor_via_sso":false,"log_type":"account"}', '2026-01-19 12:43:41.906265+00', ''),
	('00000000-0000-0000-0000-000000000000', '17c55cee-8162-49ac-a26b-311529eb9989', '{"action":"token_refreshed","actor_id":"73904179-cca9-40ab-a2c4-e509dadbbbbb","actor_username":"ajitkumarpes@gmail.com","actor_via_sso":false,"log_type":"token"}', '2026-01-20 12:55:59.398149+00', ''),
	('00000000-0000-0000-0000-000000000000', '684bb8a2-ee23-4711-ae05-699ab0c8f6eb', '{"action":"token_revoked","actor_id":"73904179-cca9-40ab-a2c4-e509dadbbbbb","actor_username":"ajitkumarpes@gmail.com","actor_via_sso":false,"log_type":"token"}', '2026-01-20 12:55:59.416705+00', ''),
	('00000000-0000-0000-0000-000000000000', 'fd93664e-8b83-47a7-9d93-cf3cbc0ddc80', '{"action":"user_recovery_requested","actor_id":"d1e40c02-9978-46fd-875e-3989537af942","actor_username":"kbisht786@gmail.com","actor_via_sso":false,"log_type":"user"}', '2026-01-20 16:24:27.444104+00', ''),
	('00000000-0000-0000-0000-000000000000', '6e4e18f5-a365-43db-b093-a0cf46403bd1', '{"action":"login","actor_id":"d1e40c02-9978-46fd-875e-3989537af942","actor_username":"kbisht786@gmail.com","actor_via_sso":false,"log_type":"account"}', '2026-01-20 16:24:59.964391+00', ''),
	('00000000-0000-0000-0000-000000000000', '494e323e-94d6-42eb-8883-050bf399f46b', '{"action":"token_refreshed","actor_id":"73904179-cca9-40ab-a2c4-e509dadbbbbb","actor_username":"ajitkumarpes@gmail.com","actor_via_sso":false,"log_type":"token"}', '2026-01-21 05:41:27.703549+00', ''),
	('00000000-0000-0000-0000-000000000000', 'd5d382a3-43ed-4f33-aa25-d0a14180fdb5', '{"action":"token_revoked","actor_id":"73904179-cca9-40ab-a2c4-e509dadbbbbb","actor_username":"ajitkumarpes@gmail.com","actor_via_sso":false,"log_type":"token"}', '2026-01-21 05:41:27.727183+00', ''),
	('00000000-0000-0000-0000-000000000000', 'cf66c62e-e743-435e-ae37-1e466e2e9985', '{"action":"token_refreshed","actor_id":"73904179-cca9-40ab-a2c4-e509dadbbbbb","actor_username":"ajitkumarpes@gmail.com","actor_via_sso":false,"log_type":"token"}', '2026-01-21 12:59:35.052018+00', ''),
	('00000000-0000-0000-0000-000000000000', 'c68f1f1f-2dd4-4fe5-a951-ccb8ddf07021', '{"action":"token_revoked","actor_id":"73904179-cca9-40ab-a2c4-e509dadbbbbb","actor_username":"ajitkumarpes@gmail.com","actor_via_sso":false,"log_type":"token"}', '2026-01-21 12:59:35.071121+00', ''),
	('00000000-0000-0000-0000-000000000000', '03b83784-a80e-4671-ad8f-9248bd0b2c29', '{"action":"token_refreshed","actor_id":"73904179-cca9-40ab-a2c4-e509dadbbbbb","actor_username":"ajitkumarpes@gmail.com","actor_via_sso":false,"log_type":"token"}', '2026-01-22 12:59:29.027286+00', ''),
	('00000000-0000-0000-0000-000000000000', 'c454339c-8ab9-4ae6-84ac-3895a126feaf', '{"action":"token_revoked","actor_id":"73904179-cca9-40ab-a2c4-e509dadbbbbb","actor_username":"ajitkumarpes@gmail.com","actor_via_sso":false,"log_type":"token"}', '2026-01-22 12:59:29.04828+00', ''),
	('00000000-0000-0000-0000-000000000000', '1b2d3a4c-8aea-403f-9a32-5336e0ababfa', '{"action":"token_refreshed","actor_id":"73904179-cca9-40ab-a2c4-e509dadbbbbb","actor_username":"ajitkumarpes@gmail.com","actor_via_sso":false,"log_type":"token"}', '2026-01-22 14:01:32.288723+00', ''),
	('00000000-0000-0000-0000-000000000000', '92435996-7aa5-4788-9ad7-9c878915925d', '{"action":"token_revoked","actor_id":"73904179-cca9-40ab-a2c4-e509dadbbbbb","actor_username":"ajitkumarpes@gmail.com","actor_via_sso":false,"log_type":"token"}', '2026-01-22 14:01:32.301545+00', ''),
	('00000000-0000-0000-0000-000000000000', '5d686e84-460c-470a-96a0-25694c5e39af', '{"action":"user_recovery_requested","actor_id":"73904179-cca9-40ab-a2c4-e509dadbbbbb","actor_username":"ajitkumarpes@gmail.com","actor_via_sso":false,"log_type":"user"}', '2026-01-22 14:20:45.585038+00', ''),
	('00000000-0000-0000-0000-000000000000', 'dd7a60a9-2b0d-41c1-898f-83689bf89015', '{"action":"login","actor_id":"73904179-cca9-40ab-a2c4-e509dadbbbbb","actor_username":"ajitkumarpes@gmail.com","actor_via_sso":false,"log_type":"account"}', '2026-01-22 14:23:43.56553+00', ''),
	('00000000-0000-0000-0000-000000000000', 'ddd88e46-e0eb-4b8f-abce-cb9053ad6e24', '{"action":"user_recovery_requested","actor_id":"73904179-cca9-40ab-a2c4-e509dadbbbbb","actor_username":"ajitkumarpes@gmail.com","actor_via_sso":false,"log_type":"user"}', '2026-01-22 14:24:10.570942+00', ''),
	('00000000-0000-0000-0000-000000000000', '245e1360-0d64-45ae-94db-a66acba746c1', '{"action":"login","actor_id":"73904179-cca9-40ab-a2c4-e509dadbbbbb","actor_username":"ajitkumarpes@gmail.com","actor_via_sso":false,"log_type":"account"}', '2026-01-22 14:24:36.619034+00', ''),
	('00000000-0000-0000-0000-000000000000', '04e22009-d9a4-45a6-8b6e-9930dbc05b01', '{"action":"token_refreshed","actor_id":"d1e40c02-9978-46fd-875e-3989537af942","actor_username":"kbisht786@gmail.com","actor_via_sso":false,"log_type":"token"}', '2026-01-22 18:04:04.731361+00', ''),
	('00000000-0000-0000-0000-000000000000', 'e421544a-d2ac-4193-ac3e-84765d1cec39', '{"action":"token_revoked","actor_id":"d1e40c02-9978-46fd-875e-3989537af942","actor_username":"kbisht786@gmail.com","actor_via_sso":false,"log_type":"token"}', '2026-01-22 18:04:04.745024+00', ''),
	('00000000-0000-0000-0000-000000000000', '8ac6e825-fbb7-4c5d-a6b0-cb377b576e28', '{"action":"token_refreshed","actor_id":"d1e40c02-9978-46fd-875e-3989537af942","actor_username":"kbisht786@gmail.com","actor_via_sso":false,"log_type":"token"}', '2026-01-23 06:28:48.556345+00', ''),
	('00000000-0000-0000-0000-000000000000', '1a7e8b27-0147-4d01-a09a-68858993e4d3', '{"action":"token_revoked","actor_id":"d1e40c02-9978-46fd-875e-3989537af942","actor_username":"kbisht786@gmail.com","actor_via_sso":false,"log_type":"token"}', '2026-01-23 06:28:48.56701+00', ''),
	('00000000-0000-0000-0000-000000000000', '6dfa310a-a4b8-47f2-90c5-1462f4226d1d', '{"action":"user_recovery_requested","actor_id":"d1e40c02-9978-46fd-875e-3989537af942","actor_username":"kbisht786@gmail.com","actor_via_sso":false,"log_type":"user"}', '2026-01-23 08:13:56.313774+00', ''),
	('00000000-0000-0000-0000-000000000000', 'b875a55f-212c-4887-a707-31028fbb3622', '{"action":"login","actor_id":"d1e40c02-9978-46fd-875e-3989537af942","actor_username":"kbisht786@gmail.com","actor_via_sso":false,"log_type":"account"}', '2026-01-23 08:14:06.090385+00', ''),
	('00000000-0000-0000-0000-000000000000', 'e46f2e77-e582-46bb-9c93-9c53832e9126', '{"action":"user_recovery_requested","actor_id":"d1e40c02-9978-46fd-875e-3989537af942","actor_username":"kbisht786@gmail.com","actor_via_sso":false,"log_type":"user"}', '2026-01-23 10:40:03.157934+00', ''),
	('00000000-0000-0000-0000-000000000000', 'cbdc4d2c-e5cc-44ee-a737-c082aa2bb453', '{"action":"login","actor_id":"d1e40c02-9978-46fd-875e-3989537af942","actor_username":"kbisht786@gmail.com","actor_via_sso":false,"log_type":"account"}', '2026-01-23 10:40:42.347568+00', ''),
	('00000000-0000-0000-0000-000000000000', '84e69a53-0c13-4799-9981-47e896543fce', '{"action":"token_refreshed","actor_id":"73904179-cca9-40ab-a2c4-e509dadbbbbb","actor_username":"ajitkumarpes@gmail.com","actor_via_sso":false,"log_type":"token"}', '2026-01-23 13:09:07.729991+00', ''),
	('00000000-0000-0000-0000-000000000000', 'ea70d212-cdb2-45ac-b641-b4460efc6604', '{"action":"token_revoked","actor_id":"73904179-cca9-40ab-a2c4-e509dadbbbbb","actor_username":"ajitkumarpes@gmail.com","actor_via_sso":false,"log_type":"token"}', '2026-01-23 13:09:07.751398+00', ''),
	('00000000-0000-0000-0000-000000000000', '4a36fd98-be4f-46e7-9456-97f4c02291bf', '{"action":"token_refreshed","actor_id":"73904179-cca9-40ab-a2c4-e509dadbbbbb","actor_username":"ajitkumarpes@gmail.com","actor_via_sso":false,"log_type":"token"}', '2026-01-23 14:25:25.117792+00', ''),
	('00000000-0000-0000-0000-000000000000', 'fa84b617-0e9a-4730-8446-bad5e35497b6', '{"action":"token_revoked","actor_id":"73904179-cca9-40ab-a2c4-e509dadbbbbb","actor_username":"ajitkumarpes@gmail.com","actor_via_sso":false,"log_type":"token"}', '2026-01-23 14:25:25.135198+00', ''),
	('00000000-0000-0000-0000-000000000000', '36aadeaf-815f-4ce3-bd6b-19e5d308a3f7', '{"action":"user_recovery_requested","actor_id":"73904179-cca9-40ab-a2c4-e509dadbbbbb","actor_username":"ajitkumarpes@gmail.com","actor_via_sso":false,"log_type":"user"}', '2026-01-23 19:16:58.281231+00', ''),
	('00000000-0000-0000-0000-000000000000', 'fb9be6eb-1a22-454b-a9b2-76905e9b12d1', '{"action":"login","actor_id":"73904179-cca9-40ab-a2c4-e509dadbbbbb","actor_username":"ajitkumarpes@gmail.com","actor_via_sso":false,"log_type":"account"}', '2026-01-23 19:17:18.894276+00', ''),
	('00000000-0000-0000-0000-000000000000', 'ab125dbb-206a-49bc-bb58-0c4b2ca7038b', '{"action":"token_refreshed","actor_id":"d1e40c02-9978-46fd-875e-3989537af942","actor_username":"kbisht786@gmail.com","actor_via_sso":false,"log_type":"token"}', '2026-01-24 11:10:56.931727+00', ''),
	('00000000-0000-0000-0000-000000000000', '2aa6fe1e-4ab8-496e-bdb0-d2991995697c', '{"action":"token_revoked","actor_id":"d1e40c02-9978-46fd-875e-3989537af942","actor_username":"kbisht786@gmail.com","actor_via_sso":false,"log_type":"token"}', '2026-01-24 11:10:56.946937+00', ''),
	('00000000-0000-0000-0000-000000000000', '81d19d1e-d158-43cc-9366-84274c652cb7', '{"action":"user_recovery_requested","actor_id":"73904179-cca9-40ab-a2c4-e509dadbbbbb","actor_username":"ajitkumarpes@gmail.com","actor_via_sso":false,"log_type":"user"}', '2026-01-24 18:06:06.230223+00', ''),
	('00000000-0000-0000-0000-000000000000', '8b772b89-e7cc-43ad-87ac-7a2af7468323', '{"action":"login","actor_id":"73904179-cca9-40ab-a2c4-e509dadbbbbb","actor_username":"ajitkumarpes@gmail.com","actor_via_sso":false,"log_type":"account"}', '2026-01-24 18:06:18.321294+00', ''),
	('00000000-0000-0000-0000-000000000000', '0fd1936d-8d33-47c5-9c5f-c7861abd84bf', '{"action":"user_recovery_requested","actor_id":"d1e40c02-9978-46fd-875e-3989537af942","actor_username":"kbisht786@gmail.com","actor_via_sso":false,"log_type":"user"}', '2026-01-24 18:15:10.855038+00', ''),
	('00000000-0000-0000-0000-000000000000', '239fe9ec-7227-4a77-beb8-541cea1f3b29', '{"action":"user_recovery_requested","actor_id":"73904179-cca9-40ab-a2c4-e509dadbbbbb","actor_username":"ajitkumarpes@gmail.com","actor_via_sso":false,"log_type":"user"}', '2026-01-25 17:55:56.803585+00', ''),
	('00000000-0000-0000-0000-000000000000', 'cd7c2eda-c394-4a88-ae25-7f922b76eb8d', '{"action":"login","actor_id":"73904179-cca9-40ab-a2c4-e509dadbbbbb","actor_username":"ajitkumarpes@gmail.com","actor_via_sso":false,"log_type":"account"}', '2026-01-25 17:56:12.494334+00', ''),
	('00000000-0000-0000-0000-000000000000', '5430568f-1798-4b91-88c2-087e1597e811', '{"action":"token_refreshed","actor_id":"73904179-cca9-40ab-a2c4-e509dadbbbbb","actor_username":"ajitkumarpes@gmail.com","actor_via_sso":false,"log_type":"token"}', '2026-01-25 17:57:01.032859+00', ''),
	('00000000-0000-0000-0000-000000000000', '1e6cdcf6-e9c7-4ebd-8c02-b64e86ae91aa', '{"action":"token_revoked","actor_id":"73904179-cca9-40ab-a2c4-e509dadbbbbb","actor_username":"ajitkumarpes@gmail.com","actor_via_sso":false,"log_type":"token"}', '2026-01-25 17:57:01.03775+00', ''),
	('00000000-0000-0000-0000-000000000000', '3859dd41-f786-4e4f-b7b1-46f5eb4fe180', '{"action":"user_recovery_requested","actor_id":"73904179-cca9-40ab-a2c4-e509dadbbbbb","actor_username":"ajitkumarpes@gmail.com","actor_via_sso":false,"log_type":"user"}', '2026-01-25 18:04:16.66895+00', ''),
	('00000000-0000-0000-0000-000000000000', '14e6a520-042d-46dc-8602-b4ad06130cc3', '{"action":"login","actor_id":"73904179-cca9-40ab-a2c4-e509dadbbbbb","actor_username":"ajitkumarpes@gmail.com","actor_via_sso":false,"log_type":"account"}', '2026-01-25 18:06:04.844756+00', ''),
	('00000000-0000-0000-0000-000000000000', '4c6d84c0-53f9-4d9f-8490-41d7fd32195a', '{"action":"user_recovery_requested","actor_id":"73904179-cca9-40ab-a2c4-e509dadbbbbb","actor_username":"ajitkumarpes@gmail.com","actor_via_sso":false,"log_type":"user"}', '2026-01-25 18:32:59.628504+00', ''),
	('00000000-0000-0000-0000-000000000000', 'c769796a-0940-4691-9f72-29e714f69061', '{"action":"login","actor_id":"73904179-cca9-40ab-a2c4-e509dadbbbbb","actor_username":"ajitkumarpes@gmail.com","actor_via_sso":false,"log_type":"account"}', '2026-01-25 18:33:14.108134+00', ''),
	('00000000-0000-0000-0000-000000000000', '272314c9-ca3a-4a20-bcf0-4ac5821349d4', '{"action":"token_refreshed","actor_id":"73904179-cca9-40ab-a2c4-e509dadbbbbb","actor_username":"ajitkumarpes@gmail.com","actor_via_sso":false,"log_type":"token"}', '2026-01-25 19:25:50.188463+00', ''),
	('00000000-0000-0000-0000-000000000000', 'db2bf678-8b65-436f-905d-d4e6ef32572f', '{"action":"token_revoked","actor_id":"73904179-cca9-40ab-a2c4-e509dadbbbbb","actor_username":"ajitkumarpes@gmail.com","actor_via_sso":false,"log_type":"token"}', '2026-01-25 19:25:50.208112+00', ''),
	('00000000-0000-0000-0000-000000000000', 'cfc0c869-bffa-4e5c-afdb-2c23be1c2124', '{"action":"token_refreshed","actor_id":"73904179-cca9-40ab-a2c4-e509dadbbbbb","actor_username":"ajitkumarpes@gmail.com","actor_via_sso":false,"log_type":"token"}', '2026-01-26 19:32:13.329842+00', ''),
	('00000000-0000-0000-0000-000000000000', '26310453-d23f-48b0-9a05-f1820bafe7bb', '{"action":"token_revoked","actor_id":"73904179-cca9-40ab-a2c4-e509dadbbbbb","actor_username":"ajitkumarpes@gmail.com","actor_via_sso":false,"log_type":"token"}', '2026-01-26 19:32:13.34918+00', ''),
	('00000000-0000-0000-0000-000000000000', 'e9ceb9f5-efe7-4130-aba0-f58b1e76fe08', '{"action":"user_recovery_requested","actor_id":"d1e40c02-9978-46fd-875e-3989537af942","actor_username":"kbisht786@gmail.com","actor_via_sso":false,"log_type":"user"}', '2026-01-27 17:14:45.292418+00', ''),
	('00000000-0000-0000-0000-000000000000', 'c362d0f5-bd00-473a-92f6-1c2d5192324e', '{"action":"login","actor_id":"d1e40c02-9978-46fd-875e-3989537af942","actor_username":"kbisht786@gmail.com","actor_via_sso":false,"log_type":"account"}', '2026-01-27 17:15:05.619384+00', ''),
	('00000000-0000-0000-0000-000000000000', 'd2108860-bacd-463e-8839-62c7db0f08e8', '{"action":"token_refreshed","actor_id":"73904179-cca9-40ab-a2c4-e509dadbbbbb","actor_username":"ajitkumarpes@gmail.com","actor_via_sso":false,"log_type":"token"}', '2026-01-27 19:41:24.089434+00', ''),
	('00000000-0000-0000-0000-000000000000', 'afd12ede-96e4-4843-b401-50bd771cb982', '{"action":"token_revoked","actor_id":"73904179-cca9-40ab-a2c4-e509dadbbbbb","actor_username":"ajitkumarpes@gmail.com","actor_via_sso":false,"log_type":"token"}', '2026-01-27 19:41:24.111256+00', ''),
	('00000000-0000-0000-0000-000000000000', '81395914-4bc0-4528-9b35-b448e2606e1a', '{"action":"token_refreshed","actor_id":"73904179-cca9-40ab-a2c4-e509dadbbbbb","actor_username":"ajitkumarpes@gmail.com","actor_via_sso":false,"log_type":"token"}', '2026-01-28 02:39:30.115783+00', ''),
	('00000000-0000-0000-0000-000000000000', '9fa1a29f-ccb6-4c24-ba5f-99f067be06ab', '{"action":"token_revoked","actor_id":"73904179-cca9-40ab-a2c4-e509dadbbbbb","actor_username":"ajitkumarpes@gmail.com","actor_via_sso":false,"log_type":"token"}', '2026-01-28 02:39:30.136077+00', ''),
	('00000000-0000-0000-0000-000000000000', '5385792c-86ff-454a-bd92-259449367969', '{"action":"token_refreshed","actor_id":"73904179-cca9-40ab-a2c4-e509dadbbbbb","actor_username":"ajitkumarpes@gmail.com","actor_via_sso":false,"log_type":"token"}', '2026-01-30 11:09:44.760397+00', ''),
	('00000000-0000-0000-0000-000000000000', 'e6e26955-27d1-48d4-919c-b99860c921d2', '{"action":"token_revoked","actor_id":"73904179-cca9-40ab-a2c4-e509dadbbbbb","actor_username":"ajitkumarpes@gmail.com","actor_via_sso":false,"log_type":"token"}', '2026-01-30 11:09:44.778944+00', ''),
	('00000000-0000-0000-0000-000000000000', '02c21043-2f2a-4cb9-bd77-c57da07bc187', '{"action":"token_refreshed","actor_id":"73904179-cca9-40ab-a2c4-e509dadbbbbb","actor_username":"ajitkumarpes@gmail.com","actor_via_sso":false,"log_type":"token"}', '2026-01-30 12:10:09.206673+00', ''),
	('00000000-0000-0000-0000-000000000000', '518a815e-b886-4db4-b5d1-e7b75191c7c7', '{"action":"token_revoked","actor_id":"73904179-cca9-40ab-a2c4-e509dadbbbbb","actor_username":"ajitkumarpes@gmail.com","actor_via_sso":false,"log_type":"token"}', '2026-01-30 12:10:09.22065+00', ''),
	('00000000-0000-0000-0000-000000000000', '81939745-8d84-42cd-a027-81b4b0887d02', '{"action":"token_refreshed","actor_id":"73904179-cca9-40ab-a2c4-e509dadbbbbb","actor_username":"ajitkumarpes@gmail.com","actor_via_sso":false,"log_type":"token"}', '2026-01-31 12:18:41.115395+00', ''),
	('00000000-0000-0000-0000-000000000000', '471aad2f-873e-4501-82ca-c9dc1e99f819', '{"action":"token_revoked","actor_id":"73904179-cca9-40ab-a2c4-e509dadbbbbb","actor_username":"ajitkumarpes@gmail.com","actor_via_sso":false,"log_type":"token"}', '2026-01-31 12:18:41.13151+00', ''),
	('00000000-0000-0000-0000-000000000000', 'db3d4860-64d5-43e6-bc77-4d342dbb6689', '{"action":"token_refreshed","actor_id":"73904179-cca9-40ab-a2c4-e509dadbbbbb","actor_username":"ajitkumarpes@gmail.com","actor_via_sso":false,"log_type":"token"}', '2026-02-01 13:46:49.503998+00', ''),
	('00000000-0000-0000-0000-000000000000', '5a45479e-4943-4cbf-9428-59b1174ee263', '{"action":"token_revoked","actor_id":"73904179-cca9-40ab-a2c4-e509dadbbbbb","actor_username":"ajitkumarpes@gmail.com","actor_via_sso":false,"log_type":"token"}', '2026-02-01 13:46:49.522498+00', ''),
	('00000000-0000-0000-0000-000000000000', '074b0239-c2e5-4551-8954-a8f2ecdf7c7a', '{"action":"token_refreshed","actor_id":"73904179-cca9-40ab-a2c4-e509dadbbbbb","actor_username":"ajitkumarpes@gmail.com","actor_via_sso":false,"log_type":"token"}', '2026-02-02 15:02:32.920182+00', ''),
	('00000000-0000-0000-0000-000000000000', 'b5a61646-65d1-4b8f-8031-4c03f43c9a88', '{"action":"token_revoked","actor_id":"73904179-cca9-40ab-a2c4-e509dadbbbbb","actor_username":"ajitkumarpes@gmail.com","actor_via_sso":false,"log_type":"token"}', '2026-02-02 15:02:32.937979+00', ''),
	('00000000-0000-0000-0000-000000000000', '4e25af0a-6f13-46b0-ad33-dccce2ab9de9', '{"action":"token_refreshed","actor_id":"73904179-cca9-40ab-a2c4-e509dadbbbbb","actor_username":"ajitkumarpes@gmail.com","actor_via_sso":false,"log_type":"token"}', '2026-02-03 15:16:55.868597+00', ''),
	('00000000-0000-0000-0000-000000000000', 'd31c7109-bccc-4314-8bcd-cc74b48d8bc0', '{"action":"token_revoked","actor_id":"73904179-cca9-40ab-a2c4-e509dadbbbbb","actor_username":"ajitkumarpes@gmail.com","actor_via_sso":false,"log_type":"token"}', '2026-02-03 15:16:55.884166+00', ''),
	('00000000-0000-0000-0000-000000000000', 'e73b7a83-4f4f-42bc-a3b4-5f8ae2c35bf4', '{"action":"token_refreshed","actor_id":"73904179-cca9-40ab-a2c4-e509dadbbbbb","actor_username":"ajitkumarpes@gmail.com","actor_via_sso":false,"log_type":"token"}', '2026-02-04 15:22:23.085144+00', ''),
	('00000000-0000-0000-0000-000000000000', 'd639c19d-dd49-4ecf-a252-b6c5d60d6523', '{"action":"token_revoked","actor_id":"73904179-cca9-40ab-a2c4-e509dadbbbbb","actor_username":"ajitkumarpes@gmail.com","actor_via_sso":false,"log_type":"token"}', '2026-02-04 15:22:23.103266+00', ''),
	('00000000-0000-0000-0000-000000000000', '7e51f140-cc30-4bb2-82a1-54bc02041793', '{"action":"token_refreshed","actor_id":"73904179-cca9-40ab-a2c4-e509dadbbbbb","actor_username":"ajitkumarpes@gmail.com","actor_via_sso":false,"log_type":"token"}', '2026-02-04 16:37:59.931705+00', ''),
	('00000000-0000-0000-0000-000000000000', '8c6cbde5-c7ef-422b-b43c-4ec8693160cc', '{"action":"token_revoked","actor_id":"73904179-cca9-40ab-a2c4-e509dadbbbbb","actor_username":"ajitkumarpes@gmail.com","actor_via_sso":false,"log_type":"token"}', '2026-02-04 16:37:59.951277+00', ''),
	('00000000-0000-0000-0000-000000000000', '6b04bc4e-8cd9-4f8b-a9c3-64e63d5103e8', '{"action":"user_recovery_requested","actor_id":"73904179-cca9-40ab-a2c4-e509dadbbbbb","actor_username":"ajitkumarpes@gmail.com","actor_via_sso":false,"log_type":"user"}', '2026-02-04 19:37:46.771143+00', ''),
	('00000000-0000-0000-0000-000000000000', 'a0b6d86a-34bb-4dfb-9ade-b511a3baef42', '{"action":"login","actor_id":"73904179-cca9-40ab-a2c4-e509dadbbbbb","actor_username":"ajitkumarpes@gmail.com","actor_via_sso":false,"log_type":"account"}', '2026-02-04 19:38:00.139864+00', ''),
	('00000000-0000-0000-0000-000000000000', 'e1705bcd-8bf7-4301-927b-6ff6383b11f7', '{"action":"user_confirmation_requested","actor_id":"3ac51a25-ecb5-429c-b288-5db5275a9bbc","actor_username":"ajit@hotel.com","actor_via_sso":false,"log_type":"user","traits":{"provider":"email"}}', '2026-02-04 20:52:14.594218+00', ''),
	('00000000-0000-0000-0000-000000000000', 'f354dab7-cea9-4b20-9b5f-8c271761af45', '{"action":"user_recovery_requested","actor_id":"73904179-cca9-40ab-a2c4-e509dadbbbbb","actor_username":"ajitkumarpes@gmail.com","actor_via_sso":false,"log_type":"user"}', '2026-02-04 20:52:54.613884+00', ''),
	('00000000-0000-0000-0000-000000000000', '1d9cbf03-d17b-48d8-a07c-5c606d4665b7', '{"action":"token_refreshed","actor_id":"d1e40c02-9978-46fd-875e-3989537af942","actor_username":"kbisht786@gmail.com","actor_via_sso":false,"log_type":"token"}', '2026-02-06 12:23:51.693641+00', ''),
	('00000000-0000-0000-0000-000000000000', '8d9c4032-c96d-43a2-88fe-9f1a74e809e6', '{"action":"token_revoked","actor_id":"d1e40c02-9978-46fd-875e-3989537af942","actor_username":"kbisht786@gmail.com","actor_via_sso":false,"log_type":"token"}', '2026-02-06 12:23:51.710114+00', ''),
	('00000000-0000-0000-0000-000000000000', '5283eeaa-c595-4777-a284-7329661841b0', '{"action":"logout","actor_id":"d1e40c02-9978-46fd-875e-3989537af942","actor_username":"kbisht786@gmail.com","actor_via_sso":false,"log_type":"account"}', '2026-02-06 12:24:00.172135+00', ''),
	('00000000-0000-0000-0000-000000000000', 'ff7ba161-844d-443f-ad3b-c9bceeab6bb7', '{"action":"user_recovery_requested","actor_id":"d1e40c02-9978-46fd-875e-3989537af942","actor_username":"kbisht786@gmail.com","actor_via_sso":false,"log_type":"user"}', '2026-02-06 12:24:26.821096+00', ''),
	('00000000-0000-0000-0000-000000000000', 'a2a66077-595d-4845-aac5-579770e251f6', '{"action":"login","actor_id":"d1e40c02-9978-46fd-875e-3989537af942","actor_username":"kbisht786@gmail.com","actor_via_sso":false,"log_type":"account"}', '2026-02-06 12:25:01.958595+00', ''),
	('00000000-0000-0000-0000-000000000000', 'c514def6-22c6-4c73-a728-2741828a2382', '{"action":"token_refreshed","actor_id":"73904179-cca9-40ab-a2c4-e509dadbbbbb","actor_username":"ajitkumarpes@gmail.com","actor_via_sso":false,"log_type":"token"}', '2026-02-09 12:24:38.540625+00', ''),
	('00000000-0000-0000-0000-000000000000', '65ff5eed-7c26-450f-9529-03f1873a0560', '{"action":"token_revoked","actor_id":"73904179-cca9-40ab-a2c4-e509dadbbbbb","actor_username":"ajitkumarpes@gmail.com","actor_via_sso":false,"log_type":"token"}', '2026-02-09 12:24:38.567119+00', ''),
	('00000000-0000-0000-0000-000000000000', '6ecc45b5-844d-4f19-917f-e1eed28de488', '{"action":"logout","actor_id":"73904179-cca9-40ab-a2c4-e509dadbbbbb","actor_username":"ajitkumarpes@gmail.com","actor_via_sso":false,"log_type":"account"}', '2026-02-09 17:42:38.895942+00', ''),
	('00000000-0000-0000-0000-000000000000', 'f8c709bd-f317-443c-a475-e93f46aca082', '{"action":"user_recovery_requested","actor_id":"73904179-cca9-40ab-a2c4-e509dadbbbbb","actor_username":"ajitkumarpes@gmail.com","actor_via_sso":false,"log_type":"user"}', '2026-02-09 18:25:41.522132+00', ''),
	('00000000-0000-0000-0000-000000000000', 'd916df70-a62a-4858-8a28-a9cf43d27128', '{"action":"login","actor_id":"73904179-cca9-40ab-a2c4-e509dadbbbbb","actor_username":"ajitkumarpes@gmail.com","actor_via_sso":false,"log_type":"account"}', '2026-02-09 18:26:06.893653+00', ''),
	('00000000-0000-0000-0000-000000000000', '8762c66b-dbdc-49f1-914b-db2c16db41f7', '{"action":"user_recovery_requested","actor_id":"73904179-cca9-40ab-a2c4-e509dadbbbbb","actor_username":"ajitkumarpes@gmail.com","actor_via_sso":false,"log_type":"user"}', '2026-02-09 19:26:31.357576+00', ''),
	('00000000-0000-0000-0000-000000000000', '8e272ecb-7fcb-4d41-a8b4-25877660c8b3', '{"action":"login","actor_id":"73904179-cca9-40ab-a2c4-e509dadbbbbb","actor_username":"ajitkumarpes@gmail.com","actor_via_sso":false,"log_type":"account"}', '2026-02-09 19:27:03.497123+00', ''),
	('00000000-0000-0000-0000-000000000000', 'd05aee42-ebd1-4917-8c42-60185aa42adf', '{"action":"token_refreshed","actor_id":"73904179-cca9-40ab-a2c4-e509dadbbbbb","actor_username":"ajitkumarpes@gmail.com","actor_via_sso":false,"log_type":"token"}', '2026-02-10 19:29:53.733718+00', ''),
	('00000000-0000-0000-0000-000000000000', '53449402-25da-4ce7-aead-5cabdbfbb541', '{"action":"token_revoked","actor_id":"73904179-cca9-40ab-a2c4-e509dadbbbbb","actor_username":"ajitkumarpes@gmail.com","actor_via_sso":false,"log_type":"token"}', '2026-02-10 19:29:53.744595+00', ''),
	('00000000-0000-0000-0000-000000000000', '799aab7d-e997-4489-8c51-48126feef2fe', '{"action":"user_recovery_requested","actor_id":"73904179-cca9-40ab-a2c4-e509dadbbbbb","actor_username":"ajitkumarpes@gmail.com","actor_via_sso":false,"log_type":"user"}', '2026-02-11 18:49:34.563654+00', ''),
	('00000000-0000-0000-0000-000000000000', 'bd0033ad-46fd-48e5-8926-3db5d43a9ca8', '{"action":"login","actor_id":"73904179-cca9-40ab-a2c4-e509dadbbbbb","actor_username":"ajitkumarpes@gmail.com","actor_via_sso":false,"log_type":"account"}', '2026-02-11 18:49:45.947038+00', ''),
	('00000000-0000-0000-0000-000000000000', '3457a2e1-aa40-4795-ae72-a227c8bd4669', '{"action":"token_refreshed","actor_id":"73904179-cca9-40ab-a2c4-e509dadbbbbb","actor_username":"ajitkumarpes@gmail.com","actor_via_sso":false,"log_type":"token"}', '2026-02-11 19:58:08.760306+00', ''),
	('00000000-0000-0000-0000-000000000000', 'd887d8cd-0bb3-41b8-ab66-c51959581bec', '{"action":"token_revoked","actor_id":"73904179-cca9-40ab-a2c4-e509dadbbbbb","actor_username":"ajitkumarpes@gmail.com","actor_via_sso":false,"log_type":"token"}', '2026-02-11 19:58:08.779015+00', ''),
	('00000000-0000-0000-0000-000000000000', '0c4fd867-5c12-43db-85fd-205cebb5dc6d', '{"action":"token_refreshed","actor_id":"73904179-cca9-40ab-a2c4-e509dadbbbbb","actor_username":"ajitkumarpes@gmail.com","actor_via_sso":false,"log_type":"token"}', '2026-02-13 09:46:12.953268+00', ''),
	('00000000-0000-0000-0000-000000000000', '7c961468-28fd-43e3-a591-7d8b6c9b0276', '{"action":"token_revoked","actor_id":"73904179-cca9-40ab-a2c4-e509dadbbbbb","actor_username":"ajitkumarpes@gmail.com","actor_via_sso":false,"log_type":"token"}', '2026-02-13 09:46:12.970664+00', ''),
	('00000000-0000-0000-0000-000000000000', '46934e6c-8f12-4f6b-8a86-ed2e03047d8a', '{"action":"token_refreshed","actor_id":"73904179-cca9-40ab-a2c4-e509dadbbbbb","actor_username":"ajitkumarpes@gmail.com","actor_via_sso":false,"log_type":"token"}', '2026-02-13 09:50:47.243564+00', ''),
	('00000000-0000-0000-0000-000000000000', 'a60ba94b-f777-414c-a137-f0ee70b44e2a', '{"action":"token_revoked","actor_id":"73904179-cca9-40ab-a2c4-e509dadbbbbb","actor_username":"ajitkumarpes@gmail.com","actor_via_sso":false,"log_type":"token"}', '2026-02-13 09:50:47.247071+00', ''),
	('00000000-0000-0000-0000-000000000000', '57d62784-536f-4c27-8ed2-0b0f10973530', '{"action":"user_recovery_requested","actor_id":"73904179-cca9-40ab-a2c4-e509dadbbbbb","actor_username":"ajitkumarpes@gmail.com","actor_via_sso":false,"log_type":"user"}', '2026-02-14 06:09:43.777423+00', ''),
	('00000000-0000-0000-0000-000000000000', '6e32ac60-4536-46db-bfc7-e39f6bf324b3', '{"action":"login","actor_id":"73904179-cca9-40ab-a2c4-e509dadbbbbb","actor_username":"ajitkumarpes@gmail.com","actor_via_sso":false,"log_type":"account"}', '2026-02-14 06:10:03.402984+00', ''),
	('00000000-0000-0000-0000-000000000000', '1b8f047e-f8c8-483e-b6eb-37ed605fe498', '{"action":"token_refreshed","actor_id":"d1e40c02-9978-46fd-875e-3989537af942","actor_username":"kbisht786@gmail.com","actor_via_sso":false,"log_type":"token"}', '2026-02-14 12:35:56.123721+00', ''),
	('00000000-0000-0000-0000-000000000000', '93a8bf22-0cc4-42ce-94e7-2136454f1995', '{"action":"token_revoked","actor_id":"d1e40c02-9978-46fd-875e-3989537af942","actor_username":"kbisht786@gmail.com","actor_via_sso":false,"log_type":"token"}', '2026-02-14 12:35:56.132831+00', ''),
	('00000000-0000-0000-0000-000000000000', '357175fa-330e-4b93-b077-5a405365a619', '{"action":"token_refreshed","actor_id":"73904179-cca9-40ab-a2c4-e509dadbbbbb","actor_username":"ajitkumarpes@gmail.com","actor_via_sso":false,"log_type":"token"}', '2026-02-14 15:59:06.640389+00', ''),
	('00000000-0000-0000-0000-000000000000', 'e93d10e8-58d2-475f-a71d-abff326abf0e', '{"action":"token_revoked","actor_id":"73904179-cca9-40ab-a2c4-e509dadbbbbb","actor_username":"ajitkumarpes@gmail.com","actor_via_sso":false,"log_type":"token"}', '2026-02-14 15:59:06.654901+00', ''),
	('00000000-0000-0000-0000-000000000000', 'e5b9a8bc-b3e1-429c-ae3c-cacffd5cab8f', '{"action":"token_refreshed","actor_id":"73904179-cca9-40ab-a2c4-e509dadbbbbb","actor_username":"ajitkumarpes@gmail.com","actor_via_sso":false,"log_type":"token"}', '2026-02-15 16:11:06.344604+00', ''),
	('00000000-0000-0000-0000-000000000000', '5e0739a6-f77b-4e47-bef8-f0e1168f8aa4', '{"action":"token_revoked","actor_id":"73904179-cca9-40ab-a2c4-e509dadbbbbb","actor_username":"ajitkumarpes@gmail.com","actor_via_sso":false,"log_type":"token"}', '2026-02-15 16:11:06.356856+00', ''),
	('00000000-0000-0000-0000-000000000000', '5c6d4ea4-e2d1-418d-932f-1af9187d3283', '{"action":"token_refreshed","actor_id":"73904179-cca9-40ab-a2c4-e509dadbbbbb","actor_username":"ajitkumarpes@gmail.com","actor_via_sso":false,"log_type":"token"}', '2026-02-16 10:44:16.171412+00', ''),
	('00000000-0000-0000-0000-000000000000', '78faa9d9-7e4f-4205-ab6f-f13883e38119', '{"action":"token_revoked","actor_id":"73904179-cca9-40ab-a2c4-e509dadbbbbb","actor_username":"ajitkumarpes@gmail.com","actor_via_sso":false,"log_type":"token"}', '2026-02-16 10:44:16.179201+00', ''),
	('00000000-0000-0000-0000-000000000000', 'd46445aa-28f4-490c-a276-542e83cad4f5', '{"action":"token_refreshed","actor_id":"73904179-cca9-40ab-a2c4-e509dadbbbbb","actor_username":"ajitkumarpes@gmail.com","actor_via_sso":false,"log_type":"token"}', '2026-02-16 18:01:03.798178+00', ''),
	('00000000-0000-0000-0000-000000000000', '9b225a27-6d75-4e7e-a564-7590e3ec2f97', '{"action":"token_revoked","actor_id":"73904179-cca9-40ab-a2c4-e509dadbbbbb","actor_username":"ajitkumarpes@gmail.com","actor_via_sso":false,"log_type":"token"}', '2026-02-16 18:01:03.80923+00', ''),
	('00000000-0000-0000-0000-000000000000', 'bb68bbcb-0929-4551-8a8f-c3be1af65f54', '{"action":"token_refreshed","actor_id":"73904179-cca9-40ab-a2c4-e509dadbbbbb","actor_username":"ajitkumarpes@gmail.com","actor_via_sso":false,"log_type":"token"}', '2026-02-17 17:20:14.036162+00', ''),
	('00000000-0000-0000-0000-000000000000', '1c6e161d-7bf1-42ae-8302-7bde2e536772', '{"action":"token_revoked","actor_id":"73904179-cca9-40ab-a2c4-e509dadbbbbb","actor_username":"ajitkumarpes@gmail.com","actor_via_sso":false,"log_type":"token"}', '2026-02-17 17:20:14.0513+00', ''),
	('00000000-0000-0000-0000-000000000000', 'a3924314-4e57-4c31-b30a-13825ef1bd7f', '{"action":"token_refreshed","actor_id":"73904179-cca9-40ab-a2c4-e509dadbbbbb","actor_username":"ajitkumarpes@gmail.com","actor_via_sso":false,"log_type":"token"}', '2026-02-17 18:00:36.166501+00', ''),
	('00000000-0000-0000-0000-000000000000', '2ae7dc93-4c42-46ed-82b9-4b2a7dbf5fb2', '{"action":"token_revoked","actor_id":"73904179-cca9-40ab-a2c4-e509dadbbbbb","actor_username":"ajitkumarpes@gmail.com","actor_via_sso":false,"log_type":"token"}', '2026-02-17 18:00:36.178191+00', ''),
	('00000000-0000-0000-0000-000000000000', '60e84b84-98ac-49b0-b4ac-8ecc6ca7213a', '{"action":"token_refreshed","actor_id":"73904179-cca9-40ab-a2c4-e509dadbbbbb","actor_username":"ajitkumarpes@gmail.com","actor_via_sso":false,"log_type":"token"}', '2026-02-18 18:01:16.733508+00', ''),
	('00000000-0000-0000-0000-000000000000', '8611503d-d3b2-4b46-a217-4b4892773d75', '{"action":"token_revoked","actor_id":"73904179-cca9-40ab-a2c4-e509dadbbbbb","actor_username":"ajitkumarpes@gmail.com","actor_via_sso":false,"log_type":"token"}', '2026-02-18 18:01:16.749276+00', ''),
	('00000000-0000-0000-0000-000000000000', '0217a53d-988e-4a36-a296-4beee23327c4', '{"action":"token_refreshed","actor_id":"73904179-cca9-40ab-a2c4-e509dadbbbbb","actor_username":"ajitkumarpes@gmail.com","actor_via_sso":false,"log_type":"token"}', '2026-02-18 20:54:29.530035+00', ''),
	('00000000-0000-0000-0000-000000000000', '29acfd88-0aeb-4514-80ce-d492663a36a3', '{"action":"token_revoked","actor_id":"73904179-cca9-40ab-a2c4-e509dadbbbbb","actor_username":"ajitkumarpes@gmail.com","actor_via_sso":false,"log_type":"token"}', '2026-02-18 20:54:29.54337+00', ''),
	('00000000-0000-0000-0000-000000000000', 'd5a3a414-d58b-4cda-933e-bb71eb6a77c9', '{"action":"user_recovery_requested","actor_id":"73904179-cca9-40ab-a2c4-e509dadbbbbb","actor_username":"ajitkumarpes@gmail.com","actor_via_sso":false,"log_type":"user"}', '2026-02-19 12:43:02.178727+00', ''),
	('00000000-0000-0000-0000-000000000000', '5672c622-2f2a-41d7-8f8f-7083b209a402', '{"action":"user_recovery_requested","actor_id":"73904179-cca9-40ab-a2c4-e509dadbbbbb","actor_username":"ajitkumarpes@gmail.com","actor_via_sso":false,"log_type":"user"}', '2026-02-19 13:04:02.531875+00', ''),
	('00000000-0000-0000-0000-000000000000', '71107a9f-5416-4fdf-8a32-95a606be7052', '{"action":"user_recovery_requested","actor_id":"73904179-cca9-40ab-a2c4-e509dadbbbbb","actor_username":"ajitkumarpes@gmail.com","actor_via_sso":false,"log_type":"user"}', '2026-02-19 13:16:02.908553+00', ''),
	('00000000-0000-0000-0000-000000000000', 'a951a718-0283-4fe2-81ea-1966f756bff2', '{"action":"login","actor_id":"73904179-cca9-40ab-a2c4-e509dadbbbbb","actor_username":"ajitkumarpes@gmail.com","actor_via_sso":false,"log_type":"account"}', '2026-02-19 13:16:40.811514+00', ''),
	('00000000-0000-0000-0000-000000000000', 'b380d4dd-c0f8-4889-be95-9b4eaddd6789', '{"action":"user_confirmation_requested","actor_id":"d3e1e12f-d426-4e39-b2ad-5ee60a62af76","actor_username":"singhajit.br@gmail.com","actor_via_sso":false,"log_type":"user","traits":{"provider":"email"}}', '2026-02-20 10:11:07.335456+00', ''),
	('00000000-0000-0000-0000-000000000000', '2a793953-f843-4ab5-b335-7401e00d10e7', '{"action":"user_signedup","actor_id":"d3e1e12f-d426-4e39-b2ad-5ee60a62af76","actor_username":"singhajit.br@gmail.com","actor_via_sso":false,"log_type":"team","traits":{"provider":"email"}}', '2026-02-20 10:12:28.206866+00', ''),
	('00000000-0000-0000-0000-000000000000', 'baaf2e97-786a-420d-a49e-4c4e81d9b0b9', '{"action":"logout","actor_id":"d3e1e12f-d426-4e39-b2ad-5ee60a62af76","actor_username":"singhajit.br@gmail.com","actor_via_sso":false,"log_type":"account"}', '2026-02-20 10:14:15.110368+00', ''),
	('00000000-0000-0000-0000-000000000000', '7ab5fae6-ad58-4d40-81e2-a6e3e707b618', '{"action":"user_recovery_requested","actor_id":"73904179-cca9-40ab-a2c4-e509dadbbbbb","actor_username":"ajitkumarpes@gmail.com","actor_via_sso":false,"log_type":"user"}', '2026-02-20 10:14:42.762916+00', ''),
	('00000000-0000-0000-0000-000000000000', '9001a75e-8d96-4b8c-9649-ef7cd3ceab03', '{"action":"login","actor_id":"73904179-cca9-40ab-a2c4-e509dadbbbbb","actor_username":"ajitkumarpes@gmail.com","actor_via_sso":false,"log_type":"account"}', '2026-02-20 10:15:19.489913+00', ''),
	('00000000-0000-0000-0000-000000000000', '669510ac-f2b9-4a0e-b8b8-e7654e409ca7', '{"action":"token_refreshed","actor_id":"73904179-cca9-40ab-a2c4-e509dadbbbbb","actor_username":"ajitkumarpes@gmail.com","actor_via_sso":false,"log_type":"token"}', '2026-02-20 15:12:40.691752+00', ''),
	('00000000-0000-0000-0000-000000000000', 'd6e89cec-b2c7-4cac-9dc7-29b9313ea9c9', '{"action":"token_revoked","actor_id":"73904179-cca9-40ab-a2c4-e509dadbbbbb","actor_username":"ajitkumarpes@gmail.com","actor_via_sso":false,"log_type":"token"}', '2026-02-20 15:12:40.704931+00', ''),
	('00000000-0000-0000-0000-000000000000', '6d69f77a-a10e-44a2-b6ba-f7b0d76366a0', '{"action":"user_recovery_requested","actor_id":"73904179-cca9-40ab-a2c4-e509dadbbbbb","actor_username":"ajitkumarpes@gmail.com","actor_via_sso":false,"log_type":"user"}', '2026-02-20 18:58:01.775701+00', ''),
	('00000000-0000-0000-0000-000000000000', 'ca41b6c4-effc-4afb-9fc3-75583c8a99b4', '{"action":"login","actor_id":"73904179-cca9-40ab-a2c4-e509dadbbbbb","actor_username":"ajitkumarpes@gmail.com","actor_via_sso":false,"log_type":"account"}', '2026-02-20 18:59:08.759668+00', ''),
	('00000000-0000-0000-0000-000000000000', 'acb9211e-fb9d-4927-8ab5-b83957bc974a', '{"action":"token_refreshed","actor_id":"d1e40c02-9978-46fd-875e-3989537af942","actor_username":"kbisht786@gmail.com","actor_via_sso":false,"log_type":"token"}', '2026-02-20 19:44:01.901621+00', ''),
	('00000000-0000-0000-0000-000000000000', 'c1c917dd-920d-4e97-8726-91a016aae618', '{"action":"token_revoked","actor_id":"d1e40c02-9978-46fd-875e-3989537af942","actor_username":"kbisht786@gmail.com","actor_via_sso":false,"log_type":"token"}', '2026-02-20 19:44:01.923309+00', ''),
	('00000000-0000-0000-0000-000000000000', 'fcd7e54e-a4ad-4793-8536-8b1bdac3f48d', '{"action":"token_refreshed","actor_id":"73904179-cca9-40ab-a2c4-e509dadbbbbb","actor_username":"ajitkumarpes@gmail.com","actor_via_sso":false,"log_type":"token"}', '2026-02-21 10:39:22.651445+00', ''),
	('00000000-0000-0000-0000-000000000000', '36218fb0-7b79-4c68-8373-4d095f54e5f2', '{"action":"token_revoked","actor_id":"73904179-cca9-40ab-a2c4-e509dadbbbbb","actor_username":"ajitkumarpes@gmail.com","actor_via_sso":false,"log_type":"token"}', '2026-02-21 10:39:22.669247+00', ''),
	('00000000-0000-0000-0000-000000000000', 'aea4503f-7ac9-4d34-978f-22f66a84ab5a', '{"action":"token_refreshed","actor_id":"73904179-cca9-40ab-a2c4-e509dadbbbbb","actor_username":"ajitkumarpes@gmail.com","actor_via_sso":false,"log_type":"token"}', '2026-02-21 13:07:29.733019+00', ''),
	('00000000-0000-0000-0000-000000000000', 'bfaa7647-5a81-44c0-baec-7410f162fd4d', '{"action":"token_revoked","actor_id":"73904179-cca9-40ab-a2c4-e509dadbbbbb","actor_username":"ajitkumarpes@gmail.com","actor_via_sso":false,"log_type":"token"}', '2026-02-21 13:07:29.748479+00', ''),
	('00000000-0000-0000-0000-000000000000', 'daaaadfe-5c2b-426f-9c23-86f046c4e5f5', '{"action":"token_refreshed","actor_id":"73904179-cca9-40ab-a2c4-e509dadbbbbb","actor_username":"ajitkumarpes@gmail.com","actor_via_sso":false,"log_type":"token"}', '2026-02-21 18:57:36.767642+00', ''),
	('00000000-0000-0000-0000-000000000000', 'a39afa14-2e6b-425e-a480-a91ab3b38c54', '{"action":"token_revoked","actor_id":"73904179-cca9-40ab-a2c4-e509dadbbbbb","actor_username":"ajitkumarpes@gmail.com","actor_via_sso":false,"log_type":"token"}', '2026-02-21 18:57:36.779255+00', ''),
	('00000000-0000-0000-0000-000000000000', '125bfe3a-108b-43f1-9821-91255047de63', '{"action":"token_refreshed","actor_id":"d1e40c02-9978-46fd-875e-3989537af942","actor_username":"kbisht786@gmail.com","actor_via_sso":false,"log_type":"token"}', '2026-02-23 08:12:15.898573+00', ''),
	('00000000-0000-0000-0000-000000000000', '987a956b-24a1-412f-bf51-460d7eb64636', '{"action":"token_revoked","actor_id":"d1e40c02-9978-46fd-875e-3989537af942","actor_username":"kbisht786@gmail.com","actor_via_sso":false,"log_type":"token"}', '2026-02-23 08:12:15.911784+00', ''),
	('00000000-0000-0000-0000-000000000000', '56c9ea92-e226-4c61-a513-ce304aab4cb6', '{"action":"token_refreshed","actor_id":"73904179-cca9-40ab-a2c4-e509dadbbbbb","actor_username":"ajitkumarpes@gmail.com","actor_via_sso":false,"log_type":"token"}', '2026-02-26 10:48:15.319679+00', ''),
	('00000000-0000-0000-0000-000000000000', '65808f60-f4e3-48f3-b839-a0f3c7cace46', '{"action":"token_revoked","actor_id":"73904179-cca9-40ab-a2c4-e509dadbbbbb","actor_username":"ajitkumarpes@gmail.com","actor_via_sso":false,"log_type":"token"}', '2026-02-26 10:48:15.33357+00', ''),
	('00000000-0000-0000-0000-000000000000', 'bd421dba-81ff-4208-b8e0-145251abf0e6', '{"action":"token_refreshed","actor_id":"73904179-cca9-40ab-a2c4-e509dadbbbbb","actor_username":"ajitkumarpes@gmail.com","actor_via_sso":false,"log_type":"token"}', '2026-02-26 11:12:39.51767+00', ''),
	('00000000-0000-0000-0000-000000000000', '4a2e7a14-4074-4090-8382-7f1deeebca8e', '{"action":"token_revoked","actor_id":"73904179-cca9-40ab-a2c4-e509dadbbbbb","actor_username":"ajitkumarpes@gmail.com","actor_via_sso":false,"log_type":"token"}', '2026-02-26 11:12:39.52657+00', ''),
	('00000000-0000-0000-0000-000000000000', '79bd7df5-c063-4fcf-945e-e60bfef47cb8', '{"action":"token_refreshed","actor_id":"73904179-cca9-40ab-a2c4-e509dadbbbbb","actor_username":"ajitkumarpes@gmail.com","actor_via_sso":false,"log_type":"token"}', '2026-02-26 12:28:12.796656+00', ''),
	('00000000-0000-0000-0000-000000000000', 'fcd3e920-efcc-4780-b06a-4dec9eeed902', '{"action":"token_revoked","actor_id":"73904179-cca9-40ab-a2c4-e509dadbbbbb","actor_username":"ajitkumarpes@gmail.com","actor_via_sso":false,"log_type":"token"}', '2026-02-26 12:28:12.808152+00', ''),
	('00000000-0000-0000-0000-000000000000', '94ea471c-0d17-457b-8b93-75e3773e8222', '{"action":"token_refreshed","actor_id":"73904179-cca9-40ab-a2c4-e509dadbbbbb","actor_username":"ajitkumarpes@gmail.com","actor_via_sso":false,"log_type":"token"}', '2026-02-26 19:06:24.943687+00', ''),
	('00000000-0000-0000-0000-000000000000', '40467a5d-979f-46db-8684-e35acd393b9b', '{"action":"token_revoked","actor_id":"73904179-cca9-40ab-a2c4-e509dadbbbbb","actor_username":"ajitkumarpes@gmail.com","actor_via_sso":false,"log_type":"token"}', '2026-02-26 19:06:24.956471+00', ''),
	('00000000-0000-0000-0000-000000000000', '437a0c9c-d549-4d1a-b319-56cd5e942b1b', '{"action":"token_refreshed","actor_id":"73904179-cca9-40ab-a2c4-e509dadbbbbb","actor_username":"ajitkumarpes@gmail.com","actor_via_sso":false,"log_type":"token"}', '2026-02-27 12:48:51.870201+00', ''),
	('00000000-0000-0000-0000-000000000000', '746c7f1b-24eb-414a-9b69-9199dbaa2bb5', '{"action":"token_revoked","actor_id":"73904179-cca9-40ab-a2c4-e509dadbbbbb","actor_username":"ajitkumarpes@gmail.com","actor_via_sso":false,"log_type":"token"}', '2026-02-27 12:48:51.887595+00', ''),
	('00000000-0000-0000-0000-000000000000', '0c637f90-87a0-4147-813f-af1267ac952d', '{"action":"token_refreshed","actor_id":"73904179-cca9-40ab-a2c4-e509dadbbbbb","actor_username":"ajitkumarpes@gmail.com","actor_via_sso":false,"log_type":"token"}', '2026-02-28 12:47:15.302639+00', ''),
	('00000000-0000-0000-0000-000000000000', '97534832-0425-4c9c-b388-c903405ea36e', '{"action":"token_revoked","actor_id":"73904179-cca9-40ab-a2c4-e509dadbbbbb","actor_username":"ajitkumarpes@gmail.com","actor_via_sso":false,"log_type":"token"}', '2026-02-28 12:47:15.321028+00', ''),
	('00000000-0000-0000-0000-000000000000', '09b47798-7f90-4313-8152-d78c78911008', '{"action":"user_confirmation_requested","actor_id":"5de45861-6847-4e54-a409-360260bac24c","actor_username":"test@hotel.com","actor_via_sso":false,"log_type":"user","traits":{"provider":"email"}}', '2026-03-01 11:47:08.564571+00', ''),
	('00000000-0000-0000-0000-000000000000', '033910fe-f4b1-4b6c-a2bd-20afe8bc0005', '{"action":"token_refreshed","actor_id":"73904179-cca9-40ab-a2c4-e509dadbbbbb","actor_username":"ajitkumarpes@gmail.com","actor_via_sso":false,"log_type":"token"}', '2026-03-01 13:43:29.268989+00', ''),
	('00000000-0000-0000-0000-000000000000', 'db45d037-15f1-463e-beb5-49a30a899454', '{"action":"token_revoked","actor_id":"73904179-cca9-40ab-a2c4-e509dadbbbbb","actor_username":"ajitkumarpes@gmail.com","actor_via_sso":false,"log_type":"token"}', '2026-03-01 13:43:29.286579+00', ''),
	('00000000-0000-0000-0000-000000000000', '11576779-ed2d-46c8-9508-2b741b806235', '{"action":"token_refreshed","actor_id":"73904179-cca9-40ab-a2c4-e509dadbbbbb","actor_username":"ajitkumarpes@gmail.com","actor_via_sso":false,"log_type":"token"}', '2026-03-01 18:19:20.808373+00', ''),
	('00000000-0000-0000-0000-000000000000', 'f7bab60e-8a02-4dd6-bc15-62c5dbe94042', '{"action":"token_revoked","actor_id":"73904179-cca9-40ab-a2c4-e509dadbbbbb","actor_username":"ajitkumarpes@gmail.com","actor_via_sso":false,"log_type":"token"}', '2026-03-01 18:19:20.817759+00', ''),
	('00000000-0000-0000-0000-000000000000', 'fda33d12-82a2-4a60-abcf-335b1a252ac1', '{"action":"token_refreshed","actor_id":"73904179-cca9-40ab-a2c4-e509dadbbbbb","actor_username":"ajitkumarpes@gmail.com","actor_via_sso":false,"log_type":"token"}', '2026-03-02 13:41:49.223851+00', ''),
	('00000000-0000-0000-0000-000000000000', '4f820c69-da93-408b-8f4d-9e5fd1597d25', '{"action":"token_revoked","actor_id":"73904179-cca9-40ab-a2c4-e509dadbbbbb","actor_username":"ajitkumarpes@gmail.com","actor_via_sso":false,"log_type":"token"}', '2026-03-02 13:41:49.240807+00', ''),
	('00000000-0000-0000-0000-000000000000', 'c4ef55b0-0702-4baa-a6a5-b6f73d278a41', '{"action":"logout","actor_id":"73904179-cca9-40ab-a2c4-e509dadbbbbb","actor_username":"ajitkumarpes@gmail.com","actor_via_sso":false,"log_type":"account"}', '2026-03-02 23:09:01.67297+00', ''),
	('00000000-0000-0000-0000-000000000000', '1a0edbca-eab4-4612-8538-16d0034b2115', '{"action":"user_recovery_requested","actor_id":"73904179-cca9-40ab-a2c4-e509dadbbbbb","actor_username":"ajitkumarpes@gmail.com","actor_via_sso":false,"log_type":"user"}', '2026-03-05 11:20:43.95939+00', ''),
	('00000000-0000-0000-0000-000000000000', 'bbb6af2c-fbd7-4723-bf10-ffd76eadab9f', '{"action":"login","actor_id":"73904179-cca9-40ab-a2c4-e509dadbbbbb","actor_username":"ajitkumarpes@gmail.com","actor_via_sso":false,"log_type":"account"}', '2026-03-05 11:21:00.072327+00', ''),
	('00000000-0000-0000-0000-000000000000', '709dcceb-b8b7-4f32-82b7-02899e91e18d', '{"action":"token_refreshed","actor_id":"73904179-cca9-40ab-a2c4-e509dadbbbbb","actor_username":"ajitkumarpes@gmail.com","actor_via_sso":false,"log_type":"token"}', '2026-03-06 11:19:43.392701+00', ''),
	('00000000-0000-0000-0000-000000000000', 'bca9ec68-20f5-4102-a51b-9ad5621423e4', '{"action":"token_revoked","actor_id":"73904179-cca9-40ab-a2c4-e509dadbbbbb","actor_username":"ajitkumarpes@gmail.com","actor_via_sso":false,"log_type":"token"}', '2026-03-06 11:19:43.407293+00', ''),
	('00000000-0000-0000-0000-000000000000', '0cb59654-e516-4d05-ab54-3a50dbcf1b2b', '{"action":"user_recovery_requested","actor_id":"73904179-cca9-40ab-a2c4-e509dadbbbbb","actor_username":"ajitkumarpes@gmail.com","actor_via_sso":false,"log_type":"user"}', '2026-03-07 14:02:52.618407+00', ''),
	('00000000-0000-0000-0000-000000000000', 'd14e06a8-44b0-44bf-9266-8e45a96224b4', '{"action":"login","actor_id":"73904179-cca9-40ab-a2c4-e509dadbbbbb","actor_username":"ajitkumarpes@gmail.com","actor_via_sso":false,"log_type":"account"}', '2026-03-07 14:03:19.881139+00', ''),
	('00000000-0000-0000-0000-000000000000', '455c2222-4a13-42e6-b204-179b06bfae95', '{"action":"token_refreshed","actor_id":"73904179-cca9-40ab-a2c4-e509dadbbbbb","actor_username":"ajitkumarpes@gmail.com","actor_via_sso":false,"log_type":"token"}', '2026-03-07 17:14:41.725214+00', ''),
	('00000000-0000-0000-0000-000000000000', 'd25a65cb-a9a0-452b-9a75-483062342d88', '{"action":"token_revoked","actor_id":"73904179-cca9-40ab-a2c4-e509dadbbbbb","actor_username":"ajitkumarpes@gmail.com","actor_via_sso":false,"log_type":"token"}', '2026-03-07 17:14:41.741044+00', ''),
	('00000000-0000-0000-0000-000000000000', 'caa59eb6-f033-41f0-ac79-e43a7e35c7e8', '{"action":"user_recovery_requested","actor_id":"73904179-cca9-40ab-a2c4-e509dadbbbbb","actor_username":"ajitkumarpes@gmail.com","actor_via_sso":false,"log_type":"user"}', '2026-03-07 21:12:00.761215+00', ''),
	('00000000-0000-0000-0000-000000000000', 'c1d46c7c-d1b3-4492-b05a-6bd2f19954fb', '{"action":"token_refreshed","actor_id":"73904179-cca9-40ab-a2c4-e509dadbbbbb","actor_username":"ajitkumarpes@gmail.com","actor_via_sso":false,"log_type":"token"}', '2026-03-08 18:33:43.353991+00', ''),
	('00000000-0000-0000-0000-000000000000', 'e2722205-a491-4789-98bb-10e3fab4d0c1', '{"action":"token_revoked","actor_id":"73904179-cca9-40ab-a2c4-e509dadbbbbb","actor_username":"ajitkumarpes@gmail.com","actor_via_sso":false,"log_type":"token"}', '2026-03-08 18:33:43.365314+00', ''),
	('00000000-0000-0000-0000-000000000000', 'b5fd7869-f471-4cc3-a14f-13b6b83fa263', '{"action":"token_refreshed","actor_id":"73904179-cca9-40ab-a2c4-e509dadbbbbb","actor_username":"ajitkumarpes@gmail.com","actor_via_sso":false,"log_type":"token"}', '2026-03-09 18:32:10.20682+00', ''),
	('00000000-0000-0000-0000-000000000000', '617f2350-6f7d-4b7a-9be1-93cde35fa5e9', '{"action":"token_revoked","actor_id":"73904179-cca9-40ab-a2c4-e509dadbbbbb","actor_username":"ajitkumarpes@gmail.com","actor_via_sso":false,"log_type":"token"}', '2026-03-09 18:32:10.219767+00', ''),
	('00000000-0000-0000-0000-000000000000', '8b4e1144-6ee0-4f4f-a16d-94fde670220e', '{"action":"token_refreshed","actor_id":"d1e40c02-9978-46fd-875e-3989537af942","actor_username":"kbisht786@gmail.com","actor_via_sso":false,"log_type":"token"}', '2026-03-10 13:17:47.390952+00', ''),
	('00000000-0000-0000-0000-000000000000', '97a5fdcd-bf1d-42f7-b157-be3084ca4832', '{"action":"token_revoked","actor_id":"d1e40c02-9978-46fd-875e-3989537af942","actor_username":"kbisht786@gmail.com","actor_via_sso":false,"log_type":"token"}', '2026-03-10 13:17:47.406592+00', ''),
	('00000000-0000-0000-0000-000000000000', '22bc6d93-5975-435f-b8da-1cdd6765ec0f', '{"action":"user_recovery_requested","actor_id":"73904179-cca9-40ab-a2c4-e509dadbbbbb","actor_username":"ajitkumarpes@gmail.com","actor_via_sso":false,"log_type":"user"}', '2026-03-10 15:40:00.846576+00', ''),
	('00000000-0000-0000-0000-000000000000', '8272cc72-b88f-4328-a90a-afd465151dba', '{"action":"login","actor_id":"73904179-cca9-40ab-a2c4-e509dadbbbbb","actor_username":"ajitkumarpes@gmail.com","actor_via_sso":false,"log_type":"account"}', '2026-03-10 15:40:25.324692+00', ''),
	('00000000-0000-0000-0000-000000000000', '69997c25-3d58-4433-b3b4-cbb2be1e6c15', '{"action":"user_recovery_requested","actor_id":"73904179-cca9-40ab-a2c4-e509dadbbbbb","actor_username":"ajitkumarpes@gmail.com","actor_via_sso":false,"log_type":"user"}', '2026-03-10 15:41:15.331304+00', ''),
	('00000000-0000-0000-0000-000000000000', '69beb40b-58b5-4e7a-9d0b-440f0e5890b1', '{"action":"login","actor_id":"73904179-cca9-40ab-a2c4-e509dadbbbbb","actor_username":"ajitkumarpes@gmail.com","actor_via_sso":false,"log_type":"account"}', '2026-03-10 15:42:03.094197+00', ''),
	('00000000-0000-0000-0000-000000000000', '762790f3-280c-4d55-bcd0-e090fc68b289', '{"action":"user_recovery_requested","actor_id":"73904179-cca9-40ab-a2c4-e509dadbbbbb","actor_username":"ajitkumarpes@gmail.com","actor_via_sso":false,"log_type":"user"}', '2026-03-10 15:42:30.899327+00', ''),
	('00000000-0000-0000-0000-000000000000', '0212530c-d402-40bb-9216-6574460b6991', '{"action":"login","actor_id":"73904179-cca9-40ab-a2c4-e509dadbbbbb","actor_username":"ajitkumarpes@gmail.com","actor_via_sso":false,"log_type":"account"}', '2026-03-10 15:42:45.4943+00', ''),
	('00000000-0000-0000-0000-000000000000', '024000d3-e1eb-485b-a228-8c0fbd2099c3', '{"action":"logout","actor_id":"d1e40c02-9978-46fd-875e-3989537af942","actor_username":"kbisht786@gmail.com","actor_via_sso":false,"log_type":"account"}', '2026-03-10 16:18:35.497987+00', ''),
	('00000000-0000-0000-0000-000000000000', '5c51b161-c117-4478-842b-50a3e1f22b7a', '{"action":"logout","actor_id":"73904179-cca9-40ab-a2c4-e509dadbbbbb","actor_username":"ajitkumarpes@gmail.com","actor_via_sso":false,"log_type":"account"}', '2026-03-10 16:48:20.080998+00', ''),
	('00000000-0000-0000-0000-000000000000', '6269b4b9-b2ee-4985-9563-b6ed040d556e', '{"action":"user_confirmation_requested","actor_id":"f064a77b-4007-4c04-b25f-a55db690067a","actor_username":"singhajit.br@gmail.com","actor_via_sso":false,"log_type":"user","traits":{"provider":"email"}}', '2026-03-10 16:51:02.467019+00', ''),
	('00000000-0000-0000-0000-000000000000', '19a73f74-c591-4ffb-bcec-8b54efd0532b', '{"action":"user_signedup","actor_id":"f064a77b-4007-4c04-b25f-a55db690067a","actor_username":"singhajit.br@gmail.com","actor_via_sso":false,"log_type":"team","traits":{"provider":"email"}}', '2026-03-10 16:51:36.123621+00', ''),
	('00000000-0000-0000-0000-000000000000', '867d139d-63ce-4312-b71b-526b1a65d42f', '{"action":"user_recovery_requested","actor_id":"f064a77b-4007-4c04-b25f-a55db690067a","actor_username":"singhajit.br@gmail.com","actor_via_sso":false,"log_type":"user"}', '2026-03-10 17:29:31.392842+00', ''),
	('00000000-0000-0000-0000-000000000000', '611aa69b-99f4-4c40-88d1-cf75abe0865c', '{"action":"login","actor_id":"f064a77b-4007-4c04-b25f-a55db690067a","actor_username":"singhajit.br@gmail.com","actor_via_sso":false,"log_type":"account"}', '2026-03-10 17:29:45.736773+00', ''),
	('00000000-0000-0000-0000-000000000000', '10131334-14fe-4ff0-ab58-13761f4b4858', '{"action":"user_recovery_requested","actor_id":"f064a77b-4007-4c04-b25f-a55db690067a","actor_username":"singhajit.br@gmail.com","actor_via_sso":false,"log_type":"user"}', '2026-03-10 17:56:20.257336+00', ''),
	('00000000-0000-0000-0000-000000000000', '03efecf9-9ab2-4d57-9ca6-6684d9cf7eff', '{"action":"login","actor_id":"f064a77b-4007-4c04-b25f-a55db690067a","actor_username":"singhajit.br@gmail.com","actor_via_sso":false,"log_type":"account"}', '2026-03-10 17:56:58.588982+00', ''),
	('00000000-0000-0000-0000-000000000000', '7c5be50d-c4f7-45ae-8180-e7adc20e5f72', '{"action":"user_recovery_requested","actor_id":"f064a77b-4007-4c04-b25f-a55db690067a","actor_username":"singhajit.br@gmail.com","actor_via_sso":false,"log_type":"user"}', '2026-03-10 17:58:38.18177+00', ''),
	('00000000-0000-0000-0000-000000000000', '71cf0f8a-a111-47d2-8133-5c830db25288', '{"action":"login","actor_id":"f064a77b-4007-4c04-b25f-a55db690067a","actor_username":"singhajit.br@gmail.com","actor_via_sso":false,"log_type":"account"}', '2026-03-10 17:59:00.394269+00', ''),
	('00000000-0000-0000-0000-000000000000', '5291b9d8-48fe-42a6-8afd-82a9d4c1170c', '{"action":"logout","actor_id":"f064a77b-4007-4c04-b25f-a55db690067a","actor_username":"singhajit.br@gmail.com","actor_via_sso":false,"log_type":"account"}', '2026-03-10 18:10:28.946993+00', ''),
	('00000000-0000-0000-0000-000000000000', 'fa19bcf6-f2e4-4f96-9ba6-81ee162c5085', '{"action":"user_recovery_requested","actor_id":"73904179-cca9-40ab-a2c4-e509dadbbbbb","actor_username":"ajitkumarpes@gmail.com","actor_via_sso":false,"log_type":"user"}', '2026-03-10 18:10:43.159372+00', ''),
	('00000000-0000-0000-0000-000000000000', '0bc8b989-8049-4c14-8ffa-7c46cc89613f', '{"action":"login","actor_id":"73904179-cca9-40ab-a2c4-e509dadbbbbb","actor_username":"ajitkumarpes@gmail.com","actor_via_sso":false,"log_type":"account"}', '2026-03-10 18:10:57.938528+00', ''),
	('00000000-0000-0000-0000-000000000000', 'd1668959-6a1c-471e-98b9-a8a66f21cdf9', '{"action":"logout","actor_id":"73904179-cca9-40ab-a2c4-e509dadbbbbb","actor_username":"ajitkumarpes@gmail.com","actor_via_sso":false,"log_type":"account"}', '2026-03-10 18:55:08.108955+00', ''),
	('00000000-0000-0000-0000-000000000000', 'bef0fd88-9532-4389-a0c6-107312ef9269', '{"action":"user_confirmation_requested","actor_id":"44b5f420-ff03-4f52-a6c6-c89c92cef67f","actor_username":"singhajit.br@gmail.com","actor_via_sso":false,"log_type":"user","traits":{"provider":"email"}}', '2026-03-10 18:55:34.472197+00', ''),
	('00000000-0000-0000-0000-000000000000', '60ba14f7-0217-47c4-b4e8-4b3e57651f9e', '{"action":"user_signedup","actor_id":"44b5f420-ff03-4f52-a6c6-c89c92cef67f","actor_username":"singhajit.br@gmail.com","actor_via_sso":false,"log_type":"team","traits":{"provider":"email"}}', '2026-03-10 18:55:43.600812+00', ''),
	('00000000-0000-0000-0000-000000000000', 'a2be5fa1-5374-40b2-96d4-4d04f7366f23', '{"action":"user_recovery_requested","actor_id":"73904179-cca9-40ab-a2c4-e509dadbbbbb","actor_username":"ajitkumarpes@gmail.com","actor_via_sso":false,"log_type":"user"}', '2026-03-10 19:20:58.626642+00', ''),
	('00000000-0000-0000-0000-000000000000', '8cb592ef-15a2-4ed5-97ce-b1ba6024043e', '{"action":"login","actor_id":"73904179-cca9-40ab-a2c4-e509dadbbbbb","actor_username":"ajitkumarpes@gmail.com","actor_via_sso":false,"log_type":"account"}', '2026-03-10 19:21:18.593885+00', ''),
	('00000000-0000-0000-0000-000000000000', '8fa64c8f-0498-4ec6-9e4d-bc62be96d320', '{"action":"logout","actor_id":"73904179-cca9-40ab-a2c4-e509dadbbbbb","actor_username":"ajitkumarpes@gmail.com","actor_via_sso":false,"log_type":"account"}', '2026-03-10 19:22:18.52955+00', ''),
	('00000000-0000-0000-0000-000000000000', '0f21c706-73cb-48d5-be9f-ac111c5d0a20', '{"action":"user_confirmation_requested","actor_id":"4a66c0ba-5b27-4562-8dd6-bd6a87b138bd","actor_username":"singhajit.br@gmail.com","actor_via_sso":false,"log_type":"user","traits":{"provider":"email"}}', '2026-03-10 19:22:44.267656+00', ''),
	('00000000-0000-0000-0000-000000000000', '0ae38b4d-7ac0-4aa2-99e9-6e1cb1e227a7', '{"action":"user_signedup","actor_id":"4a66c0ba-5b27-4562-8dd6-bd6a87b138bd","actor_username":"singhajit.br@gmail.com","actor_via_sso":false,"log_type":"team","traits":{"provider":"email"}}', '2026-03-10 19:22:59.860717+00', ''),
	('00000000-0000-0000-0000-000000000000', '0812bba9-098a-47d5-ae58-c67e5c615e70', '{"action":"logout","actor_id":"4a66c0ba-5b27-4562-8dd6-bd6a87b138bd","actor_username":"singhajit.br@gmail.com","actor_via_sso":false,"log_type":"account"}', '2026-03-11 11:42:01.129018+00', ''),
	('00000000-0000-0000-0000-000000000000', 'bcf87789-39d8-4beb-8d70-af584d0b3b7a', '{"action":"user_recovery_requested","actor_id":"73904179-cca9-40ab-a2c4-e509dadbbbbb","actor_username":"ajitkumarpes@gmail.com","actor_via_sso":false,"log_type":"user"}', '2026-03-11 11:42:19.36692+00', ''),
	('00000000-0000-0000-0000-000000000000', 'd52bf061-3834-4f85-9d01-83beec8d61c7', '{"action":"login","actor_id":"73904179-cca9-40ab-a2c4-e509dadbbbbb","actor_username":"ajitkumarpes@gmail.com","actor_via_sso":false,"log_type":"account"}', '2026-03-11 11:42:45.022103+00', ''),
	('00000000-0000-0000-0000-000000000000', '1bb31b3e-fcc5-401e-b7bb-e0afd9504c09', '{"action":"logout","actor_id":"73904179-cca9-40ab-a2c4-e509dadbbbbb","actor_username":"ajitkumarpes@gmail.com","actor_via_sso":false,"log_type":"account"}', '2026-03-11 11:47:47.304702+00', ''),
	('00000000-0000-0000-0000-000000000000', '3e7aa9d0-4569-47c2-8566-bb9f42990ecc', '{"action":"user_recovery_requested","actor_id":"4a66c0ba-5b27-4562-8dd6-bd6a87b138bd","actor_username":"singhajit.br@gmail.com","actor_via_sso":false,"log_type":"user"}', '2026-03-11 11:48:02.578942+00', ''),
	('00000000-0000-0000-0000-000000000000', '86f6fc4c-f8fd-42cf-ad7b-0a4be9394561', '{"action":"login","actor_id":"4a66c0ba-5b27-4562-8dd6-bd6a87b138bd","actor_username":"singhajit.br@gmail.com","actor_via_sso":false,"log_type":"account"}', '2026-03-11 11:48:17.616069+00', ''),
	('00000000-0000-0000-0000-000000000000', '494ba8ee-2a08-4c60-8020-7ebd3ea835f0', '{"action":"logout","actor_id":"4a66c0ba-5b27-4562-8dd6-bd6a87b138bd","actor_username":"singhajit.br@gmail.com","actor_via_sso":false,"log_type":"account"}', '2026-03-11 11:52:29.750915+00', ''),
	('00000000-0000-0000-0000-000000000000', '1e58cb32-2752-46b6-bcd8-efdf9b946957', '{"action":"user_recovery_requested","actor_id":"73904179-cca9-40ab-a2c4-e509dadbbbbb","actor_username":"ajitkumarpes@gmail.com","actor_via_sso":false,"log_type":"user"}', '2026-03-11 11:52:47.3226+00', ''),
	('00000000-0000-0000-0000-000000000000', '7e4ae3bd-1e3f-4047-b063-fa2dd7ce453b', '{"action":"login","actor_id":"73904179-cca9-40ab-a2c4-e509dadbbbbb","actor_username":"ajitkumarpes@gmail.com","actor_via_sso":false,"log_type":"account"}', '2026-03-11 11:52:58.705866+00', ''),
	('00000000-0000-0000-0000-000000000000', '994c38b6-80fb-44e7-8056-ae1d0c97ce5b', '{"action":"user_recovery_requested","actor_id":"73904179-cca9-40ab-a2c4-e509dadbbbbb","actor_username":"ajitkumarpes@gmail.com","actor_via_sso":false,"log_type":"user"}', '2026-03-11 19:30:44.86869+00', ''),
	('00000000-0000-0000-0000-000000000000', 'a78d50f0-35a7-4b4b-bbbd-0853d033ff56', '{"action":"login","actor_id":"73904179-cca9-40ab-a2c4-e509dadbbbbb","actor_username":"ajitkumarpes@gmail.com","actor_via_sso":false,"log_type":"account"}', '2026-03-11 19:30:57.163777+00', ''),
	('00000000-0000-0000-0000-000000000000', '19c9d016-1d63-493e-aa36-6fe2d43738ce', '{"action":"token_refreshed","actor_id":"73904179-cca9-40ab-a2c4-e509dadbbbbb","actor_username":"ajitkumarpes@gmail.com","actor_via_sso":false,"log_type":"token"}', '2026-03-12 12:55:52.821317+00', ''),
	('00000000-0000-0000-0000-000000000000', '84fb9b8e-d29f-48a7-88bd-ff0f29f4b985', '{"action":"token_revoked","actor_id":"73904179-cca9-40ab-a2c4-e509dadbbbbb","actor_username":"ajitkumarpes@gmail.com","actor_via_sso":false,"log_type":"token"}', '2026-03-12 12:55:52.836164+00', ''),
	('00000000-0000-0000-0000-000000000000', 'a2e4b413-6c67-4644-b244-2d136edc0c10', '{"action":"logout","actor_id":"73904179-cca9-40ab-a2c4-e509dadbbbbb","actor_username":"ajitkumarpes@gmail.com","actor_via_sso":false,"log_type":"account"}', '2026-03-12 19:17:44.106219+00', ''),
	('00000000-0000-0000-0000-000000000000', '5bb0f271-804b-4a29-a35c-bfe76ddb6200', '{"action":"user_recovery_requested","actor_id":"73904179-cca9-40ab-a2c4-e509dadbbbbb","actor_username":"ajitkumarpes@gmail.com","actor_via_sso":false,"log_type":"user"}', '2026-03-12 19:24:50.567386+00', ''),
	('00000000-0000-0000-0000-000000000000', 'ca7cf5af-78e9-495c-b0ec-087868dfefd8', '{"action":"login","actor_id":"73904179-cca9-40ab-a2c4-e509dadbbbbb","actor_username":"ajitkumarpes@gmail.com","actor_via_sso":false,"log_type":"account"}', '2026-03-12 19:25:03.586833+00', ''),
	('00000000-0000-0000-0000-000000000000', '1b302822-14f9-4f50-a833-f0cabccb9862', '{"action":"logout","actor_id":"73904179-cca9-40ab-a2c4-e509dadbbbbb","actor_username":"ajitkumarpes@gmail.com","actor_via_sso":false,"log_type":"account"}', '2026-03-12 19:29:47.774793+00', ''),
	('00000000-0000-0000-0000-000000000000', 'db0ca387-b1cd-4429-9025-99a411295998', '{"action":"user_recovery_requested","actor_id":"73904179-cca9-40ab-a2c4-e509dadbbbbb","actor_username":"ajitkumarpes@gmail.com","actor_via_sso":false,"log_type":"user"}', '2026-03-12 19:46:44.002447+00', ''),
	('00000000-0000-0000-0000-000000000000', '2428592a-f9d7-48e5-8386-05ab0508cf54', '{"action":"login","actor_id":"73904179-cca9-40ab-a2c4-e509dadbbbbb","actor_username":"ajitkumarpes@gmail.com","actor_via_sso":false,"log_type":"account"}', '2026-03-12 19:47:14.283161+00', ''),
	('00000000-0000-0000-0000-000000000000', 'd0b0d6bf-9239-4cad-b5f5-e2104d8bded2', '{"action":"user_recovery_requested","actor_id":"73904179-cca9-40ab-a2c4-e509dadbbbbb","actor_username":"ajitkumarpes@gmail.com","actor_via_sso":false,"log_type":"user"}', '2026-03-13 06:30:15.842349+00', ''),
	('00000000-0000-0000-0000-000000000000', '72afc8ca-9b43-4ff0-ba18-75b322a08b80', '{"action":"login","actor_id":"73904179-cca9-40ab-a2c4-e509dadbbbbb","actor_username":"ajitkumarpes@gmail.com","actor_via_sso":false,"log_type":"account"}', '2026-03-13 06:30:38.021386+00', ''),
	('00000000-0000-0000-0000-000000000000', '98e194e5-da78-4b6f-9313-758de31cd061', '{"action":"token_refreshed","actor_id":"73904179-cca9-40ab-a2c4-e509dadbbbbb","actor_username":"ajitkumarpes@gmail.com","actor_via_sso":false,"log_type":"token"}', '2026-03-13 19:45:16.371854+00', ''),
	('00000000-0000-0000-0000-000000000000', '7d415fb1-3ff5-481f-a5aa-06a8577beba2', '{"action":"token_revoked","actor_id":"73904179-cca9-40ab-a2c4-e509dadbbbbb","actor_username":"ajitkumarpes@gmail.com","actor_via_sso":false,"log_type":"token"}', '2026-03-13 19:45:16.388369+00', ''),
	('00000000-0000-0000-0000-000000000000', '075cfca9-c1ad-4a65-a272-6b9b25c3cb79', '{"action":"token_refreshed","actor_id":"73904179-cca9-40ab-a2c4-e509dadbbbbb","actor_username":"ajitkumarpes@gmail.com","actor_via_sso":false,"log_type":"token"}', '2026-03-14 19:43:19.464853+00', ''),
	('00000000-0000-0000-0000-000000000000', 'e3a124a1-446f-4aa1-b71b-3f3e65dfb99f', '{"action":"token_revoked","actor_id":"73904179-cca9-40ab-a2c4-e509dadbbbbb","actor_username":"ajitkumarpes@gmail.com","actor_via_sso":false,"log_type":"token"}', '2026-03-14 19:43:19.480342+00', ''),
	('00000000-0000-0000-0000-000000000000', '9e250114-e5c8-44d5-b350-52055ece4586', '{"action":"token_refreshed","actor_id":"73904179-cca9-40ab-a2c4-e509dadbbbbb","actor_username":"ajitkumarpes@gmail.com","actor_via_sso":false,"log_type":"token"}', '2026-03-14 20:20:30.241247+00', ''),
	('00000000-0000-0000-0000-000000000000', '50b99381-5415-4087-b859-03349174daed', '{"action":"token_revoked","actor_id":"73904179-cca9-40ab-a2c4-e509dadbbbbb","actor_username":"ajitkumarpes@gmail.com","actor_via_sso":false,"log_type":"token"}', '2026-03-14 20:20:30.257467+00', ''),
	('00000000-0000-0000-0000-000000000000', '241e901e-4e42-4290-80c5-1e7fdab1d302', '{"action":"logout","actor_id":"73904179-cca9-40ab-a2c4-e509dadbbbbb","actor_username":"ajitkumarpes@gmail.com","actor_via_sso":false,"log_type":"account"}', '2026-03-15 08:33:37.370444+00', ''),
	('00000000-0000-0000-0000-000000000000', 'ba6359d1-207a-47c1-9949-a4f26842a8f1', '{"action":"user_recovery_requested","actor_id":"73904179-cca9-40ab-a2c4-e509dadbbbbb","actor_username":"ajitkumarpes@gmail.com","actor_via_sso":false,"log_type":"user"}', '2026-03-15 11:33:57.140444+00', ''),
	('00000000-0000-0000-0000-000000000000', '2e811489-031b-4607-9fc5-04cdf3e2f849', '{"action":"login","actor_id":"73904179-cca9-40ab-a2c4-e509dadbbbbb","actor_username":"ajitkumarpes@gmail.com","actor_via_sso":false,"log_type":"account"}', '2026-03-15 11:34:13.140156+00', ''),
	('00000000-0000-0000-0000-000000000000', 'e85baa4e-8532-4405-9e2d-06e77d50ddf0', '{"action":"user_recovery_requested","actor_id":"73904179-cca9-40ab-a2c4-e509dadbbbbb","actor_username":"ajitkumarpes@gmail.com","actor_via_sso":false,"log_type":"user"}', '2026-03-15 12:55:38.193534+00', ''),
	('00000000-0000-0000-0000-000000000000', '91bd8c7c-3587-434d-a11e-d4392c384aab', '{"action":"login","actor_id":"73904179-cca9-40ab-a2c4-e509dadbbbbb","actor_username":"ajitkumarpes@gmail.com","actor_via_sso":false,"log_type":"account"}', '2026-03-15 12:55:58.302006+00', ''),
	('00000000-0000-0000-0000-000000000000', 'f0244438-7981-4f41-8547-b5d2ac292f76', '{"action":"token_refreshed","actor_id":"73904179-cca9-40ab-a2c4-e509dadbbbbb","actor_username":"ajitkumarpes@gmail.com","actor_via_sso":false,"log_type":"token"}', '2026-03-16 11:32:31.732608+00', ''),
	('00000000-0000-0000-0000-000000000000', '83a12467-849d-4613-ba22-ae03b4190734', '{"action":"token_revoked","actor_id":"73904179-cca9-40ab-a2c4-e509dadbbbbb","actor_username":"ajitkumarpes@gmail.com","actor_via_sso":false,"log_type":"token"}', '2026-03-16 11:32:31.746455+00', ''),
	('00000000-0000-0000-0000-000000000000', '17af4f29-7e88-44f1-b7ff-9ee1e92106cc', '{"action":"user_recovery_requested","actor_id":"73904179-cca9-40ab-a2c4-e509dadbbbbb","actor_username":"ajitkumarpes@gmail.com","actor_via_sso":false,"log_type":"user"}', '2026-03-16 13:40:02.43709+00', ''),
	('00000000-0000-0000-0000-000000000000', '22065439-6d3d-4e30-a820-c5447dc3429f', '{"action":"login","actor_id":"73904179-cca9-40ab-a2c4-e509dadbbbbb","actor_username":"ajitkumarpes@gmail.com","actor_via_sso":false,"log_type":"account"}', '2026-03-16 13:40:13.996655+00', ''),
	('00000000-0000-0000-0000-000000000000', 'b8a257a0-02d7-4cdf-bc28-c6fd97689579', '{"action":"user_recovery_requested","actor_id":"73904179-cca9-40ab-a2c4-e509dadbbbbb","actor_username":"ajitkumarpes@gmail.com","actor_via_sso":false,"log_type":"user"}', '2026-03-16 17:23:17.792525+00', ''),
	('00000000-0000-0000-0000-000000000000', 'a69bf997-1f9e-4403-b126-6346f863fe4d', '{"action":"user_recovery_requested","actor_id":"d1e40c02-9978-46fd-875e-3989537af942","actor_username":"kbisht786@gmail.com","actor_via_sso":false,"log_type":"user"}', '2026-03-16 17:24:01.71462+00', ''),
	('00000000-0000-0000-0000-000000000000', '93cfd978-dda0-4b02-b9e8-5322c0db5469', '{"action":"login","actor_id":"d1e40c02-9978-46fd-875e-3989537af942","actor_username":"kbisht786@gmail.com","actor_via_sso":false,"log_type":"account"}', '2026-03-16 17:24:13.503465+00', ''),
	('00000000-0000-0000-0000-000000000000', '003a90e3-6545-4ced-bb66-a052a12c0d7b', '{"action":"logout","actor_id":"d1e40c02-9978-46fd-875e-3989537af942","actor_username":"kbisht786@gmail.com","actor_via_sso":false,"log_type":"account"}', '2026-03-16 17:34:23.156345+00', ''),
	('00000000-0000-0000-0000-000000000000', 'e0a66dbf-52d1-4cf5-a0a9-50c88db4458d', '{"action":"user_confirmation_requested","actor_id":"64847cf8-136b-445d-b34b-fe6e18a6d020","actor_username":"bistkapil1988@gmail.com","actor_via_sso":false,"log_type":"user","traits":{"provider":"email"}}', '2026-03-16 17:34:38.749074+00', ''),
	('00000000-0000-0000-0000-000000000000', 'c790fba5-3956-40b7-91f3-da99980f34d3', '{"action":"user_signedup","actor_id":"64847cf8-136b-445d-b34b-fe6e18a6d020","actor_username":"bistkapil1988@gmail.com","actor_via_sso":false,"log_type":"team","traits":{"provider":"email"}}', '2026-03-16 17:34:48.672238+00', ''),
	('00000000-0000-0000-0000-000000000000', '127cfb80-fb36-4648-bb6e-68a9621f59c0', '{"action":"user_recovery_requested","actor_id":"d1e40c02-9978-46fd-875e-3989537af942","actor_username":"kbisht786@gmail.com","actor_via_sso":false,"log_type":"user"}', '2026-03-16 17:52:01.37158+00', ''),
	('00000000-0000-0000-0000-000000000000', '1e6db27b-3a76-46c3-aeb5-5911880711d2', '{"action":"login","actor_id":"d1e40c02-9978-46fd-875e-3989537af942","actor_username":"kbisht786@gmail.com","actor_via_sso":false,"log_type":"account"}', '2026-03-16 17:55:48.095599+00', ''),
	('00000000-0000-0000-0000-000000000000', '578dd527-d2d9-42ad-972d-0cf2c35076f8', '{"action":"user_recovery_requested","actor_id":"d1e40c02-9978-46fd-875e-3989537af942","actor_username":"kbisht786@gmail.com","actor_via_sso":false,"log_type":"user"}', '2026-03-16 17:58:01.270842+00', ''),
	('00000000-0000-0000-0000-000000000000', 'daf1fa5d-cfa8-4af0-8227-66ab0ade6a0d', '{"action":"login","actor_id":"d1e40c02-9978-46fd-875e-3989537af942","actor_username":"kbisht786@gmail.com","actor_via_sso":false,"log_type":"account"}', '2026-03-16 17:58:14.252283+00', ''),
	('00000000-0000-0000-0000-000000000000', '2ba2f09d-cae3-415a-bd4b-40d0de7c08d8', '{"action":"logout","actor_id":"d1e40c02-9978-46fd-875e-3989537af942","actor_username":"kbisht786@gmail.com","actor_via_sso":false,"log_type":"account"}', '2026-03-16 18:06:46.26798+00', ''),
	('00000000-0000-0000-0000-000000000000', '03b82aed-4f4e-4362-968d-282ffa7642fe', '{"action":"user_recovery_requested","actor_id":"d1e40c02-9978-46fd-875e-3989537af942","actor_username":"kbisht786@gmail.com","actor_via_sso":false,"log_type":"user"}', '2026-03-16 18:07:02.885074+00', ''),
	('00000000-0000-0000-0000-000000000000', '3b4f3ca4-3343-462d-bd9d-fd6e6da4c76b', '{"action":"login","actor_id":"d1e40c02-9978-46fd-875e-3989537af942","actor_username":"kbisht786@gmail.com","actor_via_sso":false,"log_type":"account"}', '2026-03-16 18:07:16.648185+00', ''),
	('00000000-0000-0000-0000-000000000000', 'b4ad1146-5ca5-47dc-b133-e8bbe0a1a81b', '{"action":"logout","actor_id":"d1e40c02-9978-46fd-875e-3989537af942","actor_username":"kbisht786@gmail.com","actor_via_sso":false,"log_type":"account"}', '2026-03-16 18:07:35.217717+00', ''),
	('00000000-0000-0000-0000-000000000000', '1ded6e0f-0bba-4fb9-b17d-ed2ebcb202f4', '{"action":"user_recovery_requested","actor_id":"64847cf8-136b-445d-b34b-fe6e18a6d020","actor_username":"bistkapil1988@gmail.com","actor_via_sso":false,"log_type":"user"}', '2026-03-16 18:07:42.436895+00', ''),
	('00000000-0000-0000-0000-000000000000', '9c407327-f225-4328-9d5b-379ba801cbf8', '{"action":"login","actor_id":"64847cf8-136b-445d-b34b-fe6e18a6d020","actor_username":"bistkapil1988@gmail.com","actor_via_sso":false,"log_type":"account"}', '2026-03-16 18:07:52.394281+00', ''),
	('00000000-0000-0000-0000-000000000000', '759344ce-f796-46dd-b8a3-ca6ff6e99631', '{"action":"logout","actor_id":"64847cf8-136b-445d-b34b-fe6e18a6d020","actor_username":"bistkapil1988@gmail.com","actor_via_sso":false,"log_type":"account"}', '2026-03-16 18:12:47.552821+00', ''),
	('00000000-0000-0000-0000-000000000000', '33162133-6e5a-4e35-b273-9c918c3f556b', '{"action":"user_recovery_requested","actor_id":"64847cf8-136b-445d-b34b-fe6e18a6d020","actor_username":"bistkapil1988@gmail.com","actor_via_sso":false,"log_type":"user"}', '2026-03-16 18:14:23.617615+00', ''),
	('00000000-0000-0000-0000-000000000000', '5058bda3-6ccb-454a-886b-eac82c4699f3', '{"action":"login","actor_id":"64847cf8-136b-445d-b34b-fe6e18a6d020","actor_username":"bistkapil1988@gmail.com","actor_via_sso":false,"log_type":"account"}', '2026-03-16 18:14:42.522409+00', ''),
	('00000000-0000-0000-0000-000000000000', '9586196f-be3b-4e46-852c-268d7c4fa97d', '{"action":"logout","actor_id":"64847cf8-136b-445d-b34b-fe6e18a6d020","actor_username":"bistkapil1988@gmail.com","actor_via_sso":false,"log_type":"account"}', '2026-03-16 18:16:26.230128+00', ''),
	('00000000-0000-0000-0000-000000000000', 'd4c327d4-e5ed-4bf7-88c7-d6fda2f8666c', '{"action":"user_recovery_requested","actor_id":"64847cf8-136b-445d-b34b-fe6e18a6d020","actor_username":"bistkapil1988@gmail.com","actor_via_sso":false,"log_type":"user"}', '2026-03-16 18:18:59.640157+00', ''),
	('00000000-0000-0000-0000-000000000000', '10d8a33b-6a71-4f75-ba85-a9a0309ff551', '{"action":"login","actor_id":"64847cf8-136b-445d-b34b-fe6e18a6d020","actor_username":"bistkapil1988@gmail.com","actor_via_sso":false,"log_type":"account"}', '2026-03-16 18:19:12.858754+00', ''),
	('00000000-0000-0000-0000-000000000000', '69594637-4b5f-42b9-a3ca-85c494fd1c7e', '{"action":"logout","actor_id":"64847cf8-136b-445d-b34b-fe6e18a6d020","actor_username":"bistkapil1988@gmail.com","actor_via_sso":false,"log_type":"account"}', '2026-03-16 18:21:00.291627+00', ''),
	('00000000-0000-0000-0000-000000000000', '47c9d3af-8d3b-486a-a5b0-eedc02b508e8', '{"action":"user_signedup","actor_id":"0b2d11e5-c5ed-4999-ac4e-68137e4eb368","actor_username":"hr.vaiyu@gmail.com","actor_via_sso":false,"log_type":"team","traits":{"provider":"email"}}', '2026-03-16 18:21:14.363674+00', ''),
	('00000000-0000-0000-0000-000000000000', 'e22fed77-78d1-42a3-b30f-d4fafda86b1e', '{"action":"logout","actor_id":"0b2d11e5-c5ed-4999-ac4e-68137e4eb368","actor_username":"hr.vaiyu@gmail.com","actor_via_sso":false,"log_type":"account"}', '2026-03-16 18:22:32.426775+00', ''),
	('00000000-0000-0000-0000-000000000000', '8995983d-dc30-4b21-a1b6-ecc30e07495a', '{"action":"user_recovery_requested","actor_id":"64847cf8-136b-445d-b34b-fe6e18a6d020","actor_username":"bistkapil1988@gmail.com","actor_via_sso":false,"log_type":"user"}', '2026-03-16 18:22:39.357139+00', ''),
	('00000000-0000-0000-0000-000000000000', '1b1ebaa8-74da-4063-add9-95820e4050dc', '{"action":"login","actor_id":"64847cf8-136b-445d-b34b-fe6e18a6d020","actor_username":"bistkapil1988@gmail.com","actor_via_sso":false,"log_type":"account"}', '2026-03-16 18:22:55.922439+00', ''),
	('00000000-0000-0000-0000-000000000000', '93f856a1-62f9-4cea-bd1c-b5f7639b4961', '{"action":"user_recovery_requested","actor_id":"0b2d11e5-c5ed-4999-ac4e-68137e4eb368","actor_username":"hr.vaiyu@gmail.com","actor_via_sso":false,"log_type":"user"}', '2026-03-16 18:24:56.996689+00', ''),
	('00000000-0000-0000-0000-000000000000', '61fcd4de-c66e-43b3-959c-cfb293b567dc', '{"action":"login","actor_id":"0b2d11e5-c5ed-4999-ac4e-68137e4eb368","actor_username":"hr.vaiyu@gmail.com","actor_via_sso":false,"log_type":"account"}', '2026-03-16 18:25:06.211163+00', ''),
	('00000000-0000-0000-0000-000000000000', 'd56b8482-79b5-4b0d-a818-3c79f044dabd', '{"action":"user_recovery_requested","actor_id":"0b2d11e5-c5ed-4999-ac4e-68137e4eb368","actor_username":"hr.vaiyu@gmail.com","actor_via_sso":false,"log_type":"user"}', '2026-03-16 18:31:58.021972+00', ''),
	('00000000-0000-0000-0000-000000000000', 'bfe69324-b980-4264-8f8c-efb7281a43b3', '{"action":"login","actor_id":"0b2d11e5-c5ed-4999-ac4e-68137e4eb368","actor_username":"hr.vaiyu@gmail.com","actor_via_sso":false,"log_type":"account"}', '2026-03-16 18:32:08.070502+00', ''),
	('00000000-0000-0000-0000-000000000000', '40903b96-cce4-4a1c-955f-b88b912b9e39', '{"action":"logout","actor_id":"0b2d11e5-c5ed-4999-ac4e-68137e4eb368","actor_username":"hr.vaiyu@gmail.com","actor_via_sso":false,"log_type":"account"}', '2026-03-16 19:01:02.206125+00', ''),
	('00000000-0000-0000-0000-000000000000', '9b2b03ed-690c-4ca9-8ac1-2828b800d8db', '{"action":"user_recovery_requested","actor_id":"0b2d11e5-c5ed-4999-ac4e-68137e4eb368","actor_username":"hr.vaiyu@gmail.com","actor_via_sso":false,"log_type":"user"}', '2026-03-16 19:01:06.911649+00', ''),
	('00000000-0000-0000-0000-000000000000', '2fcad285-4d26-4edb-95ee-127fed7d2d66', '{"action":"login","actor_id":"0b2d11e5-c5ed-4999-ac4e-68137e4eb368","actor_username":"hr.vaiyu@gmail.com","actor_via_sso":false,"log_type":"account"}', '2026-03-16 19:01:23.60072+00', ''),
	('00000000-0000-0000-0000-000000000000', 'ed6b0c84-9ac8-4515-a475-633aa657d89e', '{"action":"token_refreshed","actor_id":"73904179-cca9-40ab-a2c4-e509dadbbbbb","actor_username":"ajitkumarpes@gmail.com","actor_via_sso":false,"log_type":"token"}', '2026-03-17 19:17:12.805082+00', ''),
	('00000000-0000-0000-0000-000000000000', '5dae5c94-a2d5-468c-856e-b9321c16d979', '{"action":"token_revoked","actor_id":"73904179-cca9-40ab-a2c4-e509dadbbbbb","actor_username":"ajitkumarpes@gmail.com","actor_via_sso":false,"log_type":"token"}', '2026-03-17 19:17:12.818498+00', ''),
	('00000000-0000-0000-0000-000000000000', 'b2c06f79-af47-4da2-a221-b761054e8982', '{"action":"token_refreshed","actor_id":"73904179-cca9-40ab-a2c4-e509dadbbbbb","actor_username":"ajitkumarpes@gmail.com","actor_via_sso":false,"log_type":"token"}', '2026-03-17 20:48:55.952533+00', ''),
	('00000000-0000-0000-0000-000000000000', 'deac0e99-5b73-4b72-a684-c83429f50599', '{"action":"token_revoked","actor_id":"73904179-cca9-40ab-a2c4-e509dadbbbbb","actor_username":"ajitkumarpes@gmail.com","actor_via_sso":false,"log_type":"token"}', '2026-03-17 20:48:55.973065+00', ''),
	('00000000-0000-0000-0000-000000000000', '7a858afc-a46b-4e13-89e9-473b1129ba9f', '{"action":"token_refreshed","actor_id":"64847cf8-136b-445d-b34b-fe6e18a6d020","actor_username":"bistkapil1988@gmail.com","actor_via_sso":false,"log_type":"token"}', '2026-03-18 03:03:32.575064+00', ''),
	('00000000-0000-0000-0000-000000000000', '0e50c32d-25db-4d0b-bd91-4bda7c2d6705', '{"action":"token_revoked","actor_id":"64847cf8-136b-445d-b34b-fe6e18a6d020","actor_username":"bistkapil1988@gmail.com","actor_via_sso":false,"log_type":"token"}', '2026-03-18 03:03:32.590085+00', ''),
	('00000000-0000-0000-0000-000000000000', '029bc880-a1a9-4bf2-aa8d-c6788ee3126d', '{"action":"token_refreshed","actor_id":"73904179-cca9-40ab-a2c4-e509dadbbbbb","actor_username":"ajitkumarpes@gmail.com","actor_via_sso":false,"log_type":"token"}', '2026-03-18 19:15:19.328367+00', ''),
	('00000000-0000-0000-0000-000000000000', 'cce74adb-ccb9-41e4-8f98-7aaff948e81c', '{"action":"token_revoked","actor_id":"73904179-cca9-40ab-a2c4-e509dadbbbbb","actor_username":"ajitkumarpes@gmail.com","actor_via_sso":false,"log_type":"token"}', '2026-03-18 19:15:19.347225+00', ''),
	('00000000-0000-0000-0000-000000000000', 'cce2b256-6deb-4afa-a15a-679b46bf3924', '{"action":"token_refreshed","actor_id":"73904179-cca9-40ab-a2c4-e509dadbbbbb","actor_username":"ajitkumarpes@gmail.com","actor_via_sso":false,"log_type":"token"}', '2026-03-19 10:54:03.495705+00', ''),
	('00000000-0000-0000-0000-000000000000', '9cffd4c9-79d0-408e-85af-fdffb78ce63e', '{"action":"token_revoked","actor_id":"73904179-cca9-40ab-a2c4-e509dadbbbbb","actor_username":"ajitkumarpes@gmail.com","actor_via_sso":false,"log_type":"token"}', '2026-03-19 10:54:03.513321+00', ''),
	('00000000-0000-0000-0000-000000000000', '71ee67f5-01a9-4f74-9294-149ebfc7eb41', '{"action":"token_refreshed","actor_id":"73904179-cca9-40ab-a2c4-e509dadbbbbb","actor_username":"ajitkumarpes@gmail.com","actor_via_sso":false,"log_type":"token"}', '2026-03-19 19:13:40.333926+00', ''),
	('00000000-0000-0000-0000-000000000000', 'fa75826e-e92c-4a6d-aa8e-79f76a9fd1ac', '{"action":"token_revoked","actor_id":"73904179-cca9-40ab-a2c4-e509dadbbbbb","actor_username":"ajitkumarpes@gmail.com","actor_via_sso":false,"log_type":"token"}', '2026-03-19 19:13:40.348581+00', ''),
	('00000000-0000-0000-0000-000000000000', 'eb146edb-356f-4ffb-acce-0d33f4321047', '{"action":"token_refreshed","actor_id":"73904179-cca9-40ab-a2c4-e509dadbbbbb","actor_username":"ajitkumarpes@gmail.com","actor_via_sso":false,"log_type":"token"}', '2026-03-20 19:23:39.885193+00', ''),
	('00000000-0000-0000-0000-000000000000', '41c3eab5-7f69-4c46-8695-6aeee1cc06c0', '{"action":"token_revoked","actor_id":"73904179-cca9-40ab-a2c4-e509dadbbbbb","actor_username":"ajitkumarpes@gmail.com","actor_via_sso":false,"log_type":"token"}', '2026-03-20 19:23:39.899386+00', ''),
	('00000000-0000-0000-0000-000000000000', '66447519-33bd-4912-9aaa-0303b527da5f', '{"action":"token_refreshed","actor_id":"73904179-cca9-40ab-a2c4-e509dadbbbbb","actor_username":"ajitkumarpes@gmail.com","actor_via_sso":false,"log_type":"token"}', '2026-03-21 19:22:12.58543+00', ''),
	('00000000-0000-0000-0000-000000000000', '96eb771d-bbbb-49d6-b34b-4a26109822ae', '{"action":"token_revoked","actor_id":"73904179-cca9-40ab-a2c4-e509dadbbbbb","actor_username":"ajitkumarpes@gmail.com","actor_via_sso":false,"log_type":"token"}', '2026-03-21 19:22:12.601772+00', ''),
	('00000000-0000-0000-0000-000000000000', '68201033-ee65-411a-920d-59239170ae69', '{"action":"token_refreshed","actor_id":"73904179-cca9-40ab-a2c4-e509dadbbbbb","actor_username":"ajitkumarpes@gmail.com","actor_via_sso":false,"log_type":"token"}', '2026-03-22 19:20:34.655566+00', ''),
	('00000000-0000-0000-0000-000000000000', 'c51bea7d-3e49-48bc-be11-81d783c9043c', '{"action":"token_revoked","actor_id":"73904179-cca9-40ab-a2c4-e509dadbbbbb","actor_username":"ajitkumarpes@gmail.com","actor_via_sso":false,"log_type":"token"}', '2026-03-22 19:20:34.669776+00', ''),
	('00000000-0000-0000-0000-000000000000', 'aeb35daf-3d18-4df0-81f0-3b9f8efcc9fd', '{"action":"token_refreshed","actor_id":"64847cf8-136b-445d-b34b-fe6e18a6d020","actor_username":"bistkapil1988@gmail.com","actor_via_sso":false,"log_type":"token"}', '2026-03-23 11:23:08.657981+00', ''),
	('00000000-0000-0000-0000-000000000000', 'f2ed43fc-9d6e-4735-baba-acaa0eb82f78', '{"action":"token_revoked","actor_id":"64847cf8-136b-445d-b34b-fe6e18a6d020","actor_username":"bistkapil1988@gmail.com","actor_via_sso":false,"log_type":"token"}', '2026-03-23 11:23:08.680725+00', ''),
	('00000000-0000-0000-0000-000000000000', '15c62388-4dd4-479f-8fa7-c99a6268468f', '{"action":"logout","actor_id":"64847cf8-136b-445d-b34b-fe6e18a6d020","actor_username":"bistkapil1988@gmail.com","actor_via_sso":false,"log_type":"account"}', '2026-03-23 11:23:58.912306+00', ''),
	('00000000-0000-0000-0000-000000000000', '6a8ffba4-9aa8-448d-b79b-1d96ef9f7918', '{"action":"user_recovery_requested","actor_id":"d1e40c02-9978-46fd-875e-3989537af942","actor_username":"kbisht786@gmail.com","actor_via_sso":false,"log_type":"user"}', '2026-03-23 11:24:04.431063+00', ''),
	('00000000-0000-0000-0000-000000000000', '3191cf1f-f674-4eb4-bec4-2d9ef1488404', '{"action":"login","actor_id":"d1e40c02-9978-46fd-875e-3989537af942","actor_username":"kbisht786@gmail.com","actor_via_sso":false,"log_type":"account"}', '2026-03-23 11:24:20.285754+00', ''),
	('00000000-0000-0000-0000-000000000000', '33d02634-4452-4210-bf1d-a453784b70bd', '{"action":"logout","actor_id":"d1e40c02-9978-46fd-875e-3989537af942","actor_username":"kbisht786@gmail.com","actor_via_sso":false,"log_type":"account"}', '2026-03-23 11:45:09.964598+00', ''),
	('00000000-0000-0000-0000-000000000000', '8823d01c-b70a-43d1-947d-bab3e18ec6bd', '{"action":"user_recovery_requested","actor_id":"64847cf8-136b-445d-b34b-fe6e18a6d020","actor_username":"bistkapil1988@gmail.com","actor_via_sso":false,"log_type":"user"}', '2026-03-23 11:45:47.906129+00', ''),
	('00000000-0000-0000-0000-000000000000', 'c729e70f-6220-4577-9dd8-44fb1db07fad', '{"action":"login","actor_id":"64847cf8-136b-445d-b34b-fe6e18a6d020","actor_username":"bistkapil1988@gmail.com","actor_via_sso":false,"log_type":"account"}', '2026-03-23 11:46:01.048764+00', ''),
	('00000000-0000-0000-0000-000000000000', '34406ffb-d73a-426e-a386-ece687e262e0', '{"action":"logout","actor_id":"64847cf8-136b-445d-b34b-fe6e18a6d020","actor_username":"bistkapil1988@gmail.com","actor_via_sso":false,"log_type":"account"}', '2026-03-23 11:51:48.24947+00', ''),
	('00000000-0000-0000-0000-000000000000', '694b3445-e6d3-492b-957a-e5088774f5b1', '{"action":"user_recovery_requested","actor_id":"64847cf8-136b-445d-b34b-fe6e18a6d020","actor_username":"bistkapil1988@gmail.com","actor_via_sso":false,"log_type":"user"}', '2026-03-23 11:52:05.282013+00', ''),
	('00000000-0000-0000-0000-000000000000', '450a00c5-5250-4f40-afa5-4174cfc8b97d', '{"action":"login","actor_id":"64847cf8-136b-445d-b34b-fe6e18a6d020","actor_username":"bistkapil1988@gmail.com","actor_via_sso":false,"log_type":"account"}', '2026-03-23 11:52:19.127391+00', ''),
	('00000000-0000-0000-0000-000000000000', 'c823c23f-9e51-438d-bfe0-2f415401aff1', '{"action":"logout","actor_id":"64847cf8-136b-445d-b34b-fe6e18a6d020","actor_username":"bistkapil1988@gmail.com","actor_via_sso":false,"log_type":"account"}', '2026-03-23 11:59:27.383679+00', ''),
	('00000000-0000-0000-0000-000000000000', 'ecb35021-8a81-43d4-b904-597cad401343', '{"action":"user_recovery_requested","actor_id":"64847cf8-136b-445d-b34b-fe6e18a6d020","actor_username":"bistkapil1988@gmail.com","actor_via_sso":false,"log_type":"user"}', '2026-03-23 12:06:01.819907+00', ''),
	('00000000-0000-0000-0000-000000000000', '8f59016a-0703-4db8-91f5-7a52c1375178', '{"action":"login","actor_id":"64847cf8-136b-445d-b34b-fe6e18a6d020","actor_username":"bistkapil1988@gmail.com","actor_via_sso":false,"log_type":"account"}', '2026-03-23 12:06:17.987577+00', ''),
	('00000000-0000-0000-0000-000000000000', '09e4c7f8-2ffd-4dd4-b297-eb9bf09f440e', '{"action":"logout","actor_id":"64847cf8-136b-445d-b34b-fe6e18a6d020","actor_username":"bistkapil1988@gmail.com","actor_via_sso":false,"log_type":"account"}', '2026-03-23 12:08:22.932488+00', ''),
	('00000000-0000-0000-0000-000000000000', '7cec8ed4-bbad-4769-ae01-33411147a805', '{"action":"user_confirmation_requested","actor_id":"e50f31d7-b7aa-4bc5-b311-36ea3d5a45db","actor_username":"artijaraut711@gmail.com","actor_via_sso":false,"log_type":"user","traits":{"provider":"email"}}', '2026-03-23 12:08:49.016018+00', ''),
	('00000000-0000-0000-0000-000000000000', '37269ec2-1c13-4d80-b17e-6a3790ca7733', '{"action":"user_signedup","actor_id":"e50f31d7-b7aa-4bc5-b311-36ea3d5a45db","actor_username":"artijaraut711@gmail.com","actor_via_sso":false,"log_type":"team","traits":{"provider":"email"}}', '2026-03-23 12:09:37.702801+00', ''),
	('00000000-0000-0000-0000-000000000000', '7cbfc409-ee24-41da-b341-78763b4de425', '{"action":"logout","actor_id":"e50f31d7-b7aa-4bc5-b311-36ea3d5a45db","actor_username":"artijaraut711@gmail.com","actor_via_sso":false,"log_type":"account"}', '2026-03-23 12:11:38.051387+00', ''),
	('00000000-0000-0000-0000-000000000000', '91ecc0b5-dc33-47d7-8e7e-e5b4c5f958b9', '{"action":"user_recovery_requested","actor_id":"64847cf8-136b-445d-b34b-fe6e18a6d020","actor_username":"bistkapil1988@gmail.com","actor_via_sso":false,"log_type":"user"}', '2026-03-23 12:11:56.195817+00', ''),
	('00000000-0000-0000-0000-000000000000', '1d8aca6b-5414-432f-adfb-b928bd08f2df', '{"action":"login","actor_id":"64847cf8-136b-445d-b34b-fe6e18a6d020","actor_username":"bistkapil1988@gmail.com","actor_via_sso":false,"log_type":"account"}', '2026-03-23 12:12:28.550534+00', ''),
	('00000000-0000-0000-0000-000000000000', 'e6cb0c01-373f-44c9-9105-4484eedb6cc8', '{"action":"logout","actor_id":"64847cf8-136b-445d-b34b-fe6e18a6d020","actor_username":"bistkapil1988@gmail.com","actor_via_sso":false,"log_type":"account"}', '2026-03-23 12:27:32.321686+00', ''),
	('00000000-0000-0000-0000-000000000000', '8f33e44d-2985-495e-a404-2d1a70864f79', '{"action":"user_recovery_requested","actor_id":"e50f31d7-b7aa-4bc5-b311-36ea3d5a45db","actor_username":"artijaraut711@gmail.com","actor_via_sso":false,"log_type":"user"}', '2026-03-23 12:27:38.782864+00', ''),
	('00000000-0000-0000-0000-000000000000', 'd6d214d1-ae82-4314-baa0-7380fef7c8ba', '{"action":"login","actor_id":"e50f31d7-b7aa-4bc5-b311-36ea3d5a45db","actor_username":"artijaraut711@gmail.com","actor_via_sso":false,"log_type":"account"}', '2026-03-23 12:28:25.944943+00', ''),
	('00000000-0000-0000-0000-000000000000', '05286190-e8c1-44d2-be59-df94370bbd62', '{"action":"logout","actor_id":"e50f31d7-b7aa-4bc5-b311-36ea3d5a45db","actor_username":"artijaraut711@gmail.com","actor_via_sso":false,"log_type":"account"}', '2026-03-23 12:33:32.692276+00', ''),
	('00000000-0000-0000-0000-000000000000', '0cf161a7-a864-41f7-b8ba-1fa7b6c80141', '{"action":"user_recovery_requested","actor_id":"64847cf8-136b-445d-b34b-fe6e18a6d020","actor_username":"bistkapil1988@gmail.com","actor_via_sso":false,"log_type":"user"}', '2026-03-23 12:33:38.874131+00', ''),
	('00000000-0000-0000-0000-000000000000', '910621fe-4e7c-4526-b55e-1dd1b4ee037f', '{"action":"login","actor_id":"64847cf8-136b-445d-b34b-fe6e18a6d020","actor_username":"bistkapil1988@gmail.com","actor_via_sso":false,"log_type":"account"}', '2026-03-23 12:34:00.896535+00', ''),
	('00000000-0000-0000-0000-000000000000', '096bb1cd-5fe6-4561-99b3-a80427fac4ba', '{"action":"logout","actor_id":"64847cf8-136b-445d-b34b-fe6e18a6d020","actor_username":"bistkapil1988@gmail.com","actor_via_sso":false,"log_type":"account"}', '2026-03-23 13:05:46.569043+00', ''),
	('00000000-0000-0000-0000-000000000000', '1bc69701-4d91-4b26-a09d-8af82f302601', '{"action":"user_recovery_requested","actor_id":"e50f31d7-b7aa-4bc5-b311-36ea3d5a45db","actor_username":"artijaraut711@gmail.com","actor_via_sso":false,"log_type":"user"}', '2026-03-23 13:06:31.817351+00', ''),
	('00000000-0000-0000-0000-000000000000', 'e705eb0c-2e24-4c63-8d56-6e5b8606e028', '{"action":"login","actor_id":"e50f31d7-b7aa-4bc5-b311-36ea3d5a45db","actor_username":"artijaraut711@gmail.com","actor_via_sso":false,"log_type":"account"}', '2026-03-23 13:07:42.155815+00', ''),
	('00000000-0000-0000-0000-000000000000', 'e056d865-89cd-4c1c-9954-65ec9138de5c', '{"action":"logout","actor_id":"e50f31d7-b7aa-4bc5-b311-36ea3d5a45db","actor_username":"artijaraut711@gmail.com","actor_via_sso":false,"log_type":"account"}', '2026-03-23 13:11:13.192267+00', ''),
	('00000000-0000-0000-0000-000000000000', '287980a0-7e4d-471c-83d9-56fcf9a18bf5', '{"action":"user_recovery_requested","actor_id":"64847cf8-136b-445d-b34b-fe6e18a6d020","actor_username":"bistkapil1988@gmail.com","actor_via_sso":false,"log_type":"user"}', '2026-03-23 13:11:19.60245+00', ''),
	('00000000-0000-0000-0000-000000000000', 'bedd5289-6700-4dc2-bc43-f18a27acd3b5', '{"action":"login","actor_id":"64847cf8-136b-445d-b34b-fe6e18a6d020","actor_username":"bistkapil1988@gmail.com","actor_via_sso":false,"log_type":"account"}', '2026-03-23 13:11:29.752052+00', ''),
	('00000000-0000-0000-0000-000000000000', 'a014944c-7f64-49b5-9c43-29840c714bce', '{"action":"token_refreshed","actor_id":"73904179-cca9-40ab-a2c4-e509dadbbbbb","actor_username":"ajitkumarpes@gmail.com","actor_via_sso":false,"log_type":"token"}', '2026-03-23 19:18:43.89497+00', ''),
	('00000000-0000-0000-0000-000000000000', '38a2333d-c57e-476e-bc1d-9d0f66c4730d', '{"action":"token_revoked","actor_id":"73904179-cca9-40ab-a2c4-e509dadbbbbb","actor_username":"ajitkumarpes@gmail.com","actor_via_sso":false,"log_type":"token"}', '2026-03-23 19:18:43.912744+00', ''),
	('00000000-0000-0000-0000-000000000000', '1f8f1621-c8c6-4a0f-9ea9-1563e709abad', '{"action":"logout","actor_id":"73904179-cca9-40ab-a2c4-e509dadbbbbb","actor_username":"ajitkumarpes@gmail.com","actor_via_sso":false,"log_type":"account"}', '2026-03-24 18:54:20.244999+00', ''),
	('00000000-0000-0000-0000-000000000000', '97aac108-662d-4f9b-8bfd-bc5455043403', '{"action":"user_recovery_requested","actor_id":"73904179-cca9-40ab-a2c4-e509dadbbbbb","actor_username":"ajitkumarpes@gmail.com","actor_via_sso":false,"log_type":"user"}', '2026-03-25 09:15:52.923721+00', ''),
	('00000000-0000-0000-0000-000000000000', '7b29d9fc-83b7-405c-a617-c59bb3a83c2e', '{"action":"login","actor_id":"73904179-cca9-40ab-a2c4-e509dadbbbbb","actor_username":"ajitkumarpes@gmail.com","actor_via_sso":false,"log_type":"account"}', '2026-03-25 09:16:09.797447+00', ''),
	('00000000-0000-0000-0000-000000000000', '98672dd2-3d2a-415f-94de-8633ae01d293', '{"action":"token_refreshed","actor_id":"73904179-cca9-40ab-a2c4-e509dadbbbbb","actor_username":"ajitkumarpes@gmail.com","actor_via_sso":false,"log_type":"token"}', '2026-03-27 07:43:29.285687+00', ''),
	('00000000-0000-0000-0000-000000000000', 'aac52e21-6092-4b4e-b5b4-fdfd497a8f8e', '{"action":"token_revoked","actor_id":"73904179-cca9-40ab-a2c4-e509dadbbbbb","actor_username":"ajitkumarpes@gmail.com","actor_via_sso":false,"log_type":"token"}', '2026-03-27 07:43:29.30289+00', ''),
	('00000000-0000-0000-0000-000000000000', 'ec88bfd8-7280-48eb-92df-5d62d5410b04', '{"action":"token_refreshed","actor_id":"64847cf8-136b-445d-b34b-fe6e18a6d020","actor_username":"bistkapil1988@gmail.com","actor_via_sso":false,"log_type":"token"}', '2026-03-29 17:06:39.618341+00', ''),
	('00000000-0000-0000-0000-000000000000', '1cc06f1a-1893-4f23-8450-0187e7c43167', '{"action":"token_revoked","actor_id":"64847cf8-136b-445d-b34b-fe6e18a6d020","actor_username":"bistkapil1988@gmail.com","actor_via_sso":false,"log_type":"token"}', '2026-03-29 17:06:39.637874+00', ''),
	('00000000-0000-0000-0000-000000000000', '485879d8-50e1-457a-b3bc-766432ef3722', '{"action":"logout","actor_id":"64847cf8-136b-445d-b34b-fe6e18a6d020","actor_username":"bistkapil1988@gmail.com","actor_via_sso":false,"log_type":"account"}', '2026-03-29 17:06:49.76204+00', ''),
	('00000000-0000-0000-0000-000000000000', '27da00b4-3ce2-407b-a512-d4ca5c97f57c', '{"action":"user_recovery_requested","actor_id":"9540608e-bfc6-4600-8430-c8f59ad423bf","actor_username":"kamal.bisht.1010@gmail.com","actor_via_sso":false,"log_type":"user"}', '2026-03-29 17:07:02.206421+00', ''),
	('00000000-0000-0000-0000-000000000000', '36ca07f5-bd2b-4469-a473-a6f03c19d927', '{"action":"login","actor_id":"9540608e-bfc6-4600-8430-c8f59ad423bf","actor_username":"kamal.bisht.1010@gmail.com","actor_via_sso":false,"log_type":"account"}', '2026-03-29 17:07:55.498706+00', ''),
	('00000000-0000-0000-0000-000000000000', 'cfb23d52-ab73-4487-8942-6223d6f9d455', '{"action":"user_recovery_requested","actor_id":"d1e40c02-9978-46fd-875e-3989537af942","actor_username":"kbisht786@gmail.com","actor_via_sso":false,"log_type":"user"}', '2026-03-29 17:08:20.05448+00', ''),
	('00000000-0000-0000-0000-000000000000', 'bed1f877-a711-4b77-a194-1899bf0a3656', '{"action":"login","actor_id":"d1e40c02-9978-46fd-875e-3989537af942","actor_username":"kbisht786@gmail.com","actor_via_sso":false,"log_type":"account"}', '2026-03-29 17:08:32.127219+00', ''),
	('00000000-0000-0000-0000-000000000000', 'b1692a0a-0bf8-48d7-81bb-1199008afcc5', '{"action":"logout","actor_id":"d1e40c02-9978-46fd-875e-3989537af942","actor_username":"kbisht786@gmail.com","actor_via_sso":false,"log_type":"account"}', '2026-03-29 17:31:33.572953+00', ''),
	('00000000-0000-0000-0000-000000000000', 'b6e761ae-b0d7-4625-8c83-5fd140329721', '{"action":"user_recovery_requested","actor_id":"64847cf8-136b-445d-b34b-fe6e18a6d020","actor_username":"bistkapil1988@gmail.com","actor_via_sso":false,"log_type":"user"}', '2026-03-29 17:31:39.671623+00', ''),
	('00000000-0000-0000-0000-000000000000', '51be9321-15d3-4639-9fbc-056fba256018', '{"action":"login","actor_id":"64847cf8-136b-445d-b34b-fe6e18a6d020","actor_username":"bistkapil1988@gmail.com","actor_via_sso":false,"log_type":"account"}', '2026-03-29 17:31:53.968952+00', ''),
	('00000000-0000-0000-0000-000000000000', '05e3aab0-06e5-4ec2-a16c-33fa46bf4c3f', '{"action":"user_recovery_requested","actor_id":"e50f31d7-b7aa-4bc5-b311-36ea3d5a45db","actor_username":"artijaraut711@gmail.com","actor_via_sso":false,"log_type":"user"}', '2026-03-29 17:33:30.255456+00', ''),
	('00000000-0000-0000-0000-000000000000', '83847859-4243-400c-a9cb-f703034dcaa9', '{"action":"login","actor_id":"e50f31d7-b7aa-4bc5-b311-36ea3d5a45db","actor_username":"artijaraut711@gmail.com","actor_via_sso":false,"log_type":"account"}', '2026-03-29 17:33:49.209948+00', ''),
	('00000000-0000-0000-0000-000000000000', '40105483-e1b8-4cad-bc0a-b515b96462c4', '{"action":"user_recovery_requested","actor_id":"e50f31d7-b7aa-4bc5-b311-36ea3d5a45db","actor_username":"artijaraut711@gmail.com","actor_via_sso":false,"log_type":"user"}', '2026-03-29 17:45:03.481086+00', ''),
	('00000000-0000-0000-0000-000000000000', 'bfb4b6d3-d941-455a-bc51-869f7075a25c', '{"action":"login","actor_id":"e50f31d7-b7aa-4bc5-b311-36ea3d5a45db","actor_username":"artijaraut711@gmail.com","actor_via_sso":false,"log_type":"account"}', '2026-03-29 17:45:46.35159+00', ''),
	('00000000-0000-0000-0000-000000000000', '88f2a4c1-24f6-4c28-ab88-79f3c0afac9b', '{"action":"user_recovery_requested","actor_id":"9540608e-bfc6-4600-8430-c8f59ad423bf","actor_username":"kamal.bisht.1010@gmail.com","actor_via_sso":false,"log_type":"user"}', '2026-03-29 17:48:53.994275+00', ''),
	('00000000-0000-0000-0000-000000000000', '45e6c433-1f24-4127-b919-62c2aad256be', '{"action":"login","actor_id":"9540608e-bfc6-4600-8430-c8f59ad423bf","actor_username":"kamal.bisht.1010@gmail.com","actor_via_sso":false,"log_type":"account"}', '2026-03-29 17:49:05.366835+00', ''),
	('00000000-0000-0000-0000-000000000000', '387ab941-6800-4c4c-ae79-e2e61bfc1aca', '{"action":"user_recovery_requested","actor_id":"4a66c0ba-5b27-4562-8dd6-bd6a87b138bd","actor_username":"singhajit.br@gmail.com","actor_via_sso":false,"log_type":"user"}', '2026-03-30 18:51:30.196519+00', ''),
	('00000000-0000-0000-0000-000000000000', 'e00887d2-84ee-4f34-8979-f6e762547e55', '{"action":"login","actor_id":"4a66c0ba-5b27-4562-8dd6-bd6a87b138bd","actor_username":"singhajit.br@gmail.com","actor_via_sso":false,"log_type":"account"}', '2026-03-30 18:52:55.464168+00', ''),
	('00000000-0000-0000-0000-000000000000', '6c6b5123-6298-40ac-84bd-518dd080bd6c', '{"action":"user_recovery_requested","actor_id":"73904179-cca9-40ab-a2c4-e509dadbbbbb","actor_username":"ajitkumarpes@gmail.com","actor_via_sso":false,"log_type":"user"}', '2026-03-30 18:53:49.884818+00', ''),
	('00000000-0000-0000-0000-000000000000', 'e88f1e6e-44fb-4cb2-8def-8ae759417b14', '{"action":"login","actor_id":"73904179-cca9-40ab-a2c4-e509dadbbbbb","actor_username":"ajitkumarpes@gmail.com","actor_via_sso":false,"log_type":"account"}', '2026-03-30 18:54:55.975685+00', ''),
	('00000000-0000-0000-0000-000000000000', '6d97cdb2-9b3c-4d8a-b25c-3e728910d281', '{"action":"user_recovery_requested","actor_id":"4a66c0ba-5b27-4562-8dd6-bd6a87b138bd","actor_username":"singhajit.br@gmail.com","actor_via_sso":false,"log_type":"user"}', '2026-03-30 19:01:01.853445+00', ''),
	('00000000-0000-0000-0000-000000000000', '2ea6eafd-a1e8-4314-8d44-12b7d226f8cd', '{"action":"login","actor_id":"4a66c0ba-5b27-4562-8dd6-bd6a87b138bd","actor_username":"singhajit.br@gmail.com","actor_via_sso":false,"log_type":"account"}', '2026-03-30 19:01:20.31007+00', ''),
	('00000000-0000-0000-0000-000000000000', '54563cef-d01f-4aff-9b1a-305751139e1f', '{"action":"token_refreshed","actor_id":"73904179-cca9-40ab-a2c4-e509dadbbbbb","actor_username":"ajitkumarpes@gmail.com","actor_via_sso":false,"log_type":"token"}', '2026-03-31 15:42:28.984382+00', ''),
	('00000000-0000-0000-0000-000000000000', '83abf9eb-d63d-42f9-9a8a-d53462493162', '{"action":"token_revoked","actor_id":"73904179-cca9-40ab-a2c4-e509dadbbbbb","actor_username":"ajitkumarpes@gmail.com","actor_via_sso":false,"log_type":"token"}', '2026-03-31 15:42:29.002286+00', ''),
	('00000000-0000-0000-0000-000000000000', 'b1dbbd4f-3f47-48c5-95c0-4c8427fa66e1', '{"action":"token_refreshed","actor_id":"73904179-cca9-40ab-a2c4-e509dadbbbbb","actor_username":"ajitkumarpes@gmail.com","actor_via_sso":false,"log_type":"token"}', '2026-03-31 20:54:21.164279+00', ''),
	('00000000-0000-0000-0000-000000000000', 'a0f5f659-8991-4242-ae93-85f16806e115', '{"action":"token_revoked","actor_id":"73904179-cca9-40ab-a2c4-e509dadbbbbb","actor_username":"ajitkumarpes@gmail.com","actor_via_sso":false,"log_type":"token"}', '2026-03-31 20:54:21.186965+00', ''),
	('00000000-0000-0000-0000-000000000000', 'ac9e99bd-5546-41d6-a0ca-40a184342427', '{"action":"token_refreshed","actor_id":"4a66c0ba-5b27-4562-8dd6-bd6a87b138bd","actor_username":"singhajit.br@gmail.com","actor_via_sso":false,"log_type":"token"}', '2026-03-31 22:02:24.458734+00', ''),
	('00000000-0000-0000-0000-000000000000', '02a0b13a-3a16-4d39-9e8c-e6d397c4b8b2', '{"action":"token_revoked","actor_id":"4a66c0ba-5b27-4562-8dd6-bd6a87b138bd","actor_username":"singhajit.br@gmail.com","actor_via_sso":false,"log_type":"token"}', '2026-03-31 22:02:24.472869+00', ''),
	('00000000-0000-0000-0000-000000000000', '72d46186-2940-4e1e-ad7d-e8047e2ad105', '{"action":"logout","actor_id":"4a66c0ba-5b27-4562-8dd6-bd6a87b138bd","actor_username":"singhajit.br@gmail.com","actor_via_sso":false,"log_type":"account"}', '2026-03-31 22:02:24.714121+00', ''),
	('00000000-0000-0000-0000-000000000000', '8e0b8993-c20c-44ec-864c-d99e7d93c066', '{"action":"token_refreshed","actor_id":"73904179-cca9-40ab-a2c4-e509dadbbbbb","actor_username":"ajitkumarpes@gmail.com","actor_via_sso":false,"log_type":"token"}', '2026-04-02 06:53:57.750283+00', ''),
	('00000000-0000-0000-0000-000000000000', '940ac60f-f389-4556-8a86-91121e6104c8', '{"action":"token_revoked","actor_id":"73904179-cca9-40ab-a2c4-e509dadbbbbb","actor_username":"ajitkumarpes@gmail.com","actor_via_sso":false,"log_type":"token"}', '2026-04-02 06:53:57.780167+00', ''),
	('00000000-0000-0000-0000-000000000000', '1eb42e2a-b8c5-4593-be27-dad2f1be922a', '{"action":"user_recovery_requested","actor_id":"73904179-cca9-40ab-a2c4-e509dadbbbbb","actor_username":"ajitkumarpes@gmail.com","actor_via_sso":false,"log_type":"user"}', '2026-04-03 05:08:57.836881+00', ''),
	('00000000-0000-0000-0000-000000000000', 'c9f81598-e7ac-41e1-8bd9-a8040c96334f', '{"action":"login","actor_id":"73904179-cca9-40ab-a2c4-e509dadbbbbb","actor_username":"ajitkumarpes@gmail.com","actor_via_sso":false,"log_type":"account"}', '2026-04-03 05:09:22.571957+00', ''),
	('00000000-0000-0000-0000-000000000000', 'f7e9d421-3fe0-4996-b8c6-c1a23bfe9fe3', '{"action":"token_refreshed","actor_id":"73904179-cca9-40ab-a2c4-e509dadbbbbb","actor_username":"ajitkumarpes@gmail.com","actor_via_sso":false,"log_type":"token"}', '2026-04-03 07:14:03.405876+00', ''),
	('00000000-0000-0000-0000-000000000000', 'ccae47ad-253d-4fb6-b958-485456f1ac74', '{"action":"token_revoked","actor_id":"73904179-cca9-40ab-a2c4-e509dadbbbbb","actor_username":"ajitkumarpes@gmail.com","actor_via_sso":false,"log_type":"token"}', '2026-04-03 07:14:03.423726+00', ''),
	('00000000-0000-0000-0000-000000000000', '5e59991d-7b66-4a8f-99d3-1d3f1b8d545d', '{"action":"token_refreshed","actor_id":"e50f31d7-b7aa-4bc5-b311-36ea3d5a45db","actor_username":"artijaraut711@gmail.com","actor_via_sso":false,"log_type":"token"}', '2026-04-03 10:31:16.675251+00', ''),
	('00000000-0000-0000-0000-000000000000', '883e259f-23f4-4826-ae4d-ed9d597c8d7c', '{"action":"token_revoked","actor_id":"e50f31d7-b7aa-4bc5-b311-36ea3d5a45db","actor_username":"artijaraut711@gmail.com","actor_via_sso":false,"log_type":"token"}', '2026-04-03 10:31:16.693132+00', ''),
	('00000000-0000-0000-0000-000000000000', 'e2297ccc-ed0a-446c-80c1-48201de9b947', '{"action":"logout","actor_id":"e50f31d7-b7aa-4bc5-b311-36ea3d5a45db","actor_username":"artijaraut711@gmail.com","actor_via_sso":false,"log_type":"account"}', '2026-04-03 10:32:02.754296+00', ''),
	('00000000-0000-0000-0000-000000000000', 'cdf0cb41-f8ac-4e08-94a0-bd7059432df1', '{"action":"user_recovery_requested","actor_id":"64847cf8-136b-445d-b34b-fe6e18a6d020","actor_username":"bistkapil1988@gmail.com","actor_via_sso":false,"log_type":"user"}', '2026-04-03 10:32:12.801951+00', ''),
	('00000000-0000-0000-0000-000000000000', 'a0470e36-68c1-4e92-b31b-84033fe0117c', '{"action":"login","actor_id":"64847cf8-136b-445d-b34b-fe6e18a6d020","actor_username":"bistkapil1988@gmail.com","actor_via_sso":false,"log_type":"account"}', '2026-04-03 10:34:02.691487+00', ''),
	('00000000-0000-0000-0000-000000000000', '7ddf0077-c3cd-4187-9013-90a1b3a7d82a', '{"action":"user_recovery_requested","actor_id":"d1e40c02-9978-46fd-875e-3989537af942","actor_username":"kbisht786@gmail.com","actor_via_sso":false,"log_type":"user"}', '2026-04-03 10:49:01.356665+00', ''),
	('00000000-0000-0000-0000-000000000000', 'ca0cee58-dd6e-4acf-9e32-3cab797cb2cb', '{"action":"user_recovery_requested","actor_id":"d1e40c02-9978-46fd-875e-3989537af942","actor_username":"kbisht786@gmail.com","actor_via_sso":false,"log_type":"user"}', '2026-04-03 10:51:32.78895+00', ''),
	('00000000-0000-0000-0000-000000000000', '94b0f88b-a5e9-462a-a164-1ff977c66f3b', '{"action":"login","actor_id":"d1e40c02-9978-46fd-875e-3989537af942","actor_username":"kbisht786@gmail.com","actor_via_sso":false,"log_type":"account"}', '2026-04-03 10:51:48.97814+00', ''),
	('00000000-0000-0000-0000-000000000000', '9d4403a4-ae3e-48e1-9e26-45dced43e37a', '{"action":"token_refreshed","actor_id":"73904179-cca9-40ab-a2c4-e509dadbbbbb","actor_username":"ajitkumarpes@gmail.com","actor_via_sso":false,"log_type":"token"}', '2026-04-04 07:38:51.553771+00', ''),
	('00000000-0000-0000-0000-000000000000', '1f2f749a-9efb-4d8f-bcf4-724f2870ef38', '{"action":"token_revoked","actor_id":"73904179-cca9-40ab-a2c4-e509dadbbbbb","actor_username":"ajitkumarpes@gmail.com","actor_via_sso":false,"log_type":"token"}', '2026-04-04 07:38:51.571241+00', ''),
	('00000000-0000-0000-0000-000000000000', '7877cc43-9a66-40f0-8a33-54b14e593fdd', '{"action":"logout","actor_id":"73904179-cca9-40ab-a2c4-e509dadbbbbb","actor_username":"ajitkumarpes@gmail.com","actor_via_sso":false,"log_type":"account"}', '2026-04-04 09:23:38.76031+00', ''),
	('00000000-0000-0000-0000-000000000000', '1b0ac14b-0696-49c6-a99b-cd9b788b6a7a', '{"action":"user_recovery_requested","actor_id":"4a66c0ba-5b27-4562-8dd6-bd6a87b138bd","actor_username":"singhajit.br@gmail.com","actor_via_sso":false,"log_type":"user"}', '2026-04-04 09:24:00.514801+00', ''),
	('00000000-0000-0000-0000-000000000000', 'c82e50e4-f21b-4042-9744-d783e07ebbf4', '{"action":"login","actor_id":"4a66c0ba-5b27-4562-8dd6-bd6a87b138bd","actor_username":"singhajit.br@gmail.com","actor_via_sso":false,"log_type":"account"}', '2026-04-04 09:25:14.809225+00', ''),
	('00000000-0000-0000-0000-000000000000', '342455cc-2804-45a8-ba9d-761fc2649ab8', '{"action":"logout","actor_id":"4a66c0ba-5b27-4562-8dd6-bd6a87b138bd","actor_username":"singhajit.br@gmail.com","actor_via_sso":false,"log_type":"account"}', '2026-04-04 10:51:22.615907+00', ''),
	('00000000-0000-0000-0000-000000000000', '54245488-42eb-494f-9853-8bbaed0fba50', '{"action":"user_recovery_requested","actor_id":"73904179-cca9-40ab-a2c4-e509dadbbbbb","actor_username":"ajitkumarpes@gmail.com","actor_via_sso":false,"log_type":"user"}', '2026-04-04 10:52:33.751422+00', ''),
	('00000000-0000-0000-0000-000000000000', 'cea25b48-91ab-43d9-ad20-7a175078049a', '{"action":"login","actor_id":"73904179-cca9-40ab-a2c4-e509dadbbbbb","actor_username":"ajitkumarpes@gmail.com","actor_via_sso":false,"log_type":"account"}', '2026-04-04 10:54:37.151752+00', ''),
	('00000000-0000-0000-0000-000000000000', '4796ea0f-6b00-4e1c-8594-0d6f8eac575a', '{"action":"user_recovery_requested","actor_id":"73904179-cca9-40ab-a2c4-e509dadbbbbb","actor_username":"ajitkumarpes@gmail.com","actor_via_sso":false,"log_type":"user"}', '2026-04-04 11:12:02.66057+00', ''),
	('00000000-0000-0000-0000-000000000000', '270d72d9-cd45-44a0-8757-e46b4049824c', '{"action":"user_recovery_requested","actor_id":"73904179-cca9-40ab-a2c4-e509dadbbbbb","actor_username":"ajitkumarpes@gmail.com","actor_via_sso":false,"log_type":"user"}', '2026-04-04 16:49:01.352484+00', ''),
	('00000000-0000-0000-0000-000000000000', '08c0d9f0-cdd0-4eac-b6aa-01ece9a2d24c', '{"action":"login","actor_id":"73904179-cca9-40ab-a2c4-e509dadbbbbb","actor_username":"ajitkumarpes@gmail.com","actor_via_sso":false,"log_type":"account"}', '2026-04-04 16:49:41.186792+00', ''),
	('00000000-0000-0000-0000-000000000000', '166ce5d7-bf18-4dd9-a844-8e434334c9a6', '{"action":"token_refreshed","actor_id":"73904179-cca9-40ab-a2c4-e509dadbbbbb","actor_username":"ajitkumarpes@gmail.com","actor_via_sso":false,"log_type":"token"}', '2026-04-05 16:52:09.338806+00', ''),
	('00000000-0000-0000-0000-000000000000', '7d4770d1-79bd-47c0-85e7-fce41a4e446f', '{"action":"token_revoked","actor_id":"73904179-cca9-40ab-a2c4-e509dadbbbbb","actor_username":"ajitkumarpes@gmail.com","actor_via_sso":false,"log_type":"token"}', '2026-04-05 16:52:09.356257+00', ''),
	('00000000-0000-0000-0000-000000000000', '1ad09d2d-2664-4539-9288-e45fd1b92277', '{"action":"token_refreshed","actor_id":"73904179-cca9-40ab-a2c4-e509dadbbbbb","actor_username":"ajitkumarpes@gmail.com","actor_via_sso":false,"log_type":"token"}', '2026-04-06 16:50:44.426039+00', ''),
	('00000000-0000-0000-0000-000000000000', '2e760134-93bf-4001-b497-91c6915909d3', '{"action":"token_revoked","actor_id":"73904179-cca9-40ab-a2c4-e509dadbbbbb","actor_username":"ajitkumarpes@gmail.com","actor_via_sso":false,"log_type":"token"}', '2026-04-06 16:50:44.442355+00', ''),
	('00000000-0000-0000-0000-000000000000', 'aa68b04a-1cfd-4b8a-b30a-ec40e21cefa7', '{"action":"token_refreshed","actor_id":"73904179-cca9-40ab-a2c4-e509dadbbbbb","actor_username":"ajitkumarpes@gmail.com","actor_via_sso":false,"log_type":"token"}', '2026-04-08 11:41:50.039616+00', ''),
	('00000000-0000-0000-0000-000000000000', 'ea3cfaa5-6071-4f6f-9467-5d05c353bb44', '{"action":"token_revoked","actor_id":"73904179-cca9-40ab-a2c4-e509dadbbbbb","actor_username":"ajitkumarpes@gmail.com","actor_via_sso":false,"log_type":"token"}', '2026-04-08 11:41:50.053126+00', ''),
	('00000000-0000-0000-0000-000000000000', '705b2548-6948-4b17-98ed-2d5d0bef3e73', '{"action":"token_refreshed","actor_id":"73904179-cca9-40ab-a2c4-e509dadbbbbb","actor_username":"ajitkumarpes@gmail.com","actor_via_sso":false,"log_type":"token"}', '2026-04-09 11:54:59.145626+00', ''),
	('00000000-0000-0000-0000-000000000000', '5c94c24d-bd6e-40aa-9017-59b0728f5b6e', '{"action":"token_revoked","actor_id":"73904179-cca9-40ab-a2c4-e509dadbbbbb","actor_username":"ajitkumarpes@gmail.com","actor_via_sso":false,"log_type":"token"}', '2026-04-09 11:54:59.162854+00', ''),
	('00000000-0000-0000-0000-000000000000', '351fd13e-3352-4ebd-b1e2-790bace896dd', '{"action":"token_refreshed","actor_id":"d1e40c02-9978-46fd-875e-3989537af942","actor_username":"kbisht786@gmail.com","actor_via_sso":false,"log_type":"token"}', '2026-04-11 05:24:11.926329+00', ''),
	('00000000-0000-0000-0000-000000000000', '56a6dea5-06dc-4ae2-824c-98c141d9c2ae', '{"action":"token_revoked","actor_id":"d1e40c02-9978-46fd-875e-3989537af942","actor_username":"kbisht786@gmail.com","actor_via_sso":false,"log_type":"token"}', '2026-04-11 05:24:11.945135+00', ''),
	('00000000-0000-0000-0000-000000000000', '563bda47-9c94-4e5a-bf05-ff84ebd38cf5', '{"action":"logout","actor_id":"d1e40c02-9978-46fd-875e-3989537af942","actor_username":"kbisht786@gmail.com","actor_via_sso":false,"log_type":"account"}', '2026-04-11 05:26:36.128048+00', ''),
	('00000000-0000-0000-0000-000000000000', '1fef9620-738a-4364-bc40-c06d1d2c5477', '{"action":"user_recovery_requested","actor_id":"d1e40c02-9978-46fd-875e-3989537af942","actor_username":"kbisht786@gmail.com","actor_via_sso":false,"log_type":"user"}', '2026-04-11 05:27:27.754814+00', ''),
	('00000000-0000-0000-0000-000000000000', 'f6e72d45-386a-4ede-a4a1-5c2ef679f10d', '{"action":"login","actor_id":"d1e40c02-9978-46fd-875e-3989537af942","actor_username":"kbisht786@gmail.com","actor_via_sso":false,"log_type":"account"}', '2026-04-11 05:27:50.613726+00', ''),
	('00000000-0000-0000-0000-000000000000', '973d8c0b-bbb6-4750-9255-e6dfec11a964', '{"action":"token_refreshed","actor_id":"64847cf8-136b-445d-b34b-fe6e18a6d020","actor_username":"bistkapil1988@gmail.com","actor_via_sso":false,"log_type":"token"}', '2026-04-11 05:48:29.73394+00', ''),
	('00000000-0000-0000-0000-000000000000', 'c76a3358-bd3d-423c-9b26-7acf31a57338', '{"action":"token_revoked","actor_id":"64847cf8-136b-445d-b34b-fe6e18a6d020","actor_username":"bistkapil1988@gmail.com","actor_via_sso":false,"log_type":"token"}', '2026-04-11 05:48:29.752194+00', ''),
	('00000000-0000-0000-0000-000000000000', '00d66854-5489-43e5-94e6-68d7425ce4c3', '{"action":"user_recovery_requested","actor_id":"e50f31d7-b7aa-4bc5-b311-36ea3d5a45db","actor_username":"artijaraut711@gmail.com","actor_via_sso":false,"log_type":"user"}', '2026-04-11 05:50:51.663103+00', ''),
	('00000000-0000-0000-0000-000000000000', 'b88092ea-9d5a-4145-91c6-971e121f180b', '{"action":"login","actor_id":"e50f31d7-b7aa-4bc5-b311-36ea3d5a45db","actor_username":"artijaraut711@gmail.com","actor_via_sso":false,"log_type":"account"}', '2026-04-11 05:51:22.275018+00', ''),
	('00000000-0000-0000-0000-000000000000', '3f151a40-eb37-499f-a7aa-fe53527357a0', '{"action":"token_refreshed","actor_id":"64847cf8-136b-445d-b34b-fe6e18a6d020","actor_username":"bistkapil1988@gmail.com","actor_via_sso":false,"log_type":"token"}', '2026-04-11 06:00:13.711417+00', ''),
	('00000000-0000-0000-0000-000000000000', '91622e17-97aa-4ad0-8a47-d323e252ed9d', '{"action":"token_revoked","actor_id":"64847cf8-136b-445d-b34b-fe6e18a6d020","actor_username":"bistkapil1988@gmail.com","actor_via_sso":false,"log_type":"token"}', '2026-04-11 06:00:13.726745+00', ''),
	('00000000-0000-0000-0000-000000000000', 'e84cf33e-8979-4449-b707-24cbf5fad8f7', '{"action":"user_recovery_requested","actor_id":"64847cf8-136b-445d-b34b-fe6e18a6d020","actor_username":"bistkapil1988@gmail.com","actor_via_sso":false,"log_type":"user"}', '2026-04-11 06:03:01.44864+00', ''),
	('00000000-0000-0000-0000-000000000000', '6c1ffe3e-8a56-493a-ba04-16b186b07954', '{"action":"token_refreshed","actor_id":"d1e40c02-9978-46fd-875e-3989537af942","actor_username":"kbisht786@gmail.com","actor_via_sso":false,"log_type":"token"}', '2026-04-13 04:46:45.54635+00', ''),
	('00000000-0000-0000-0000-000000000000', 'bbe6e01f-8f9b-4b70-b3d4-f09b84220aea', '{"action":"token_revoked","actor_id":"d1e40c02-9978-46fd-875e-3989537af942","actor_username":"kbisht786@gmail.com","actor_via_sso":false,"log_type":"token"}', '2026-04-13 04:46:45.56084+00', ''),
	('00000000-0000-0000-0000-000000000000', '7915f3b2-53a6-42f3-89e1-3ccfe27dba9b', '{"action":"token_refreshed","actor_id":"d1e40c02-9978-46fd-875e-3989537af942","actor_username":"kbisht786@gmail.com","actor_via_sso":false,"log_type":"token"}', '2026-04-16 17:21:45.347808+00', ''),
	('00000000-0000-0000-0000-000000000000', '7d8aa094-86e2-4f6d-b558-907481281934', '{"action":"token_revoked","actor_id":"d1e40c02-9978-46fd-875e-3989537af942","actor_username":"kbisht786@gmail.com","actor_via_sso":false,"log_type":"token"}', '2026-04-16 17:21:45.360582+00', ''),
	('00000000-0000-0000-0000-000000000000', 'af6c7022-3230-414d-8424-2caa862e598d', '{"action":"user_recovery_requested","actor_id":"73904179-cca9-40ab-a2c4-e509dadbbbbb","actor_username":"ajitkumarpes@gmail.com","actor_via_sso":false,"log_type":"user"}', '2026-04-18 09:28:26.829234+00', ''),
	('00000000-0000-0000-0000-000000000000', '7c1bcb55-5072-456e-95a3-477eb1c9b7e1', '{"action":"login","actor_id":"73904179-cca9-40ab-a2c4-e509dadbbbbb","actor_username":"ajitkumarpes@gmail.com","actor_via_sso":false,"log_type":"account"}', '2026-04-18 09:28:38.05424+00', '');


--
-- Data for Name: custom_oauth_providers; Type: TABLE DATA; Schema: auth; Owner: supabase_auth_admin
--



--
-- Data for Name: flow_state; Type: TABLE DATA; Schema: auth; Owner: supabase_auth_admin
--



--
-- Data for Name: users; Type: TABLE DATA; Schema: auth; Owner: supabase_auth_admin
--

INSERT INTO "auth"."users" ("instance_id", "id", "aud", "role", "email", "encrypted_password", "email_confirmed_at", "invited_at", "confirmation_token", "confirmation_sent_at", "recovery_token", "recovery_sent_at", "email_change_token_new", "email_change", "email_change_sent_at", "last_sign_in_at", "raw_app_meta_data", "raw_user_meta_data", "is_super_admin", "created_at", "updated_at", "phone", "phone_confirmed_at", "phone_change", "phone_change_token", "phone_change_sent_at", "email_change_token_current", "email_change_confirm_status", "banned_until", "reauthentication_token", "reauthentication_sent_at", "is_sso_user", "deleted_at", "is_anonymous") VALUES
	('00000000-0000-0000-0000-000000000000', '5de45861-6847-4e54-a409-360260bac24c', 'authenticated', 'authenticated', 'test@hotel.com', '$2a$10$EFOlJMWrZkJTp3yaf9oOFOxl763yDxlyj8pii2WldHurxBopGlmJC', NULL, NULL, '6397c458df3e5159fedca50cd66980871ba93f09b1000dedae1e95bd', '2026-03-01 11:47:08.566521+00', '', NULL, '', '', NULL, NULL, '{"provider": "email", "providers": ["email"]}', '{"sub": "5de45861-6847-4e54-a409-360260bac24c", "email": "test@hotel.com", "email_verified": false, "phone_verified": false}', NULL, '2025-10-16 14:41:59.179618+00', '2026-03-01 11:47:11.122067+00', NULL, NULL, '', '', NULL, '', 0, NULL, '', NULL, false, NULL, false),
	('00000000-0000-0000-0000-000000000000', '062b7110-e8f7-46c1-88fa-dd4470aac7cd', 'authenticated', 'authenticated', 'ajitsan@gmail.com', '$2a$10$jxbHNSFeJFS29fFhALxNuuAf89f6zZwx6F07JwPCj8JPukbVrQTra', '2025-11-01 04:24:53.305628+00', NULL, '', '2025-11-01 04:09:16.822934+00', '', '2025-11-15 11:07:43.137598+00', '', '', NULL, '2025-11-15 11:07:56.564893+00', '{"provider": "email", "providers": ["email"]}', '{"sub": "062b7110-e8f7-46c1-88fa-dd4470aac7cd", "email": "ajitsan@gmail.com", "email_verified": true, "phone_verified": false}', NULL, '2025-11-01 04:09:16.764037+00', '2025-11-15 11:07:56.586451+00', NULL, NULL, '', '', NULL, '', 0, NULL, '', NULL, false, NULL, false),
	('00000000-0000-0000-0000-000000000000', '73904179-cca9-40ab-a2c4-e509dadbbbbb', 'authenticated', 'authenticated', 'ajitkumarpes@gmail.com', '$2a$10$o12.666X21oNn2zNgKOJke2j6cyco1uXn05hcOcCGy03RzjN4TQbW', '2025-10-31 12:41:20.743555+00', NULL, '', '2025-10-31 12:41:01.831241+00', '', '2026-04-18 09:28:26.849361+00', '', '', NULL, '2026-04-18 09:28:38.064916+00', '{"provider": "email", "providers": ["email"]}', '{"sub": "73904179-cca9-40ab-a2c4-e509dadbbbbb", "email": "ajitkumarpes@gmail.com", "email_verified": true, "phone_verified": false}', NULL, '2025-10-31 12:41:01.796117+00', '2026-04-18 09:28:38.105766+00', NULL, NULL, '', '', NULL, '', 0, NULL, '', NULL, false, NULL, false),
	('00000000-0000-0000-0000-000000000000', '9540608e-bfc6-4600-8430-c8f59ad423bf', 'authenticated', 'authenticated', 'kamal.bisht.1010@gmail.com', '$2a$10$z9uFPqwnBzky8TJSeLmRgu0f78Z7jXS3kUuAeBP6hGKFLpF4nNKu6', '2025-11-27 16:45:06.146305+00', NULL, '', NULL, '', '2026-03-29 17:48:54.034242+00', '', '', NULL, '2026-03-29 17:49:05.381838+00', '{"provider": "email", "providers": ["email"]}', '{"email_verified": true}', NULL, '2025-11-27 16:45:06.091369+00', '2026-03-29 17:49:05.399768+00', NULL, NULL, '', '', NULL, '', 0, NULL, '', NULL, false, NULL, false),
	('00000000-0000-0000-0000-000000000000', '3ac51a25-ecb5-429c-b288-5db5275a9bbc', 'authenticated', 'authenticated', 'ajit@hotel.com', '$2a$10$R6EdMKMJCprnDOfoofVBouqb8f4yFqm6EE5kK1XtflATtSPAoLZYS', NULL, NULL, '8e1822c902f9f58913f93462699a29bd6e7a7a1ea6b8739ff33e0b0a', '2026-02-04 20:52:14.600984+00', '', NULL, '', '', NULL, NULL, '{"provider": "email", "providers": ["email"]}', '{"sub": "3ac51a25-ecb5-429c-b288-5db5275a9bbc", "email": "ajit@hotel.com", "email_verified": false, "phone_verified": false}', NULL, '2026-02-04 20:52:14.556379+00', '2026-02-04 20:52:17.261276+00', NULL, NULL, '', '', NULL, '', 0, NULL, '', NULL, false, NULL, false),
	('00000000-0000-0000-0000-000000000000', '0b2d11e5-c5ed-4999-ac4e-68137e4eb368', 'authenticated', 'authenticated', 'hr.vaiyu@gmail.com', '$2a$10$PM9nymir0Ck0udhkNmL1ju.3wMk3XiU9jsZ9hw28Gw/6qXSrhyfiu', '2026-03-16 18:21:14.369261+00', NULL, '', '2026-03-16 18:18:02.198617+00', '', '2026-03-16 19:01:06.92464+00', '', '', NULL, '2026-03-16 19:01:23.610781+00', '{"provider": "email", "providers": ["email"]}', '{"email_verified": true}', NULL, '2026-03-16 18:18:02.280919+00', '2026-03-16 19:01:23.634478+00', NULL, NULL, '', '', NULL, '', 0, NULL, '', NULL, false, NULL, false),
	('00000000-0000-0000-0000-000000000000', 'd1e40c02-9978-46fd-875e-3989537af942', 'authenticated', 'authenticated', 'kbisht786@gmail.com', '$2a$10$VTkNvrXo/3QWqcFtWwCR0uG2X3.GSCHUysgeuZDQj4nMdxZgCf54q', '2025-10-16 04:50:23.404126+00', NULL, '', '2025-10-16 04:50:00.464102+00', '', '2026-04-11 05:27:27.762851+00', '', '', NULL, '2026-04-11 05:27:50.620031+00', '{"provider": "email", "providers": ["email"]}', '{"sub": "d1e40c02-9978-46fd-875e-3989537af942", "name": "Kapil", "email": "kbisht786@gmail.com", "phone": "", "avatar_url": "", "email_verified": true, "phone_verified": false}', NULL, '2025-10-16 04:50:00.393857+00', '2026-04-16 17:21:45.377766+00', NULL, NULL, '', '', NULL, '', 0, NULL, '', NULL, false, NULL, false),
	('00000000-0000-0000-0000-000000000000', '4a66c0ba-5b27-4562-8dd6-bd6a87b138bd', 'authenticated', 'authenticated', 'singhajit.br@gmail.com', '$2a$10$1bdZMuh4.tHRJjCWftEn4.NyWXPtze989ezK9gDmIUxX1N8/Eu79m', '2026-03-10 19:22:59.875175+00', NULL, '', '2026-03-10 19:22:44.270088+00', '', '2026-04-04 09:24:00.529577+00', '', '', NULL, '2026-04-04 09:25:14.83425+00', '{"provider": "email", "providers": ["email"]}', '{"sub": "4a66c0ba-5b27-4562-8dd6-bd6a87b138bd", "email": "singhajit.br@gmail.com", "email_verified": true, "phone_verified": false}', NULL, '2026-03-10 19:22:44.227736+00', '2026-04-04 09:25:14.881615+00', NULL, NULL, '', '', NULL, '', 0, NULL, '', NULL, false, NULL, false),
	('00000000-0000-0000-0000-000000000000', 'e50f31d7-b7aa-4bc5-b311-36ea3d5a45db', 'authenticated', 'authenticated', 'artijaraut711@gmail.com', '$2a$10$rlnR09QBuwrXWt8N97/tdOmsJxFdk//VcY.INoSLfYpo.6M4imHqi', '2026-03-23 12:09:37.70552+00', NULL, '', '2026-03-23 12:08:49.020328+00', '', '2026-04-11 05:50:51.671708+00', '', '', NULL, '2026-04-11 05:51:22.2792+00', '{"provider": "email", "providers": ["email"]}', '{"email_verified": true}', NULL, '2026-03-23 12:05:02.190643+00', '2026-04-11 05:51:22.290804+00', NULL, NULL, '', '', NULL, '', 0, NULL, '', NULL, false, NULL, false),
	('00000000-0000-0000-0000-000000000000', '64847cf8-136b-445d-b34b-fe6e18a6d020', 'authenticated', 'authenticated', 'bistkapil1988@gmail.com', '$2a$10$oJT9W5mAw0eFxrU8U41DiOA44pW./G1wyWjjZiUu/m1/BC11e7xzS', '2026-03-16 17:34:48.674289+00', NULL, '', '2026-03-16 17:34:38.751572+00', 'a86099226d3d893be9d5c1119c94c1746f1c98041a73761df06bc59f', '2026-04-11 06:03:01.443299+00', '', '', NULL, '2026-04-03 10:34:02.707853+00', '{"provider": "email", "providers": ["email"]}', '{"sub": "64847cf8-136b-445d-b34b-fe6e18a6d020", "email": "bistkapil1988@gmail.com", "email_verified": true, "phone_verified": false}', NULL, '2026-03-16 17:34:38.666727+00', '2026-04-11 06:03:01.466098+00', NULL, NULL, '', '', NULL, '', 0, NULL, '', NULL, false, NULL, false);


--
-- Data for Name: identities; Type: TABLE DATA; Schema: auth; Owner: supabase_auth_admin
--

INSERT INTO "auth"."identities" ("provider_id", "user_id", "identity_data", "provider", "last_sign_in_at", "created_at", "updated_at", "id") VALUES
	('0b2d11e5-c5ed-4999-ac4e-68137e4eb368', '0b2d11e5-c5ed-4999-ac4e-68137e4eb368', '{"sub": "0b2d11e5-c5ed-4999-ac4e-68137e4eb368", "email": "hr.vaiyu@gmail.com", "email_verified": true, "phone_verified": false}', 'email', '2026-03-16 18:18:02.314533+00', '2026-03-16 18:18:02.314617+00', '2026-03-16 18:18:02.314617+00', '2d5d9afc-c9a7-4d02-8570-ca8474a3be3b'),
	('d1e40c02-9978-46fd-875e-3989537af942', 'd1e40c02-9978-46fd-875e-3989537af942', '{"sub": "d1e40c02-9978-46fd-875e-3989537af942", "email": "kbisht786@gmail.com", "email_verified": true, "phone_verified": false}', 'email', '2025-10-16 04:50:00.440259+00', '2025-10-16 04:50:00.441016+00', '2025-10-16 04:50:00.441016+00', '5fe9d668-0444-4379-aec6-5464541bf086'),
	('5de45861-6847-4e54-a409-360260bac24c', '5de45861-6847-4e54-a409-360260bac24c', '{"sub": "5de45861-6847-4e54-a409-360260bac24c", "email": "test@hotel.com", "email_verified": false, "phone_verified": false}', 'email', '2025-10-16 14:41:59.204595+00', '2025-10-16 14:41:59.204653+00', '2025-10-16 14:41:59.204653+00', '44371682-94f6-44ae-b6f6-04f6057a81aa'),
	('73904179-cca9-40ab-a2c4-e509dadbbbbb', '73904179-cca9-40ab-a2c4-e509dadbbbbb', '{"sub": "73904179-cca9-40ab-a2c4-e509dadbbbbb", "email": "ajitkumarpes@gmail.com", "email_verified": true, "phone_verified": false}', 'email', '2025-10-31 12:41:01.820723+00', '2025-10-31 12:41:01.820781+00', '2025-10-31 12:41:01.820781+00', '06185dfb-cb07-421e-8fa0-c0a340c4782d'),
	('062b7110-e8f7-46c1-88fa-dd4470aac7cd', '062b7110-e8f7-46c1-88fa-dd4470aac7cd', '{"sub": "062b7110-e8f7-46c1-88fa-dd4470aac7cd", "email": "ajitsan@gmail.com", "email_verified": true, "phone_verified": false}', 'email', '2025-11-01 04:09:16.817039+00', '2025-11-01 04:09:16.817099+00', '2025-11-01 04:09:16.817099+00', '33bc2028-c040-401d-b1a9-719d5510c9d6'),
	('9540608e-bfc6-4600-8430-c8f59ad423bf', '9540608e-bfc6-4600-8430-c8f59ad423bf', '{"sub": "9540608e-bfc6-4600-8430-c8f59ad423bf", "email": "kamal.bisht.1010@gmail.com", "email_verified": false, "phone_verified": false}', 'email', '2025-11-27 16:45:06.126649+00', '2025-11-27 16:45:06.126711+00', '2025-11-27 16:45:06.126711+00', '1db3fcd1-a492-46c4-832c-51e672cdd1ff'),
	('3ac51a25-ecb5-429c-b288-5db5275a9bbc', '3ac51a25-ecb5-429c-b288-5db5275a9bbc', '{"sub": "3ac51a25-ecb5-429c-b288-5db5275a9bbc", "email": "ajit@hotel.com", "email_verified": false, "phone_verified": false}', 'email', '2026-02-04 20:52:14.586818+00', '2026-02-04 20:52:14.586878+00', '2026-02-04 20:52:14.586878+00', '9db6e42a-38bf-4f50-93ee-7ce2f1b3d7f9'),
	('e50f31d7-b7aa-4bc5-b311-36ea3d5a45db', 'e50f31d7-b7aa-4bc5-b311-36ea3d5a45db', '{"sub": "e50f31d7-b7aa-4bc5-b311-36ea3d5a45db", "email": "artijaraut711@gmail.com", "email_verified": true, "phone_verified": false}', 'email', '2026-03-23 12:05:02.2616+00', '2026-03-23 12:05:02.26166+00', '2026-03-23 12:05:02.26166+00', '617e8f7b-f082-4525-a131-3eacf9052919'),
	('4a66c0ba-5b27-4562-8dd6-bd6a87b138bd', '4a66c0ba-5b27-4562-8dd6-bd6a87b138bd', '{"sub": "4a66c0ba-5b27-4562-8dd6-bd6a87b138bd", "email": "singhajit.br@gmail.com", "email_verified": true, "phone_verified": false}', 'email', '2026-03-10 19:22:44.262628+00', '2026-03-10 19:22:44.262686+00', '2026-03-10 19:22:44.262686+00', '15eeb9e3-b708-40fa-a59a-f4bd690aaeb0'),
	('64847cf8-136b-445d-b34b-fe6e18a6d020', '64847cf8-136b-445d-b34b-fe6e18a6d020', '{"sub": "64847cf8-136b-445d-b34b-fe6e18a6d020", "email": "bistkapil1988@gmail.com", "email_verified": true, "phone_verified": false}', 'email', '2026-03-16 17:34:38.735585+00', '2026-03-16 17:34:38.736356+00', '2026-03-16 17:34:38.736356+00', '74a68c69-a75c-497e-952a-64e65afc48ab');


--
-- Data for Name: instances; Type: TABLE DATA; Schema: auth; Owner: supabase_auth_admin
--



--
-- Data for Name: oauth_clients; Type: TABLE DATA; Schema: auth; Owner: supabase_auth_admin
--



--
-- Data for Name: sessions; Type: TABLE DATA; Schema: auth; Owner: supabase_auth_admin
--

INSERT INTO "auth"."sessions" ("id", "user_id", "created_at", "updated_at", "factor_id", "aal", "not_after", "refreshed_at", "user_agent", "ip", "tag", "oauth_client_id", "refresh_token_hmac_key", "refresh_token_counter", "scopes") VALUES
	('10fac8b5-b94f-43b0-93e9-f8541ae699ae', '73904179-cca9-40ab-a2c4-e509dadbbbbb', '2026-04-04 16:49:41.192196+00', '2026-04-09 11:54:59.20113+00', NULL, 'aal1', NULL, '2026-04-09 11:54:59.201014', 'Mozilla/5.0 (Macintosh; Intel Mac OS X 10_15_7) AppleWebKit/537.36 (KHTML, like Gecko) Chrome/146.0.0.0 Safari/537.36', '49.207.206.201', NULL, NULL, NULL, NULL, NULL),
	('fa8e2295-37c9-466b-a48a-e4e6e9594e29', '64847cf8-136b-445d-b34b-fe6e18a6d020', '2026-03-29 17:31:53.973751+00', '2026-04-11 05:48:29.789479+00', NULL, 'aal1', NULL, '2026-04-11 05:48:29.789368', 'Mozilla/5.0 (Windows NT 10.0; Win64; x64) AppleWebKit/537.36 (KHTML, like Gecko) Chrome/146.0.0.0 Safari/537.36', '49.36.220.89', NULL, NULL, NULL, NULL, NULL),
	('b25c0bb6-c6f4-403f-b9bf-196cb368e6a3', 'e50f31d7-b7aa-4bc5-b311-36ea3d5a45db', '2026-04-11 05:51:22.279286+00', '2026-04-11 05:51:22.279286+00', NULL, 'aal1', NULL, NULL, 'Mozilla/5.0 (Windows NT 10.0; Win64; x64) AppleWebKit/537.36 (KHTML, like Gecko) Chrome/146.0.0.0 Safari/537.36 Edg/146.0.0.0', '49.36.220.89', NULL, NULL, NULL, NULL, NULL),
	('c2a4fb51-51fb-45df-966f-930e5add9d29', '9540608e-bfc6-4600-8430-c8f59ad423bf', '2026-03-29 17:49:05.382844+00', '2026-03-29 17:49:05.382844+00', NULL, 'aal1', NULL, NULL, 'Mozilla/5.0 (Windows NT 10.0; Win64; x64) AppleWebKit/537.36 (KHTML, like Gecko) Chrome/146.0.0.0 Safari/537.36', '49.36.221.7', NULL, NULL, NULL, NULL, NULL),
	('b2620a43-9e2a-47c1-9c1c-a29099fb19c3', '64847cf8-136b-445d-b34b-fe6e18a6d020', '2026-04-03 10:34:02.709039+00', '2026-04-11 06:00:13.751567+00', NULL, 'aal1', NULL, '2026-04-11 06:00:13.75146', 'Mozilla/5.0 (Windows NT 10.0; Win64; x64) AppleWebKit/537.36 (KHTML, like Gecko) Chrome/146.0.0.0 Safari/537.36', '49.36.220.89', NULL, NULL, NULL, NULL, NULL),
	('5f1a0a79-1084-4b17-bbe7-d84694a8098e', 'd1e40c02-9978-46fd-875e-3989537af942', '2026-04-11 05:27:50.620132+00', '2026-04-16 17:21:45.399472+00', NULL, 'aal1', NULL, '2026-04-16 17:21:45.399336', 'Mozilla/5.0 (Windows NT 10.0; Win64; x64) AppleWebKit/537.36 (KHTML, like Gecko) Chrome/147.0.0.0 Safari/537.36', '49.36.220.89', NULL, NULL, NULL, NULL, NULL),
	('e6a65595-d10c-41c2-a3ef-9974e6144da4', '73904179-cca9-40ab-a2c4-e509dadbbbbb', '2026-04-18 09:28:38.065041+00', '2026-04-18 09:28:38.065041+00', NULL, 'aal1', NULL, NULL, 'Mozilla/5.0 (Macintosh; Intel Mac OS X 10_15_7) AppleWebKit/537.36 (KHTML, like Gecko) Chrome/145.0.0.0 Safari/537.36', '106.214.9.245', NULL, NULL, NULL, NULL, NULL),
	('24c163bd-1a91-4ec3-a5c5-c1c005cd2869', '9540608e-bfc6-4600-8430-c8f59ad423bf', '2025-12-02 04:03:35.462477+00', '2025-12-02 04:03:35.462477+00', NULL, 'aal1', NULL, NULL, 'Mozilla/5.0 (Windows NT 10.0; Win64; x64) AppleWebKit/537.36 (KHTML, like Gecko) Chrome/138.0.0.0 Safari/537.36', '49.36.222.122', NULL, NULL, NULL, NULL, NULL),
	('23fa2f31-8887-46b6-ab6e-2a71aaaf147b', '0b2d11e5-c5ed-4999-ac4e-68137e4eb368', '2026-03-16 19:01:23.61179+00', '2026-03-16 19:01:23.61179+00', NULL, 'aal1', NULL, NULL, 'Mozilla/5.0 (Macintosh; Intel Mac OS X 10_15_7) AppleWebKit/537.36 (KHTML, like Gecko) Chrome/145.0.0.0 Safari/537.36', '49.207.199.158', NULL, NULL, NULL, NULL, NULL),
	('54e166ed-1a5b-46c9-a061-2c03d46890dc', '9540608e-bfc6-4600-8430-c8f59ad423bf', '2026-03-29 17:07:55.502769+00', '2026-03-29 17:07:55.502769+00', NULL, 'aal1', NULL, NULL, 'Mozilla/5.0 (Windows NT 10.0; Win64; x64) AppleWebKit/537.36 (KHTML, like Gecko) Chrome/138.0.0.0 Safari/537.36', '49.36.221.7', NULL, NULL, NULL, NULL, NULL),
	('6f8e8c8d-9ca8-4aa3-bd7c-aa80b62f405d', '73904179-cca9-40ab-a2c4-e509dadbbbbb', '2026-04-04 10:54:37.172835+00', '2026-04-04 10:54:37.172835+00', NULL, 'aal1', NULL, NULL, 'Mozilla/5.0 (Macintosh; Intel Mac OS X 10_15_7) AppleWebKit/537.36 (KHTML, like Gecko) Chrome/146.0.0.0 Safari/537.36', '49.207.206.201', NULL, NULL, NULL, NULL, NULL);


--
-- Data for Name: mfa_amr_claims; Type: TABLE DATA; Schema: auth; Owner: supabase_auth_admin
--

INSERT INTO "auth"."mfa_amr_claims" ("session_id", "created_at", "updated_at", "authentication_method", "id") VALUES
	('23fa2f31-8887-46b6-ab6e-2a71aaaf147b', '2026-03-16 19:01:23.635027+00', '2026-03-16 19:01:23.635027+00', 'otp', 'eb794319-ae8a-4dd2-b33b-4bfb3806ee91'),
	('54e166ed-1a5b-46c9-a061-2c03d46890dc', '2026-03-29 17:07:55.512703+00', '2026-03-29 17:07:55.512703+00', 'otp', '4353c641-1a28-466b-8e35-f51ca965e4e6'),
	('fa8e2295-37c9-466b-a48a-e4e6e9594e29', '2026-03-29 17:31:54.000876+00', '2026-03-29 17:31:54.000876+00', 'otp', '277860f4-75ae-427c-8aed-5bdfa62e7710'),
	('c2a4fb51-51fb-45df-966f-930e5add9d29', '2026-03-29 17:49:05.400799+00', '2026-03-29 17:49:05.400799+00', 'otp', 'de7ae18c-9cd2-4f16-9ad6-3b4952b15f3e'),
	('24c163bd-1a91-4ec3-a5c5-c1c005cd2869', '2025-12-02 04:03:35.476188+00', '2025-12-02 04:03:35.476188+00', 'otp', 'a1471538-d3e7-4004-b843-e222569dc873'),
	('b2620a43-9e2a-47c1-9c1c-a29099fb19c3', '2026-04-03 10:34:02.755975+00', '2026-04-03 10:34:02.755975+00', 'otp', '03f9a841-f47a-4349-b325-186b0ebbabed'),
	('6f8e8c8d-9ca8-4aa3-bd7c-aa80b62f405d', '2026-04-04 10:54:37.222737+00', '2026-04-04 10:54:37.222737+00', 'otp', 'fb01883e-3398-4265-affa-1bce2245a99d'),
	('10fac8b5-b94f-43b0-93e9-f8541ae699ae', '2026-04-04 16:49:41.232446+00', '2026-04-04 16:49:41.232446+00', 'otp', 'f4ba20e6-92b9-4844-a1b0-324eb4440100'),
	('5f1a0a79-1084-4b17-bbe7-d84694a8098e', '2026-04-11 05:27:50.629494+00', '2026-04-11 05:27:50.629494+00', 'otp', 'ad3cc452-ff49-4a00-ba95-18451e9d3784'),
	('b25c0bb6-c6f4-403f-b9bf-196cb368e6a3', '2026-04-11 05:51:22.291374+00', '2026-04-11 05:51:22.291374+00', 'otp', 'c286394b-a4ec-4c75-a583-0aca8c4c2fb5'),
	('e6a65595-d10c-41c2-a3ef-9974e6144da4', '2026-04-18 09:28:38.106358+00', '2026-04-18 09:28:38.106358+00', 'otp', 'eb48ebef-29da-4539-b805-7aaaebe3a50e');


--
-- Data for Name: mfa_factors; Type: TABLE DATA; Schema: auth; Owner: supabase_auth_admin
--



--
-- Data for Name: mfa_challenges; Type: TABLE DATA; Schema: auth; Owner: supabase_auth_admin
--



--
-- Data for Name: oauth_authorizations; Type: TABLE DATA; Schema: auth; Owner: supabase_auth_admin
--



--
-- Data for Name: oauth_client_states; Type: TABLE DATA; Schema: auth; Owner: supabase_auth_admin
--



--
-- Data for Name: oauth_consents; Type: TABLE DATA; Schema: auth; Owner: supabase_auth_admin
--



--
-- Data for Name: one_time_tokens; Type: TABLE DATA; Schema: auth; Owner: supabase_auth_admin
--

INSERT INTO "auth"."one_time_tokens" ("id", "user_id", "token_type", "token_hash", "relates_to", "created_at", "updated_at") VALUES
	('4d009923-760e-44f6-82b9-c36a46a5da69', '5de45861-6847-4e54-a409-360260bac24c', 'confirmation_token', '6397c458df3e5159fedca50cd66980871ba93f09b1000dedae1e95bd', 'test@hotel.com', '2026-03-01 11:47:11.139164', '2026-03-01 11:47:11.139164'),
	('5c140361-ece0-4720-87c8-599f707c82cf', '64847cf8-136b-445d-b34b-fe6e18a6d020', 'recovery_token', 'a86099226d3d893be9d5c1119c94c1746f1c98041a73761df06bc59f', 'bistkapil1988@gmail.com', '2026-04-11 06:03:01.478438', '2026-04-11 06:03:01.478438'),
	('c5a57d5f-e8b0-4139-a471-365c999c987d', '3ac51a25-ecb5-429c-b288-5db5275a9bbc', 'confirmation_token', '8e1822c902f9f58913f93462699a29bd6e7a7a1ea6b8739ff33e0b0a', 'ajit@hotel.com', '2026-02-04 20:52:17.266323', '2026-02-04 20:52:17.266323');


--
-- Data for Name: refresh_tokens; Type: TABLE DATA; Schema: auth; Owner: supabase_auth_admin
--

INSERT INTO "auth"."refresh_tokens" ("instance_id", "id", "token", "user_id", "revoked", "created_at", "updated_at", "parent", "session_id") VALUES
	('00000000-0000-0000-0000-000000000000', 910, 'td4xizltrdyc', '73904179-cca9-40ab-a2c4-e509dadbbbbb', true, '2026-04-04 16:49:41.20655+00', '2026-04-05 16:52:09.358909+00', NULL, '10fac8b5-b94f-43b0-93e9-f8541ae699ae'),
	('00000000-0000-0000-0000-000000000000', 914, 'ecmu656uyrde', '73904179-cca9-40ab-a2c4-e509dadbbbbb', false, '2026-04-09 11:54:59.17471+00', '2026-04-09 11:54:59.17471+00', '4j7qii3q5mha', '10fac8b5-b94f-43b0-93e9-f8541ae699ae'),
	('00000000-0000-0000-0000-000000000000', 920, 'tasszau25vvl', 'd1e40c02-9978-46fd-875e-3989537af942', true, '2026-04-13 04:46:45.57996+00', '2026-04-16 17:21:45.361952+00', 'haykrbloz3w6', '5f1a0a79-1084-4b17-bbe7-d84694a8098e'),
	('00000000-0000-0000-0000-000000000000', 921, 's4ffogcwczyp', 'd1e40c02-9978-46fd-875e-3989537af942', false, '2026-04-16 17:21:45.37337+00', '2026-04-16 17:21:45.37337+00', 'tasszau25vvl', '5f1a0a79-1084-4b17-bbe7-d84694a8098e'),
	('00000000-0000-0000-0000-000000000000', 341, 'mbyufmldpjyy', '9540608e-bfc6-4600-8430-c8f59ad423bf', false, '2025-12-02 04:03:35.47192+00', '2025-12-02 04:03:35.47192+00', NULL, '24c163bd-1a91-4ec3-a5c5-c1c005cd2869'),
	('00000000-0000-0000-0000-000000000000', 889, 'iac53luqeevz', '9540608e-bfc6-4600-8430-c8f59ad423bf', false, '2026-03-29 17:07:55.511152+00', '2026-03-29 17:07:55.511152+00', NULL, '54e166ed-1a5b-46c9-a061-2c03d46890dc'),
	('00000000-0000-0000-0000-000000000000', 911, 'h26kiata6arh', '73904179-cca9-40ab-a2c4-e509dadbbbbb', true, '2026-04-05 16:52:09.374867+00', '2026-04-06 16:50:44.443858+00', 'td4xizltrdyc', '10fac8b5-b94f-43b0-93e9-f8541ae699ae'),
	('00000000-0000-0000-0000-000000000000', 891, 'qiidqkhxn37v', '64847cf8-136b-445d-b34b-fe6e18a6d020', true, '2026-03-29 17:31:53.983898+00', '2026-04-11 05:48:29.75434+00', NULL, 'fa8e2295-37c9-466b-a48a-e4e6e9594e29'),
	('00000000-0000-0000-0000-000000000000', 905, 'xttmrlzkqtqt', '64847cf8-136b-445d-b34b-fe6e18a6d020', true, '2026-04-03 10:34:02.730388+00', '2026-04-11 06:00:13.729952+00', NULL, 'b2620a43-9e2a-47c1-9c1c-a29099fb19c3'),
	('00000000-0000-0000-0000-000000000000', 922, 'g2vajermxyle', '73904179-cca9-40ab-a2c4-e509dadbbbbb', false, '2026-04-18 09:28:38.080541+00', '2026-04-18 09:28:38.080541+00', NULL, 'e6a65595-d10c-41c2-a3ef-9974e6144da4'),
	('00000000-0000-0000-0000-000000000000', 864, 'sdkms7yfpgn7', '0b2d11e5-c5ed-4999-ac4e-68137e4eb368', false, '2026-03-16 19:01:23.621043+00', '2026-03-16 19:01:23.621043+00', NULL, '23fa2f31-8887-46b6-ab6e-2a71aaaf147b'),
	('00000000-0000-0000-0000-000000000000', 912, 'xsrzs6rgj5m2', '73904179-cca9-40ab-a2c4-e509dadbbbbb', true, '2026-04-06 16:50:44.459528+00', '2026-04-08 11:41:50.056081+00', 'h26kiata6arh', '10fac8b5-b94f-43b0-93e9-f8541ae699ae'),
	('00000000-0000-0000-0000-000000000000', 894, 'pdegqa3mbt7e', '9540608e-bfc6-4600-8430-c8f59ad423bf', false, '2026-03-29 17:49:05.389428+00', '2026-03-29 17:49:05.389428+00', NULL, 'c2a4fb51-51fb-45df-966f-930e5add9d29'),
	('00000000-0000-0000-0000-000000000000', 916, 'haykrbloz3w6', 'd1e40c02-9978-46fd-875e-3989537af942', true, '2026-04-11 05:27:50.62703+00', '2026-04-13 04:46:45.564568+00', NULL, '5f1a0a79-1084-4b17-bbe7-d84694a8098e'),
	('00000000-0000-0000-0000-000000000000', 913, '4j7qii3q5mha', '73904179-cca9-40ab-a2c4-e509dadbbbbb', true, '2026-04-08 11:41:50.072778+00', '2026-04-09 11:54:59.164868+00', 'xsrzs6rgj5m2', '10fac8b5-b94f-43b0-93e9-f8541ae699ae'),
	('00000000-0000-0000-0000-000000000000', 917, 'rlqgz7dq4drf', '64847cf8-136b-445d-b34b-fe6e18a6d020', false, '2026-04-11 05:48:29.765791+00', '2026-04-11 05:48:29.765791+00', 'qiidqkhxn37v', 'fa8e2295-37c9-466b-a48a-e4e6e9594e29'),
	('00000000-0000-0000-0000-000000000000', 918, 'gxek77jr6c3u', 'e50f31d7-b7aa-4bc5-b311-36ea3d5a45db', false, '2026-04-11 05:51:22.287497+00', '2026-04-11 05:51:22.287497+00', NULL, 'b25c0bb6-c6f4-403f-b9bf-196cb368e6a3'),
	('00000000-0000-0000-0000-000000000000', 909, 'drfaixu4ckps', '73904179-cca9-40ab-a2c4-e509dadbbbbb', false, '2026-04-04 10:54:37.19411+00', '2026-04-04 10:54:37.19411+00', NULL, '6f8e8c8d-9ca8-4aa3-bd7c-aa80b62f405d'),
	('00000000-0000-0000-0000-000000000000', 919, '6qpnsvhqi7oj', '64847cf8-136b-445d-b34b-fe6e18a6d020', false, '2026-04-11 06:00:13.736584+00', '2026-04-11 06:00:13.736584+00', 'xttmrlzkqtqt', 'b2620a43-9e2a-47c1-9c1c-a29099fb19c3');


--
-- Data for Name: sso_providers; Type: TABLE DATA; Schema: auth; Owner: supabase_auth_admin
--



--
-- Data for Name: saml_providers; Type: TABLE DATA; Schema: auth; Owner: supabase_auth_admin
--



--
-- Data for Name: saml_relay_states; Type: TABLE DATA; Schema: auth; Owner: supabase_auth_admin
--



--
-- Data for Name: sso_domains; Type: TABLE DATA; Schema: auth; Owner: supabase_auth_admin
--



--
-- Data for Name: webauthn_challenges; Type: TABLE DATA; Schema: auth; Owner: supabase_auth_admin
--



--
-- Data for Name: webauthn_credentials; Type: TABLE DATA; Schema: auth; Owner: supabase_auth_admin
--



--
-- Data for Name: admins; Type: TABLE DATA; Schema: public; Owner: postgres
--

INSERT INTO "public"."admins" ("user_id", "role", "created_at") VALUES
	('73904179-cca9-40ab-a2c4-e509dadbbbbb', 'super', '2025-10-31 15:53:34.057039+00');


--
-- Data for Name: hotels; Type: TABLE DATA; Schema: public; Owner: postgres
--

INSERT INTO "public"."hotels" ("id", "slug", "name", "address", "phone", "email", "created_at", "plan", "plan_status", "plan_renews_at", "plan_notes", "city", "wa_phone_number_id", "wa_display_number", "brand_color", "logo_path", "review_policy_url", "booking_url", "state", "country", "rooms_total", "amenities", "description", "theme", "reviews_policy", "upi_id", "postal_code", "latitude", "longitude", "gst_number", "legal_name", "default_checkin_time", "default_checkout_time", "timezone", "currency_code", "updated_at", "status", "tax_percentage", "tax_inclusive", "service_charge_percentage", "invoice_prefix", "invoice_counter", "require_inspection", "default_cleaning_minutes", "allow_overbooking", "overbooking_limit", "go_live_at", "invoice_format", "financial_year_start_month", "sac_code", "cover_image_path", "early_checkin_allowed", "late_checkout_allowed", "is_verified", "is_setup_complete", "lifecycle_status", "onboarding_started_at", "onboarding_due_at", "onboarding_sla_days", "billing_status", "billing_started_at", "billing_expires_at", "billing_grace_until", "billing_override", "billing_override_reason") VALUES
	('5710bfe1-7590-4361-aebe-4335ac31ac1e', 'demo1', 'Demo Hotel One', NULL, '9019959870', 'test@gmail.com', '2025-10-20 07:05:42.986837+00', 'free', 'active', NULL, NULL, 'Jaipur', NULL, NULL, '#145AF2', NULL, NULL, NULL, NULL, 'India', 20, '{WiFi,Parking,Breakfast}', NULL, NULL, NULL, NULL, '000000', NULL, NULL, NULL, 'Demo Hotel One', '14:00:00', '11:00:00', 'Asia/Kolkata', 'INR', '2026-04-03 10:43:28.364183+00', 'active', 12.00, false, 0.00, NULL, 1, true, 30, false, 0, '2026-03-01 07:25:05.53526+00', 'FY', 4, '996311', NULL, false, false, false, false, 'CONFIGURING', '2026-04-03 07:26:23.309202+00', '2026-04-17 07:26:23.309202+00', 14, 'trialing', NULL, NULL, NULL, false, NULL),
	('ce30b5a6-a0f0-4238-b213-397216edf1d8', 'DEMO2', 'Demo Hotel Two', NULL, NULL, NULL, '2025-10-20 07:05:42.986837+00', 'free', 'active', NULL, NULL, 'Udaipur', NULL, NULL, '#145AF2', NULL, NULL, NULL, NULL, NULL, 20, '{}', NULL, '{"mode": "light", "brand": "#145AF2"}', '{"mode": "preview", "min_activity": 1, "require_consent": true, "block_if_late_exceeds": 0}', NULL, '000000', NULL, NULL, NULL, 'Demo Hotel Two', '14:00:00', '11:00:00', 'Asia/Kolkata', 'INR', '2026-03-01 07:25:05.53526+00', 'active', NULL, false, NULL, NULL, 1, true, 30, false, 0, '2026-03-01 07:25:05.53526+00', 'FY', 4, '996311', NULL, false, false, false, false, 'DRAFT', NULL, NULL, 14, 'trialing', NULL, NULL, NULL, false, NULL),
	('139c6002-bdd7-4924-9db4-16f14e283d89', 'tenant1', 'Hotel Demo One', 'beml layout 2', '+91-9019959870', 'ajitkumarpes@gmail.com', '2025-10-14 19:13:20.125617+00', 'free', 'active', NULL, NULL, 'Bangalore', '+91-9019959870', '+91-9019959870', '#145AF2', '', NULL, NULL, 'karnataka', 'India', 20, '{Wi-Fi,Pool,Spa,Gym,Restaurant,Bar,"Room Service",Laundry,Parking,"Airport Shuttle",AC,"Pet Friendly","Business Center",Concierge,"EV Charging","Kids Club"}', 'test hotel', '{"mode": "light", "brand": "#145AF2"}', '{"mode": "preview", "min_activity": 1, "require_consent": true, "block_if_late_exceeds": 0}', 'ajitkumarpes@okhdfcbank', '560066', NULL, NULL, '27ADD4444444444', 'Hotel Demo One', '14:00:00', '12:00:00', 'Asia/Kolkata', 'INR', '2026-03-17 13:10:53.074688+00', 'active', 12.00, false, 2.00, 'VYH', 1, true, 30, false, 0, '2026-03-01 07:25:05.53526+00', 'FY', 4, '996311', 'https://vsqiuwbmawygkxxjrxnt.supabase.co/storage/v1/object/public/hotel-assets/139c6002-bdd7-4924-9db4-16f14e283d89/cover.png?t=1772479502225', false, false, false, false, 'CONFIGURING', '2026-03-05 16:33:34.622464+00', '2026-03-19 16:33:34.622464+00', 14, 'trialing', NULL, NULL, NULL, false, NULL),
	('34fc8954-1f82-41cf-ae34-877aeff1eb76', 'test78678678', 'test78678678', 'Plot no.101, Bareilly - Nainital Rd, opposite Judge Court, near Reliance Digital, Bhotia Parao', '8630645733', 'placeholder@gmail.com', '2026-03-24 18:26:21.961279+00', 'free', 'active', NULL, NULL, 'Haldwani', NULL, NULL, '#6366F1', NULL, NULL, NULL, 'Uttarakhand', 'India', NULL, '{Wi-Fi,Pool,Spa,Gym,Bar,"Room Service",Parking,"Airport Shuttle",Laundry,AC,"Pet Friendly","Business Center",Concierge,"EV Charging","Kids Club",Restaurant}', 'Hotel Kafal Inn', NULL, NULL, 'ajitkumarpes@okhdfcbank', '263139', NULL, NULL, '27AD88888888888', 'test test', '11:00:00', '11:00:00', 'Asia/Kolkata', 'INR', '2026-03-24 18:26:33.307415+00', 'active', 5.00, false, 0.00, 'T-KF', 1, true, 30, false, 0, NULL, 'FY', 4, NULL, NULL, false, false, false, false, 'CONFIGURING', '2026-03-24 18:26:21.961279+00', '2026-04-07 18:26:21.961279+00', 14, 'trialing', NULL, NULL, NULL, false, NULL),
	('5780fa80-3e6b-44d0-b87e-2b4015f78c8b', 'hotel-sunshine-demo-test', 'Hotel Sunshine - Demo Test', 'Haldwani', '9901384009', 'kbisht786@gmail.com', '2026-03-23 11:32:18.056766+00', 'free', 'active', NULL, NULL, 'Haldwani', NULL, NULL, '#6366F1', NULL, NULL, NULL, 'Uttarakhand', 'India', NULL, NULL, NULL, NULL, NULL, NULL, '263139', NULL, NULL, NULL, NULL, '14:00:00', '11:00:00', 'Asia/Kolkata', 'INR', '2026-03-29 17:08:55.722326+00', 'active', 12.00, false, 0.00, 'H-', 1, true, 30, false, 0, '2026-03-29 17:08:55.722326+00', 'FY', 4, NULL, NULL, false, false, false, true, 'ACTIVE', '2026-03-23 11:32:18.056766+00', '2026-04-06 11:32:18.056766+00', 14, 'trialing', NULL, NULL, NULL, false, NULL),
	('f646136a-a5e4-4f0c-95e7-d81bc3bed8b0', 'hotel-test', 'Hotel Test', NULL, '9988557744', 'bistkapil1988@gmail.com', '2026-04-03 10:34:48.597806+00', 'free', 'active', NULL, NULL, NULL, NULL, NULL, '#6366F1', NULL, NULL, NULL, NULL, 'India', NULL, NULL, NULL, NULL, NULL, NULL, NULL, NULL, NULL, NULL, NULL, '14:00:00', '11:00:00', 'Asia/Kolkata', 'INR', '2026-04-03 10:41:28.658352+00', 'active', 12.00, false, 0.00, 'H-', 1, true, 30, false, 0, NULL, 'FY', 4, NULL, NULL, false, false, false, true, 'READY_FOR_REVIEW', '2026-04-03 10:34:48.597806+00', '2026-04-17 10:34:48.597806+00', 14, 'trialing', NULL, NULL, NULL, false, NULL),
	('def83e54-817d-46fd-a886-85a21137dc5b', 'hotel-haldwani', 'Hotel Haldwani', 'Haldwani', '7878345987', 'bistkapil1988@gmail.com', '2026-03-29 17:11:47.403277+00', 'free', 'active', NULL, NULL, 'Haldwani', NULL, NULL, '#6366F1', NULL, NULL, NULL, 'Uttarakhand', 'India', NULL, NULL, NULL, NULL, NULL, NULL, '263139', NULL, NULL, NULL, NULL, '11:00:00', '10:00:00', 'Asia/Kolkata', 'INR', '2026-03-29 17:29:44.482885+00', 'active', 12.00, false, 0.00, 'H-', 1, true, 30, false, 0, NULL, 'FY', 4, NULL, NULL, false, false, false, true, 'READY_FOR_REVIEW', '2026-03-29 17:11:47.403277+00', '2026-04-12 17:11:47.403277+00', 14, 'trialing', NULL, NULL, NULL, false, NULL),
	('4e32e918-d98d-4231-aa8d-fed3d37346ef', 'test-test-2026', 'test test 2026', NULL, '9019959870', 'ajitkumarpes@gmail.com', '2026-04-03 12:16:51.063515+00', 'free', 'active', NULL, NULL, NULL, NULL, NULL, '#6366F1', NULL, NULL, NULL, NULL, 'India', NULL, NULL, NULL, NULL, NULL, NULL, NULL, NULL, NULL, NULL, NULL, '14:00:00', '11:00:00', 'Asia/Kolkata', 'INR', '2026-04-03 12:17:18.635381+00', 'active', 12.00, false, 0.00, 'T-', 1, true, 30, false, 0, NULL, 'FY', 4, NULL, NULL, false, false, false, false, 'CONFIGURING', '2026-04-03 12:16:51.063515+00', '2026-04-17 12:16:51.063515+00', 14, 'trialing', NULL, NULL, NULL, false, NULL),
	('5d697b97-4336-4318-af21-53fc78a406ad', 'hotel1arti', 'hotel1_arti', 'nainital road, haldwani', '9999999999', 'kbisht786@gmail.com', '2026-04-11 05:32:22.452162+00', 'free', 'active', NULL, NULL, 'haldwani', NULL, NULL, '#6366F1', 'https://vsqiuwbmawygkxxjrxnt.supabase.co/storage/v1/object/public/hotel-assets/5d697b97-4336-4318-af21-53fc78a406ad/logo.png?t=1775885842349', NULL, NULL, 'uttarakhand', 'India', NULL, '{Wi-Fi,Pool,Restaurant,Bar,"Room Service",Parking,Laundry,AC,"Pet Friendly","Kids Club"}', NULL, NULL, NULL, NULL, '263139', NULL, NULL, NULL, NULL, '14:00:00', '11:00:00', 'Asia/Kolkata', 'INR', '2026-04-11 05:53:48.354083+00', 'active', 12.00, false, 0.00, 'H-', 1, true, 30, false, 0, '2026-04-11 05:53:48.354083+00', 'FY', 4, NULL, 'https://vsqiuwbmawygkxxjrxnt.supabase.co/storage/v1/object/public/hotel-assets/5d697b97-4336-4318-af21-53fc78a406ad/cover.png?t=1775885793159', true, false, false, true, 'ACTIVE', '2026-04-11 05:32:22.452162+00', '2026-04-25 05:32:22.452162+00', 14, 'trialing', NULL, NULL, NULL, false, NULL),
	('e10eca3b-3102-41fc-8006-c1b4b70e00e6', 'hotel-kafal-inn', 'Hotel Kafal Inn', 'Plot no.101, Bareilly - Nainital Rd, opposite Judge Court, near Reliance Digital, Bhotia Parao', '9901384009', 'kbisht786@gmail.com', '2026-03-09 18:18:40.36253+00', 'free', 'active', NULL, NULL, 'Haldwani', NULL, NULL, '#6366F1', 'https://vsqiuwbmawygkxxjrxnt.supabase.co/storage/v1/object/public/hotel-assets/e10eca3b-3102-41fc-8006-c1b4b70e00e6/logo.png?t=1776361071940', NULL, NULL, 'Uttarakhand', 'India', 16, '{Laundry,AC,"Pet Friendly","Business Center","Kids Club",Parking,"Room Service",Restaurant,Wi-Fi}', 'Hotel Kafal Inn', NULL, NULL, NULL, '263139', NULL, NULL, '27AD88888888888', 'Kafal Inn', '11:00:00', '10:00:00', 'Asia/Kolkata', 'INR', '2026-04-16 17:46:03.524556+00', 'active', 5.00, false, 0.00, 'T-KF', 1, true, 30, false, 0, '2026-04-16 17:46:03.524556+00', 'FY', 4, NULL, 'https://vsqiuwbmawygkxxjrxnt.supabase.co/storage/v1/object/public/hotel-assets/e10eca3b-3102-41fc-8006-c1b4b70e00e6/cover.png?t=1776361105228', false, false, false, true, 'ACTIVE', '2026-03-09 18:18:40.36253+00', '2026-03-23 18:18:40.36253+00', 14, 'trialing', NULL, NULL, NULL, false, NULL);


--
-- Data for Name: ai_usage; Type: TABLE DATA; Schema: public; Owner: postgres
--



--
-- Data for Name: ai_usage_events; Type: TABLE DATA; Schema: public; Owner: postgres
--



--
-- Data for Name: api_hits; Type: TABLE DATA; Schema: public; Owner: postgres
--



--
-- Data for Name: guests; Type: TABLE DATA; Schema: public; Owner: postgres
--

INSERT INTO "public"."guests" ("id", "full_name", "email", "phone", "created_at", "nationality", "address", "dob", "mobile", "updated_at", "vip_flag", "loyalty_tier") VALUES
	('73904179-cca9-40ab-a2c4-e509dadbbbbb', 'Ajitkumarpes', NULL, NULL, '2025-11-04 09:59:27.270589+00', NULL, NULL, NULL, NULL, '2026-02-15 08:15:10.004708+00', false, 'standard'),
	('0f6abc21-c561-48b7-a2ce-fec058109d45', 'Sneha Sharma', NULL, NULL, '2026-02-15 18:54:37.449522+00', NULL, NULL, NULL, NULL, '2026-02-15 18:54:37.449522+00', false, 'standard'),
	('4d03f8d8-9dad-4b7b-b8f0-d18e58884750', 'Vaiyu New entry', 'hr.vaiyu@gmail.com', NULL, '2026-03-16 18:12:04.730274+00', 'Indian', 'Haldwani', NULL, '6767688788', '2026-03-16 18:20:29.098238+00', false, 'standard'),
	('76f60bc3-4978-4258-8150-f9cc9a70a158', 'Test Arti', 'artijaraut711@gmail.com', NULL, '2026-03-23 11:58:56.433465+00', 'Indian', '', NULL, '8747475848', '2026-03-29 17:51:08.624764+00', false, 'standard'),
	('cf838ade-19e4-448c-bcb3-dbc4e307fbd4', 'Test', 'kbisht786@gmail.com', NULL, '2026-03-16 17:48:05.310292+00', 'Indian', 'Haldwani', NULL, '9901384009', '2026-04-03 10:56:08.209009+00', false, 'standard'),
	('bbe5013d-b5c2-467e-a48f-ac5923c413aa', 'Ajit Singh', 'singhajit.br@gmail.com', NULL, '2026-03-30 18:56:33.242426+00', 'Indian', '', NULL, '7866553345', '2026-04-04 09:26:15.548798+00', false, 'standard'),
	('cb427b87-1251-4701-bc85-95a4b74c3e57', 'Ajit Kumar Singh', 'ajitkumarpes@gmail.com', NULL, '2026-02-15 18:54:37.292115+00', 'Indian', 'Bangalore, karnataka', NULL, '9019959870', '2026-04-04 19:49:56.708331+00', false, 'standard'),
	('fc900025-691c-4815-8fea-654f431d3e29', 'Kapil', 'bistkapil1988@gmail.com', NULL, '2026-04-11 05:59:00.29406+00', 'Indian', 'delhi', NULL, '8899776644', '2026-04-11 06:06:28.591032+00', false, 'standard');


--
-- Data for Name: profiles; Type: TABLE DATA; Schema: public; Owner: postgres
--

INSERT INTO "public"."profiles" ("id", "full_name", "phone", "email", "govt_id_type", "govt_id_number", "address", "emergency_name", "emergency_phone", "vehicle_number", "consent_terms", "updated_at", "vaiyu_id", "govt_id_file_path", "govt_id_file_mime", "govt_id_file_size", "govt_id_verified", "created_at", "karma", "is_admin", "avatar_path", "profile_photo_url", "govt_id_file_url", "kyc_path") VALUES
	('d1e40c02-9978-46fd-875e-3989537af942', 'kapil bisht', '9901384009', 'kbisht786@gmail.com', 'Aadhar', 'gfdgdgertretre', 'Haldwani', NULL, NULL, NULL, true, '2025-10-18 07:54:06.83+00', 'V-635350', NULL, NULL, NULL, false, '2025-10-31 12:35:15.753575+00', 0, false, NULL, NULL, NULL, NULL),
	('5de45861-6847-4e54-a409-360260bac24c', 'test', NULL, 'test@hotel.com', NULL, NULL, NULL, NULL, NULL, NULL, false, '2025-11-04 13:46:47.049176+00', 'V-553667', NULL, NULL, NULL, false, '2025-11-04 13:46:47.049176+00', 0, false, NULL, NULL, NULL, NULL),
	('9540608e-bfc6-4600-8430-c8f59ad423bf', NULL, NULL, 'kamal.bisht.1010@gmail.com', NULL, NULL, NULL, NULL, NULL, NULL, false, '2025-11-27 16:45:06.089731+00', 'V-839038', NULL, NULL, NULL, false, '2025-11-27 16:45:06.089731+00', 0, false, NULL, NULL, NULL, NULL),
	('3ac51a25-ecb5-429c-b288-5db5275a9bbc', NULL, NULL, 'ajit@hotel.com', NULL, NULL, NULL, NULL, NULL, NULL, false, '2026-02-04 20:52:14.55539+00', 'V-473048', NULL, NULL, NULL, false, '2026-02-04 20:52:14.55539+00', 0, false, NULL, NULL, NULL, NULL),
	('4a66c0ba-5b27-4562-8dd6-bd6a87b138bd', NULL, NULL, 'singhajit.br@gmail.com', NULL, NULL, NULL, NULL, NULL, NULL, false, '2026-03-10 19:22:44.227338+00', 'V-232870', NULL, NULL, NULL, false, '2026-03-10 19:22:44.227338+00', 0, false, NULL, NULL, NULL, NULL),
	('0b2d11e5-c5ed-4999-ac4e-68137e4eb368', NULL, NULL, 'hr.vaiyu@gmail.com', NULL, NULL, NULL, NULL, NULL, NULL, false, '2026-03-16 18:18:02.280567+00', 'V-617996', NULL, NULL, NULL, false, '2026-03-16 18:18:02.280567+00', 0, false, NULL, NULL, NULL, NULL),
	('062b7110-e8f7-46c1-88fa-dd4470aac7cd', 'test1', NULL, 'ajitsan@gmail.com', NULL, NULL, NULL, NULL, NULL, NULL, false, '2025-11-01 04:09:16.76372+00', 'V-360485', NULL, NULL, NULL, false, '2025-11-01 04:09:16.76372+00', 0, false, NULL, NULL, NULL, NULL),
	('64847cf8-136b-445d-b34b-fe6e18a6d020', 'KP', NULL, 'bistkapil1988@gmail.com', NULL, NULL, NULL, NULL, NULL, NULL, false, '2026-03-23 11:52:20.623767+00', 'V-377630', NULL, NULL, NULL, false, '2026-03-16 17:34:38.662235+00', 0, false, NULL, NULL, NULL, NULL),
	('73904179-cca9-40ab-a2c4-e509dadbbbbb', 'ajit kumar singh', '9019959870', 'ajitkumarpes@gmail.com', 'Aadhar', '234567890456', '351, ground floor, 3rd cross, BEML Layout', 'pallavi', '9019959870', 'DDL-443', true, '2026-04-03 06:50:33.169+00', 'V-814552', NULL, NULL, NULL, false, '2025-10-31 12:41:01.795116+00', 0, false, '73904179-cca9-40ab-a2c4-e509dadbbbbb/1773256883471-Screenshot_2026-02-18_at_10.51.49_PM.png', 'https://vsqiuwbmawygkxxjrxnt.supabase.co/storage/v1/object/public/avatars/73904179-cca9-40ab-a2c4-e509dadbbbbb/1773256883471-Screenshot_2026-02-18_at_10.51.49_PM.png', NULL, NULL),
	('e50f31d7-b7aa-4bc5-b311-36ea3d5a45db', 'staff1', NULL, 'artijaraut711@gmail.com', NULL, NULL, NULL, NULL, NULL, NULL, false, '2026-04-11 05:51:24.345345+00', 'V-686223', NULL, NULL, NULL, false, '2026-03-23 12:05:02.189634+00', 0, false, NULL, NULL, NULL, NULL);


--
-- Data for Name: rate_plans; Type: TABLE DATA; Schema: public; Owner: postgres
--



--
-- Data for Name: system_room_type_templates; Type: TABLE DATA; Schema: public; Owner: postgres
--

INSERT INTO "public"."system_room_type_templates" ("id", "code", "name", "description", "default_base_occupancy", "default_max_occupancy", "is_active", "sort_order", "created_at", "updated_at") VALUES
	('e04ca43b-604a-4a21-b8a9-db4eb43200e6', 'STANDARD', 'Standard', 'Basic standard category', 2, 2, true, 1, '2026-03-02 12:37:54.179567+00', '2026-03-02 12:37:54.179567+00'),
	('9208cb3a-c711-42e2-990d-c3766a147463', 'DELUXE', 'Deluxe', 'Larger upgraded category', 2, 3, true, 2, '2026-03-02 12:37:54.179567+00', '2026-03-02 12:37:54.179567+00'),
	('1da689b9-0cc7-4e21-8ccd-545c7a67514e', 'EXECUTIVE', 'Executive', 'Premium business category', 2, 3, true, 3, '2026-03-02 12:37:54.179567+00', '2026-03-02 12:37:54.179567+00'),
	('e70a6fbc-a045-4d6e-bd11-a511f68d9604', 'SUPERIOR', 'Superior', 'Enhanced comfort category', 2, 3, true, 4, '2026-03-02 12:37:54.179567+00', '2026-03-02 12:37:54.179567+00'),
	('235afb5d-1892-48f5-8981-47645a8ee67b', 'PREMIUM', 'Premium', 'High-end premium category', 2, 3, true, 5, '2026-03-02 12:37:54.179567+00', '2026-03-02 12:37:54.179567+00'),
	('5938d7cf-46f9-4102-bafa-40dd986b48f8', 'FAMILY', 'Family', 'Family stay category', 3, 5, true, 6, '2026-03-02 12:37:54.179567+00', '2026-03-02 12:37:54.179567+00'),
	('e21785a6-103a-42bd-8d2e-96d570d5fdaa', 'TWIN', 'Twin', 'Two separate beds', 2, 2, true, 7, '2026-03-02 12:37:54.179567+00', '2026-03-02 12:37:54.179567+00'),
	('539b25cc-9a60-490b-9b17-e0522015c0ff', 'DOUBLE', 'Double', 'Single double bed', 2, 2, true, 8, '2026-03-02 12:37:54.179567+00', '2026-03-02 12:37:54.179567+00'),
	('4f69238f-4f66-4c8b-9648-f5c78d8f55df', 'STUDIO', 'Studio', 'Studio layout category', 2, 3, true, 9, '2026-03-02 12:37:54.179567+00', '2026-03-02 12:37:54.179567+00'),
	('4b2ae606-7ae5-43b0-b866-728e3920e5a0', 'JUNIOR_SUITE', 'Junior Suite', 'Entry-level suite', 2, 3, true, 10, '2026-03-02 12:37:54.179567+00', '2026-03-02 12:37:54.179567+00'),
	('973ed3be-983d-4769-b93e-54814772c4fb', 'SUITE', 'Suite', 'Luxury suite', 2, 4, true, 11, '2026-03-02 12:37:54.179567+00', '2026-03-02 12:37:54.179567+00'),
	('2230fb7d-2b48-4a84-acf5-628f422a0390', 'EXECUTIVE_SUITE', 'Executive Suite', 'Premium executive suite', 2, 4, true, 12, '2026-03-02 12:37:54.179567+00', '2026-03-02 12:37:54.179567+00'),
	('adaf4b94-c246-4304-81f9-afe6dfe45c25', 'PRESIDENTIAL_SUITE', 'Presidential Suite', 'Top-tier luxury suite', 2, 6, true, 13, '2026-03-02 12:37:54.179567+00', '2026-03-02 12:37:54.179567+00'),
	('b14403ae-d492-40de-b491-28dedbfd34c9', 'ACCESSIBLE', 'Accessible', 'Accessibility enabled category', 2, 2, true, 14, '2026-03-02 12:37:54.179567+00', '2026-03-02 12:37:54.179567+00'),
	('81da74d6-f1b8-44b7-8289-ef4d1b4495c3', 'CONNECTING', 'Connecting', 'Interconnected rooms', 2, 4, true, 15, '2026-03-02 12:37:54.179567+00', '2026-03-02 12:37:54.179567+00'),
	('7cf1c83f-78c7-4bcd-9406-4e32b14d9ef2', 'DORMITORY', 'Dormitory', 'Shared dormitory category', 4, 10, true, 16, '2026-03-02 12:37:54.179567+00', '2026-03-02 12:37:54.179567+00');


--
-- Data for Name: room_types; Type: TABLE DATA; Schema: public; Owner: postgres
--

INSERT INTO "public"."room_types" ("id", "hotel_id", "name", "description", "base_occupancy", "max_occupancy", "created_at", "is_active", "template_id") VALUES
	('3bd692f6-a8e5-42e4-ac5f-70e596ad76f1', 'e10eca3b-3102-41fc-8006-c1b4b70e00e6', 'Deluxe', NULL, 2, 3, '2026-03-16 17:32:27.294028+00', true, NULL),
	('a2779b92-a2aa-423c-a2c3-16f2e2c4a260', 'f1de1a99-b69b-48eb-8431-368d554d8aaf', 'Executive', NULL, 2, 3, '2026-03-23 11:41:01.671137+00', true, NULL),
	('b8fe311c-85c0-4f4c-b530-bc5c3124d2b6', 'f1de1a99-b69b-48eb-8431-368d554d8aaf', 'Double', NULL, 2, 2, '2026-03-23 11:41:01.7567+00', true, NULL),
	('3ed4a085-fcbe-4b2b-bd6e-07127da9d740', '5780fa80-3e6b-44d0-b87e-2b4015f78c8b', 'Standard', NULL, 2, 2, '2026-03-23 11:43:09.866712+00', true, NULL),
	('db687aff-6206-4a4e-b3f2-de3d5a7b48cd', '5780fa80-3e6b-44d0-b87e-2b4015f78c8b', 'Deluxe', NULL, 2, 3, '2026-03-23 11:43:09.986577+00', true, NULL),
	('13ef511c-3948-4842-847e-d5dd2d1a5f74', '5780fa80-3e6b-44d0-b87e-2b4015f78c8b', 'Suite', NULL, 2, 3, '2026-03-23 11:43:10.09396+00', true, NULL),
	('6daa27ab-236b-4e79-8968-c8bc3353841f', 'def83e54-817d-46fd-a886-85a21137dc5b', 'Standard', NULL, 5, 5, '2026-03-29 17:25:07.031242+00', true, NULL),
	('b1ad3bcb-2067-42d1-8bf6-343e3d8c372f', 'def83e54-817d-46fd-a886-85a21137dc5b', 'Deluxe', NULL, 3, 3, '2026-03-29 17:25:07.20057+00', true, NULL),
	('0b8d5cb9-19b5-485a-8215-0ed4cf8700b5', 'def83e54-817d-46fd-a886-85a21137dc5b', 'Suite', NULL, 2, 2, '2026-03-29 17:25:07.338375+00', true, NULL),
	('2e27fef8-7d6a-415a-b0d9-5f713b905389', '5710bfe1-7590-4361-aebe-4335ac31ac1e', 'Standard', NULL, 2, 3, '2026-04-03 10:43:28.095876+00', true, NULL),
	('a61cb6d9-c4ad-4423-9590-7036c82a68a6', '4e32e918-d98d-4231-aa8d-fed3d37346ef', 'Standard', NULL, 2, 2, '2026-04-03 12:17:18.407109+00', true, NULL),
	('b7ab63b4-998c-44e5-81f7-5a6b46b1d539', 'ec3551da-fc3d-4c34-9344-fb13c2e20af6', 'Standard', NULL, 2, 2, '2026-04-03 12:18:37.007628+00', true, NULL),
	('0098799e-4e29-42ef-8d90-adb357432810', 'ce30b5a6-a0f0-4238-b213-397216edf1d8', 'Standard', NULL, 2, 3, '2026-02-16 16:30:11.521089+00', true, 'e04ca43b-604a-4a21-b8a9-db4eb43200e6'),
	('45838d55-f0e5-4c95-897e-1a202e737db9', '139c6002-bdd7-4924-9db4-16f14e283d89', 'Standard', 'Basic standard category', 2, 2, '2026-02-10 18:25:35.87667+00', true, 'e04ca43b-604a-4a21-b8a9-db4eb43200e6'),
	('2efb36d1-9e12-43d8-9e7a-27f66d479d92', '139c6002-bdd7-4924-9db4-16f14e283d89', 'Deluxe', 'Larger upgraded category', 2, 3, '2026-02-10 18:25:35.87667+00', true, '9208cb3a-c711-42e2-990d-c3766a147463'),
	('58d31f16-68c5-4029-9237-8dc849bfef66', '139c6002-bdd7-4924-9db4-16f14e283d89', 'Executive', 'Premium business category', 2, 3, '2026-02-10 18:25:35.87667+00', true, '1da689b9-0cc7-4e21-8ccd-545c7a67514e'),
	('a956fa1d-7fb0-4673-bfe9-d34ecf728ffe', '139c6002-bdd7-4924-9db4-16f14e283d89', 'Superior', 'Enhanced comfort category', 2, 3, '2026-02-10 18:25:35.87667+00', true, 'e70a6fbc-a045-4d6e-bd11-a511f68d9604'),
	('8ee5a0f6-bb7f-4f3e-9971-e831e77ba9df', '139c6002-bdd7-4924-9db4-16f14e283d89', 'Premium', 'High-end premium category', 2, 3, '2026-02-10 18:25:35.87667+00', true, '235afb5d-1892-48f5-8981-47645a8ee67b'),
	('b2c2d1be-5db0-43e9-a639-3e98e9da6d1a', '139c6002-bdd7-4924-9db4-16f14e283d89', 'Family', 'Family stay category', 3, 5, '2026-02-10 18:25:35.87667+00', true, '5938d7cf-46f9-4102-bafa-40dd986b48f8'),
	('9ebf533e-3606-455c-8535-7b4ec4abbbeb', '139c6002-bdd7-4924-9db4-16f14e283d89', 'Twin', 'Two separate beds', 2, 2, '2026-02-10 18:25:35.87667+00', true, 'e21785a6-103a-42bd-8d2e-96d570d5fdaa'),
	('d77b7fb8-ab79-43a3-a323-57208184e054', '139c6002-bdd7-4924-9db4-16f14e283d89', 'Double', 'Single double bed', 2, 2, '2026-02-10 18:25:35.87667+00', true, '539b25cc-9a60-490b-9b17-e0522015c0ff'),
	('54d0e828-6610-4c68-b311-bc6573b12ec5', '139c6002-bdd7-4924-9db4-16f14e283d89', 'Studio', 'Studio layout category', 2, 3, '2026-02-10 18:25:35.87667+00', true, '4f69238f-4f66-4c8b-9648-f5c78d8f55df'),
	('74834ad7-8270-49f5-91d4-236b95e111fe', '139c6002-bdd7-4924-9db4-16f14e283d89', 'Junior Suite', 'Entry-level suite', 2, 3, '2026-02-10 18:25:35.87667+00', true, '4b2ae606-7ae5-43b0-b866-728e3920e5a0'),
	('4a144bf5-6afb-45f3-92d0-4f842ddccb3c', '139c6002-bdd7-4924-9db4-16f14e283d89', 'Suite', 'Luxury suite', 2, 4, '2026-02-10 18:25:35.87667+00', true, '973ed3be-983d-4769-b93e-54814772c4fb'),
	('496801b9-1ea6-4978-89a2-0ccbd559666b', '139c6002-bdd7-4924-9db4-16f14e283d89', 'Executive Suite', 'Premium executive suite', 2, 4, '2026-02-10 18:25:35.87667+00', true, '2230fb7d-2b48-4a84-acf5-628f422a0390'),
	('0c90e538-980c-40a3-b183-f2d407a9ff30', '139c6002-bdd7-4924-9db4-16f14e283d89', 'Presidential Suite', 'Top-tier luxury suite', 2, 6, '2026-02-10 18:25:35.87667+00', true, 'adaf4b94-c246-4304-81f9-afe6dfe45c25'),
	('c8a9d83f-af98-4936-be8e-d5332c18dc61', '139c6002-bdd7-4924-9db4-16f14e283d89', 'Accessible', 'Accessibility enabled category', 2, 2, '2026-02-10 18:25:35.87667+00', true, 'b14403ae-d492-40de-b491-28dedbfd34c9'),
	('a0f3f5c7-243f-4ae9-aa30-0bcfd72c3490', '139c6002-bdd7-4924-9db4-16f14e283d89', 'Connecting', 'Interconnected rooms', 2, 4, '2026-02-10 18:25:35.87667+00', true, '81da74d6-f1b8-44b7-8289-ef4d1b4495c3'),
	('365b873d-c3eb-4b68-9fe2-1e0c540c5b03', '139c6002-bdd7-4924-9db4-16f14e283d89', 'Dormitory', 'Shared dormitory category', 4, 10, '2026-02-10 18:25:35.87667+00', true, '7cf1c83f-78c7-4bcd-9406-4e32b14d9ef2'),
	('9fcdaed2-ef9e-4413-a535-b5a9e718daa5', '5d697b97-4336-4318-af21-53fc78a406ad', 'Executive', NULL, 2, 3, '2026-04-11 05:41:14.098598+00', true, NULL),
	('94c8904e-21d4-4293-b1f0-56e1511caf52', '5d697b97-4336-4318-af21-53fc78a406ad', 'Family', NULL, 3, 5, '2026-04-11 05:41:14.22959+00', true, NULL),
	('11423486-569a-4cc6-a061-4de49740b1d4', '5d697b97-4336-4318-af21-53fc78a406ad', 'Double', NULL, 2, 2, '2026-04-11 05:41:14.307478+00', true, NULL),
	('0cd76578-efa1-4224-a31b-811fc039e377', '139c6002-bdd7-4924-9db4-16f14e283d89', 'Presidential', NULL, 4, 6, '2026-03-05 16:37:17.440923+00', true, NULL);


--
-- Data for Name: rooms; Type: TABLE DATA; Schema: public; Owner: postgres
--

INSERT INTO "public"."rooms" ("id", "hotel_id", "number", "floor", "status", "created_at", "wing", "room_type_id", "housekeeping_status", "updated_at", "is_out_of_order") VALUES
	('5b39e8b0-3651-4645-a882-e9dd6794a725', '4e32e918-d98d-4231-aa8d-fed3d37346ef', '100', '1', 'vacant', '2026-04-03 12:17:18.529181+00', NULL, 'a61cb6d9-c4ad-4423-9590-7036c82a68a6', 'clean', '2026-04-03 12:17:18.529181+00', false),
	('3251a05b-6580-4e39-9854-8fd676103831', 'ce30b5a6-a0f0-4238-b213-397216edf1d8', '122', NULL, 'vacant', '2025-10-20 07:15:45.097022+00', NULL, '0098799e-4e29-42ef-8d90-adb357432810', 'clean', '2026-02-28 11:05:15.074494+00', false),
	('20b01e3a-3b14-42a1-843b-4c591b504d75', '4e32e918-d98d-4231-aa8d-fed3d37346ef', '101', '1', 'vacant', '2026-04-03 12:17:18.529181+00', NULL, 'a61cb6d9-c4ad-4423-9590-7036c82a68a6', 'clean', '2026-04-03 12:17:18.529181+00', false),
	('6c8f734b-66c8-43ce-a4e6-ae67022c2244', 'ce30b5a6-a0f0-4238-b213-397216edf1d8', '121', NULL, 'vacant', '2025-10-20 07:15:45.097022+00', NULL, '0098799e-4e29-42ef-8d90-adb357432810', 'clean', '2026-02-28 11:05:15.074494+00', false),
	('a8910058-3e9c-4ef1-9f3b-be7644ba1080', '5d697b97-4336-4318-af21-53fc78a406ad', '201', '2', 'vacant', '2026-04-11 05:41:14.426609+00', NULL, '9fcdaed2-ef9e-4413-a535-b5a9e718daa5', 'clean', '2026-04-11 05:41:14.426609+00', false),
	('5b9fbe5a-2092-40e7-92b5-fa6f265f9706', 'ce30b5a6-a0f0-4238-b213-397216edf1d8', '120', NULL, 'vacant', '2025-10-20 07:05:52.432439+00', NULL, '0098799e-4e29-42ef-8d90-adb357432810', 'clean', '2026-02-28 11:05:15.074494+00', false),
	('0c2ca5b5-6fe0-4a11-bb8e-04be3f3375cc', '5d697b97-4336-4318-af21-53fc78a406ad', '202', '2', 'vacant', '2026-04-11 05:41:14.426609+00', NULL, '9fcdaed2-ef9e-4413-a535-b5a9e718daa5', 'clean', '2026-04-11 05:41:14.426609+00', false),
	('c4487309-ada7-4280-915e-45129800e934', 'ce30b5a6-a0f0-4238-b213-397216edf1d8', '119', NULL, 'vacant', '2025-10-20 07:05:52.432439+00', NULL, '0098799e-4e29-42ef-8d90-adb357432810', 'clean', '2026-02-28 11:05:15.074494+00', false),
	('3e976c14-e9f1-433a-af30-32015d7dd3f1', '5d697b97-4336-4318-af21-53fc78a406ad', '203', '2', 'vacant', '2026-04-11 05:41:14.426609+00', NULL, '9fcdaed2-ef9e-4413-a535-b5a9e718daa5', 'clean', '2026-04-11 05:41:14.426609+00', false),
	('e725392f-38f9-4552-b215-996eb29d1a8f', 'ce30b5a6-a0f0-4238-b213-397216edf1d8', '118', NULL, 'vacant', '2025-10-20 07:05:52.432439+00', NULL, '0098799e-4e29-42ef-8d90-adb357432810', 'clean', '2026-02-28 11:05:15.074494+00', false),
	('b213cd7b-e589-4c35-a5c0-936349aebb69', '5d697b97-4336-4318-af21-53fc78a406ad', '204', '2', 'vacant', '2026-04-11 05:41:14.426609+00', NULL, '9fcdaed2-ef9e-4413-a535-b5a9e718daa5', 'clean', '2026-04-11 05:41:14.426609+00', false),
	('7d97e52c-04e3-418c-91be-e4620af492f3', 'ce30b5a6-a0f0-4238-b213-397216edf1d8', '116', NULL, 'vacant', '2025-10-20 07:05:52.432439+00', NULL, '0098799e-4e29-42ef-8d90-adb357432810', 'clean', '2026-02-28 11:05:15.074494+00', false),
	('92430e69-ae28-400d-9c2c-cf63de3ab4fb', '5d697b97-4336-4318-af21-53fc78a406ad', '205', '2', 'vacant', '2026-04-11 05:41:14.426609+00', NULL, '9fcdaed2-ef9e-4413-a535-b5a9e718daa5', 'clean', '2026-04-11 05:41:14.426609+00', false),
	('9e5051ab-d162-42e8-87d6-4213762286eb', 'ce30b5a6-a0f0-4238-b213-397216edf1d8', '115', NULL, 'vacant', '2025-10-20 07:05:52.432439+00', NULL, '0098799e-4e29-42ef-8d90-adb357432810', 'clean', '2026-02-28 11:05:15.074494+00', false),
	('66845f66-6c27-4cb9-bcda-c3e99f6ff211', 'ce30b5a6-a0f0-4238-b213-397216edf1d8', '114', NULL, 'vacant', '2025-10-20 07:05:52.432439+00', NULL, '0098799e-4e29-42ef-8d90-adb357432810', 'clean', '2026-02-28 11:05:15.074494+00', false),
	('74a5e854-ee99-4226-b67f-ac4a75016bb5', '5d697b97-4336-4318-af21-53fc78a406ad', '301', '3', 'vacant', '2026-04-11 05:41:14.426609+00', NULL, '94c8904e-21d4-4293-b1f0-56e1511caf52', 'clean', '2026-04-11 05:41:14.426609+00', false),
	('dd62fed1-f2bc-4486-b465-354499acd820', '5d697b97-4336-4318-af21-53fc78a406ad', '302', '3', 'vacant', '2026-04-11 05:41:14.426609+00', NULL, '94c8904e-21d4-4293-b1f0-56e1511caf52', 'clean', '2026-04-11 05:41:14.426609+00', false),
	('d7bfb8d0-cae3-4f3b-a4cc-a23f1c9170da', 'ce30b5a6-a0f0-4238-b213-397216edf1d8', '112', NULL, 'vacant', '2025-10-20 07:05:52.432439+00', NULL, '0098799e-4e29-42ef-8d90-adb357432810', 'clean', '2026-02-28 11:05:15.074494+00', false),
	('e4e87957-9cd4-47e2-a501-6dfc514f7c5f', '5d697b97-4336-4318-af21-53fc78a406ad', '303', '3', 'vacant', '2026-04-11 05:41:14.426609+00', NULL, '94c8904e-21d4-4293-b1f0-56e1511caf52', 'clean', '2026-04-11 05:41:14.426609+00', false),
	('08b18342-c151-4d01-a5b8-417383dfab13', 'ce30b5a6-a0f0-4238-b213-397216edf1d8', '111', NULL, 'vacant', '2025-10-20 07:05:52.432439+00', NULL, '0098799e-4e29-42ef-8d90-adb357432810', 'clean', '2026-02-28 11:05:15.074494+00', false),
	('bbcb1caa-70dd-483d-a8bd-5ab2b7b92469', '5d697b97-4336-4318-af21-53fc78a406ad', '101', '1', 'vacant', '2026-04-11 05:41:14.426609+00', NULL, '11423486-569a-4cc6-a061-4de49740b1d4', 'clean', '2026-04-11 05:41:14.426609+00', false),
	('f9328ac5-0c8f-4bda-b7e1-e4a44edd8c12', 'ce30b5a6-a0f0-4238-b213-397216edf1d8', '110', NULL, 'vacant', '2025-10-20 07:05:52.432439+00', NULL, '0098799e-4e29-42ef-8d90-adb357432810', 'clean', '2026-02-28 11:05:15.074494+00', false),
	('bded9112-9af7-4b24-b400-6c6bdf2169ac', '5d697b97-4336-4318-af21-53fc78a406ad', '102', '1', 'vacant', '2026-04-11 05:41:14.426609+00', NULL, '11423486-569a-4cc6-a061-4de49740b1d4', 'clean', '2026-04-11 05:41:14.426609+00', false),
	('976940e4-700e-4860-b5de-5092a3a2cbe9', 'ce30b5a6-a0f0-4238-b213-397216edf1d8', '109', NULL, 'vacant', '2025-10-20 07:05:52.432439+00', NULL, '0098799e-4e29-42ef-8d90-adb357432810', 'clean', '2026-02-28 11:05:15.074494+00', false),
	('9e45bc2d-6663-475c-ba8d-1eaecc90bab3', '5d697b97-4336-4318-af21-53fc78a406ad', '103', '1', 'vacant', '2026-04-11 05:41:14.426609+00', NULL, '11423486-569a-4cc6-a061-4de49740b1d4', 'clean', '2026-04-11 05:41:14.426609+00', false),
	('d5621b8f-2064-4280-9f11-336501dd37cb', 'ce30b5a6-a0f0-4238-b213-397216edf1d8', '108', NULL, 'vacant', '2025-10-20 07:05:52.432439+00', NULL, '0098799e-4e29-42ef-8d90-adb357432810', 'clean', '2026-02-28 11:05:15.074494+00', false),
	('50c499c1-b20e-4595-9aa3-3342b9882dca', '5d697b97-4336-4318-af21-53fc78a406ad', '104', '1', 'vacant', '2026-04-11 05:41:14.426609+00', NULL, '11423486-569a-4cc6-a061-4de49740b1d4', 'clean', '2026-04-11 05:41:14.426609+00', false),
	('33aad26e-67fe-4789-8c3f-854e628ff136', 'ce30b5a6-a0f0-4238-b213-397216edf1d8', '130', NULL, 'vacant', '2025-10-20 07:15:45.097022+00', NULL, '0098799e-4e29-42ef-8d90-adb357432810', 'clean', '2026-02-28 11:05:15.074494+00', false),
	('158981cd-b9ae-41e9-8795-90516c793ffe', '5d697b97-4336-4318-af21-53fc78a406ad', '105', '1', 'vacant', '2026-04-11 05:41:14.426609+00', NULL, '11423486-569a-4cc6-a061-4de49740b1d4', 'clean', '2026-04-11 05:41:14.426609+00', false),
	('3815bba4-1759-4f88-9926-b8ca18e0d5c7', 'ce30b5a6-a0f0-4238-b213-397216edf1d8', '129', NULL, 'vacant', '2025-10-20 07:15:45.097022+00', NULL, '0098799e-4e29-42ef-8d90-adb357432810', 'clean', '2026-02-28 11:05:15.074494+00', false),
	('97dd949c-3ea3-4c8e-b7cc-03b3e497e438', '5d697b97-4336-4318-af21-53fc78a406ad', '106', '1', 'vacant', '2026-04-11 05:41:14.426609+00', NULL, '11423486-569a-4cc6-a061-4de49740b1d4', 'clean', '2026-04-11 05:41:14.426609+00', false),
	('1d0abd59-7149-42d0-81e0-bb5175ba5c7d', 'ce30b5a6-a0f0-4238-b213-397216edf1d8', '128', NULL, 'vacant', '2025-10-20 07:15:45.097022+00', NULL, '0098799e-4e29-42ef-8d90-adb357432810', 'clean', '2026-02-28 11:05:15.074494+00', false),
	('222fbab8-d85a-4bb3-996e-54bbf8fadc80', 'ce30b5a6-a0f0-4238-b213-397216edf1d8', '127', NULL, 'vacant', '2025-10-20 07:15:45.097022+00', NULL, '0098799e-4e29-42ef-8d90-adb357432810', 'clean', '2026-02-28 11:05:15.074494+00', false),
	('b7a65b21-ac90-4ed1-ac37-2d96477ce931', 'ce30b5a6-a0f0-4238-b213-397216edf1d8', '126', NULL, 'vacant', '2025-10-20 07:15:45.097022+00', NULL, '0098799e-4e29-42ef-8d90-adb357432810', 'clean', '2026-02-28 11:05:15.074494+00', false),
	('f974cd1f-62e0-444e-8829-30ca48db329b', 'ce30b5a6-a0f0-4238-b213-397216edf1d8', '125', NULL, 'vacant', '2025-10-20 07:15:45.097022+00', NULL, '0098799e-4e29-42ef-8d90-adb357432810', 'clean', '2026-02-28 11:05:15.074494+00', false),
	('c2b19a35-3bdd-4465-bca4-1eed94e251f0', 'ce30b5a6-a0f0-4238-b213-397216edf1d8', '124', NULL, 'vacant', '2025-10-20 07:15:45.097022+00', NULL, '0098799e-4e29-42ef-8d90-adb357432810', 'clean', '2026-02-28 11:05:15.074494+00', false),
	('0dd98b54-385b-4bea-a815-d5a36a059fc5', 'ce30b5a6-a0f0-4238-b213-397216edf1d8', '123', NULL, 'vacant', '2025-10-20 07:15:45.097022+00', NULL, '0098799e-4e29-42ef-8d90-adb357432810', 'clean', '2026-02-28 11:05:15.074494+00', false),
	('517a9232-d241-4a84-9ced-fceffdfe615e', 'ce30b5a6-a0f0-4238-b213-397216edf1d8', '107', NULL, 'vacant', '2025-10-20 07:05:52.432439+00', NULL, '0098799e-4e29-42ef-8d90-adb357432810', 'clean', '2026-02-28 11:05:15.074494+00', false),
	('82a08fb4-5e77-4ee3-9e03-aafd4d2a30bf', 'ce30b5a6-a0f0-4238-b213-397216edf1d8', '106', NULL, 'vacant', '2025-10-20 07:05:52.432439+00', NULL, '0098799e-4e29-42ef-8d90-adb357432810', 'clean', '2026-02-28 11:05:15.074494+00', false),
	('32a2d644-9a45-482c-b9ca-805414151bbb', 'ce30b5a6-a0f0-4238-b213-397216edf1d8', '105', NULL, 'vacant', '2025-10-20 07:05:52.432439+00', NULL, '0098799e-4e29-42ef-8d90-adb357432810', 'clean', '2026-02-28 11:05:15.074494+00', false),
	('22914c59-32c3-47d2-967b-ca051e4565fc', 'ce30b5a6-a0f0-4238-b213-397216edf1d8', '104', NULL, 'vacant', '2025-10-20 07:05:52.432439+00', NULL, '0098799e-4e29-42ef-8d90-adb357432810', 'clean', '2026-02-28 11:05:15.074494+00', false),
	('11364b43-1bcd-480e-8d0d-8a80d4e8bf1e', 'ce30b5a6-a0f0-4238-b213-397216edf1d8', '103', NULL, 'vacant', '2025-10-20 07:05:52.432439+00', NULL, '0098799e-4e29-42ef-8d90-adb357432810', 'clean', '2026-02-28 11:05:15.074494+00', false),
	('2f1f2738-2f99-497b-8104-02cc47b7793f', 'ce30b5a6-a0f0-4238-b213-397216edf1d8', '102', NULL, 'vacant', '2025-10-20 07:05:52.432439+00', NULL, '0098799e-4e29-42ef-8d90-adb357432810', 'clean', '2026-02-28 11:05:15.074494+00', false),
	('63dec1e4-2c15-4f94-9dd1-7d904068d26d', 'ce30b5a6-a0f0-4238-b213-397216edf1d8', '101', NULL, 'vacant', '2025-10-20 07:05:52.432439+00', NULL, '0098799e-4e29-42ef-8d90-adb357432810', 'clean', '2026-02-28 11:05:15.074494+00', false),
	('da26199c-8576-4793-8053-3a7535f5ec4d', 'ce30b5a6-a0f0-4238-b213-397216edf1d8', '034', NULL, 'vacant', '2025-10-20 10:11:36.103209+00', NULL, '0098799e-4e29-42ef-8d90-adb357432810', 'clean', '2026-02-28 11:05:15.074494+00', false),
	('a1c1a63d-6262-4198-b139-4e9b661f9a5f', 'ce30b5a6-a0f0-4238-b213-397216edf1d8', '006', NULL, 'vacant', '2025-10-20 10:11:36.103209+00', NULL, '0098799e-4e29-42ef-8d90-adb357432810', 'clean', '2026-02-28 11:05:15.074494+00', false),
	('3295981b-ac10-4364-8ce1-f436db38fc36', 'ce30b5a6-a0f0-4238-b213-397216edf1d8', '016', NULL, 'vacant', '2025-10-20 10:11:36.103209+00', NULL, '0098799e-4e29-42ef-8d90-adb357432810', 'clean', '2026-02-28 11:05:15.074494+00', false),
	('9b72680d-d347-4f90-a10a-849b05301a22', 'ce30b5a6-a0f0-4238-b213-397216edf1d8', '113', NULL, 'vacant', '2025-10-20 07:05:52.432439+00', NULL, '0098799e-4e29-42ef-8d90-adb357432810', 'clean', '2026-03-01 08:28:37.130416+00', false),
	('91ac6c2f-f1d5-4fc0-b787-19df7cb3b12b', 'ce30b5a6-a0f0-4238-b213-397216edf1d8', '031', NULL, 'vacant', '2025-10-20 10:11:36.103209+00', NULL, '0098799e-4e29-42ef-8d90-adb357432810', 'clean', '2026-02-28 11:05:15.074494+00', false),
	('be116fa7-d18e-4e44-a249-f719d9011d82', 'ce30b5a6-a0f0-4238-b213-397216edf1d8', '014', NULL, 'vacant', '2025-10-20 10:11:36.103209+00', NULL, '0098799e-4e29-42ef-8d90-adb357432810', 'clean', '2026-02-28 11:05:15.074494+00', false),
	('e0840742-db64-41f8-9c45-9aba06b3b0bd', 'ce30b5a6-a0f0-4238-b213-397216edf1d8', '003', NULL, 'vacant', '2025-10-20 10:11:36.103209+00', NULL, '0098799e-4e29-42ef-8d90-adb357432810', 'clean', '2026-02-28 11:05:15.074494+00', false),
	('7d2e29ce-6742-4d00-b86b-14b2664f40f1', 'ce30b5a6-a0f0-4238-b213-397216edf1d8', '011', NULL, 'vacant', '2025-10-20 10:11:36.103209+00', NULL, '0098799e-4e29-42ef-8d90-adb357432810', 'clean', '2026-02-28 11:05:15.074494+00', false),
	('1f9e5deb-04f6-4899-9faa-c8b4bf4c0b6d', 'ce30b5a6-a0f0-4238-b213-397216edf1d8', '036', NULL, 'vacant', '2025-10-20 10:11:36.103209+00', NULL, '0098799e-4e29-42ef-8d90-adb357432810', 'clean', '2026-02-28 11:05:15.074494+00', false),
	('c467178c-b707-433c-99a0-53647ebbe4a4', 'ce30b5a6-a0f0-4238-b213-397216edf1d8', '019', NULL, 'vacant', '2025-10-20 10:11:36.103209+00', NULL, '0098799e-4e29-42ef-8d90-adb357432810', 'clean', '2026-02-28 11:05:15.074494+00', false),
	('eb1d278a-2a4a-4432-ba3d-3896ae7b1852', 'ce30b5a6-a0f0-4238-b213-397216edf1d8', '035', NULL, 'vacant', '2025-10-20 10:11:36.103209+00', NULL, '0098799e-4e29-42ef-8d90-adb357432810', 'clean', '2026-02-28 11:05:15.074494+00', false),
	('0e6972bb-f649-4df8-b738-1b7ed065dcf5', 'ce30b5a6-a0f0-4238-b213-397216edf1d8', '008', NULL, 'vacant', '2025-10-20 10:11:36.103209+00', NULL, '0098799e-4e29-42ef-8d90-adb357432810', 'clean', '2026-02-28 11:05:15.074494+00', false),
	('1753cd7a-dc4e-46ae-96d9-b02f10daa33a', 'ce30b5a6-a0f0-4238-b213-397216edf1d8', '039', NULL, 'vacant', '2025-10-20 10:11:36.103209+00', NULL, '0098799e-4e29-42ef-8d90-adb357432810', 'clean', '2026-02-28 11:05:15.074494+00', false),
	('b6f77d9c-7100-467a-9c38-7c3ce8437f32', 'ce30b5a6-a0f0-4238-b213-397216edf1d8', '032', NULL, 'vacant', '2025-10-20 10:11:36.103209+00', NULL, '0098799e-4e29-42ef-8d90-adb357432810', 'clean', '2026-02-28 11:05:15.074494+00', false),
	('5f8860d2-47fe-437f-ac4e-a82e87c57111', 'ce30b5a6-a0f0-4238-b213-397216edf1d8', '024', NULL, 'vacant', '2025-10-20 10:11:36.103209+00', NULL, '0098799e-4e29-42ef-8d90-adb357432810', 'clean', '2026-02-28 11:05:15.074494+00', false),
	('989939e0-eec7-4c6a-893e-108b6a3ba6fa', 'ce30b5a6-a0f0-4238-b213-397216edf1d8', '025', NULL, 'vacant', '2025-10-20 10:11:36.103209+00', NULL, '0098799e-4e29-42ef-8d90-adb357432810', 'clean', '2026-02-28 11:05:15.074494+00', false),
	('966bef4f-88e5-4fe6-a0d9-94b3223487e3', 'ce30b5a6-a0f0-4238-b213-397216edf1d8', '017', NULL, 'vacant', '2025-10-20 10:11:36.103209+00', NULL, '0098799e-4e29-42ef-8d90-adb357432810', 'clean', '2026-02-28 11:05:15.074494+00', false),
	('2bab6273-fb65-432e-9c18-d4aed3bc3f4f', 'ce30b5a6-a0f0-4238-b213-397216edf1d8', '007', NULL, 'vacant', '2025-10-20 10:11:36.103209+00', NULL, '0098799e-4e29-42ef-8d90-adb357432810', 'clean', '2026-02-28 11:05:15.074494+00', false),
	('536cd49d-4a83-4b02-8ab5-635ea14e3975', 'ce30b5a6-a0f0-4238-b213-397216edf1d8', '001', NULL, 'vacant', '2025-10-20 10:11:36.103209+00', NULL, '0098799e-4e29-42ef-8d90-adb357432810', 'clean', '2026-02-28 11:05:15.074494+00', false),
	('f9354b66-6ec9-40eb-9d14-ed4a5ae6931b', 'ce30b5a6-a0f0-4238-b213-397216edf1d8', '013', NULL, 'vacant', '2025-10-20 10:11:36.103209+00', NULL, '0098799e-4e29-42ef-8d90-adb357432810', 'clean', '2026-02-28 11:05:15.074494+00', false),
	('5359bd83-ba0d-4040-b11e-b307696812a8', 'ce30b5a6-a0f0-4238-b213-397216edf1d8', '010', NULL, 'vacant', '2025-10-20 10:11:36.103209+00', NULL, '0098799e-4e29-42ef-8d90-adb357432810', 'clean', '2026-02-28 11:05:15.074494+00', false),
	('2f0eee8f-8e8e-4cc5-a77b-b57eb92af701', 'ce30b5a6-a0f0-4238-b213-397216edf1d8', '021', NULL, 'vacant', '2025-10-20 10:11:36.103209+00', NULL, '0098799e-4e29-42ef-8d90-adb357432810', 'clean', '2026-02-28 11:05:15.074494+00', false),
	('374b4576-48fb-4d8e-aca2-62de0d31239b', 'ce30b5a6-a0f0-4238-b213-397216edf1d8', '005', NULL, 'vacant', '2025-10-20 10:11:36.103209+00', NULL, '0098799e-4e29-42ef-8d90-adb357432810', 'clean', '2026-02-28 11:05:15.074494+00', false),
	('ca1354a9-9504-4ee2-b2ad-a9b620a98fac', 'ce30b5a6-a0f0-4238-b213-397216edf1d8', '004', NULL, 'vacant', '2025-10-20 10:11:36.103209+00', NULL, '0098799e-4e29-42ef-8d90-adb357432810', 'clean', '2026-02-28 11:05:15.074494+00', false),
	('4509248d-5902-4261-9911-7283058e77be', 'ce30b5a6-a0f0-4238-b213-397216edf1d8', '023', NULL, 'vacant', '2025-10-20 10:11:36.103209+00', NULL, '0098799e-4e29-42ef-8d90-adb357432810', 'clean', '2026-02-28 11:05:15.074494+00', false),
	('e08977ba-a7f7-404b-889c-faf8ce965aae', 'ce30b5a6-a0f0-4238-b213-397216edf1d8', '030', NULL, 'vacant', '2025-10-20 10:11:36.103209+00', NULL, '0098799e-4e29-42ef-8d90-adb357432810', 'clean', '2026-02-28 11:05:15.074494+00', false),
	('c4cbe2e6-a826-4d3f-bca2-b5bfc412b460', 'ce30b5a6-a0f0-4238-b213-397216edf1d8', '026', NULL, 'vacant', '2025-10-20 10:11:36.103209+00', NULL, '0098799e-4e29-42ef-8d90-adb357432810', 'clean', '2026-02-28 11:05:15.074494+00', false),
	('41b45d45-3a3b-4bb4-8d87-cb7e75b68c6f', 'ce30b5a6-a0f0-4238-b213-397216edf1d8', '029', NULL, 'vacant', '2025-10-20 10:11:36.103209+00', NULL, '0098799e-4e29-42ef-8d90-adb357432810', 'clean', '2026-02-28 11:05:15.074494+00', false),
	('5146ca1b-8788-4dd4-b28e-bc35206896bd', 'ce30b5a6-a0f0-4238-b213-397216edf1d8', '033', NULL, 'vacant', '2025-10-20 10:11:36.103209+00', NULL, '0098799e-4e29-42ef-8d90-adb357432810', 'clean', '2026-02-28 11:05:15.074494+00', false),
	('1742da8e-5112-4269-8e5c-9de75a10c53c', 'ce30b5a6-a0f0-4238-b213-397216edf1d8', '027', NULL, 'vacant', '2025-10-20 10:11:36.103209+00', NULL, '0098799e-4e29-42ef-8d90-adb357432810', 'clean', '2026-02-28 11:05:15.074494+00', false),
	('36d4b659-f86a-4bdb-8a51-c31383857eeb', 'ce30b5a6-a0f0-4238-b213-397216edf1d8', '020', NULL, 'vacant', '2025-10-20 10:11:36.103209+00', NULL, '0098799e-4e29-42ef-8d90-adb357432810', 'clean', '2026-02-28 11:05:15.074494+00', false),
	('038206bf-b203-41f9-ac91-fa23655001f5', 'ce30b5a6-a0f0-4238-b213-397216edf1d8', '015', NULL, 'vacant', '2025-10-20 10:11:36.103209+00', NULL, '0098799e-4e29-42ef-8d90-adb357432810', 'clean', '2026-02-28 11:05:15.074494+00', false),
	('daa68337-2589-40ee-bc8f-297a2b4af674', 'ce30b5a6-a0f0-4238-b213-397216edf1d8', '018', NULL, 'vacant', '2025-10-20 10:11:36.103209+00', NULL, '0098799e-4e29-42ef-8d90-adb357432810', 'clean', '2026-02-28 11:05:15.074494+00', false),
	('381d8523-0fa2-4363-85b6-938aa050da35', 'ce30b5a6-a0f0-4238-b213-397216edf1d8', '037', NULL, 'vacant', '2025-10-20 10:11:36.103209+00', NULL, '0098799e-4e29-42ef-8d90-adb357432810', 'clean', '2026-02-28 11:05:15.074494+00', false),
	('abfca77c-024d-429b-a38b-0377978f5cd5', 'ce30b5a6-a0f0-4238-b213-397216edf1d8', '028', NULL, 'vacant', '2025-10-20 10:11:36.103209+00', NULL, '0098799e-4e29-42ef-8d90-adb357432810', 'clean', '2026-02-28 11:05:15.074494+00', false),
	('c3541055-59e2-4b0f-9be3-ab6a4e9df062', 'ce30b5a6-a0f0-4238-b213-397216edf1d8', '022', NULL, 'vacant', '2025-10-20 10:11:36.103209+00', NULL, '0098799e-4e29-42ef-8d90-adb357432810', 'clean', '2026-02-28 11:05:15.074494+00', false),
	('1937115a-3863-45ba-8916-99fc25b2554f', 'ce30b5a6-a0f0-4238-b213-397216edf1d8', '040', NULL, 'vacant', '2025-10-20 10:11:36.103209+00', NULL, '0098799e-4e29-42ef-8d90-adb357432810', 'clean', '2026-02-28 11:05:15.074494+00', false),
	('db0b7053-0d43-489f-8d36-d06c2ed45f94', 'ce30b5a6-a0f0-4238-b213-397216edf1d8', '002', NULL, 'vacant', '2025-10-20 10:11:36.103209+00', NULL, '0098799e-4e29-42ef-8d90-adb357432810', 'clean', '2026-02-28 11:05:15.074494+00', false),
	('f56b17b8-fefb-49ec-938a-9da66d18a6a0', 'ce30b5a6-a0f0-4238-b213-397216edf1d8', '012', NULL, 'vacant', '2025-10-20 10:11:36.103209+00', NULL, '0098799e-4e29-42ef-8d90-adb357432810', 'clean', '2026-02-28 11:05:15.074494+00', false),
	('f01cde32-d82b-4ec2-b923-942ecc075f0e', 'ce30b5a6-a0f0-4238-b213-397216edf1d8', '038', NULL, 'vacant', '2025-10-20 10:11:36.103209+00', NULL, '0098799e-4e29-42ef-8d90-adb357432810', 'clean', '2026-02-28 11:05:15.074494+00', false),
	('c4a2a00b-ba16-4abf-af01-2c25dc662599', 'ce30b5a6-a0f0-4238-b213-397216edf1d8', '009', NULL, 'vacant', '2025-10-20 10:11:36.103209+00', NULL, '0098799e-4e29-42ef-8d90-adb357432810', 'clean', '2026-02-28 11:05:15.074494+00', false),
	('184de608-0bcc-4b11-8ae5-41cf706dc34e', 'ce30b5a6-a0f0-4238-b213-397216edf1d8', '117', NULL, 'vacant', '2025-10-20 07:05:52.432439+00', NULL, '0098799e-4e29-42ef-8d90-adb357432810', 'clean', '2026-03-01 08:27:20.339088+00', false),
	('1459cf9c-34a7-4980-ba42-2f84ecdad565', '139c6002-bdd7-4924-9db4-16f14e283d89', '104', '1', 'vacant', '2025-12-16 17:04:12.962423+00', NULL, '45838d55-f0e5-4c95-897e-1a202e737db9', 'inspected', '2026-04-04 11:56:32.805832+00', false),
	('fbafee4a-f600-43dc-962a-1a17dba945e3', '139c6002-bdd7-4924-9db4-16f14e283d89', '201', '2', 'vacant', '2025-12-16 17:04:12.962423+00', NULL, '45838d55-f0e5-4c95-897e-1a202e737db9', 'inspected', '2026-04-04 11:56:32.805832+00', false),
	('9d13932d-1ba9-4858-ad0e-bb4d85497a71', '139c6002-bdd7-4924-9db4-16f14e283d89', '105', '1', 'vacant', '2025-12-16 17:04:12.962423+00', NULL, '45838d55-f0e5-4c95-897e-1a202e737db9', 'inspected', '2026-03-01 08:31:53.163145+00', false),
	('7e6a7c2d-3350-4e00-8485-12c44bb035f7', '139c6002-bdd7-4924-9db4-16f14e283d89', '103', '1', 'vacant', '2025-12-16 17:04:12.962423+00', NULL, '45838d55-f0e5-4c95-897e-1a202e737db9', 'inspected', '2026-03-01 08:31:53.163145+00', false),
	('52c8572a-13e7-4bb5-ac2f-34dd06dda2fb', '139c6002-bdd7-4924-9db4-16f14e283d89', '102', '1', 'vacant', '2025-12-16 17:04:12.962423+00', NULL, '45838d55-f0e5-4c95-897e-1a202e737db9', 'inspected', '2026-03-11 14:03:25.839822+00', false),
	('297eedfc-c02f-4fbd-9623-62a08bc91084', '139c6002-bdd7-4924-9db4-16f14e283d89', '202', '2', 'vacant', '2025-12-16 17:04:12.962423+00', NULL, '45838d55-f0e5-4c95-897e-1a202e737db9', 'inspected', '2026-03-11 14:03:25.839822+00', false),
	('571dedf1-e9b2-45a1-adb5-b3056df266c6', '139c6002-bdd7-4924-9db4-16f14e283d89', '203', '2', 'vacant', '2025-12-16 17:04:12.962423+00', NULL, '45838d55-f0e5-4c95-897e-1a202e737db9', 'inspected', '2026-03-11 14:03:25.839822+00', false),
	('d04b4f5b-217e-4355-b9a7-736c6508168e', '139c6002-bdd7-4924-9db4-16f14e283d89', '301', '3', 'vacant', '2025-12-16 17:04:12.962423+00', NULL, '45838d55-f0e5-4c95-897e-1a202e737db9', 'inspected', '2026-03-11 14:03:25.839822+00', false),
	('8eb0cbc1-a81e-4099-8add-e5a9fe38ffc0', '139c6002-bdd7-4924-9db4-16f14e283d89', '305', '3', 'vacant', '2025-12-16 17:04:12.962423+00', NULL, '45838d55-f0e5-4c95-897e-1a202e737db9', 'dirty', '2026-04-04 19:51:27.548586+00', false),
	('e6f9d46d-cdbc-4410-b35b-12bbd7ad692f', '5780fa80-3e6b-44d0-b87e-2b4015f78c8b', '101', '1', 'vacant', '2026-03-23 11:43:10.229432+00', NULL, '3ed4a085-fcbe-4b2b-bd6e-07127da9d740', 'clean', '2026-03-23 11:43:10.229432+00', false),
	('13c59412-6169-4457-b45b-94e478059222', '5780fa80-3e6b-44d0-b87e-2b4015f78c8b', '102', '1', 'vacant', '2026-03-23 11:43:10.229432+00', NULL, '3ed4a085-fcbe-4b2b-bd6e-07127da9d740', 'clean', '2026-03-23 11:43:10.229432+00', false),
	('5ccae6c2-e156-4ed1-a989-9c9b7ede9bef', '5780fa80-3e6b-44d0-b87e-2b4015f78c8b', '201', '2', 'vacant', '2026-03-23 11:43:10.229432+00', NULL, 'db687aff-6206-4a4e-b3f2-de3d5a7b48cd', 'clean', '2026-03-23 11:43:10.229432+00', false),
	('443afc33-1eb2-4408-8476-95945635137d', '5780fa80-3e6b-44d0-b87e-2b4015f78c8b', '202', '2', 'vacant', '2026-03-23 11:43:10.229432+00', NULL, 'db687aff-6206-4a4e-b3f2-de3d5a7b48cd', 'clean', '2026-03-23 11:43:10.229432+00', false),
	('56592874-3af3-4e9b-b994-0ffd04092937', '5780fa80-3e6b-44d0-b87e-2b4015f78c8b', '301', '3', 'vacant', '2026-03-23 11:43:10.229432+00', NULL, '13ef511c-3948-4842-847e-d5dd2d1a5f74', 'clean', '2026-03-23 11:43:10.229432+00', false),
	('10735ca3-b72f-4cd3-9e76-738e2c4a1d2b', '5780fa80-3e6b-44d0-b87e-2b4015f78c8b', '302', '3', 'vacant', '2026-03-23 11:43:10.229432+00', NULL, '13ef511c-3948-4842-847e-d5dd2d1a5f74', 'clean', '2026-03-23 11:43:10.229432+00', false),
	('66c97e10-13a7-4beb-aa44-e9e3f9cd0a4b', '5710bfe1-7590-4361-aebe-4335ac31ac1e', '123', '1', 'vacant', '2026-04-03 10:43:28.209528+00', NULL, '2e27fef8-7d6a-415a-b0d9-5f713b905389', 'clean', '2026-04-03 10:43:28.209528+00', false),
	('d9bbec6f-a80f-42b6-959d-b9a3b790d8e8', '5710bfe1-7590-4361-aebe-4335ac31ac1e', '122', '1', 'vacant', '2026-04-03 10:43:28.209528+00', NULL, '2e27fef8-7d6a-415a-b0d9-5f713b905389', 'clean', '2026-04-03 10:43:28.209528+00', false),
	('befc9382-7e8d-47f8-8179-9691a8dbd3a8', '5710bfe1-7590-4361-aebe-4335ac31ac1e', '121', '1', 'vacant', '2026-04-03 10:43:28.209528+00', NULL, '2e27fef8-7d6a-415a-b0d9-5f713b905389', 'clean', '2026-04-03 10:43:28.209528+00', false),
	('2a44d79f-bdff-4a25-bce2-6d81432e8532', '5710bfe1-7590-4361-aebe-4335ac31ac1e', '120', '1', 'vacant', '2026-04-03 10:43:28.209528+00', NULL, '2e27fef8-7d6a-415a-b0d9-5f713b905389', 'clean', '2026-04-03 10:43:28.209528+00', false),
	('5345477f-cd87-4eb4-bd3b-08a88e4a8ba3', '5710bfe1-7590-4361-aebe-4335ac31ac1e', '119', '1', 'vacant', '2026-04-03 10:43:28.209528+00', NULL, '2e27fef8-7d6a-415a-b0d9-5f713b905389', 'clean', '2026-04-03 10:43:28.209528+00', false),
	('11f6cbdb-9d1b-4019-8d75-098c0508d7a4', '5710bfe1-7590-4361-aebe-4335ac31ac1e', '117', '1', 'vacant', '2026-04-03 10:43:28.209528+00', NULL, '2e27fef8-7d6a-415a-b0d9-5f713b905389', 'clean', '2026-04-03 10:43:28.209528+00', false),
	('eacd3223-c2a5-4857-9233-84b77fbc0d59', '5710bfe1-7590-4361-aebe-4335ac31ac1e', '116', '1', 'vacant', '2026-04-03 10:43:28.209528+00', NULL, '2e27fef8-7d6a-415a-b0d9-5f713b905389', 'clean', '2026-04-03 10:43:28.209528+00', false),
	('be233a69-8278-459d-8d1d-253524135cb1', '5710bfe1-7590-4361-aebe-4335ac31ac1e', '114', '1', 'vacant', '2026-04-03 10:43:28.209528+00', NULL, '2e27fef8-7d6a-415a-b0d9-5f713b905389', 'clean', '2026-04-03 10:43:28.209528+00', false),
	('3ee55d70-1c78-46c9-9e20-855a44939711', '5710bfe1-7590-4361-aebe-4335ac31ac1e', '113', '1', 'vacant', '2026-04-03 10:43:28.209528+00', NULL, '2e27fef8-7d6a-415a-b0d9-5f713b905389', 'clean', '2026-04-03 10:43:28.209528+00', false),
	('f0bc31c7-1bdc-4e02-a7c4-68609b488c63', '5710bfe1-7590-4361-aebe-4335ac31ac1e', '112', '1', 'vacant', '2026-04-03 10:43:28.209528+00', NULL, '2e27fef8-7d6a-415a-b0d9-5f713b905389', 'clean', '2026-04-03 10:43:28.209528+00', false),
	('f5bd8073-cee4-4a79-b07b-9f3f64a680d7', '5710bfe1-7590-4361-aebe-4335ac31ac1e', '111', '1', 'vacant', '2026-04-03 10:43:28.209528+00', NULL, '2e27fef8-7d6a-415a-b0d9-5f713b905389', 'clean', '2026-04-03 10:43:28.209528+00', false),
	('16e1a65b-c5ba-4dbf-9bf8-06718399c33f', '5710bfe1-7590-4361-aebe-4335ac31ac1e', '110', '1', 'vacant', '2026-04-03 10:43:28.209528+00', NULL, '2e27fef8-7d6a-415a-b0d9-5f713b905389', 'clean', '2026-04-03 10:43:28.209528+00', false),
	('77e9655a-8556-4d8d-a171-e35f548bf8ce', '5710bfe1-7590-4361-aebe-4335ac31ac1e', '109', '1', 'vacant', '2026-04-03 10:43:28.209528+00', NULL, '2e27fef8-7d6a-415a-b0d9-5f713b905389', 'clean', '2026-04-03 10:43:28.209528+00', false),
	('c8078327-d3c8-4337-b372-7926171b9b4c', '5710bfe1-7590-4361-aebe-4335ac31ac1e', '108', '1', 'vacant', '2026-04-03 10:43:28.209528+00', NULL, '2e27fef8-7d6a-415a-b0d9-5f713b905389', 'clean', '2026-04-03 10:43:28.209528+00', false),
	('7e67dce2-6934-4f51-980c-9724bf6d7e74', '5710bfe1-7590-4361-aebe-4335ac31ac1e', '130', '1', 'vacant', '2026-04-03 10:43:28.209528+00', NULL, '2e27fef8-7d6a-415a-b0d9-5f713b905389', 'clean', '2026-04-03 10:43:28.209528+00', false),
	('918b2c5b-2f44-4b95-a846-76d37dd5f8da', '5710bfe1-7590-4361-aebe-4335ac31ac1e', '129', '1', 'vacant', '2026-04-03 10:43:28.209528+00', NULL, '2e27fef8-7d6a-415a-b0d9-5f713b905389', 'clean', '2026-04-03 10:43:28.209528+00', false),
	('79b9fb58-504b-4ce6-bbcf-03d3048d1865', '5710bfe1-7590-4361-aebe-4335ac31ac1e', '128', '1', 'vacant', '2026-04-03 10:43:28.209528+00', NULL, '2e27fef8-7d6a-415a-b0d9-5f713b905389', 'clean', '2026-04-03 10:43:28.209528+00', false),
	('332ebaa6-896f-452b-8651-20024fbcbfd1', '5710bfe1-7590-4361-aebe-4335ac31ac1e', '127', '1', 'vacant', '2026-04-03 10:43:28.209528+00', NULL, '2e27fef8-7d6a-415a-b0d9-5f713b905389', 'clean', '2026-04-03 10:43:28.209528+00', false),
	('1f0a289d-d1bc-493a-beb6-3c333f51b741', '5710bfe1-7590-4361-aebe-4335ac31ac1e', '126', '1', 'vacant', '2026-04-03 10:43:28.209528+00', NULL, '2e27fef8-7d6a-415a-b0d9-5f713b905389', 'clean', '2026-04-03 10:43:28.209528+00', false),
	('02628780-5444-4e07-8784-b17eb55023ae', '5710bfe1-7590-4361-aebe-4335ac31ac1e', '125', '1', 'vacant', '2026-04-03 10:43:28.209528+00', NULL, '2e27fef8-7d6a-415a-b0d9-5f713b905389', 'clean', '2026-04-03 10:43:28.209528+00', false),
	('6d893b55-b092-4299-882c-dd68262b466d', '5710bfe1-7590-4361-aebe-4335ac31ac1e', '124', '1', 'vacant', '2026-04-03 10:43:28.209528+00', NULL, '2e27fef8-7d6a-415a-b0d9-5f713b905389', 'clean', '2026-04-03 10:43:28.209528+00', false),
	('c62e923f-fc32-4b87-bfcf-9f9c2b60222e', 'def83e54-817d-46fd-a886-85a21137dc5b', '201', '2', 'vacant', '2026-03-29 17:25:07.50713+00', NULL, '6daa27ab-236b-4e79-8968-c8bc3353841f', 'clean', '2026-03-29 17:25:07.50713+00', false),
	('dedd11e6-d777-475f-afe4-5a04a10820ca', 'def83e54-817d-46fd-a886-85a21137dc5b', '202', '2', 'vacant', '2026-03-29 17:25:07.50713+00', NULL, '6daa27ab-236b-4e79-8968-c8bc3353841f', 'clean', '2026-03-29 17:25:07.50713+00', false),
	('6e216ba5-fddb-46bc-939f-c4062e728222', 'def83e54-817d-46fd-a886-85a21137dc5b', '203', '2', 'vacant', '2026-03-29 17:25:07.50713+00', NULL, '6daa27ab-236b-4e79-8968-c8bc3353841f', 'clean', '2026-03-29 17:25:07.50713+00', false),
	('338ec633-2e35-41e2-995f-9fbc567037f7', 'def83e54-817d-46fd-a886-85a21137dc5b', '204', '2', 'vacant', '2026-03-29 17:25:07.50713+00', NULL, '6daa27ab-236b-4e79-8968-c8bc3353841f', 'clean', '2026-03-29 17:25:07.50713+00', false),
	('ac778c9d-74f5-4ef3-b108-c9198e04bd0a', 'def83e54-817d-46fd-a886-85a21137dc5b', '205', '2', 'vacant', '2026-03-29 17:25:07.50713+00', NULL, '6daa27ab-236b-4e79-8968-c8bc3353841f', 'clean', '2026-03-29 17:25:07.50713+00', false),
	('0ab0aaea-4d67-4efa-aab6-4966af61135a', 'def83e54-817d-46fd-a886-85a21137dc5b', '301', '3', 'vacant', '2026-03-29 17:25:07.50713+00', NULL, 'b1ad3bcb-2067-42d1-8bf6-343e3d8c372f', 'clean', '2026-03-29 17:25:07.50713+00', false),
	('22f7f927-cfca-4deb-bb67-eb6cbe2ae4ec', 'def83e54-817d-46fd-a886-85a21137dc5b', '302', '3', 'vacant', '2026-03-29 17:25:07.50713+00', NULL, 'b1ad3bcb-2067-42d1-8bf6-343e3d8c372f', 'clean', '2026-03-29 17:25:07.50713+00', false),
	('31b347da-63a9-412f-b2eb-b7e0624fd353', 'def83e54-817d-46fd-a886-85a21137dc5b', '303', '3', 'vacant', '2026-03-29 17:25:07.50713+00', NULL, 'b1ad3bcb-2067-42d1-8bf6-343e3d8c372f', 'clean', '2026-03-29 17:25:07.50713+00', false),
	('1f29efb5-4679-4c9c-8fa2-d2427b05f92f', 'def83e54-817d-46fd-a886-85a21137dc5b', '401', '4', 'vacant', '2026-03-29 17:25:07.50713+00', NULL, '0b8d5cb9-19b5-485a-8215-0ed4cf8700b5', 'clean', '2026-03-29 17:25:07.50713+00', false),
	('3df1654a-1887-4a07-a8e8-74e28d27ca34', 'def83e54-817d-46fd-a886-85a21137dc5b', '402', '4', 'vacant', '2026-03-29 17:25:07.50713+00', NULL, '0b8d5cb9-19b5-485a-8215-0ed4cf8700b5', 'clean', '2026-03-29 17:25:07.50713+00', false),
	('026ae97e-ba07-45de-991d-7225636fe2d2', '5710bfe1-7590-4361-aebe-4335ac31ac1e', '107', '1', 'vacant', '2026-04-03 10:43:28.209528+00', NULL, '2e27fef8-7d6a-415a-b0d9-5f713b905389', 'clean', '2026-04-03 10:43:28.209528+00', false),
	('aae5b431-fbfa-4890-9676-950e4162a9a3', '5710bfe1-7590-4361-aebe-4335ac31ac1e', '106', '1', 'vacant', '2026-04-03 10:43:28.209528+00', NULL, '2e27fef8-7d6a-415a-b0d9-5f713b905389', 'clean', '2026-04-03 10:43:28.209528+00', false),
	('b9e9364c-01c5-4a13-b286-6d6a57a95b04', '5710bfe1-7590-4361-aebe-4335ac31ac1e', '105', '1', 'vacant', '2026-04-03 10:43:28.209528+00', NULL, '2e27fef8-7d6a-415a-b0d9-5f713b905389', 'clean', '2026-04-03 10:43:28.209528+00', false),
	('f4138185-c772-4130-9869-194bf8a389b0', '5710bfe1-7590-4361-aebe-4335ac31ac1e', '104', '1', 'vacant', '2026-04-03 10:43:28.209528+00', NULL, '2e27fef8-7d6a-415a-b0d9-5f713b905389', 'clean', '2026-04-03 10:43:28.209528+00', false),
	('1f26c8ba-cc76-4128-80b3-7ca542e9dff9', '5710bfe1-7590-4361-aebe-4335ac31ac1e', '103', '1', 'vacant', '2026-04-03 10:43:28.209528+00', NULL, '2e27fef8-7d6a-415a-b0d9-5f713b905389', 'clean', '2026-04-03 10:43:28.209528+00', false),
	('d37bc130-c7ee-4e24-81ca-33eaf75043d7', '5710bfe1-7590-4361-aebe-4335ac31ac1e', '102', '1', 'vacant', '2026-04-03 10:43:28.209528+00', NULL, '2e27fef8-7d6a-415a-b0d9-5f713b905389', 'clean', '2026-04-03 10:43:28.209528+00', false),
	('df82e01d-20b2-4869-b31e-e675678b3889', '5710bfe1-7590-4361-aebe-4335ac31ac1e', '101', '1', 'vacant', '2026-04-03 10:43:28.209528+00', NULL, '2e27fef8-7d6a-415a-b0d9-5f713b905389', 'clean', '2026-04-03 10:43:28.209528+00', false),
	('27de0b49-146f-4a36-b660-81b69c0283e7', '5710bfe1-7590-4361-aebe-4335ac31ac1e', '030', '1', 'vacant', '2026-04-03 10:43:28.209528+00', NULL, '2e27fef8-7d6a-415a-b0d9-5f713b905389', 'clean', '2026-04-03 10:43:28.209528+00', false),
	('e61d273e-81de-438e-a834-4077e8229f63', '5710bfe1-7590-4361-aebe-4335ac31ac1e', '026', '1', 'vacant', '2026-04-03 10:43:28.209528+00', NULL, '2e27fef8-7d6a-415a-b0d9-5f713b905389', 'clean', '2026-04-03 10:43:28.209528+00', false),
	('02ea6f31-6331-4050-97cc-0b2ed24b324a', '5710bfe1-7590-4361-aebe-4335ac31ac1e', '029', '1', 'vacant', '2026-04-03 10:43:28.209528+00', NULL, '2e27fef8-7d6a-415a-b0d9-5f713b905389', 'clean', '2026-04-03 10:43:28.209528+00', false),
	('5a14d586-6095-4b2c-99d5-006dd86805f0', '5710bfe1-7590-4361-aebe-4335ac31ac1e', '027', '1', 'vacant', '2026-04-03 10:43:28.209528+00', NULL, '2e27fef8-7d6a-415a-b0d9-5f713b905389', 'clean', '2026-04-03 10:43:28.209528+00', false),
	('5b00131d-f8a4-4ae3-9a53-24ba81c5f4cc', '5710bfe1-7590-4361-aebe-4335ac31ac1e', '033', '1', 'vacant', '2026-04-03 10:43:28.209528+00', NULL, '2e27fef8-7d6a-415a-b0d9-5f713b905389', 'clean', '2026-04-03 10:43:28.209528+00', false),
	('281dec6c-e96e-4075-9c4b-6ec5dee63c91', '5710bfe1-7590-4361-aebe-4335ac31ac1e', '015', '1', 'vacant', '2026-04-03 10:43:28.209528+00', NULL, '2e27fef8-7d6a-415a-b0d9-5f713b905389', 'clean', '2026-04-03 10:43:28.209528+00', false),
	('d08429a9-3e20-4fd8-9f3f-4b5429e3bbe3', '5710bfe1-7590-4361-aebe-4335ac31ac1e', '020', '1', 'vacant', '2026-04-03 10:43:28.209528+00', NULL, '2e27fef8-7d6a-415a-b0d9-5f713b905389', 'clean', '2026-04-03 10:43:28.209528+00', false),
	('3f0060cf-a639-4dd8-9d9d-83b8eefccea1', '5710bfe1-7590-4361-aebe-4335ac31ac1e', '115', '1', 'vacant', '2026-04-03 10:43:28.209528+00', NULL, '2e27fef8-7d6a-415a-b0d9-5f713b905389', 'clean', '2026-04-03 10:43:28.209528+00', false),
	('77738fbb-e9ae-40ed-bae0-8d78a12ba118', '5710bfe1-7590-4361-aebe-4335ac31ac1e', '028', '1', 'vacant', '2026-04-03 10:43:28.209528+00', NULL, '2e27fef8-7d6a-415a-b0d9-5f713b905389', 'clean', '2026-04-03 10:43:28.209528+00', false),
	('7361cae5-dbc0-4966-b9de-f323f60dcfa0', '5710bfe1-7590-4361-aebe-4335ac31ac1e', '022', '1', 'vacant', '2026-04-03 10:43:28.209528+00', NULL, '2e27fef8-7d6a-415a-b0d9-5f713b905389', 'clean', '2026-04-03 10:43:28.209528+00', false),
	('bf072b60-57e7-4cc5-947d-8cfb7514cbae', '5710bfe1-7590-4361-aebe-4335ac31ac1e', '040', '1', 'vacant', '2026-04-03 10:43:28.209528+00', NULL, '2e27fef8-7d6a-415a-b0d9-5f713b905389', 'clean', '2026-04-03 10:43:28.209528+00', false),
	('d101513b-9948-4686-b4c6-77ad913db001', '5710bfe1-7590-4361-aebe-4335ac31ac1e', '002', '1', 'vacant', '2026-04-03 10:43:28.209528+00', NULL, '2e27fef8-7d6a-415a-b0d9-5f713b905389', 'clean', '2026-04-03 10:43:28.209528+00', false),
	('a7e124be-faf7-495d-8527-d08e30b2217d', '5710bfe1-7590-4361-aebe-4335ac31ac1e', '018', '1', 'vacant', '2026-04-03 10:43:28.209528+00', NULL, '2e27fef8-7d6a-415a-b0d9-5f713b905389', 'clean', '2026-04-03 10:43:28.209528+00', false),
	('b102604f-149d-4338-b5b9-5cf619e42035', '5710bfe1-7590-4361-aebe-4335ac31ac1e', '037', '1', 'vacant', '2026-04-03 10:43:28.209528+00', NULL, '2e27fef8-7d6a-415a-b0d9-5f713b905389', 'clean', '2026-04-03 10:43:28.209528+00', false),
	('64ee9fa6-a1e9-4ae0-8173-4d818af26460', '5710bfe1-7590-4361-aebe-4335ac31ac1e', '021', '1', 'vacant', '2026-04-03 10:43:28.209528+00', NULL, '2e27fef8-7d6a-415a-b0d9-5f713b905389', 'clean', '2026-04-03 10:43:28.209528+00', false),
	('30c004eb-fe4e-422a-ac7e-c814df2786e5', '5710bfe1-7590-4361-aebe-4335ac31ac1e', '001', '1', 'vacant', '2026-04-03 10:43:28.209528+00', NULL, '2e27fef8-7d6a-415a-b0d9-5f713b905389', 'clean', '2026-04-03 10:43:28.209528+00', false),
	('db860e3d-980f-4346-a9cb-1384487cb80a', '5710bfe1-7590-4361-aebe-4335ac31ac1e', '013', '1', 'vacant', '2026-04-03 10:43:28.209528+00', NULL, '2e27fef8-7d6a-415a-b0d9-5f713b905389', 'clean', '2026-04-03 10:43:28.209528+00', false),
	('722b1b7c-3021-4bd4-82f1-809796475121', '5710bfe1-7590-4361-aebe-4335ac31ac1e', '010', '1', 'vacant', '2026-04-03 10:43:28.209528+00', NULL, '2e27fef8-7d6a-415a-b0d9-5f713b905389', 'clean', '2026-04-03 10:43:28.209528+00', false),
	('a924d0b5-f064-452b-9cdd-22f0cfe2025f', '5710bfe1-7590-4361-aebe-4335ac31ac1e', '038', '1', 'vacant', '2026-04-03 10:43:28.209528+00', NULL, '2e27fef8-7d6a-415a-b0d9-5f713b905389', 'clean', '2026-04-03 10:43:28.209528+00', false),
	('0bada1e0-d5b3-4ccd-938a-c660afc4a8f2', '5710bfe1-7590-4361-aebe-4335ac31ac1e', '012', '1', 'vacant', '2026-04-03 10:43:28.209528+00', NULL, '2e27fef8-7d6a-415a-b0d9-5f713b905389', 'clean', '2026-04-03 10:43:28.209528+00', false),
	('1488c928-9966-4a85-b2a6-18e36bfff9ef', '5710bfe1-7590-4361-aebe-4335ac31ac1e', '009', '1', 'vacant', '2026-04-03 10:43:28.209528+00', NULL, '2e27fef8-7d6a-415a-b0d9-5f713b905389', 'clean', '2026-04-03 10:43:28.209528+00', false),
	('815aac66-a99d-465e-bc36-986b05a6818e', '5710bfe1-7590-4361-aebe-4335ac31ac1e', '032', '1', 'vacant', '2026-04-03 10:43:28.209528+00', NULL, '2e27fef8-7d6a-415a-b0d9-5f713b905389', 'clean', '2026-04-03 10:43:28.209528+00', false),
	('4251ea81-1264-48a0-943a-5aa2cb7c276f', '139c6002-bdd7-4924-9db4-16f14e283d89', '101', '1', 'vacant', '2025-12-16 17:04:12.962423+00', NULL, '2efb36d1-9e12-43d8-9e7a-27f66d479d92', 'inspected', '2026-04-04 11:56:32.805832+00', false),
	('806d013a-fbd9-42b4-8cca-c4e28e162529', 'e10eca3b-3102-41fc-8006-c1b4b70e00e6', '101', '1', 'vacant', '2026-03-16 17:32:27.588464+00', NULL, '3bd692f6-a8e5-42e4-ac5f-70e596ad76f1', 'clean', '2026-03-16 17:32:27.588464+00', false),
	('17e2cb70-b371-4b6e-af9d-82ffc247d0e3', 'e10eca3b-3102-41fc-8006-c1b4b70e00e6', '103', '1', 'vacant', '2026-03-16 17:32:27.588464+00', NULL, '3bd692f6-a8e5-42e4-ac5f-70e596ad76f1', 'clean', '2026-03-16 17:32:27.588464+00', false),
	('13c9d664-7392-47d0-8a9f-80a0fb524f3d', 'e10eca3b-3102-41fc-8006-c1b4b70e00e6', '104', '1', 'vacant', '2026-03-16 17:32:27.588464+00', NULL, '3bd692f6-a8e5-42e4-ac5f-70e596ad76f1', 'clean', '2026-03-16 17:32:27.588464+00', false),
	('f1ffd8c0-bc4f-480b-8f8e-697997e79a2a', 'e10eca3b-3102-41fc-8006-c1b4b70e00e6', '201', '2', 'vacant', '2026-03-16 17:32:27.588464+00', NULL, '3bd692f6-a8e5-42e4-ac5f-70e596ad76f1', 'clean', '2026-03-16 17:32:27.588464+00', false),
	('ecfdeb2b-f84e-4a79-9149-5db451604328', 'e10eca3b-3102-41fc-8006-c1b4b70e00e6', '202', '2', 'vacant', '2026-03-16 17:32:27.588464+00', NULL, '3bd692f6-a8e5-42e4-ac5f-70e596ad76f1', 'clean', '2026-03-16 17:32:27.588464+00', false),
	('e4584d6f-b14d-413c-8b6b-f006e7cb156d', 'e10eca3b-3102-41fc-8006-c1b4b70e00e6', '203', '2', 'vacant', '2026-03-16 17:32:27.588464+00', NULL, '3bd692f6-a8e5-42e4-ac5f-70e596ad76f1', 'clean', '2026-03-16 17:32:27.588464+00', false),
	('f88c0c16-0545-4342-9957-7e99d6e55946', 'e10eca3b-3102-41fc-8006-c1b4b70e00e6', '204', '2', 'vacant', '2026-03-16 17:32:27.588464+00', NULL, '3bd692f6-a8e5-42e4-ac5f-70e596ad76f1', 'clean', '2026-03-16 17:32:27.588464+00', false),
	('2bfac2f2-7e63-4607-be1d-e029fcdb5e33', 'e10eca3b-3102-41fc-8006-c1b4b70e00e6', '205', '2', 'vacant', '2026-03-16 17:32:27.588464+00', NULL, '3bd692f6-a8e5-42e4-ac5f-70e596ad76f1', 'clean', '2026-03-16 17:32:27.588464+00', false),
	('d75fc72a-171c-4a07-8b49-029092a57138', 'e10eca3b-3102-41fc-8006-c1b4b70e00e6', '206', '2', 'vacant', '2026-03-16 17:32:27.588464+00', NULL, '3bd692f6-a8e5-42e4-ac5f-70e596ad76f1', 'clean', '2026-03-16 17:32:27.588464+00', false),
	('24416f6c-e0be-4964-be09-4848077cce6a', 'e10eca3b-3102-41fc-8006-c1b4b70e00e6', '301', '3', 'vacant', '2026-03-16 17:32:27.588464+00', NULL, '3bd692f6-a8e5-42e4-ac5f-70e596ad76f1', 'clean', '2026-03-16 17:32:27.588464+00', false),
	('7a15a5ab-72a0-4593-8697-e3f543b3d422', 'e10eca3b-3102-41fc-8006-c1b4b70e00e6', '302', '3', 'vacant', '2026-03-16 17:32:27.588464+00', NULL, '3bd692f6-a8e5-42e4-ac5f-70e596ad76f1', 'clean', '2026-03-16 17:32:27.588464+00', false),
	('5f9740d9-5288-4742-8658-1de75f6f70a3', 'e10eca3b-3102-41fc-8006-c1b4b70e00e6', '303', '3', 'vacant', '2026-03-16 17:32:27.588464+00', NULL, '3bd692f6-a8e5-42e4-ac5f-70e596ad76f1', 'clean', '2026-03-16 17:32:27.588464+00', false),
	('a369f11b-505c-4197-9576-c4876e71e9d9', 'e10eca3b-3102-41fc-8006-c1b4b70e00e6', '304', '3', 'vacant', '2026-03-16 17:32:27.588464+00', NULL, '3bd692f6-a8e5-42e4-ac5f-70e596ad76f1', 'clean', '2026-03-16 17:32:27.588464+00', false),
	('f32372bf-813b-44e7-8871-f49fbc6a1174', 'e10eca3b-3102-41fc-8006-c1b4b70e00e6', '305', '3', 'vacant', '2026-03-16 17:32:27.588464+00', NULL, '3bd692f6-a8e5-42e4-ac5f-70e596ad76f1', 'clean', '2026-03-16 17:32:27.588464+00', false),
	('b096666c-ee01-47c9-bc8d-3312fb40a83a', 'e10eca3b-3102-41fc-8006-c1b4b70e00e6', '306', '3', 'vacant', '2026-03-16 17:32:27.588464+00', NULL, '3bd692f6-a8e5-42e4-ac5f-70e596ad76f1', 'clean', '2026-03-16 17:32:27.588464+00', false),
	('5d945045-2e00-4fd1-a954-2091b47f2998', '5710bfe1-7590-4361-aebe-4335ac31ac1e', '024', '1', 'vacant', '2026-04-03 10:43:28.209528+00', NULL, '2e27fef8-7d6a-415a-b0d9-5f713b905389', 'clean', '2026-04-03 10:43:28.209528+00', false),
	('f3a4ef36-d421-4a71-b27a-28ff31f44012', '5710bfe1-7590-4361-aebe-4335ac31ac1e', '023', '1', 'vacant', '2026-04-03 10:43:28.209528+00', NULL, '2e27fef8-7d6a-415a-b0d9-5f713b905389', 'clean', '2026-04-03 10:43:28.209528+00', false),
	('7e7899d8-6734-445f-835a-3cbb59ffdff4', '5710bfe1-7590-4361-aebe-4335ac31ac1e', '005', '1', 'vacant', '2026-04-03 10:43:28.209528+00', NULL, '2e27fef8-7d6a-415a-b0d9-5f713b905389', 'clean', '2026-04-03 10:43:28.209528+00', false),
	('e7e9aa02-ec61-4997-982a-efef14a5f35a', '5710bfe1-7590-4361-aebe-4335ac31ac1e', '004', '1', 'vacant', '2026-04-03 10:43:28.209528+00', NULL, '2e27fef8-7d6a-415a-b0d9-5f713b905389', 'clean', '2026-04-03 10:43:28.209528+00', false),
	('b66edd65-130d-4acd-9b29-9369022a25a2', '5710bfe1-7590-4361-aebe-4335ac31ac1e', '034', '1', 'vacant', '2026-04-03 10:43:28.209528+00', NULL, '2e27fef8-7d6a-415a-b0d9-5f713b905389', 'clean', '2026-04-03 10:43:28.209528+00', false),
	('81e63117-25f0-49f2-a541-e9d244c04a42', '5710bfe1-7590-4361-aebe-4335ac31ac1e', '006', '1', 'vacant', '2026-04-03 10:43:28.209528+00', NULL, '2e27fef8-7d6a-415a-b0d9-5f713b905389', 'clean', '2026-04-03 10:43:28.209528+00', false),
	('c87d027c-a78c-4fab-9173-4f220a334875', '5710bfe1-7590-4361-aebe-4335ac31ac1e', '016', '1', 'vacant', '2026-04-03 10:43:28.209528+00', NULL, '2e27fef8-7d6a-415a-b0d9-5f713b905389', 'clean', '2026-04-03 10:43:28.209528+00', false),
	('98399c20-5e78-4f09-a632-0a8f3efbd9a5', '5710bfe1-7590-4361-aebe-4335ac31ac1e', '008', '1', 'vacant', '2026-04-03 10:43:28.209528+00', NULL, '2e27fef8-7d6a-415a-b0d9-5f713b905389', 'clean', '2026-04-03 10:43:28.209528+00', false),
	('66d77ab0-a2e7-43c5-8b64-5da6d4c4f471', '5710bfe1-7590-4361-aebe-4335ac31ac1e', '039', '1', 'vacant', '2026-04-03 10:43:28.209528+00', NULL, '2e27fef8-7d6a-415a-b0d9-5f713b905389', 'clean', '2026-04-03 10:43:28.209528+00', false),
	('75ff3f9c-18ad-49a0-8e13-fee6a1c28bc5', '5710bfe1-7590-4361-aebe-4335ac31ac1e', '031', '1', 'vacant', '2026-04-03 10:43:28.209528+00', NULL, '2e27fef8-7d6a-415a-b0d9-5f713b905389', 'clean', '2026-04-03 10:43:28.209528+00', false),
	('739d5397-6251-4506-b5e5-0cd65fb6ab38', '5710bfe1-7590-4361-aebe-4335ac31ac1e', '003', '1', 'vacant', '2026-04-03 10:43:28.209528+00', NULL, '2e27fef8-7d6a-415a-b0d9-5f713b905389', 'clean', '2026-04-03 10:43:28.209528+00', false),
	('550c9270-d479-44f5-b6b8-017c37850681', '5710bfe1-7590-4361-aebe-4335ac31ac1e', '014', '1', 'vacant', '2026-04-03 10:43:28.209528+00', NULL, '2e27fef8-7d6a-415a-b0d9-5f713b905389', 'clean', '2026-04-03 10:43:28.209528+00', false),
	('4d1ae2cd-019e-49da-99d5-7b257d2f1ba7', '5710bfe1-7590-4361-aebe-4335ac31ac1e', '036', '1', 'vacant', '2026-04-03 10:43:28.209528+00', NULL, '2e27fef8-7d6a-415a-b0d9-5f713b905389', 'clean', '2026-04-03 10:43:28.209528+00', false),
	('44c46c44-f6e0-47cd-b7f4-90e2f29d3950', '5710bfe1-7590-4361-aebe-4335ac31ac1e', '011', '1', 'vacant', '2026-04-03 10:43:28.209528+00', NULL, '2e27fef8-7d6a-415a-b0d9-5f713b905389', 'clean', '2026-04-03 10:43:28.209528+00', false),
	('b42c24a5-ef7f-4124-92d8-21beb81eb6be', '5710bfe1-7590-4361-aebe-4335ac31ac1e', '019', '1', 'vacant', '2026-04-03 10:43:28.209528+00', NULL, '2e27fef8-7d6a-415a-b0d9-5f713b905389', 'clean', '2026-04-03 10:43:28.209528+00', false),
	('a289f48e-0cf2-40ba-aff2-e6299b122cea', '5710bfe1-7590-4361-aebe-4335ac31ac1e', '035', '1', 'vacant', '2026-04-03 10:43:28.209528+00', NULL, '2e27fef8-7d6a-415a-b0d9-5f713b905389', 'clean', '2026-04-03 10:43:28.209528+00', false),
	('ce56deb4-283e-4419-82ec-bb43fb79a8ec', '5710bfe1-7590-4361-aebe-4335ac31ac1e', '025', '1', 'vacant', '2026-04-03 10:43:28.209528+00', NULL, '2e27fef8-7d6a-415a-b0d9-5f713b905389', 'clean', '2026-04-03 10:43:28.209528+00', false),
	('4cb330d7-e260-4705-8621-246ebb16f479', '5710bfe1-7590-4361-aebe-4335ac31ac1e', '017', '1', 'vacant', '2026-04-03 10:43:28.209528+00', NULL, '2e27fef8-7d6a-415a-b0d9-5f713b905389', 'clean', '2026-04-03 10:43:28.209528+00', false),
	('9352eb95-98ab-4f1b-a385-e3340473cf8c', '5710bfe1-7590-4361-aebe-4335ac31ac1e', '007', '1', 'vacant', '2026-04-03 10:43:28.209528+00', NULL, '2e27fef8-7d6a-415a-b0d9-5f713b905389', 'clean', '2026-04-03 10:43:28.209528+00', false),
	('b709cee9-a787-458e-87d2-3a0896364970', '5710bfe1-7590-4361-aebe-4335ac31ac1e', '118', '1', 'vacant', '2026-04-03 10:43:28.209528+00', NULL, '2e27fef8-7d6a-415a-b0d9-5f713b905389', 'clean', '2026-04-03 10:43:28.209528+00', false),
	('ae0664a2-9bd1-4d7c-aa8e-e9eb1aafaa34', 'e10eca3b-3102-41fc-8006-c1b4b70e00e6', '102', '1', 'vacant', '2026-03-16 17:32:27.588464+00', NULL, '3bd692f6-a8e5-42e4-ac5f-70e596ad76f1', 'in_progress', '2026-04-03 11:50:38.654183+00', false);


--
-- Data for Name: bookings; Type: TABLE DATA; Schema: public; Owner: postgres
--

INSERT INTO "public"."bookings" ("code", "hotel_id", "guest_name", "phone", "guest_id", "guest_profile_id", "status", "id", "scheduled_checkin_at", "scheduled_checkout_at", "created_at", "updated_at", "confirmed_at", "cancelled_at", "source", "room_type_id", "rate_plan_id", "adults", "children", "currency", "estimated_total_amount", "email", "special_requests", "room_id", "precheckin_reminder1_sent_at", "precheckin_reminder2_sent_at", "adults_total", "children_total", "external_source", "external_reservation_id", "rooms_total", "checked_in_at") VALUES
	('W-260315114811-4b52', '139c6002-bdd7-4924-9db4-16f14e283d89', 'Ajit Kumar Singh', '90199598870', 'cb427b87-1251-4701-bc85-95a4b74c3e57', NULL, 'CHECKED_OUT', 'd89aa49e-e593-44dc-8826-98cfb7d6a963', '2026-03-15 11:48:11.621156+00', '2026-03-16 11:00:00+00', '2026-03-15 11:48:11.621156+00', '2026-04-04 11:14:05.816809+00', NULL, NULL, 'walk_in', '2efb36d1-9e12-43d8-9e7a-27f66d479d92', NULL, 2, 0, 'INR', NULL, 'ajitkumarpes@gmail.com', NULL, '4251ea81-1264-48a0-943a-5aa2cb7c276f', NULL, NULL, 2, 0, NULL, NULL, 1, '2026-03-15 11:48:11.621156+00'),
	('WLK-MNKA3GAW', '139c6002-bdd7-4924-9db4-16f14e283d89', 'Ajit Kumar Singh', '9019959870', 'cb427b87-1251-4701-bc85-95a4b74c3e57', NULL, 'CHECKED_OUT', 'e7f619c2-9e82-449c-b3d6-9cd0dbb205b9', '2026-04-04 00:00:00+00', '2026-04-05 00:00:00+00', '2026-04-04 12:00:59.598522+00', '2026-04-04 19:51:27.548586+00', NULL, NULL, 'pms_sync', NULL, NULL, 1, 0, 'INR', NULL, 'ajitkumarpes@gmail.com', NULL, NULL, NULL, NULL, 2, 0, NULL, NULL, 1, '2026-04-04 19:49:56.708331+00'),
	('WLK-MNTX9HX2', '5d697b97-4336-4318-af21-53fc78a406ad', 'Kapil', '8899776644', 'fc900025-691c-4815-8fea-654f431d3e29', NULL, 'CHECKED_IN', '6f333cd6-d449-406c-9dd8-4b8c76115168', '2026-04-11 00:00:00+00', '2026-04-12 00:00:00+00', '2026-04-11 05:59:00.29406+00', '2026-04-11 06:06:28.591032+00', NULL, NULL, 'pms_sync', NULL, NULL, 1, 0, 'INR', NULL, 'bistkapil1988@gmail.com', NULL, NULL, NULL, NULL, 2, 2, NULL, NULL, 1, '2026-04-11 06:06:28.591032+00'),
	('WLK-MNK8C29D_VOID_1775303657', '139c6002-bdd7-4924-9db4-16f14e283d89', 'Ajit Kumar Singh', '9019959870', 'cb427b87-1251-4701-bc85-95a4b74c3e57', NULL, 'CANCELLED', 'e70ef715-4eb4-410b-bd08-23d874c65c43', '2026-04-04 00:00:00+00', '2026-04-05 00:00:00+00', '2026-04-04 11:09:44.611038+00', '2026-04-04 11:54:17.029881+00', NULL, NULL, 'pms_sync', NULL, NULL, 1, 0, 'INR', NULL, 'ajitkumarpes@gmail.com', NULL, NULL, NULL, NULL, 2, 0, NULL, NULL, 1, NULL),
	('BK-20251020-01_VOID_1775303657', '139c6002-bdd7-4924-9db4-16f14e283d89', 'Demo Guest A', NULL, NULL, NULL, 'CANCELLED', '076c5359-0c9b-4b9a-aaec-d72a8cf8e909', '2025-10-19 00:00:00+00', '2025-10-22 00:00:00+00', '2026-02-10 08:36:53.186404+00', '2026-04-04 11:54:17.029881+00', NULL, NULL, 'manual', NULL, NULL, 1, 0, 'INR', NULL, NULL, NULL, NULL, NULL, NULL, 1, 0, NULL, NULL, 0, NULL),
	('WLK-MNKKEH84', '139c6002-bdd7-4924-9db4-16f14e283d89', 'Ajit Kumar Singh', '9019959870', 'cb427b87-1251-4701-bc85-95a4b74c3e57', NULL, 'CHECKED_OUT', '6a0272fb-59db-49f3-a648-ffe525406ae1', '2026-04-04 00:00:00+00', '2026-04-05 00:00:00+00', '2026-04-04 16:47:48.214425+00', '2026-04-04 16:54:23.428168+00', NULL, NULL, 'pms_sync', NULL, NULL, 1, 0, 'INR', NULL, 'ajitkumarpes@gmail.com', NULL, NULL, NULL, NULL, 2, 1, NULL, NULL, 1, '2026-04-04 16:52:53.793163+00'),
	('BKG100107', '139c6002-bdd7-4924-9db4-16f14e283d89', 'Ajit Kumar Singh', '9019959870', 'cb427b87-1251-4701-bc85-95a4b74c3e57', NULL, 'CHECKED_OUT', 'dcafb22d-4872-48ec-9460-f5384c9fe440', '2026-02-22 00:00:00+00', '2026-02-25 00:00:00+00', '2026-02-19 12:52:13.779425+00', '2026-04-04 11:38:44.028339+00', NULL, NULL, 'pms_sync', NULL, NULL, 1, 0, 'INR', NULL, 'ajitkumarpes@gmail.com', NULL, NULL, NULL, NULL, 2, 0, NULL, NULL, 1, '2026-03-15 21:50:26.600905+00'),
	('BKG10099', '139c6002-bdd7-4924-9db4-16f14e283d89', 'Ajit Kumar Singh', '9019959870', 'cb427b87-1251-4701-bc85-95a4b74c3e57', NULL, 'CHECKED_OUT', '2c8ff15e-4081-458f-9be0-a3a4fbeebbfe', '2026-03-18 00:00:00+00', '2026-03-20 00:00:00+00', '2026-02-15 22:20:12.567122+00', '2026-03-13 18:34:58.547912+00', NULL, NULL, 'pms_sync', NULL, NULL, 1, 0, 'INR', NULL, '', NULL, NULL, NULL, NULL, 2, 0, NULL, NULL, 1, '2026-03-07 16:51:12.8437+00'),
	('TESTSTAY1', '139c6002-bdd7-4924-9db4-16f14e283d89', 'Ajit Kumar Singh', '9019959870', 'cb427b87-1251-4701-bc85-95a4b74c3e57', NULL, 'CHECKED_OUT', '9ca6aca5-2f19-4ff4-9bcc-3b1cea02e09f', '2025-02-15 00:00:00+00', '2025-02-20 00:00:00+00', '2026-02-10 08:36:53.186404+00', '2026-03-06 14:29:34.881179+00', NULL, NULL, 'pms_sync', NULL, NULL, 1, 0, 'INR', NULL, NULL, NULL, NULL, NULL, NULL, 1, 0, NULL, NULL, 0, NULL),
	('WLK-MNIS2KM5', 'e10eca3b-3102-41fc-8006-c1b4b70e00e6', 'Test', '9901384009', 'cf838ade-19e4-448c-bcb3-dbc4e307fbd4', NULL, 'CHECKED_OUT', 'ede4d26a-e6cc-4ab7-941c-247391359b75', '2026-04-03 00:00:00+00', '2026-04-05 00:00:00+00', '2026-04-03 10:47:42.030385+00', '2026-04-03 11:47:17.037693+00', NULL, NULL, 'pms_sync', NULL, NULL, 1, 0, 'INR', NULL, 'kbisht786@gmail.com', NULL, NULL, NULL, NULL, 1, 0, NULL, NULL, 1, '2026-04-03 10:56:08.209009+00'),
	('BKG10045_VOID_1775303657', '139c6002-bdd7-4924-9db4-16f14e283d89', 'Ramesh Patel', '8888888888', 'cb427b87-1251-4701-bc85-95a4b74c3e57', NULL, 'CANCELLED', 'ce33ec92-6684-4100-992b-c12377fb928f', '2026-03-15 00:00:00+00', '2026-03-17 00:00:00+00', '2026-02-15 18:54:37.409287+00', '2026-04-04 11:54:17.029881+00', NULL, NULL, 'pms_sync', NULL, NULL, 1, 0, 'INR', NULL, 'ajitkumarpes@gmail.com', NULL, NULL, NULL, NULL, 1, 0, NULL, NULL, 1, NULL),
	('BK-TENANT1-009_VOID_1775303657', '139c6002-bdd7-4924-9db4-16f14e283d89', 'Guest 9', NULL, NULL, NULL, 'CANCELLED', '569c7794-5836-42c3-a902-af7b882151f4', '2025-10-19 00:00:00+00', '2025-10-21 00:00:00+00', '2026-02-10 08:36:53.186404+00', '2026-04-04 11:54:17.029881+00', NULL, NULL, 'manual', NULL, NULL, 1, 0, 'INR', NULL, NULL, NULL, NULL, NULL, NULL, 1, 0, NULL, NULL, 0, NULL),
	('BK-TENANT1-010_VOID_1775303657', '139c6002-bdd7-4924-9db4-16f14e283d89', 'Guest 10', NULL, NULL, NULL, 'CANCELLED', '8d8aa241-b673-4704-a770-f83efcdbccd8', '2025-10-19 00:00:00+00', '2025-10-22 00:00:00+00', '2026-02-10 08:36:53.186404+00', '2026-04-04 11:54:17.029881+00', NULL, NULL, 'manual', NULL, NULL, 1, 0, 'INR', NULL, NULL, NULL, NULL, NULL, NULL, 1, 0, NULL, NULL, 0, NULL),
	('BK-TENANT1-011_VOID_1775303657', '139c6002-bdd7-4924-9db4-16f14e283d89', 'Guest 11', NULL, NULL, NULL, 'CANCELLED', '4f7660d5-e6b7-439e-bd79-c8a5303dae67', '2025-10-19 00:00:00+00', '2025-10-23 00:00:00+00', '2026-02-10 08:36:53.186404+00', '2026-04-04 11:54:17.029881+00', NULL, NULL, 'manual', NULL, NULL, 1, 0, 'INR', NULL, NULL, NULL, NULL, NULL, NULL, 1, 0, NULL, NULL, 0, NULL),
	('BK-DEMO2-017_VOID_1775303657', 'ce30b5a6-a0f0-4238-b213-397216edf1d8', 'Guest 17', NULL, NULL, NULL, 'CANCELLED', '72dc1843-6b36-4dcf-b32c-fcbf63f9acb9', '2025-10-19 00:00:00+00', '2025-10-23 00:00:00+00', '2026-02-10 08:36:53.186404+00', '2026-04-04 11:54:17.029881+00', NULL, NULL, 'manual', NULL, NULL, 1, 0, 'INR', NULL, NULL, NULL, NULL, NULL, NULL, 1, 0, NULL, NULL, 0, NULL),
	('W-260315221227-6a33_VOID_1775303657', '139c6002-bdd7-4924-9db4-16f14e283d89', 'Ajit Kumar Singh', '9019959870', 'cb427b87-1251-4701-bc85-95a4b74c3e57', NULL, 'CANCELLED', '8051a767-1cd9-41e8-9a04-477338951ffb', '2026-03-15 22:12:27.227302+00', '2026-03-16 11:00:00+00', '2026-03-15 22:12:27.227302+00', '2026-04-04 11:54:17.029881+00', NULL, NULL, 'walk_in', '45838d55-f0e5-4c95-897e-1a202e737db9', NULL, 2, 0, 'INR', NULL, 'ajitkumarpes@gmail.com', NULL, '9d13932d-1ba9-4858-ad0e-bb4d85497a71', NULL, NULL, 2, 0, NULL, NULL, 1, '2026-03-15 22:12:27.227302+00'),
	('BK-DEMO2-018_VOID_1775303657', 'ce30b5a6-a0f0-4238-b213-397216edf1d8', 'Guest 18', NULL, NULL, NULL, 'CANCELLED', 'a76314ec-a9e6-4216-9c35-3aede5646694', '2025-10-19 00:00:00+00', '2025-10-21 00:00:00+00', '2026-02-10 08:36:53.186404+00', '2026-04-04 11:54:17.029881+00', NULL, NULL, 'manual', NULL, NULL, 1, 0, 'INR', NULL, NULL, NULL, NULL, NULL, NULL, 1, 0, NULL, NULL, 0, NULL),
	('BKG100101_VOID_1775303657', '139c6002-bdd7-4924-9db4-16f14e283d89', 'Ajit Kumar Singh', '9019959870', 'cb427b87-1251-4701-bc85-95a4b74c3e57', NULL, 'CANCELLED', 'bea34f8d-73d9-4a63-8f87-6bd55e8ff7f5', '2026-02-18 00:00:00+00', '2026-02-20 00:00:00+00', '2026-02-17 16:45:13.98276+00', '2026-04-04 11:54:17.029881+00', NULL, NULL, 'pms_sync', NULL, NULL, 1, 0, 'INR', NULL, 'ajitkumarpes@gmail.com', NULL, NULL, NULL, NULL, 2, 0, NULL, NULL, 1, '2026-02-17 17:33:04.643258+00'),
	('W-260316111851-a3c7_VOID_1775303657', '139c6002-bdd7-4924-9db4-16f14e283d89', 'Ajit Kumar Singh', '9019959870', 'cb427b87-1251-4701-bc85-95a4b74c3e57', NULL, 'CANCELLED', '162578f5-df45-4d44-a743-66b799c7d6aa', '2026-03-16 11:18:51.283578+00', '2026-03-17 11:00:00+00', '2026-03-16 11:18:51.283578+00', '2026-04-04 11:54:17.029881+00', NULL, NULL, 'walk_in', '2efb36d1-9e12-43d8-9e7a-27f66d479d92', NULL, 2, 0, 'INR', NULL, 'ajitkumarpes@gmail.com', NULL, '4251ea81-1264-48a0-943a-5aa2cb7c276f', NULL, NULL, 2, 0, NULL, NULL, 1, '2026-03-16 11:18:51.283578+00'),
	('BKG100109_VOID_1775303657', '139c6002-bdd7-4924-9db4-16f14e283d89', 'Ajit Kumar Singh', '9019959870', 'cb427b87-1251-4701-bc85-95a4b74c3e57', NULL, 'CANCELLED', '2bec8fce-3da6-49d7-b842-25d47abc8498', '2026-02-22 00:00:00+00', '2026-02-25 00:00:00+00', '2026-02-20 18:55:27.990793+00', '2026-04-04 11:54:17.029881+00', NULL, NULL, 'pms_sync', NULL, NULL, 1, 0, 'INR', NULL, 'ajitkumarpes@gmail.com', NULL, NULL, NULL, NULL, 2, 0, NULL, NULL, 1, '2026-02-20 19:05:39.839946+00'),
	('W-260307142535-2534_VOID_1775303657', '139c6002-bdd7-4924-9db4-16f14e283d89', 'Ajit Kumar Singh', '9019959870', 'cb427b87-1251-4701-bc85-95a4b74c3e57', NULL, 'CANCELLED', '1e546f48-2d99-4474-abc8-fccbd9981c6a', '2026-03-07 14:25:35.50951+00', '2026-03-08 11:00:00+00', '2026-03-07 14:25:35.50951+00', '2026-04-04 11:54:17.029881+00', NULL, NULL, 'walk_in', '45838d55-f0e5-4c95-897e-1a202e737db9', NULL, 2, 0, 'INR', NULL, 'ajitkumarpes@gmail.com', NULL, '7e6a7c2d-3350-4e00-8485-12c44bb035f7', NULL, NULL, 2, 0, NULL, NULL, 1, '2026-03-07 14:25:35.50951+00'),
	('WLK-MMTI1Y7O_VOID_1775303657', 'e10eca3b-3102-41fc-8006-c1b4b70e00e6', 'Vaiyu guest', '6767688788', '4d03f8d8-9dad-4b7b-b8f0-d18e58884750', NULL, 'CANCELLED', '8a1cc230-8c18-4088-a95f-b0bfc050ebb8', '2026-03-16 00:00:00+00', '2026-03-17 00:00:00+00', '2026-03-16 18:12:04.730274+00', '2026-04-04 11:54:17.029881+00', NULL, NULL, 'pms_sync', NULL, NULL, 1, 0, 'INR', NULL, 'hr.vaiyu@gmail.com', NULL, NULL, NULL, NULL, 1, 0, NULL, NULL, 1, NULL),
	('BKG100309_VOID_1775303657', '139c6002-bdd7-4924-9db4-16f14e283d89', 'Ajit Kumar Singh', '9019959870', 'cb427b87-1251-4701-bc85-95a4b74c3e57', NULL, 'CANCELLED', 'c48b9709-c15c-4002-bef1-664549f2378f', '2026-03-22 00:00:00+00', '2026-03-25 00:00:00+00', '2026-03-07 20:25:07.539512+00', '2026-04-04 11:54:17.029881+00', NULL, NULL, 'pms_sync', NULL, NULL, 1, 0, 'INR', NULL, 'ajitkumarpes@gmail.com', NULL, NULL, NULL, NULL, 2, 0, NULL, NULL, 1, '2026-03-14 09:21:26.685719+00'),
	('BKG100106_VOID_1775303657', '139c6002-bdd7-4924-9db4-16f14e283d89', 'Ajit Kumar Singh', '9019959870', 'cb427b87-1251-4701-bc85-95a4b74c3e57', NULL, 'CANCELLED', '7c30573e-52eb-42b3-b69f-910900564fd4', '2026-02-22 00:00:00+00', '2026-02-25 00:00:00+00', '2026-02-19 12:42:02.234713+00', '2026-04-04 11:54:17.029881+00', NULL, NULL, 'pms_sync', NULL, NULL, 1, 0, 'INR', NULL, 'ajitkumarpes@gmail.com', NULL, NULL, NULL, NULL, 2, 0, NULL, NULL, 1, '2026-03-15 21:21:52.044399+00'),
	('WLK-MN34SJPY_VOID_1775303657', '5780fa80-3e6b-44d0-b87e-2b4015f78c8b', 'Kamal', '8747475848', '76f60bc3-4978-4258-8150-f9cc9a70a158', NULL, 'CANCELLED', 'f4ea76ed-34ec-46e7-a2f1-631c8b05825c', '2026-03-23 00:00:00+00', '2026-03-24 00:00:00+00', '2026-03-23 11:58:56.433465+00', '2026-04-04 11:54:17.029881+00', NULL, NULL, 'pms_sync', NULL, NULL, 1, 0, 'INR', NULL, 'artijaraut711@gmail.com', NULL, NULL, NULL, NULL, 1, 0, NULL, NULL, 1, '2026-03-23 12:07:55.062223+00'),
	('WLK-MNC1OYH5_VOID_1775303657', 'e10eca3b-3102-41fc-8006-c1b4b70e00e6', 'Test Arti', '8747475848', '76f60bc3-4978-4258-8150-f9cc9a70a158', NULL, 'CANCELLED', 'bb329635-eb67-48a3-ae19-8de6a9ec01bb', '2026-03-29 00:00:00+00', '2026-03-31 00:00:00+00', '2026-03-29 17:41:43.234913+00', '2026-04-04 11:54:17.029881+00', NULL, NULL, 'pms_sync', NULL, NULL, 1, 0, 'INR', NULL, 'artijaraut711@gmail.com', NULL, NULL, NULL, NULL, 1, 0, NULL, NULL, 1, '2026-03-29 17:51:08.624764+00'),
	('BKG100103_VOID_1775303657', '139c6002-bdd7-4924-9db4-16f14e283d89', 'Ajit Kumar Singh', NULL, 'cb427b87-1251-4701-bc85-95a4b74c3e57', NULL, 'CANCELLED', '3712ae7d-9808-4c87-811e-b60d699e88e6', '2026-02-18 00:00:00+00', '2026-02-20 00:00:00+00', '2026-02-19 12:21:27.137511+00', '2026-04-04 11:54:17.029881+00', NULL, NULL, 'pms_sync', NULL, NULL, 1, 0, 'INR', NULL, 'ajitkumarpes@gmail.com', NULL, NULL, NULL, NULL, 2, 0, NULL, NULL, 1, NULL),
	('WLK-MMIS87GO_VOID_1775303657', '139c6002-bdd7-4924-9db4-16f14e283d89', 'Ajit Kumar Singh', NULL, 'cb427b87-1251-4701-bc85-95a4b74c3e57', NULL, 'CANCELLED', '2cd47a2f-50ce-4250-9add-2217ecd50681', '2026-03-09 00:00:00+00', '2026-03-10 00:00:00+00', '2026-03-09 06:12:49.921772+00', '2026-04-04 11:54:17.029881+00', NULL, NULL, 'pms_sync', NULL, NULL, 1, 0, 'INR', NULL, 'ajitkumarpes@gmail.com', NULL, NULL, NULL, NULL, 2, 0, NULL, NULL, 1, NULL),
	('BK-DEMO2-019_VOID_1775303657', 'ce30b5a6-a0f0-4238-b213-397216edf1d8', 'Guest 19', NULL, NULL, NULL, 'CANCELLED', '25b043f6-4e24-48de-9246-22fc8e684501', '2025-10-19 00:00:00+00', '2025-10-22 00:00:00+00', '2026-02-10 08:36:53.186404+00', '2026-04-04 11:54:17.029881+00', NULL, NULL, 'manual', NULL, NULL, 1, 0, 'INR', NULL, NULL, NULL, NULL, NULL, NULL, 1, 0, NULL, NULL, 0, NULL),
	('BKG10046_VOID_1775303657', '139c6002-bdd7-4924-9db4-16f14e283d89', 'Sneha Sharma', NULL, '0f6abc21-c561-48b7-a2ce-fec058109d45', NULL, 'CANCELLED', 'c9439904-c0df-4e8e-b755-c2ad1894e5b9', '2026-03-20 00:00:00+00', '2026-03-21 00:00:00+00', '2026-02-15 18:54:37.449522+00', '2026-04-04 11:54:17.029881+00', NULL, NULL, 'pms_sync', NULL, NULL, 1, 0, 'INR', NULL, NULL, NULL, NULL, NULL, NULL, 1, 0, NULL, NULL, 1, NULL),
	('BK-DEMO2-020_VOID_1775303657', 'ce30b5a6-a0f0-4238-b213-397216edf1d8', 'Guest 20', NULL, NULL, NULL, 'CANCELLED', '9d272c44-5b4e-43f3-8bad-410f9891e980', '2025-10-19 00:00:00+00', '2025-10-23 00:00:00+00', '2026-02-10 08:36:53.186404+00', '2026-04-04 11:54:17.029881+00', NULL, NULL, 'manual', NULL, NULL, 1, 0, 'INR', NULL, NULL, NULL, NULL, NULL, NULL, 1, 0, NULL, NULL, 0, NULL),
	('BK-TENANT1-012_VOID_1775303657', '139c6002-bdd7-4924-9db4-16f14e283d89', 'Guest 12', NULL, NULL, NULL, 'CANCELLED', 'a2d81be7-9e20-40ec-a4fb-23c12ccd956e', '2025-10-19 00:00:00+00', '2025-10-21 00:00:00+00', '2026-02-10 08:36:53.186404+00', '2026-04-04 11:54:17.029881+00', NULL, NULL, 'manual', NULL, NULL, 1, 0, 'INR', NULL, NULL, NULL, NULL, NULL, NULL, 1, 0, NULL, NULL, 0, NULL),
	('BK-DEMO1-019_VOID_1775303657', '5710bfe1-7590-4361-aebe-4335ac31ac1e', 'Guest 19', NULL, NULL, NULL, 'CANCELLED', '901d569d-0716-4461-9863-0ba06e733403', '2025-10-19 00:00:00+00', '2025-10-22 00:00:00+00', '2026-02-10 08:36:53.186404+00', '2026-04-04 11:54:17.029881+00', NULL, NULL, 'manual', NULL, NULL, 1, 0, 'INR', NULL, NULL, NULL, NULL, NULL, NULL, 1, 0, NULL, NULL, 0, NULL),
	('BK-DEMO1-020_VOID_1775303657', '5710bfe1-7590-4361-aebe-4335ac31ac1e', 'Guest 20', NULL, NULL, NULL, 'CANCELLED', 'be51bc6d-d947-481c-af56-79bc886243c5', '2025-10-19 00:00:00+00', '2025-10-23 00:00:00+00', '2026-02-10 08:36:53.186404+00', '2026-04-04 11:54:17.029881+00', NULL, NULL, 'manual', NULL, NULL, 1, 0, 'INR', NULL, NULL, NULL, NULL, NULL, NULL, 1, 0, NULL, NULL, 0, NULL),
	('BK-TENANT1-013_VOID_1775303657', '139c6002-bdd7-4924-9db4-16f14e283d89', 'Guest 13', NULL, NULL, NULL, 'CANCELLED', '39b7733d-ac98-41cb-86c5-b29cb02c40d6', '2025-10-19 00:00:00+00', '2025-10-22 00:00:00+00', '2026-02-10 08:36:53.186404+00', '2026-04-04 11:54:17.029881+00', NULL, NULL, 'manual', NULL, NULL, 1, 0, 'INR', NULL, NULL, NULL, NULL, NULL, NULL, 1, 0, NULL, NULL, 0, NULL),
	('BK-TENANT1-014_VOID_1775303657', '139c6002-bdd7-4924-9db4-16f14e283d89', 'Guest 14', NULL, NULL, NULL, 'CANCELLED', 'c50c190e-43cf-4ae2-91e9-bcd1f68ce034', '2025-10-19 00:00:00+00', '2025-10-23 00:00:00+00', '2026-02-10 08:36:53.186404+00', '2026-04-04 11:54:17.029881+00', NULL, NULL, 'manual', NULL, NULL, 1, 0, 'INR', NULL, NULL, NULL, NULL, NULL, NULL, 1, 0, NULL, NULL, 0, NULL),
	('BK-TENANT1-015_VOID_1775303657', '139c6002-bdd7-4924-9db4-16f14e283d89', 'Guest 15', NULL, NULL, NULL, 'CANCELLED', 'f78be0be-ff5c-46f1-ae38-5b3ccdce71df', '2025-10-19 00:00:00+00', '2025-10-21 00:00:00+00', '2026-02-10 08:36:53.186404+00', '2026-04-04 11:54:17.029881+00', NULL, NULL, 'manual', NULL, NULL, 1, 0, 'INR', NULL, NULL, NULL, NULL, NULL, NULL, 1, 0, NULL, NULL, 0, NULL),
	('BK-TENANT1-017_VOID_1775303657', '139c6002-bdd7-4924-9db4-16f14e283d89', 'Guest 17', NULL, NULL, NULL, 'CANCELLED', 'da6c30a9-8678-4983-9566-7420b8de146b', '2025-10-19 00:00:00+00', '2025-10-23 00:00:00+00', '2026-02-10 08:36:53.186404+00', '2026-04-04 11:54:17.029881+00', NULL, NULL, 'manual', NULL, NULL, 1, 0, 'INR', NULL, NULL, NULL, NULL, NULL, NULL, 1, 0, NULL, NULL, 0, NULL),
	('BK-TENANT1-018_VOID_1775303657', '139c6002-bdd7-4924-9db4-16f14e283d89', 'Guest 18', NULL, NULL, NULL, 'CANCELLED', '8a134116-520a-4a50-9777-4167ec064cbb', '2025-10-19 00:00:00+00', '2025-10-21 00:00:00+00', '2026-02-10 08:36:53.186404+00', '2026-04-04 11:54:17.029881+00', NULL, NULL, 'manual', NULL, NULL, 1, 0, 'INR', NULL, NULL, NULL, NULL, NULL, NULL, 1, 0, NULL, NULL, 0, NULL),
	('BK-TENANT1-019_VOID_1775303657', '139c6002-bdd7-4924-9db4-16f14e283d89', 'Guest 19', NULL, NULL, NULL, 'CANCELLED', 'fffd6000-0aa9-4b79-b241-74f708a63c7d', '2025-10-19 00:00:00+00', '2025-10-22 00:00:00+00', '2026-02-10 08:36:53.186404+00', '2026-04-04 11:54:17.029881+00', NULL, NULL, 'manual', NULL, NULL, 1, 0, 'INR', NULL, NULL, NULL, NULL, NULL, NULL, 1, 0, NULL, NULL, 0, NULL),
	('BK-TENANT1-020_VOID_1775303657', '139c6002-bdd7-4924-9db4-16f14e283d89', 'Guest 20', NULL, NULL, NULL, 'CANCELLED', '76d7910c-9ec2-4056-a95f-1ffbef86075b', '2025-10-19 00:00:00+00', '2025-10-23 00:00:00+00', '2026-02-10 08:36:53.186404+00', '2026-04-04 11:54:17.029881+00', NULL, NULL, 'manual', NULL, NULL, 1, 0, 'INR', NULL, NULL, NULL, NULL, NULL, NULL, 1, 0, NULL, NULL, 0, NULL),
	('BK-DEMO1-001_VOID_1775303657', '5710bfe1-7590-4361-aebe-4335ac31ac1e', 'Guest 1', NULL, NULL, NULL, 'CANCELLED', '314c3de4-b473-47a6-890f-c21e02454f6c', '2025-10-19 00:00:00+00', '2025-10-22 00:00:00+00', '2026-02-10 08:36:53.186404+00', '2026-04-04 11:54:17.029881+00', NULL, NULL, 'manual', NULL, NULL, 1, 0, 'INR', NULL, NULL, NULL, NULL, NULL, NULL, 1, 0, NULL, NULL, 0, NULL),
	('BK-DEMO1-002_VOID_1775303657', '5710bfe1-7590-4361-aebe-4335ac31ac1e', 'Guest 2', NULL, NULL, NULL, 'CANCELLED', 'c6fa2d5c-6167-4de2-9300-a8be9084df4f', '2025-10-19 00:00:00+00', '2025-10-23 00:00:00+00', '2026-02-10 08:36:53.186404+00', '2026-04-04 11:54:17.029881+00', NULL, NULL, 'manual', NULL, NULL, 1, 0, 'INR', NULL, NULL, NULL, NULL, NULL, NULL, 1, 0, NULL, NULL, 0, NULL),
	('BK-DEMO1-003_VOID_1775303657', '5710bfe1-7590-4361-aebe-4335ac31ac1e', 'Guest 3', NULL, NULL, NULL, 'CANCELLED', '24710bb4-1097-4bb3-9436-2e2f0895aaf4', '2025-10-19 00:00:00+00', '2025-10-21 00:00:00+00', '2026-02-10 08:36:53.186404+00', '2026-04-04 11:54:17.029881+00', NULL, NULL, 'manual', NULL, NULL, 1, 0, 'INR', NULL, NULL, NULL, NULL, NULL, NULL, 1, 0, NULL, NULL, 0, NULL),
	('BK-DEMO1-004_VOID_1775303657', '5710bfe1-7590-4361-aebe-4335ac31ac1e', 'Guest 4', NULL, NULL, NULL, 'CANCELLED', 'd9d87f6d-49b4-4284-bc14-6c9a895cbbce', '2025-10-19 00:00:00+00', '2025-10-22 00:00:00+00', '2026-02-10 08:36:53.186404+00', '2026-04-04 11:54:17.029881+00', NULL, NULL, 'manual', NULL, NULL, 1, 0, 'INR', NULL, NULL, NULL, NULL, NULL, NULL, 1, 0, NULL, NULL, 0, NULL),
	('BK-DEMO1-005_VOID_1775303657', '5710bfe1-7590-4361-aebe-4335ac31ac1e', 'Guest 5', NULL, NULL, NULL, 'CANCELLED', '998348dd-f484-4afb-b613-a4915bd25a19', '2025-10-19 00:00:00+00', '2025-10-23 00:00:00+00', '2026-02-10 08:36:53.186404+00', '2026-04-04 11:54:17.029881+00', NULL, NULL, 'manual', NULL, NULL, 1, 0, 'INR', NULL, NULL, NULL, NULL, NULL, NULL, 1, 0, NULL, NULL, 0, NULL),
	('BK-DEMO1-006_VOID_1775303657', '5710bfe1-7590-4361-aebe-4335ac31ac1e', 'Guest 6', NULL, NULL, NULL, 'CANCELLED', 'ead1df2b-380c-44b4-bb51-a2cd45107688', '2025-10-19 00:00:00+00', '2025-10-21 00:00:00+00', '2026-02-10 08:36:53.186404+00', '2026-04-04 11:54:17.029881+00', NULL, NULL, 'manual', NULL, NULL, 1, 0, 'INR', NULL, NULL, NULL, NULL, NULL, NULL, 1, 0, NULL, NULL, 0, NULL),
	('BK-DEMO1-007_VOID_1775303657', '5710bfe1-7590-4361-aebe-4335ac31ac1e', 'Guest 7', NULL, NULL, NULL, 'CANCELLED', 'f5802b2a-4bff-441e-9fe9-7f81ffb0ad7b', '2025-10-19 00:00:00+00', '2025-10-22 00:00:00+00', '2026-02-10 08:36:53.186404+00', '2026-04-04 11:54:17.029881+00', NULL, NULL, 'manual', NULL, NULL, 1, 0, 'INR', NULL, NULL, NULL, NULL, NULL, NULL, 1, 0, NULL, NULL, 0, NULL),
	('BK-DEMO1-008_VOID_1775303657', '5710bfe1-7590-4361-aebe-4335ac31ac1e', 'Guest 8', NULL, NULL, NULL, 'CANCELLED', 'd44e85db-5351-477f-adb2-4cf724bf558d', '2025-10-19 00:00:00+00', '2025-10-23 00:00:00+00', '2026-02-10 08:36:53.186404+00', '2026-04-04 11:54:17.029881+00', NULL, NULL, 'manual', NULL, NULL, 1, 0, 'INR', NULL, NULL, NULL, NULL, NULL, NULL, 1, 0, NULL, NULL, 0, NULL),
	('BK-DEMO1-009_VOID_1775303657', '5710bfe1-7590-4361-aebe-4335ac31ac1e', 'Guest 9', NULL, NULL, NULL, 'CANCELLED', '08811d14-6d04-4955-b480-3d5ef6107f8c', '2025-10-19 00:00:00+00', '2025-10-21 00:00:00+00', '2026-02-10 08:36:53.186404+00', '2026-04-04 11:54:17.029881+00', NULL, NULL, 'manual', NULL, NULL, 1, 0, 'INR', NULL, NULL, NULL, NULL, NULL, NULL, 1, 0, NULL, NULL, 0, NULL),
	('BK-DEMO1-010_VOID_1775303657', '5710bfe1-7590-4361-aebe-4335ac31ac1e', 'Guest 10', NULL, NULL, NULL, 'CANCELLED', 'f5688ed2-c133-44cc-b48f-571918121efd', '2025-10-19 00:00:00+00', '2025-10-22 00:00:00+00', '2026-02-10 08:36:53.186404+00', '2026-04-04 11:54:17.029881+00', NULL, NULL, 'manual', NULL, NULL, 1, 0, 'INR', NULL, NULL, NULL, NULL, NULL, NULL, 1, 0, NULL, NULL, 0, NULL),
	('BK-DEMO1-011_VOID_1775303657', '5710bfe1-7590-4361-aebe-4335ac31ac1e', 'Guest 11', NULL, NULL, NULL, 'CANCELLED', '70ef94b7-d75a-4d46-ac0a-c22ec3ff1f37', '2025-10-19 00:00:00+00', '2025-10-23 00:00:00+00', '2026-02-10 08:36:53.186404+00', '2026-04-04 11:54:17.029881+00', NULL, NULL, 'manual', NULL, NULL, 1, 0, 'INR', NULL, NULL, NULL, NULL, NULL, NULL, 1, 0, NULL, NULL, 0, NULL),
	('BK-DEMO1-012_VOID_1775303657', '5710bfe1-7590-4361-aebe-4335ac31ac1e', 'Guest 12', NULL, NULL, NULL, 'CANCELLED', '42af7e16-0088-4f35-951e-2b3745f82264', '2025-10-19 00:00:00+00', '2025-10-21 00:00:00+00', '2026-02-10 08:36:53.186404+00', '2026-04-04 11:54:17.029881+00', NULL, NULL, 'manual', NULL, NULL, 1, 0, 'INR', NULL, NULL, NULL, NULL, NULL, NULL, 1, 0, NULL, NULL, 0, NULL),
	('BK-DEMO1-013_VOID_1775303657', '5710bfe1-7590-4361-aebe-4335ac31ac1e', 'Guest 13', NULL, NULL, NULL, 'CANCELLED', '913a9a56-4020-4dab-b049-72706430c298', '2025-10-19 00:00:00+00', '2025-10-22 00:00:00+00', '2026-02-10 08:36:53.186404+00', '2026-04-04 11:54:17.029881+00', NULL, NULL, 'manual', NULL, NULL, 1, 0, 'INR', NULL, NULL, NULL, NULL, NULL, NULL, 1, 0, NULL, NULL, 0, NULL),
	('BK-DEMO1-014_VOID_1775303657', '5710bfe1-7590-4361-aebe-4335ac31ac1e', 'Guest 14', NULL, NULL, NULL, 'CANCELLED', '7304a81a-2690-473f-a614-6b8cdafb84e5', '2025-10-19 00:00:00+00', '2025-10-23 00:00:00+00', '2026-02-10 08:36:53.186404+00', '2026-04-04 11:54:17.029881+00', NULL, NULL, 'manual', NULL, NULL, 1, 0, 'INR', NULL, NULL, NULL, NULL, NULL, NULL, 1, 0, NULL, NULL, 0, NULL),
	('BK-DEMO1-015_VOID_1775303657', '5710bfe1-7590-4361-aebe-4335ac31ac1e', 'Guest 15', NULL, NULL, NULL, 'CANCELLED', '960dae82-f066-4134-b5d6-b855408fe95c', '2025-10-19 00:00:00+00', '2025-10-21 00:00:00+00', '2026-02-10 08:36:53.186404+00', '2026-04-04 11:54:17.029881+00', NULL, NULL, 'manual', NULL, NULL, 1, 0, 'INR', NULL, NULL, NULL, NULL, NULL, NULL, 1, 0, NULL, NULL, 0, NULL),
	('BK-DEMO1-016_VOID_1775303657', '5710bfe1-7590-4361-aebe-4335ac31ac1e', 'Guest 16', NULL, NULL, NULL, 'CANCELLED', 'a6428964-ff18-41ab-979d-e0f1fb8a6acc', '2025-10-19 00:00:00+00', '2025-10-22 00:00:00+00', '2026-02-10 08:36:53.186404+00', '2026-04-04 11:54:17.029881+00', NULL, NULL, 'manual', NULL, NULL, 1, 0, 'INR', NULL, NULL, NULL, NULL, NULL, NULL, 1, 0, NULL, NULL, 0, NULL),
	('BK-DEMO1-017_VOID_1775303657', '5710bfe1-7590-4361-aebe-4335ac31ac1e', 'Guest 17', NULL, NULL, NULL, 'CANCELLED', '286f3d1a-3f93-410e-ba5c-e221de8dbb6b', '2025-10-19 00:00:00+00', '2025-10-23 00:00:00+00', '2026-02-10 08:36:53.186404+00', '2026-04-04 11:54:17.029881+00', NULL, NULL, 'manual', NULL, NULL, 1, 0, 'INR', NULL, NULL, NULL, NULL, NULL, NULL, 1, 0, NULL, NULL, 0, NULL),
	('BK-DEMO1-018_VOID_1775303657', '5710bfe1-7590-4361-aebe-4335ac31ac1e', 'Guest 18', NULL, NULL, NULL, 'CANCELLED', '6ebb08e5-fb76-4740-a165-3ba43bf4f9ca', '2025-10-19 00:00:00+00', '2025-10-21 00:00:00+00', '2026-02-10 08:36:53.186404+00', '2026-04-04 11:54:17.029881+00', NULL, NULL, 'manual', NULL, NULL, 1, 0, 'INR', NULL, NULL, NULL, NULL, NULL, NULL, 1, 0, NULL, NULL, 0, NULL),
	('BK-DEMO2-010_VOID_1775303657', 'ce30b5a6-a0f0-4238-b213-397216edf1d8', 'Guest 10', NULL, NULL, NULL, 'CANCELLED', '81fcb0f0-a21f-4e12-b976-508e0b184f6a', '2025-10-19 00:00:00+00', '2025-10-22 00:00:00+00', '2026-02-10 08:36:53.186404+00', '2026-04-04 11:54:17.029881+00', NULL, NULL, 'manual', NULL, NULL, 1, 0, 'INR', NULL, NULL, NULL, NULL, NULL, NULL, 1, 0, NULL, NULL, 0, NULL),
	('BK-DEMO2-011_VOID_1775303657', 'ce30b5a6-a0f0-4238-b213-397216edf1d8', 'Guest 11', NULL, NULL, NULL, 'CANCELLED', '1fa63f6b-a558-47d5-88eb-fa3b795c6e55', '2025-10-19 00:00:00+00', '2025-10-23 00:00:00+00', '2026-02-10 08:36:53.186404+00', '2026-04-04 11:54:17.029881+00', NULL, NULL, 'manual', NULL, NULL, 1, 0, 'INR', NULL, NULL, NULL, NULL, NULL, NULL, 1, 0, NULL, NULL, 0, NULL),
	('BK-DEMO2-012_VOID_1775303657', 'ce30b5a6-a0f0-4238-b213-397216edf1d8', 'Guest 12', NULL, NULL, NULL, 'CANCELLED', 'bf008400-fe42-429f-a892-104454e93303', '2025-10-19 00:00:00+00', '2025-10-21 00:00:00+00', '2026-02-10 08:36:53.186404+00', '2026-04-04 11:54:17.029881+00', NULL, NULL, 'manual', NULL, NULL, 1, 0, 'INR', NULL, NULL, NULL, NULL, NULL, NULL, 1, 0, NULL, NULL, 0, NULL),
	('BK-DEMO2-013_VOID_1775303657', 'ce30b5a6-a0f0-4238-b213-397216edf1d8', 'Guest 13', NULL, NULL, NULL, 'CANCELLED', '055821e9-c402-42a7-beec-fe676e40fdf5', '2025-10-19 00:00:00+00', '2025-10-22 00:00:00+00', '2026-02-10 08:36:53.186404+00', '2026-04-04 11:54:17.029881+00', NULL, NULL, 'manual', NULL, NULL, 1, 0, 'INR', NULL, NULL, NULL, NULL, NULL, NULL, 1, 0, NULL, NULL, 0, NULL),
	('BK-DEMO2-014_VOID_1775303657', 'ce30b5a6-a0f0-4238-b213-397216edf1d8', 'Guest 14', NULL, NULL, NULL, 'CANCELLED', '10e0436c-aa46-4b7d-98a7-9b5c9bf40cc0', '2025-10-19 00:00:00+00', '2025-10-23 00:00:00+00', '2026-02-10 08:36:53.186404+00', '2026-04-04 11:54:17.029881+00', NULL, NULL, 'manual', NULL, NULL, 1, 0, 'INR', NULL, NULL, NULL, NULL, NULL, NULL, 1, 0, NULL, NULL, 0, NULL),
	('BK-DEMO2-015_VOID_1775303657', 'ce30b5a6-a0f0-4238-b213-397216edf1d8', 'Guest 15', NULL, NULL, NULL, 'CANCELLED', 'dc3877f5-9e72-4aaf-8ff3-fa1d3439add5', '2025-10-19 00:00:00+00', '2025-10-21 00:00:00+00', '2026-02-10 08:36:53.186404+00', '2026-04-04 11:54:17.029881+00', NULL, NULL, 'manual', NULL, NULL, 1, 0, 'INR', NULL, NULL, NULL, NULL, NULL, NULL, 1, 0, NULL, NULL, 0, NULL),
	('BK-DEMO2-016_VOID_1775303657', 'ce30b5a6-a0f0-4238-b213-397216edf1d8', 'Guest 16', NULL, NULL, NULL, 'CANCELLED', '623eded0-8cd3-43c7-bc9b-9f61273a4b3e', '2025-10-19 00:00:00+00', '2025-10-22 00:00:00+00', '2026-02-10 08:36:53.186404+00', '2026-04-04 11:54:17.029881+00', NULL, NULL, 'manual', NULL, NULL, 1, 0, 'INR', NULL, NULL, NULL, NULL, NULL, NULL, 1, 0, NULL, NULL, 0, NULL),
	('BKG100111_VOID_1775303657', '139c6002-bdd7-4924-9db4-16f14e283d89', 'Ajit Kumar Singh', NULL, NULL, NULL, 'CANCELLED', 'e8095442-4059-4253-9fd4-e1719d23e7e2', '2026-03-01 00:00:00+00', '2026-03-03 00:00:00+00', '2026-03-01 05:55:59.50951+00', '2026-04-04 11:54:17.029881+00', NULL, NULL, 'pms_sync', NULL, NULL, 1, 0, 'INR', NULL, 'singhajit.br@gmail.com', NULL, NULL, NULL, NULL, 2, 0, NULL, NULL, 1, NULL),
	('W-260315141122-3992_VOID_1775303657', '139c6002-bdd7-4924-9db4-16f14e283d89', 'Ajit Kumar Singh', '9019959870', 'cb427b87-1251-4701-bc85-95a4b74c3e57', NULL, 'CANCELLED', '8472cafb-a8e6-45cd-a896-9eea115f22b8', '2026-03-15 14:11:22.032726+00', '2026-03-16 11:00:00+00', '2026-03-15 14:11:22.032726+00', '2026-04-04 11:54:17.029881+00', NULL, NULL, 'walk_in', '45838d55-f0e5-4c95-897e-1a202e737db9', NULL, 2, 0, 'INR', NULL, 'ajitkumarpes@gmail.com', NULL, '52c8572a-13e7-4bb5-ac2f-34dd06dda2fb', NULL, NULL, 2, 0, NULL, NULL, 1, '2026-03-15 14:11:22.032726+00'),
	('W-260315222048-a1fb_VOID_1775303657', '139c6002-bdd7-4924-9db4-16f14e283d89', 'Ajit Kumar Singh', '9019959870', 'cb427b87-1251-4701-bc85-95a4b74c3e57', NULL, 'CANCELLED', '543ffc17-978c-4a73-b245-f17ad15e3ad1', '2026-03-15 22:20:48.040744+00', '2026-03-16 11:00:00+00', '2026-03-15 22:20:48.040744+00', '2026-04-04 11:54:17.029881+00', NULL, NULL, 'walk_in', '45838d55-f0e5-4c95-897e-1a202e737db9', NULL, 2, 0, 'INR', NULL, 'ajitkumarpes@gmail.com', NULL, 'fbafee4a-f600-43dc-962a-1a17dba945e3', NULL, NULL, 2, 0, NULL, NULL, 1, '2026-03-15 22:20:48.040744+00'),
	('WLK-MMTI7623_VOID_1775303657', 'e10eca3b-3102-41fc-8006-c1b4b70e00e6', 'Vaiyu New entry', '6767688788', '4d03f8d8-9dad-4b7b-b8f0-d18e58884750', NULL, 'CANCELLED', '5e1b18bb-fd0a-4646-b577-6177cae64383', '2026-03-16 00:00:00+00', '2026-03-17 00:00:00+00', '2026-03-16 18:15:31.155465+00', '2026-04-04 11:54:17.029881+00', NULL, NULL, 'pms_sync', NULL, NULL, 1, 0, 'INR', NULL, 'hr.vaiyu@gmail.com', NULL, NULL, NULL, NULL, 1, 0, NULL, NULL, 1, '2026-03-16 18:20:29.098238+00'),
	('WLK-MMT3LBDU_VOID_1775303657', '139c6002-bdd7-4924-9db4-16f14e283d89', 'Ajit Kumar Singh', '9019959870', 'cb427b87-1251-4701-bc85-95a4b74c3e57', NULL, 'CANCELLED', '95a766ad-5cb8-433c-b322-098b53b15ae4', '2026-03-19 00:00:00+00', '2026-03-22 00:00:00+00', '2026-03-16 11:27:30.942082+00', '2026-04-04 11:54:17.029881+00', NULL, NULL, 'pms_sync', NULL, NULL, 1, 0, 'INR', NULL, 'ajitkumarpes@gmail.com', NULL, NULL, NULL, NULL, 3, 1, NULL, NULL, 1, '2026-03-17 13:07:24.177611+00'),
	('BKG100100_VOID_1775303657', '139c6002-bdd7-4924-9db4-16f14e283d89', 'Ajit Kumar Singh', '9019959870', 'cb427b87-1251-4701-bc85-95a4b74c3e57', NULL, 'CANCELLED', 'fda3477e-ff36-402f-b2bc-fbcb3ca04d81', '2026-03-18 00:00:00+00', '2026-03-20 00:00:00+00', '2026-02-16 09:39:38.544988+00', '2026-04-04 11:54:17.029881+00', NULL, NULL, 'pms_sync', NULL, NULL, 1, 0, 'INR', NULL, 'ajitkumarpes@gmail.com', NULL, NULL, NULL, NULL, 2, 0, NULL, NULL, 1, NULL),
	('BK-DEMO2-001_VOID_1775303657', 'ce30b5a6-a0f0-4238-b213-397216edf1d8', 'Guest 1', NULL, NULL, NULL, 'CANCELLED', 'a97793c4-5fa2-4aac-b79f-05c30bff665a', '2025-10-19 00:00:00+00', '2025-10-22 00:00:00+00', '2026-02-10 08:36:53.186404+00', '2026-04-04 11:54:17.029881+00', NULL, NULL, 'manual', NULL, NULL, 1, 0, 'INR', NULL, NULL, NULL, NULL, NULL, NULL, 1, 0, NULL, NULL, 0, NULL),
	('BK-DEMO2-002_VOID_1775303657', 'ce30b5a6-a0f0-4238-b213-397216edf1d8', 'Guest 2', NULL, NULL, NULL, 'CANCELLED', '91a4e7d0-1931-4fcc-824e-ae5f92a90195', '2025-10-19 00:00:00+00', '2025-10-23 00:00:00+00', '2026-02-10 08:36:53.186404+00', '2026-04-04 11:54:17.029881+00', NULL, NULL, 'manual', NULL, NULL, 1, 0, 'INR', NULL, NULL, NULL, NULL, NULL, NULL, 1, 0, NULL, NULL, 0, NULL),
	('BK-DEMO2-003_VOID_1775303657', 'ce30b5a6-a0f0-4238-b213-397216edf1d8', 'Guest 3', NULL, NULL, NULL, 'CANCELLED', '47319c57-25f3-4ad5-96d3-28beeea63e19', '2025-10-19 00:00:00+00', '2025-10-21 00:00:00+00', '2026-02-10 08:36:53.186404+00', '2026-04-04 11:54:17.029881+00', NULL, NULL, 'manual', NULL, NULL, 1, 0, 'INR', NULL, NULL, NULL, NULL, NULL, NULL, 1, 0, NULL, NULL, 0, NULL),
	('BK-DEMO2-004_VOID_1775303657', 'ce30b5a6-a0f0-4238-b213-397216edf1d8', 'Guest 4', NULL, NULL, NULL, 'CANCELLED', '8be16ccd-aa75-4317-9f57-3935dda76111', '2025-10-19 00:00:00+00', '2025-10-22 00:00:00+00', '2026-02-10 08:36:53.186404+00', '2026-04-04 11:54:17.029881+00', NULL, NULL, 'manual', NULL, NULL, 1, 0, 'INR', NULL, NULL, NULL, NULL, NULL, NULL, 1, 0, NULL, NULL, 0, NULL),
	('BK-DEMO2-005_VOID_1775303657', 'ce30b5a6-a0f0-4238-b213-397216edf1d8', 'Guest 5', NULL, NULL, NULL, 'CANCELLED', '748a8f05-d20d-4306-841a-e8987e6f01cc', '2025-10-19 00:00:00+00', '2025-10-23 00:00:00+00', '2026-02-10 08:36:53.186404+00', '2026-04-04 11:54:17.029881+00', NULL, NULL, 'manual', NULL, NULL, 1, 0, 'INR', NULL, NULL, NULL, NULL, NULL, NULL, 1, 0, NULL, NULL, 0, NULL),
	('BK-DEMO2-006_VOID_1775303657', 'ce30b5a6-a0f0-4238-b213-397216edf1d8', 'Guest 6', NULL, NULL, NULL, 'CANCELLED', 'fce8b641-4003-4522-9237-b834051e4c09', '2025-10-19 00:00:00+00', '2025-10-21 00:00:00+00', '2026-02-10 08:36:53.186404+00', '2026-04-04 11:54:17.029881+00', NULL, NULL, 'manual', NULL, NULL, 1, 0, 'INR', NULL, NULL, NULL, NULL, NULL, NULL, 1, 0, NULL, NULL, 0, NULL),
	('BK-DEMO2-007_VOID_1775303657', 'ce30b5a6-a0f0-4238-b213-397216edf1d8', 'Guest 7', NULL, NULL, NULL, 'CANCELLED', 'd7db1775-5191-408d-abcf-b5d724e00069', '2025-10-19 00:00:00+00', '2025-10-22 00:00:00+00', '2026-02-10 08:36:53.186404+00', '2026-04-04 11:54:17.029881+00', NULL, NULL, 'manual', NULL, NULL, 1, 0, 'INR', NULL, NULL, NULL, NULL, NULL, NULL, 1, 0, NULL, NULL, 0, NULL),
	('BK-DEMO2-008_VOID_1775303657', 'ce30b5a6-a0f0-4238-b213-397216edf1d8', 'Guest 8', NULL, NULL, NULL, 'CANCELLED', 'e0ffbfdb-c5b6-4383-ba74-4cd95e97d836', '2025-10-19 00:00:00+00', '2025-10-23 00:00:00+00', '2026-02-10 08:36:53.186404+00', '2026-04-04 11:54:17.029881+00', NULL, NULL, 'manual', NULL, NULL, 1, 0, 'INR', NULL, NULL, NULL, NULL, NULL, NULL, 1, 0, NULL, NULL, 0, NULL),
	('BK-DEMO2-009_VOID_1775303657', 'ce30b5a6-a0f0-4238-b213-397216edf1d8', 'Guest 9', NULL, NULL, NULL, 'CANCELLED', '65d0659e-2e14-40a6-93ba-609eacc9935a', '2025-10-19 00:00:00+00', '2025-10-21 00:00:00+00', '2026-02-10 08:36:53.186404+00', '2026-04-04 11:54:17.029881+00', NULL, NULL, 'manual', NULL, NULL, 1, 0, 'INR', NULL, NULL, NULL, NULL, NULL, NULL, 1, 0, NULL, NULL, 0, NULL),
	('ORD-001_VOID_1775303657', '139c6002-bdd7-4924-9db4-16f14e283d89', 'John Doe', '', NULL, NULL, 'CANCELLED', 'cf45b64f-51c0-43be-a0f8-7e5721e57050', '2026-03-25 00:00:00+00', '2026-03-30 00:00:00+00', '2026-02-13 16:16:15.370841+00', '2026-04-04 11:54:17.029881+00', NULL, NULL, 'manual', '2efb36d1-9e12-43d8-9e7a-27f66d479d92', NULL, 2, 0, 'INR', NULL, 'ajitkumarpes@gmail.com', 'Late check-in', '4251ea81-1264-48a0-943a-5aa2cb7c276f', NULL, NULL, 1, 0, NULL, NULL, 1, NULL),
	('ORD-002_VOID_1775303657', '139c6002-bdd7-4924-9db4-16f14e283d89', 'John Doe', '', NULL, NULL, 'CANCELLED', '5f1072b9-bb14-48e2-840d-e588d32e434b', '2026-03-25 00:00:00+00', '2026-03-30 00:00:00+00', '2026-02-13 19:45:49.549652+00', '2026-04-04 11:54:17.029881+00', NULL, NULL, 'manual', '2efb36d1-9e12-43d8-9e7a-27f66d479d92', NULL, 2, 0, 'INR', NULL, 'ajitkumarpes@gmail.com', 'Late check-in', '4251ea81-1264-48a0-943a-5aa2cb7c276f', NULL, NULL, 1, 0, NULL, NULL, 1, NULL),
	('ORD-003_VOID_1775303657', '139c6002-bdd7-4924-9db4-16f14e283d89', 'John Doe', '', NULL, NULL, 'CANCELLED', 'c38036f8-d2b2-4c4c-ab75-9f2a1afd2a1e', '2026-03-19 00:00:00+00', '2026-03-22 00:00:00+00', '2026-02-13 20:03:33.960273+00', '2026-04-04 11:54:17.029881+00', NULL, NULL, 'manual', '2efb36d1-9e12-43d8-9e7a-27f66d479d92', NULL, 2, 0, 'INR', NULL, 'ajitkumarpes@gmail.com', 'Late check-in', '4251ea81-1264-48a0-943a-5aa2cb7c276f', NULL, NULL, 1, 0, NULL, NULL, 1, NULL),
	('ORD-004_VOID_1775303657', '139c6002-bdd7-4924-9db4-16f14e283d89', 'John Doe', '', NULL, NULL, 'CANCELLED', 'f05fcc6c-fcc3-4c51-93cf-48587bc38d9d', '2026-03-19 00:00:00+00', '2026-03-22 00:00:00+00', '2026-02-13 20:17:03.660907+00', '2026-04-04 11:54:17.029881+00', NULL, NULL, 'manual', '2efb36d1-9e12-43d8-9e7a-27f66d479d92', NULL, 2, 0, 'INR', NULL, 'ajitkumarpes@gmail.com', 'Late check-in', '4251ea81-1264-48a0-943a-5aa2cb7c276f', NULL, NULL, 1, 0, NULL, NULL, 1, NULL),
	('ORD-005_VOID_1775303657', '139c6002-bdd7-4924-9db4-16f14e283d89', 'John Doe', '', NULL, NULL, 'CANCELLED', '5393878f-8cca-4f0d-b9b3-3903d7ffa57d', '2026-03-19 00:00:00+00', '2026-03-22 00:00:00+00', '2026-02-13 20:19:43.534059+00', '2026-04-04 11:54:17.029881+00', NULL, NULL, 'manual', '2efb36d1-9e12-43d8-9e7a-27f66d479d92', NULL, 2, 0, 'INR', NULL, 'ajitkumarpes@gmail.com', 'Late check-in', '4251ea81-1264-48a0-943a-5aa2cb7c276f', NULL, NULL, 1, 0, NULL, NULL, 1, NULL),
	('ORD-006_VOID_1775303657', '139c6002-bdd7-4924-9db4-16f14e283d89', 'Ajit Kumar Singh', '6565675646', NULL, NULL, 'CANCELLED', 'b23d046d-6eae-4269-b562-fdfcd998569f', '2026-03-19 00:00:00+00', '2026-03-22 00:00:00+00', '2026-02-14 18:12:32.044796+00', '2026-04-04 11:54:17.029881+00', NULL, NULL, 'manual', '2efb36d1-9e12-43d8-9e7a-27f66d479d92', NULL, 2, 0, 'INR', NULL, 'ajitkumarpes@gmail.com', 'Late check-in', '4251ea81-1264-48a0-943a-5aa2cb7c276f', NULL, NULL, 1, 0, NULL, NULL, 1, NULL),
	('BKG100105_VOID_1775303657', '139c6002-bdd7-4924-9db4-16f14e283d89', 'Ajit Kumar Singh', '9019959870', 'cb427b87-1251-4701-bc85-95a4b74c3e57', NULL, 'CANCELLED', '731fd275-b0dc-4498-a59d-25e9b070a544', '2026-02-22 00:00:00+00', '2026-02-25 00:00:00+00', '2026-02-19 12:37:01.615266+00', '2026-04-04 11:54:17.029881+00', NULL, NULL, 'pms_sync', NULL, NULL, 1, 0, 'INR', NULL, 'ajitkumarpes@gmail.com', NULL, NULL, NULL, NULL, 2, 0, NULL, NULL, 1, '2026-03-07 18:49:35.209835+00'),
	('BKG100209_VOID_1775303657', '139c6002-bdd7-4924-9db4-16f14e283d89', 'Ajit Kumar Singh', NULL, 'cb427b87-1251-4701-bc85-95a4b74c3e57', NULL, 'CANCELLED', 'cee74ff8-26c2-4f85-9328-d0e7329cfac0', '2026-02-22 00:00:00+00', '2026-02-25 00:00:00+00', '2026-03-07 20:22:24.923272+00', '2026-04-04 11:54:17.029881+00', NULL, NULL, 'pms_sync', NULL, NULL, 1, 0, 'INR', NULL, 'ajitkumarpes@gmail.com', NULL, NULL, NULL, NULL, 2, 0, NULL, NULL, 1, NULL),
	('W-260314094929-85fb_VOID_1775303657', '139c6002-bdd7-4924-9db4-16f14e283d89', 'Ajit Kumar Singh', '9019959870', 'cb427b87-1251-4701-bc85-95a4b74c3e57', NULL, 'CANCELLED', '37fcd0d3-2a84-4ac5-9dbd-45337d421e1d', '2026-03-14 09:49:29.59406+00', '2026-03-15 11:00:00+00', '2026-03-14 09:49:29.59406+00', '2026-04-04 11:54:17.029881+00', NULL, NULL, 'walk_in', '45838d55-f0e5-4c95-897e-1a202e737db9', NULL, 2, 0, 'INR', NULL, 'ajitkumarpes@gmail.com', NULL, '52c8572a-13e7-4bb5-ac2f-34dd06dda2fb', NULL, NULL, 2, 0, NULL, NULL, 1, '2026-03-14 09:49:29.59406+00'),
	('BKG100108_VOID_1775303657', '139c6002-bdd7-4924-9db4-16f14e283d89', 'Ajit Kumar Singh', '9019959870', 'cb427b87-1251-4701-bc85-95a4b74c3e57', NULL, 'CANCELLED', 'a14061fe-3b38-41e9-9fef-0a64af888110', '2026-02-22 00:00:00+00', '2026-02-25 00:00:00+00', '2026-02-19 13:13:02.284389+00', '2026-04-04 11:54:17.029881+00', NULL, NULL, 'pms_sync', NULL, NULL, 1, 0, 'INR', NULL, 'ajitkumarpes@gmail.com', NULL, NULL, NULL, NULL, 2, 0, NULL, NULL, 1, '2026-03-15 21:28:41.485286+00'),
	('W-260315215328-0660_VOID_1775303657', '139c6002-bdd7-4924-9db4-16f14e283d89', 'Ajit Kumar Singh', '9019959870', 'cb427b87-1251-4701-bc85-95a4b74c3e57', NULL, 'CANCELLED', '0ef06c9f-ee6b-4e2f-bf64-b9e655720436', '2026-03-15 21:53:28.103258+00', '2026-03-16 11:00:00+00', '2026-03-15 21:53:28.103258+00', '2026-04-04 11:54:17.029881+00', NULL, NULL, 'walk_in', '45838d55-f0e5-4c95-897e-1a202e737db9', NULL, 2, 0, 'INR', NULL, 'ajitkumarpes@gmail.com', NULL, '1459cf9c-34a7-4980-ba42-2f84ecdad565', NULL, NULL, 2, 0, NULL, NULL, 1, '2026-03-15 21:53:28.103258+00'),
	('W-260315222250-0d88_VOID_1775303657', '139c6002-bdd7-4924-9db4-16f14e283d89', 'Ajit Kumar Singh', '9019959870', 'cb427b87-1251-4701-bc85-95a4b74c3e57', NULL, 'CANCELLED', 'c279e4b5-4f25-4847-972c-365bc1554ad1', '2026-03-15 22:22:50.575056+00', '2026-03-16 11:00:00+00', '2026-03-15 22:22:50.575056+00', '2026-04-04 11:54:17.029881+00', NULL, NULL, 'walk_in', '45838d55-f0e5-4c95-897e-1a202e737db9', NULL, 2, 0, 'INR', NULL, 'ajitkumarpes@gmail.com', NULL, '297eedfc-c02f-4fbd-9623-62a08bc91084', NULL, NULL, 2, 0, NULL, NULL, 1, '2026-03-15 22:22:50.575056+00'),
	('WLK-MNC1FZSY_VOID_1775303657', 'e10eca3b-3102-41fc-8006-c1b4b70e00e6', 'Art', '9901384009', 'cf838ade-19e4-448c-bcb3-dbc4e307fbd4', NULL, 'CANCELLED', '3af871cb-b64f-4cd5-bf10-598ddb785115', '2026-03-29 00:00:00+00', '2026-03-30 00:00:00+00', '2026-03-29 17:34:21.242472+00', '2026-04-04 11:54:17.029881+00', NULL, NULL, 'pms_sync', NULL, NULL, 1, 0, 'INR', NULL, 'artijaraut711@gmail.com', NULL, NULL, NULL, NULL, 1, 0, NULL, NULL, 1, NULL),
	('WLK-MMTH6S36_VOID_1775303657', 'e10eca3b-3102-41fc-8006-c1b4b70e00e6', 'Kamal', '9901384009', 'cf838ade-19e4-448c-bcb3-dbc4e307fbd4', NULL, 'CANCELLED', '652b5015-3015-4438-ae1f-057454cea662', '2026-03-16 00:00:00+00', '2026-03-17 00:00:00+00', '2026-03-16 17:48:05.310292+00', '2026-04-04 11:54:17.029881+00', NULL, NULL, 'pms_sync', NULL, NULL, 1, 0, 'INR', NULL, 'kbisht786@gmail.com', NULL, NULL, NULL, NULL, 2, 2, NULL, NULL, 1, '2026-03-16 17:53:40.232789+00'),
	('BKG10021_VOID_1775303657', '139c6002-bdd7-4924-9db4-16f14e283d89', 'Ajit Kumar Singh', '9019959870', 'cb427b87-1251-4701-bc85-95a4b74c3e57', NULL, 'CANCELLED', 'f2827920-2228-4c0b-b29c-e57f97b5022a', '2026-03-10 00:00:00+00', '2026-03-12 00:00:00+00', '2026-02-15 18:54:37.292115+00', '2026-04-04 11:54:17.029881+00', NULL, NULL, 'pms_sync', NULL, NULL, 1, 0, 'INR', NULL, 'ajitkumarpes@gmail.com', NULL, NULL, NULL, NULL, 6, 1, NULL, NULL, 2, '2026-03-17 19:17:16.99499+00'),
	('WLK-MMWB4DZJ_VOID_1775303657', '139c6002-bdd7-4924-9db4-16f14e283d89', 'Ajit Kumar Singh', NULL, 'cb427b87-1251-4701-bc85-95a4b74c3e57', NULL, 'CANCELLED', '2b3bd858-6f1d-405f-957b-1b909adc4eff', '2026-03-26 00:00:00+00', '2026-03-29 00:00:00+00', '2026-03-18 17:22:12.406683+00', '2026-04-04 11:54:17.029881+00', NULL, NULL, 'pms_sync', NULL, NULL, 1, 0, 'INR', NULL, 'ajitkumarpes@gmail.com', NULL, NULL, NULL, NULL, 2, 1, NULL, NULL, 1, NULL);


--
-- Data for Name: arrival_events; Type: TABLE DATA; Schema: public; Owner: postgres
--

INSERT INTO "public"."arrival_events" ("id", "hotel_id", "booking_id", "event_type", "old_value", "new_value", "details", "performed_by", "created_at") VALUES
	('992fccf5-328f-48bb-9598-820037b89c98', '139c6002-bdd7-4924-9db4-16f14e283d89', 'bea34f8d-73d9-4a63-8f87-6bd55e8ff7f5', 'STATUS_CHANGE', 'CONFIRMED', 'PRE_CHECKED_IN', '{}', '73904179-cca9-40ab-a2c4-e509dadbbbbb', '2026-02-17 17:18:41.530693+00'),
	('3afd96e2-47a9-4ba9-b040-74d4fe5c6392', '139c6002-bdd7-4924-9db4-16f14e283d89', 'bea34f8d-73d9-4a63-8f87-6bd55e8ff7f5', 'ROOM_ASSIGNED', NULL, '9d13932d-1ba9-4858-ad0e-bb4d85497a71', '{}', '73904179-cca9-40ab-a2c4-e509dadbbbbb', '2026-02-17 17:33:04.643258+00'),
	('bdbba675-651b-4799-af7d-f460c38f0ef2', '139c6002-bdd7-4924-9db4-16f14e283d89', 'bea34f8d-73d9-4a63-8f87-6bd55e8ff7f5', 'STATUS_CHANGE', 'PRE_CHECKED_IN', 'CHECKED_IN', '{}', '73904179-cca9-40ab-a2c4-e509dadbbbbb', '2026-02-17 17:33:04.643258+00'),
	('7a5f441d-7460-4af3-885f-5a30109c2bae', '139c6002-bdd7-4924-9db4-16f14e283d89', '731fd275-b0dc-4498-a59d-25e9b070a544', 'STATUS_CHANGE', 'CONFIRMED', 'PRE_CHECKED_IN', '{}', '73904179-cca9-40ab-a2c4-e509dadbbbbb', '2026-02-19 12:37:54.900707+00'),
	('68218b59-1bb3-48c3-a79f-6577d1c76265', '139c6002-bdd7-4924-9db4-16f14e283d89', '7c30573e-52eb-42b3-b69f-910900564fd4', 'STATUS_CHANGE', 'CONFIRMED', 'PRE_CHECKED_IN', '{}', '73904179-cca9-40ab-a2c4-e509dadbbbbb', '2026-02-19 12:42:49.471782+00'),
	('baee5903-8c07-40ad-bed8-83a6e9abd756', '139c6002-bdd7-4924-9db4-16f14e283d89', 'dcafb22d-4872-48ec-9460-f5384c9fe440', 'STATUS_CHANGE', 'CONFIRMED', 'PRE_CHECKED_IN', '{}', '73904179-cca9-40ab-a2c4-e509dadbbbbb', '2026-02-19 13:03:42.198692+00'),
	('dcf35581-d7ce-4666-b8c8-d16cc65fd48b', '139c6002-bdd7-4924-9db4-16f14e283d89', 'a14061fe-3b38-41e9-9fef-0a64af888110', 'STATUS_CHANGE', 'CONFIRMED', 'PRE_CHECKED_IN', '{}', '73904179-cca9-40ab-a2c4-e509dadbbbbb', '2026-02-19 13:15:48.18775+00'),
	('77dd685b-7ea6-4540-ad2a-b92646f76acb', '139c6002-bdd7-4924-9db4-16f14e283d89', '9ca6aca5-2f19-4ff4-9bcc-3b1cea02e09f', 'STATUS_CHANGE', 'CONFIRMED', 'CHECKED_IN', '{}', NULL, '2026-02-20 11:11:25.820438+00'),
	('7905228e-d678-4dec-91d8-475dc6360f39', '139c6002-bdd7-4924-9db4-16f14e283d89', '2bec8fce-3da6-49d7-b842-25d47abc8498', 'STATUS_CHANGE', 'CONFIRMED', 'PRE_CHECKED_IN', '{}', '73904179-cca9-40ab-a2c4-e509dadbbbbb', '2026-02-20 18:57:20.684795+00'),
	('91053d64-21df-4603-bbef-5a931ff449d2', '139c6002-bdd7-4924-9db4-16f14e283d89', '2bec8fce-3da6-49d7-b842-25d47abc8498', 'ROOM_ASSIGNED', NULL, 'd04b4f5b-217e-4355-b9a7-736c6508168e', '{}', '73904179-cca9-40ab-a2c4-e509dadbbbbb', '2026-02-20 19:05:39.839946+00'),
	('29d4e788-6bd3-4c87-98ce-c0f4e3a3db37', '139c6002-bdd7-4924-9db4-16f14e283d89', '2bec8fce-3da6-49d7-b842-25d47abc8498', 'STATUS_CHANGE', 'PRE_CHECKED_IN', 'CHECKED_IN', '{}', '73904179-cca9-40ab-a2c4-e509dadbbbbb', '2026-02-20 19:05:39.839946+00'),
	('4df9843a-76a6-4407-820f-fc2f7dec6ede', '139c6002-bdd7-4924-9db4-16f14e283d89', '9ca6aca5-2f19-4ff4-9bcc-3b1cea02e09f', 'CHECKOUT_REQUESTED', NULL, NULL, '{"stay_id": "6cecd24c-5d2b-4554-abad-acc34120fe13", "balance_at_request": 0.00}', '73904179-cca9-40ab-a2c4-e509dadbbbbb', '2026-02-28 10:05:42.774208+00'),
	('16aa21e7-0e5d-488c-9067-7b039f8003f0', '139c6002-bdd7-4924-9db4-16f14e283d89', '9ca6aca5-2f19-4ff4-9bcc-3b1cea02e09f', 'STATUS_CHANGE', 'CHECKED_IN', 'checked_out', '{}', '73904179-cca9-40ab-a2c4-e509dadbbbbb', '2026-02-28 11:05:33.047183+00'),
	('2b017769-20e7-4f20-bf99-648d38e9a5ff', '139c6002-bdd7-4924-9db4-16f14e283d89', '9ca6aca5-2f19-4ff4-9bcc-3b1cea02e09f', 'CHECKOUT', NULL, NULL, '{"force": true, "room_id": "1459cf9c-34a7-4980-ba42-2f84ecdad565", "stay_id": "6cecd24c-5d2b-4554-abad-acc34120fe13", "balance_at_checkout": 0.00}', '73904179-cca9-40ab-a2c4-e509dadbbbbb', '2026-02-28 11:05:33.047183+00'),
	('83cede0f-6453-4971-bef5-f76051c1987c', '139c6002-bdd7-4924-9db4-16f14e283d89', '9ca6aca5-2f19-4ff4-9bcc-3b1cea02e09f', 'STATUS_CHANGE', 'checked_out', 'CHECKED_OUT', '{}', NULL, '2026-03-06 14:29:34.881179+00'),
	('84f181fd-854f-4fa4-bf5e-4becca06a43a', '139c6002-bdd7-4924-9db4-16f14e283d89', '1e546f48-2d99-4474-abc8-fccbd9981c6a', 'STATUS_CHANGE', 'CONFIRMED', 'CHECKED_IN', '{}', '73904179-cca9-40ab-a2c4-e509dadbbbbb', '2026-03-07 14:25:35.50951+00'),
	('6d6afa81-bb77-4ae1-94dc-9a6894102591', '139c6002-bdd7-4924-9db4-16f14e283d89', '2c8ff15e-4081-458f-9be0-a3a4fbeebbfe', 'ROOM_ASSIGNED', NULL, 'fbafee4a-f600-43dc-962a-1a17dba945e3', '{}', '73904179-cca9-40ab-a2c4-e509dadbbbbb', '2026-03-07 16:51:12.8437+00'),
	('423ab754-dcad-4e08-8057-3cf7cf0d8be5', '139c6002-bdd7-4924-9db4-16f14e283d89', '2c8ff15e-4081-458f-9be0-a3a4fbeebbfe', 'STATUS_CHANGE', 'PRE_CHECKED_IN', 'CHECKED_IN', '{}', '73904179-cca9-40ab-a2c4-e509dadbbbbb', '2026-03-07 16:51:12.8437+00'),
	('b3c81942-8904-49f4-b528-91cdb4f53af7', '139c6002-bdd7-4924-9db4-16f14e283d89', '731fd275-b0dc-4498-a59d-25e9b070a544', 'ROOM_ASSIGNED', NULL, 'd04b4f5b-217e-4355-b9a7-736c6508168e', '{}', '73904179-cca9-40ab-a2c4-e509dadbbbbb', '2026-03-07 18:49:35.209835+00'),
	('170f8b51-41b6-48db-9272-a6e39649357c', '139c6002-bdd7-4924-9db4-16f14e283d89', '731fd275-b0dc-4498-a59d-25e9b070a544', 'STATUS_CHANGE', 'PRE_CHECKED_IN', 'CHECKED_IN', '{}', '73904179-cca9-40ab-a2c4-e509dadbbbbb', '2026-03-07 18:49:35.209835+00'),
	('cc23dccd-ee6f-41f6-b301-464c9211d899', '139c6002-bdd7-4924-9db4-16f14e283d89', 'c48b9709-c15c-4002-bef1-664549f2378f', 'STATUS_CHANGE', 'CONFIRMED', 'PRE_CHECKED_IN', '{}', '73904179-cca9-40ab-a2c4-e509dadbbbbb', '2026-03-07 21:11:06.294444+00'),
	('6f38a0ee-57c1-485c-8e6c-21364c853f24', '139c6002-bdd7-4924-9db4-16f14e283d89', '2c8ff15e-4081-458f-9be0-a3a4fbeebbfe', 'CHECKOUT_REQUESTED', NULL, NULL, '{"stay_id": "afb959f4-40bc-4712-ab6c-f9d135738d00", "balance_at_request": 0.00}', '73904179-cca9-40ab-a2c4-e509dadbbbbb', '2026-03-13 18:06:27.890486+00'),
	('2a371c2f-4428-41d8-9870-871b47e7b22a', '139c6002-bdd7-4924-9db4-16f14e283d89', '2c8ff15e-4081-458f-9be0-a3a4fbeebbfe', 'STATUS_CHANGE', 'CHECKED_IN', 'CHECKED_OUT', '{}', '73904179-cca9-40ab-a2c4-e509dadbbbbb', '2026-03-13 18:34:58.547912+00'),
	('09ae32a4-3e10-4005-8fb4-9c34b63a12b4', '139c6002-bdd7-4924-9db4-16f14e283d89', '2c8ff15e-4081-458f-9be0-a3a4fbeebbfe', 'CHECKOUT', NULL, NULL, '{"force": false, "room_id": "fbafee4a-f600-43dc-962a-1a17dba945e3", "stay_id": "afb959f4-40bc-4712-ab6c-f9d135738d00", "balance_at_checkout": 0.00}', '73904179-cca9-40ab-a2c4-e509dadbbbbb', '2026-03-13 18:34:58.547912+00'),
	('49453937-b111-4ac4-84a5-667f49be18ed', '139c6002-bdd7-4924-9db4-16f14e283d89', 'c48b9709-c15c-4002-bef1-664549f2378f', 'ROOM_ASSIGNED', NULL, '9d13932d-1ba9-4858-ad0e-bb4d85497a71', '{}', '73904179-cca9-40ab-a2c4-e509dadbbbbb', '2026-03-14 09:21:26.685719+00'),
	('f5c67339-b185-45b5-9edf-327919504d07', '139c6002-bdd7-4924-9db4-16f14e283d89', 'c48b9709-c15c-4002-bef1-664549f2378f', 'STATUS_CHANGE', 'PRE_CHECKED_IN', 'CHECKED_IN', '{}', '73904179-cca9-40ab-a2c4-e509dadbbbbb', '2026-03-14 09:21:26.685719+00'),
	('f70a3a36-bd50-40d3-94cc-210537f30ad0', '139c6002-bdd7-4924-9db4-16f14e283d89', '37fcd0d3-2a84-4ac5-9dbd-45337d421e1d', 'STATUS_CHANGE', 'CONFIRMED', 'CHECKED_IN', '{}', '73904179-cca9-40ab-a2c4-e509dadbbbbb', '2026-03-14 09:49:29.59406+00'),
	('39b28c53-f678-45f4-8f98-b4fe2339c57d', '139c6002-bdd7-4924-9db4-16f14e283d89', 'd89aa49e-e593-44dc-8826-98cfb7d6a963', 'STATUS_CHANGE', 'CONFIRMED', 'CHECKED_IN', '{}', '73904179-cca9-40ab-a2c4-e509dadbbbbb', '2026-03-15 11:48:11.621156+00'),
	('cd974f32-9675-42c5-99c4-ed368bc40c64', '139c6002-bdd7-4924-9db4-16f14e283d89', '8472cafb-a8e6-45cd-a896-9eea115f22b8', 'STATUS_CHANGE', 'CONFIRMED', 'CHECKED_IN', '{}', '73904179-cca9-40ab-a2c4-e509dadbbbbb', '2026-03-15 14:11:22.032726+00'),
	('3cbbef74-761d-4fce-a937-350720ef1e74', '139c6002-bdd7-4924-9db4-16f14e283d89', '7c30573e-52eb-42b3-b69f-910900564fd4', 'ROOM_ASSIGNED', NULL, 'fbafee4a-f600-43dc-962a-1a17dba945e3', '{}', '73904179-cca9-40ab-a2c4-e509dadbbbbb', '2026-03-15 21:21:52.044399+00'),
	('6b5313b4-ea4e-4c7f-b302-87ce026e338c', '139c6002-bdd7-4924-9db4-16f14e283d89', '7c30573e-52eb-42b3-b69f-910900564fd4', 'STATUS_CHANGE', 'PRE_CHECKED_IN', 'CHECKED_IN', '{}', '73904179-cca9-40ab-a2c4-e509dadbbbbb', '2026-03-15 21:21:52.044399+00'),
	('90318561-8cea-4e01-abc7-023a833f5d77', '139c6002-bdd7-4924-9db4-16f14e283d89', 'a14061fe-3b38-41e9-9fef-0a64af888110', 'ROOM_ASSIGNED', NULL, '571dedf1-e9b2-45a1-adb5-b3056df266c6', '{}', '73904179-cca9-40ab-a2c4-e509dadbbbbb', '2026-03-15 21:28:41.485286+00'),
	('58eefd3f-fd94-40aa-a36c-ed9f0df5ff50', '139c6002-bdd7-4924-9db4-16f14e283d89', 'a14061fe-3b38-41e9-9fef-0a64af888110', 'STATUS_CHANGE', 'PRE_CHECKED_IN', 'CHECKED_IN', '{}', '73904179-cca9-40ab-a2c4-e509dadbbbbb', '2026-03-15 21:28:41.485286+00'),
	('30679082-8b34-456f-856e-6f77c93a5ade', '139c6002-bdd7-4924-9db4-16f14e283d89', 'dcafb22d-4872-48ec-9460-f5384c9fe440', 'ROOM_ASSIGNED', NULL, '8eb0cbc1-a81e-4099-8add-e5a9fe38ffc0', '{}', '73904179-cca9-40ab-a2c4-e509dadbbbbb', '2026-03-15 21:50:26.600905+00'),
	('43ce32e2-06a0-484c-9290-6776b80c296c', '139c6002-bdd7-4924-9db4-16f14e283d89', 'dcafb22d-4872-48ec-9460-f5384c9fe440', 'STATUS_CHANGE', 'PRE_CHECKED_IN', 'CHECKED_IN', '{}', '73904179-cca9-40ab-a2c4-e509dadbbbbb', '2026-03-15 21:50:26.600905+00'),
	('950cba83-3afa-4e66-a13d-7e7622096cd1', '139c6002-bdd7-4924-9db4-16f14e283d89', '0ef06c9f-ee6b-4e2f-bf64-b9e655720436', 'STATUS_CHANGE', 'CONFIRMED', 'CHECKED_IN', '{}', '73904179-cca9-40ab-a2c4-e509dadbbbbb', '2026-03-15 21:53:28.103258+00'),
	('84e85fe1-0700-4255-b3c7-bcc706672bfb', '139c6002-bdd7-4924-9db4-16f14e283d89', '8051a767-1cd9-41e8-9a04-477338951ffb', 'STATUS_CHANGE', 'CONFIRMED', 'CHECKED_IN', '{}', '73904179-cca9-40ab-a2c4-e509dadbbbbb', '2026-03-15 22:12:27.227302+00'),
	('f6568709-f21b-42a4-b324-18900cc84e3c', '139c6002-bdd7-4924-9db4-16f14e283d89', '543ffc17-978c-4a73-b245-f17ad15e3ad1', 'STATUS_CHANGE', 'CONFIRMED', 'CHECKED_IN', '{}', '73904179-cca9-40ab-a2c4-e509dadbbbbb', '2026-03-15 22:20:48.040744+00'),
	('309a82f8-f051-4350-a0a4-25f72b51b1ce', '139c6002-bdd7-4924-9db4-16f14e283d89', 'c279e4b5-4f25-4847-972c-365bc1554ad1', 'STATUS_CHANGE', 'CONFIRMED', 'CHECKED_IN', '{}', '73904179-cca9-40ab-a2c4-e509dadbbbbb', '2026-03-15 22:22:50.575056+00'),
	('3d428b4e-5ee0-464e-8c1e-dcba76c281b3', '139c6002-bdd7-4924-9db4-16f14e283d89', '162578f5-df45-4d44-a743-66b799c7d6aa', 'STATUS_CHANGE', 'CONFIRMED', 'CHECKED_IN', '{}', '73904179-cca9-40ab-a2c4-e509dadbbbbb', '2026-03-16 11:18:51.283578+00'),
	('4ef1c98a-a125-4d6e-9d33-ad027f84e907', '139c6002-bdd7-4924-9db4-16f14e283d89', '95a766ad-5cb8-433c-b322-098b53b15ae4', 'STATUS_CHANGE', 'CONFIRMED', 'PRE_CHECKED_IN', '{}', '73904179-cca9-40ab-a2c4-e509dadbbbbb', '2026-03-16 13:39:38.498193+00'),
	('cf3be8da-6e92-4136-81f0-dcb560ef552a', 'e10eca3b-3102-41fc-8006-c1b4b70e00e6', '652b5015-3015-4438-ae1f-057454cea662', 'STATUS_CHANGE', 'CONFIRMED', 'PRE_CHECKED_IN', '{}', '64847cf8-136b-445d-b34b-fe6e18a6d020', '2026-03-16 17:51:06.741774+00'),
	('b2aa987c-a531-48e2-9484-c875291727dc', 'e10eca3b-3102-41fc-8006-c1b4b70e00e6', '652b5015-3015-4438-ae1f-057454cea662', 'ROOM_REASSIGNED', '2bfac2f2-7e63-4607-be1d-e029fcdb5e33', 'f1ffd8c0-bc4f-480b-8f8e-697997e79a2a', '{}', '64847cf8-136b-445d-b34b-fe6e18a6d020', '2026-03-16 17:53:40.232789+00'),
	('6aae26fe-6e8f-499e-b9fa-23ebc482bfb0', 'e10eca3b-3102-41fc-8006-c1b4b70e00e6', '652b5015-3015-4438-ae1f-057454cea662', 'STATUS_CHANGE', 'PRE_CHECKED_IN', 'CHECKED_IN', '{}', '64847cf8-136b-445d-b34b-fe6e18a6d020', '2026-03-16 17:53:40.232789+00'),
	('fb2c710e-1b8c-4b5b-87ad-d0c40f3ee75d', 'e10eca3b-3102-41fc-8006-c1b4b70e00e6', '5e1b18bb-fd0a-4646-b577-6177cae64383', 'STATUS_CHANGE', 'CONFIRMED', 'PRE_CHECKED_IN', '{}', NULL, '2026-03-16 18:17:31.897081+00'),
	('3f01f831-3f2c-408a-8ce1-9274bcd7219b', 'e10eca3b-3102-41fc-8006-c1b4b70e00e6', '5e1b18bb-fd0a-4646-b577-6177cae64383', 'ROOM_REASSIGNED', 'a369f11b-505c-4197-9576-c4876e71e9d9', 'f88c0c16-0545-4342-9957-7e99d6e55946', '{}', '64847cf8-136b-445d-b34b-fe6e18a6d020', '2026-03-16 18:20:29.098238+00'),
	('b1f19a26-bcd0-4863-aa0a-ac527bfff5e6', 'e10eca3b-3102-41fc-8006-c1b4b70e00e6', '5e1b18bb-fd0a-4646-b577-6177cae64383', 'STATUS_CHANGE', 'PRE_CHECKED_IN', 'CHECKED_IN', '{}', '64847cf8-136b-445d-b34b-fe6e18a6d020', '2026-03-16 18:20:29.098238+00'),
	('5f35eab9-2ba1-49da-ada7-c3967f37f598', '139c6002-bdd7-4924-9db4-16f14e283d89', '95a766ad-5cb8-433c-b322-098b53b15ae4', 'ROOM_ASSIGNED', NULL, '7e6a7c2d-3350-4e00-8485-12c44bb035f7', '{}', '73904179-cca9-40ab-a2c4-e509dadbbbbb', '2026-03-17 13:07:24.177611+00'),
	('9065ca0d-f27f-47b4-a759-fefd1e4ddc6d', '139c6002-bdd7-4924-9db4-16f14e283d89', '95a766ad-5cb8-433c-b322-098b53b15ae4', 'STATUS_CHANGE', 'PRE_CHECKED_IN', 'CHECKED_IN', '{}', '73904179-cca9-40ab-a2c4-e509dadbbbbb', '2026-03-17 13:07:24.177611+00'),
	('a122ee65-dfc4-41ca-9e84-03628927429c', '139c6002-bdd7-4924-9db4-16f14e283d89', 'f2827920-2228-4c0b-b29c-e57f97b5022a', 'ROOM_ASSIGNED', NULL, '52c8572a-13e7-4bb5-ac2f-34dd06dda2fb', '{}', '73904179-cca9-40ab-a2c4-e509dadbbbbb', '2026-03-17 19:17:16.99499+00'),
	('69dccad6-4989-4182-a122-bc14129543eb', '139c6002-bdd7-4924-9db4-16f14e283d89', 'f2827920-2228-4c0b-b29c-e57f97b5022a', 'ROOM_ASSIGNED', NULL, '1459cf9c-34a7-4980-ba42-2f84ecdad565', '{}', '73904179-cca9-40ab-a2c4-e509dadbbbbb', '2026-03-17 19:17:16.99499+00'),
	('9902313d-bf1e-4444-8b54-a532f186c679', '139c6002-bdd7-4924-9db4-16f14e283d89', 'f2827920-2228-4c0b-b29c-e57f97b5022a', 'STATUS_CHANGE', 'PRE_CHECKED_IN', 'CHECKED_IN', '{}', '73904179-cca9-40ab-a2c4-e509dadbbbbb', '2026-03-17 19:17:16.99499+00'),
	('11ef0440-d582-44a1-a688-8121c9977d71', '5780fa80-3e6b-44d0-b87e-2b4015f78c8b', 'f4ea76ed-34ec-46e7-a2f1-631c8b05825c', 'STATUS_CHANGE', 'CONFIRMED', 'PRE_CHECKED_IN', '{}', NULL, '2026-03-23 12:04:24.095536+00'),
	('5e8febfc-a81b-4c62-818f-39d331eda319', '5780fa80-3e6b-44d0-b87e-2b4015f78c8b', 'f4ea76ed-34ec-46e7-a2f1-631c8b05825c', 'ROOM_ASSIGNED', NULL, '13c59412-6169-4457-b45b-94e478059222', '{}', '64847cf8-136b-445d-b34b-fe6e18a6d020', '2026-03-23 12:07:55.062223+00'),
	('b7188763-b575-49f0-8ece-5e70046f610b', '5780fa80-3e6b-44d0-b87e-2b4015f78c8b', 'f4ea76ed-34ec-46e7-a2f1-631c8b05825c', 'STATUS_CHANGE', 'PRE_CHECKED_IN', 'CHECKED_IN', '{}', '64847cf8-136b-445d-b34b-fe6e18a6d020', '2026-03-23 12:07:55.062223+00'),
	('c968f0cc-05de-415b-a56f-38b894852fff', 'e10eca3b-3102-41fc-8006-c1b4b70e00e6', 'bb329635-eb67-48a3-ae19-8de6a9ec01bb', 'STATUS_CHANGE', 'CONFIRMED', 'PRE_CHECKED_IN', '{}', 'e50f31d7-b7aa-4bc5-b311-36ea3d5a45db', '2026-03-29 17:44:21.431061+00'),
	('6e03ea69-dc2e-4fc5-81a2-f881e9a2be69', 'e10eca3b-3102-41fc-8006-c1b4b70e00e6', 'bb329635-eb67-48a3-ae19-8de6a9ec01bb', 'ROOM_ASSIGNED', NULL, 'ecfdeb2b-f84e-4a79-9149-5db451604328', '{}', '64847cf8-136b-445d-b34b-fe6e18a6d020', '2026-03-29 17:51:08.624764+00'),
	('d3bc2505-16f2-452f-9b29-bddc20d15d92', 'e10eca3b-3102-41fc-8006-c1b4b70e00e6', 'bb329635-eb67-48a3-ae19-8de6a9ec01bb', 'STATUS_CHANGE', 'PRE_CHECKED_IN', 'CHECKED_IN', '{}', '64847cf8-136b-445d-b34b-fe6e18a6d020', '2026-03-29 17:51:08.624764+00'),
	('acf2c9cc-b606-43a7-ab7f-05dd43bc2547', 'e10eca3b-3102-41fc-8006-c1b4b70e00e6', 'ede4d26a-e6cc-4ab7-941c-247391359b75', 'STATUS_CHANGE', 'CONFIRMED', 'PRE_CHECKED_IN', '{}', NULL, '2026-04-03 10:48:56.412663+00'),
	('b58adec1-3cff-43e7-bf36-803177e5245d', 'e10eca3b-3102-41fc-8006-c1b4b70e00e6', 'ede4d26a-e6cc-4ab7-941c-247391359b75', 'ROOM_ASSIGNED', NULL, 'ae0664a2-9bd1-4d7c-aa8e-e9eb1aafaa34', '{}', '64847cf8-136b-445d-b34b-fe6e18a6d020', '2026-04-03 10:56:08.209009+00'),
	('ff5e8a0e-ed2d-45c2-911b-391f0d9be3e9', 'e10eca3b-3102-41fc-8006-c1b4b70e00e6', 'ede4d26a-e6cc-4ab7-941c-247391359b75', 'STATUS_CHANGE', 'PRE_CHECKED_IN', 'CHECKED_IN', '{}', '64847cf8-136b-445d-b34b-fe6e18a6d020', '2026-04-03 10:56:08.209009+00'),
	('6cb79505-8e1d-4407-9085-c95b9de3ead5', 'e10eca3b-3102-41fc-8006-c1b4b70e00e6', 'ede4d26a-e6cc-4ab7-941c-247391359b75', 'CHECKOUT_REQUESTED', NULL, NULL, '{"stay_id": "de5f274d-27f0-4247-8c01-e67b0da161fb", "balance_at_request": 0.00}', 'd1e40c02-9978-46fd-875e-3989537af942', '2026-04-03 11:47:01.489475+00'),
	('50a2a673-bb6f-4d36-9685-6cc69c447daf', 'e10eca3b-3102-41fc-8006-c1b4b70e00e6', 'ede4d26a-e6cc-4ab7-941c-247391359b75', 'STATUS_CHANGE', 'CHECKED_IN', 'CHECKED_OUT', '{}', '64847cf8-136b-445d-b34b-fe6e18a6d020', '2026-04-03 11:47:17.037693+00'),
	('b2492b7a-4c18-4871-b8ad-915ae6b96f5b', 'e10eca3b-3102-41fc-8006-c1b4b70e00e6', 'ede4d26a-e6cc-4ab7-941c-247391359b75', 'CHECKOUT', NULL, NULL, '{"force": false, "room_id": "ae0664a2-9bd1-4d7c-aa8e-e9eb1aafaa34", "stay_id": "de5f274d-27f0-4247-8c01-e67b0da161fb", "balance_at_checkout": 0.00}', '64847cf8-136b-445d-b34b-fe6e18a6d020', '2026-04-03 11:47:17.037693+00'),
	('c7f4ed6d-0813-4077-92f0-abc8555aa008', '139c6002-bdd7-4924-9db4-16f14e283d89', 'e70ef715-4eb4-410b-bd08-23d874c65c43', 'STATUS_CHANGE', 'CONFIRMED', 'PRE_CHECKED_IN', '{}', '73904179-cca9-40ab-a2c4-e509dadbbbbb', '2026-04-04 11:11:16.150898+00'),
	('127ffb02-8b81-4fc2-b593-e6ee1e780cc5', '139c6002-bdd7-4924-9db4-16f14e283d89', 'd89aa49e-e593-44dc-8826-98cfb7d6a963', 'STATUS_CHANGE', 'CHECKED_IN', 'CHECKED_OUT', '{}', '73904179-cca9-40ab-a2c4-e509dadbbbbb', '2026-04-04 11:14:05.816809+00'),
	('86a68ab4-44d1-421e-97b2-8ebd982f1eb8', '139c6002-bdd7-4924-9db4-16f14e283d89', 'd89aa49e-e593-44dc-8826-98cfb7d6a963', 'CHECKOUT', NULL, NULL, '{"force": false, "origin": "STAFF", "room_id": "4251ea81-1264-48a0-943a-5aa2cb7c276f", "stay_id": "8771209b-2da4-461a-ae32-135e582bc127", "balance_at_checkout": 0}', '73904179-cca9-40ab-a2c4-e509dadbbbbb', '2026-04-04 11:14:05.816809+00'),
	('84a6d771-cb98-4d9a-84de-f9cdc2d97335', '139c6002-bdd7-4924-9db4-16f14e283d89', 'dcafb22d-4872-48ec-9460-f5384c9fe440', 'STATUS_CHANGE', 'CHECKED_IN', 'CHECKED_OUT', '{}', '73904179-cca9-40ab-a2c4-e509dadbbbbb', '2026-04-04 11:38:44.028339+00'),
	('ca763c18-3a59-4258-a0ed-c967bb4e664d', '139c6002-bdd7-4924-9db4-16f14e283d89', 'dcafb22d-4872-48ec-9460-f5384c9fe440', 'CHECKOUT', NULL, NULL, '{"force": false, "origin": "STAFF", "room_id": "8eb0cbc1-a81e-4099-8add-e5a9fe38ffc0", "stay_id": "6274043d-adc6-42a4-a1bb-53b392adccf3", "balance_at_checkout": 0}', '73904179-cca9-40ab-a2c4-e509dadbbbbb', '2026-04-04 11:38:44.028339+00'),
	('54dee096-e071-4a8a-b5c6-2e90fa1f8552', '139c6002-bdd7-4924-9db4-16f14e283d89', 'e70ef715-4eb4-410b-bd08-23d874c65c43', 'STATUS_CHANGE', 'PRE_CHECKED_IN', 'CANCELLED', '{}', NULL, '2026-04-04 11:54:17.029881+00'),
	('380d8250-b749-4a37-a09c-aec8f2057bcb', '139c6002-bdd7-4924-9db4-16f14e283d89', '076c5359-0c9b-4b9a-aaec-d72a8cf8e909', 'STATUS_CHANGE', 'CREATED', 'CANCELLED', '{}', NULL, '2026-04-04 11:54:17.029881+00'),
	('19c4ce9f-8b35-490b-8df1-ae4383838758', '139c6002-bdd7-4924-9db4-16f14e283d89', 'ce33ec92-6684-4100-992b-c12377fb928f', 'STATUS_CHANGE', 'PRE_CHECKED_IN', 'CANCELLED', '{}', NULL, '2026-04-04 11:54:17.029881+00'),
	('9595f084-1d96-4455-ae70-dc2f7cb226fb', '139c6002-bdd7-4924-9db4-16f14e283d89', '569c7794-5836-42c3-a902-af7b882151f4', 'STATUS_CHANGE', 'CREATED', 'CANCELLED', '{}', NULL, '2026-04-04 11:54:17.029881+00'),
	('36c21a6c-a8b2-48f5-a401-296a652b3561', '139c6002-bdd7-4924-9db4-16f14e283d89', '8d8aa241-b673-4704-a770-f83efcdbccd8', 'STATUS_CHANGE', 'CREATED', 'CANCELLED', '{}', NULL, '2026-04-04 11:54:17.029881+00'),
	('339ad102-fa51-4e50-81ae-241651f71174', '139c6002-bdd7-4924-9db4-16f14e283d89', '4f7660d5-e6b7-439e-bd79-c8a5303dae67', 'STATUS_CHANGE', 'CREATED', 'CANCELLED', '{}', NULL, '2026-04-04 11:54:17.029881+00'),
	('457300e6-1900-4e43-a238-762ecb591ab7', 'ce30b5a6-a0f0-4238-b213-397216edf1d8', '72dc1843-6b36-4dcf-b32c-fcbf63f9acb9', 'STATUS_CHANGE', 'CREATED', 'CANCELLED', '{}', NULL, '2026-04-04 11:54:17.029881+00'),
	('14719c59-cc19-45ba-8510-a291c231a7f8', '139c6002-bdd7-4924-9db4-16f14e283d89', '8051a767-1cd9-41e8-9a04-477338951ffb', 'STATUS_CHANGE', 'CHECKED_IN', 'CANCELLED', '{}', NULL, '2026-04-04 11:54:17.029881+00'),
	('852a8bd5-d734-466f-a834-7b175162f4ef', 'ce30b5a6-a0f0-4238-b213-397216edf1d8', 'a76314ec-a9e6-4216-9c35-3aede5646694', 'STATUS_CHANGE', 'CREATED', 'CANCELLED', '{}', NULL, '2026-04-04 11:54:17.029881+00'),
	('90994212-0933-4c35-a1ad-4b2cf7fc67cc', '139c6002-bdd7-4924-9db4-16f14e283d89', 'bea34f8d-73d9-4a63-8f87-6bd55e8ff7f5', 'STATUS_CHANGE', 'CHECKED_IN', 'CANCELLED', '{}', NULL, '2026-04-04 11:54:17.029881+00'),
	('52cf7f5e-6eb1-413d-91b5-291e778d557a', '139c6002-bdd7-4924-9db4-16f14e283d89', '162578f5-df45-4d44-a743-66b799c7d6aa', 'STATUS_CHANGE', 'CHECKED_IN', 'CANCELLED', '{}', NULL, '2026-04-04 11:54:17.029881+00'),
	('fdcbeac0-06b8-4394-8915-1dfc664151e7', '139c6002-bdd7-4924-9db4-16f14e283d89', '2bec8fce-3da6-49d7-b842-25d47abc8498', 'STATUS_CHANGE', 'CHECKED_IN', 'CANCELLED', '{}', NULL, '2026-04-04 11:54:17.029881+00'),
	('741a5d96-c684-466e-8216-522b08bc9e01', '139c6002-bdd7-4924-9db4-16f14e283d89', '1e546f48-2d99-4474-abc8-fccbd9981c6a', 'STATUS_CHANGE', 'CHECKED_IN', 'CANCELLED', '{}', NULL, '2026-04-04 11:54:17.029881+00'),
	('853925a4-5769-4216-89c3-57009ad1f163', 'e10eca3b-3102-41fc-8006-c1b4b70e00e6', '8a1cc230-8c18-4088-a95f-b0bfc050ebb8', 'STATUS_CHANGE', 'CONFIRMED', 'CANCELLED', '{}', NULL, '2026-04-04 11:54:17.029881+00'),
	('911f2c73-a43b-42d5-a45c-95ebd7665dca', '139c6002-bdd7-4924-9db4-16f14e283d89', 'c48b9709-c15c-4002-bef1-664549f2378f', 'STATUS_CHANGE', 'CHECKED_IN', 'CANCELLED', '{}', NULL, '2026-04-04 11:54:17.029881+00'),
	('dcac7ac4-0e97-4f6b-8a32-538df8658b78', '139c6002-bdd7-4924-9db4-16f14e283d89', '7c30573e-52eb-42b3-b69f-910900564fd4', 'STATUS_CHANGE', 'CHECKED_IN', 'CANCELLED', '{}', NULL, '2026-04-04 11:54:17.029881+00'),
	('8acc7656-94cb-49db-97e7-d7dec5a7d312', '5780fa80-3e6b-44d0-b87e-2b4015f78c8b', 'f4ea76ed-34ec-46e7-a2f1-631c8b05825c', 'STATUS_CHANGE', 'CHECKED_IN', 'CANCELLED', '{}', NULL, '2026-04-04 11:54:17.029881+00'),
	('cffeb4b7-af8b-447d-9eb8-f6b4c6dec98f', 'e10eca3b-3102-41fc-8006-c1b4b70e00e6', 'bb329635-eb67-48a3-ae19-8de6a9ec01bb', 'STATUS_CHANGE', 'CHECKED_IN', 'CANCELLED', '{}', NULL, '2026-04-04 11:54:17.029881+00'),
	('4d609522-4df9-48e6-9b43-7c505b3507a7', '139c6002-bdd7-4924-9db4-16f14e283d89', '3712ae7d-9808-4c87-811e-b60d699e88e6', 'STATUS_CHANGE', 'CONFIRMED', 'CANCELLED', '{}', NULL, '2026-04-04 11:54:17.029881+00'),
	('d5686781-fdb7-4420-846a-5dce4593a50b', '139c6002-bdd7-4924-9db4-16f14e283d89', '2cd47a2f-50ce-4250-9add-2217ecd50681', 'STATUS_CHANGE', 'CONFIRMED', 'CANCELLED', '{}', NULL, '2026-04-04 11:54:17.029881+00'),
	('95fa6be9-3c91-4d8d-8ff9-2225c5f2a94b', 'ce30b5a6-a0f0-4238-b213-397216edf1d8', '25b043f6-4e24-48de-9246-22fc8e684501', 'STATUS_CHANGE', 'CREATED', 'CANCELLED', '{}', NULL, '2026-04-04 11:54:17.029881+00'),
	('8748161c-bf48-44ee-aeaa-e84de69abb56', 'ce30b5a6-a0f0-4238-b213-397216edf1d8', '9d272c44-5b4e-43f3-8bad-410f9891e980', 'STATUS_CHANGE', 'CREATED', 'CANCELLED', '{}', NULL, '2026-04-04 11:54:17.029881+00'),
	('875ebf25-0fbd-4336-86ba-79cfb376647f', '139c6002-bdd7-4924-9db4-16f14e283d89', 'a2d81be7-9e20-40ec-a4fb-23c12ccd956e', 'STATUS_CHANGE', 'CREATED', 'CANCELLED', '{}', NULL, '2026-04-04 11:54:17.029881+00'),
	('441dc957-a319-4824-8eb5-7a7bd1702836', '139c6002-bdd7-4924-9db4-16f14e283d89', '39b7733d-ac98-41cb-86c5-b29cb02c40d6', 'STATUS_CHANGE', 'CREATED', 'CANCELLED', '{}', NULL, '2026-04-04 11:54:17.029881+00'),
	('df0bdcfa-8765-467b-8f40-7dc1ead6db2c', '139c6002-bdd7-4924-9db4-16f14e283d89', 'c50c190e-43cf-4ae2-91e9-bcd1f68ce034', 'STATUS_CHANGE', 'CREATED', 'CANCELLED', '{}', NULL, '2026-04-04 11:54:17.029881+00'),
	('b31cc503-58ed-4aed-9b55-c0b4c853ca43', '139c6002-bdd7-4924-9db4-16f14e283d89', 'f78be0be-ff5c-46f1-ae38-5b3ccdce71df', 'STATUS_CHANGE', 'CREATED', 'CANCELLED', '{}', NULL, '2026-04-04 11:54:17.029881+00'),
	('c3a16a8a-2aac-44f0-af75-b1e0dba1dfdb', '139c6002-bdd7-4924-9db4-16f14e283d89', 'da6c30a9-8678-4983-9566-7420b8de146b', 'STATUS_CHANGE', 'CREATED', 'CANCELLED', '{}', NULL, '2026-04-04 11:54:17.029881+00'),
	('ba1b8d0f-32bb-49ca-8944-9dc04162435e', '139c6002-bdd7-4924-9db4-16f14e283d89', '8a134116-520a-4a50-9777-4167ec064cbb', 'STATUS_CHANGE', 'CREATED', 'CANCELLED', '{}', NULL, '2026-04-04 11:54:17.029881+00'),
	('639ca607-e55d-4005-aff8-147dd7701535', '139c6002-bdd7-4924-9db4-16f14e283d89', 'fffd6000-0aa9-4b79-b241-74f708a63c7d', 'STATUS_CHANGE', 'CREATED', 'CANCELLED', '{}', NULL, '2026-04-04 11:54:17.029881+00'),
	('c4eab05f-8189-4635-a3cf-8e621e445f90', '139c6002-bdd7-4924-9db4-16f14e283d89', '76d7910c-9ec2-4056-a95f-1ffbef86075b', 'STATUS_CHANGE', 'CREATED', 'CANCELLED', '{}', NULL, '2026-04-04 11:54:17.029881+00'),
	('32a67d31-16ef-486e-bbe3-a7b085faac5b', '5710bfe1-7590-4361-aebe-4335ac31ac1e', '314c3de4-b473-47a6-890f-c21e02454f6c', 'STATUS_CHANGE', 'CREATED', 'CANCELLED', '{}', NULL, '2026-04-04 11:54:17.029881+00'),
	('adfd8f62-510b-489c-b6ec-92f3cc5917e8', '5710bfe1-7590-4361-aebe-4335ac31ac1e', 'c6fa2d5c-6167-4de2-9300-a8be9084df4f', 'STATUS_CHANGE', 'CREATED', 'CANCELLED', '{}', NULL, '2026-04-04 11:54:17.029881+00'),
	('c79e9039-6924-49d3-85a4-de964fd5eaf8', '5710bfe1-7590-4361-aebe-4335ac31ac1e', '24710bb4-1097-4bb3-9436-2e2f0895aaf4', 'STATUS_CHANGE', 'CREATED', 'CANCELLED', '{}', NULL, '2026-04-04 11:54:17.029881+00'),
	('2112a0e2-3671-4938-bcf0-7a74e4a0fc45', '5710bfe1-7590-4361-aebe-4335ac31ac1e', 'd9d87f6d-49b4-4284-bc14-6c9a895cbbce', 'STATUS_CHANGE', 'CREATED', 'CANCELLED', '{}', NULL, '2026-04-04 11:54:17.029881+00'),
	('af3f5993-2cd7-4aae-81bb-da84b0cedc6c', '5710bfe1-7590-4361-aebe-4335ac31ac1e', '998348dd-f484-4afb-b613-a4915bd25a19', 'STATUS_CHANGE', 'CREATED', 'CANCELLED', '{}', NULL, '2026-04-04 11:54:17.029881+00'),
	('dea75194-eb22-404a-870e-9eff8132a12a', '5710bfe1-7590-4361-aebe-4335ac31ac1e', 'ead1df2b-380c-44b4-bb51-a2cd45107688', 'STATUS_CHANGE', 'CREATED', 'CANCELLED', '{}', NULL, '2026-04-04 11:54:17.029881+00'),
	('50882c43-fd97-4b9a-87ee-16ab488cccd3', '5710bfe1-7590-4361-aebe-4335ac31ac1e', 'f5802b2a-4bff-441e-9fe9-7f81ffb0ad7b', 'STATUS_CHANGE', 'CREATED', 'CANCELLED', '{}', NULL, '2026-04-04 11:54:17.029881+00'),
	('b5915a66-7522-4407-8735-dab065b4ed19', '5710bfe1-7590-4361-aebe-4335ac31ac1e', 'd44e85db-5351-477f-adb2-4cf724bf558d', 'STATUS_CHANGE', 'CREATED', 'CANCELLED', '{}', NULL, '2026-04-04 11:54:17.029881+00'),
	('e28c474a-f907-4349-a834-c74773f47ea2', '5710bfe1-7590-4361-aebe-4335ac31ac1e', '08811d14-6d04-4955-b480-3d5ef6107f8c', 'STATUS_CHANGE', 'CREATED', 'CANCELLED', '{}', NULL, '2026-04-04 11:54:17.029881+00'),
	('ece9df92-64e1-466d-8593-509f7f8a1bd8', '5710bfe1-7590-4361-aebe-4335ac31ac1e', 'f5688ed2-c133-44cc-b48f-571918121efd', 'STATUS_CHANGE', 'CREATED', 'CANCELLED', '{}', NULL, '2026-04-04 11:54:17.029881+00'),
	('fa5a0a9f-d083-43e2-887a-26d3b0f88e4f', '5710bfe1-7590-4361-aebe-4335ac31ac1e', '70ef94b7-d75a-4d46-ac0a-c22ec3ff1f37', 'STATUS_CHANGE', 'CREATED', 'CANCELLED', '{}', NULL, '2026-04-04 11:54:17.029881+00'),
	('a47d249b-41ae-495b-a3ef-ce8bba4605f9', '5710bfe1-7590-4361-aebe-4335ac31ac1e', '42af7e16-0088-4f35-951e-2b3745f82264', 'STATUS_CHANGE', 'CREATED', 'CANCELLED', '{}', NULL, '2026-04-04 11:54:17.029881+00'),
	('1acfebd2-d470-4ca5-b64c-328f0b843b2d', '5710bfe1-7590-4361-aebe-4335ac31ac1e', '913a9a56-4020-4dab-b049-72706430c298', 'STATUS_CHANGE', 'CREATED', 'CANCELLED', '{}', NULL, '2026-04-04 11:54:17.029881+00'),
	('45acf478-e7c2-401d-b052-9bbe19287706', '5710bfe1-7590-4361-aebe-4335ac31ac1e', '7304a81a-2690-473f-a614-6b8cdafb84e5', 'STATUS_CHANGE', 'CREATED', 'CANCELLED', '{}', NULL, '2026-04-04 11:54:17.029881+00'),
	('57113c10-a358-421b-ae41-4f29edfefe10', '5710bfe1-7590-4361-aebe-4335ac31ac1e', '960dae82-f066-4134-b5d6-b855408fe95c', 'STATUS_CHANGE', 'CREATED', 'CANCELLED', '{}', NULL, '2026-04-04 11:54:17.029881+00'),
	('ddcb49a4-3bc9-42e1-9519-02c56553e699', '5710bfe1-7590-4361-aebe-4335ac31ac1e', 'a6428964-ff18-41ab-979d-e0f1fb8a6acc', 'STATUS_CHANGE', 'CREATED', 'CANCELLED', '{}', NULL, '2026-04-04 11:54:17.029881+00'),
	('1432d3b7-3647-4494-b2a2-85158e1b6647', '5710bfe1-7590-4361-aebe-4335ac31ac1e', '286f3d1a-3f93-410e-ba5c-e221de8dbb6b', 'STATUS_CHANGE', 'CREATED', 'CANCELLED', '{}', NULL, '2026-04-04 11:54:17.029881+00'),
	('6a9f1112-b3f9-42f6-8565-af9baa2f921b', '5710bfe1-7590-4361-aebe-4335ac31ac1e', '6ebb08e5-fb76-4740-a165-3ba43bf4f9ca', 'STATUS_CHANGE', 'CREATED', 'CANCELLED', '{}', NULL, '2026-04-04 11:54:17.029881+00'),
	('c50d9dcf-1a8f-4cca-b4d7-882a3d4ca046', 'ce30b5a6-a0f0-4238-b213-397216edf1d8', '81fcb0f0-a21f-4e12-b976-508e0b184f6a', 'STATUS_CHANGE', 'CREATED', 'CANCELLED', '{}', NULL, '2026-04-04 11:54:17.029881+00'),
	('3195c188-df7a-47b8-b1c9-8c7d53409d8e', 'ce30b5a6-a0f0-4238-b213-397216edf1d8', '1fa63f6b-a558-47d5-88eb-fa3b795c6e55', 'STATUS_CHANGE', 'CREATED', 'CANCELLED', '{}', NULL, '2026-04-04 11:54:17.029881+00'),
	('eead3fca-9870-4a45-8bf4-29f63d4aeb16', 'ce30b5a6-a0f0-4238-b213-397216edf1d8', 'bf008400-fe42-429f-a892-104454e93303', 'STATUS_CHANGE', 'CREATED', 'CANCELLED', '{}', NULL, '2026-04-04 11:54:17.029881+00'),
	('918a2577-c2d9-49ac-aba1-af6f56a0aba5', 'ce30b5a6-a0f0-4238-b213-397216edf1d8', '055821e9-c402-42a7-beec-fe676e40fdf5', 'STATUS_CHANGE', 'CREATED', 'CANCELLED', '{}', NULL, '2026-04-04 11:54:17.029881+00'),
	('ac01672d-524c-4326-a21f-95dfe34d9800', 'ce30b5a6-a0f0-4238-b213-397216edf1d8', '10e0436c-aa46-4b7d-98a7-9b5c9bf40cc0', 'STATUS_CHANGE', 'CREATED', 'CANCELLED', '{}', NULL, '2026-04-04 11:54:17.029881+00'),
	('bf61407d-a0dc-4465-8d84-958271f6d055', 'ce30b5a6-a0f0-4238-b213-397216edf1d8', 'dc3877f5-9e72-4aaf-8ff3-fa1d3439add5', 'STATUS_CHANGE', 'CREATED', 'CANCELLED', '{}', NULL, '2026-04-04 11:54:17.029881+00'),
	('1a6da029-8347-4607-970d-f5c8a99a62fd', 'ce30b5a6-a0f0-4238-b213-397216edf1d8', '623eded0-8cd3-43c7-bc9b-9f61273a4b3e', 'STATUS_CHANGE', 'CREATED', 'CANCELLED', '{}', NULL, '2026-04-04 11:54:17.029881+00'),
	('6297f7fd-a1b1-48a8-95e5-08b5730ecc60', '139c6002-bdd7-4924-9db4-16f14e283d89', 'e8095442-4059-4253-9fd4-e1719d23e7e2', 'STATUS_CHANGE', 'CONFIRMED', 'CANCELLED', '{}', NULL, '2026-04-04 11:54:17.029881+00'),
	('ed0c3955-e87b-4549-97db-d8f8316492ea', '139c6002-bdd7-4924-9db4-16f14e283d89', '8472cafb-a8e6-45cd-a896-9eea115f22b8', 'STATUS_CHANGE', 'CHECKED_IN', 'CANCELLED', '{}', NULL, '2026-04-04 11:54:17.029881+00'),
	('a38eb495-02ca-46d2-8bf7-59edfc680163', '139c6002-bdd7-4924-9db4-16f14e283d89', '543ffc17-978c-4a73-b245-f17ad15e3ad1', 'STATUS_CHANGE', 'CHECKED_IN', 'CANCELLED', '{}', NULL, '2026-04-04 11:54:17.029881+00'),
	('bbaba703-2000-4016-ab2a-3b65a8898879', 'e10eca3b-3102-41fc-8006-c1b4b70e00e6', '5e1b18bb-fd0a-4646-b577-6177cae64383', 'STATUS_CHANGE', 'CHECKED_IN', 'CANCELLED', '{}', NULL, '2026-04-04 11:54:17.029881+00'),
	('346ea7ca-6ea9-4b86-8509-11262ef8d402', '139c6002-bdd7-4924-9db4-16f14e283d89', '95a766ad-5cb8-433c-b322-098b53b15ae4', 'STATUS_CHANGE', 'CHECKED_IN', 'CANCELLED', '{}', NULL, '2026-04-04 11:54:17.029881+00'),
	('917feae6-b3d4-42b3-9eb3-355ac9d56c38', '5710bfe1-7590-4361-aebe-4335ac31ac1e', '901d569d-0716-4461-9863-0ba06e733403', 'STATUS_CHANGE', 'CREATED', 'CANCELLED', '{}', NULL, '2026-04-04 11:54:17.029881+00'),
	('c51e5816-9be9-420f-8efd-1b86205eb59b', '5710bfe1-7590-4361-aebe-4335ac31ac1e', 'be51bc6d-d947-481c-af56-79bc886243c5', 'STATUS_CHANGE', 'CREATED', 'CANCELLED', '{}', NULL, '2026-04-04 11:54:17.029881+00'),
	('97ea0938-56bc-4855-ab3a-5c9f4a961b4a', '139c6002-bdd7-4924-9db4-16f14e283d89', 'fda3477e-ff36-402f-b2bc-fbcb3ca04d81', 'STATUS_CHANGE', 'CHECKED_IN', 'CANCELLED', '{}', NULL, '2026-04-04 11:54:17.029881+00'),
	('9b2c1caa-a6b1-4e16-ba1f-c9ec9345f3b1', 'ce30b5a6-a0f0-4238-b213-397216edf1d8', 'a97793c4-5fa2-4aac-b79f-05c30bff665a', 'STATUS_CHANGE', 'CREATED', 'CANCELLED', '{}', NULL, '2026-04-04 11:54:17.029881+00'),
	('4c642a45-7b1e-47c1-aae1-14f08f3c87e5', 'ce30b5a6-a0f0-4238-b213-397216edf1d8', '91a4e7d0-1931-4fcc-824e-ae5f92a90195', 'STATUS_CHANGE', 'CREATED', 'CANCELLED', '{}', NULL, '2026-04-04 11:54:17.029881+00'),
	('fa600259-f303-441a-9c73-5eafd0ce9de2', 'ce30b5a6-a0f0-4238-b213-397216edf1d8', '47319c57-25f3-4ad5-96d3-28beeea63e19', 'STATUS_CHANGE', 'CREATED', 'CANCELLED', '{}', NULL, '2026-04-04 11:54:17.029881+00'),
	('6091f4c3-a5ca-4476-b6dd-cef92133d1e5', 'ce30b5a6-a0f0-4238-b213-397216edf1d8', '8be16ccd-aa75-4317-9f57-3935dda76111', 'STATUS_CHANGE', 'CREATED', 'CANCELLED', '{}', NULL, '2026-04-04 11:54:17.029881+00'),
	('7b60a60b-7b12-4572-a25b-cbca94e0a713', 'ce30b5a6-a0f0-4238-b213-397216edf1d8', '748a8f05-d20d-4306-841a-e8987e6f01cc', 'STATUS_CHANGE', 'CREATED', 'CANCELLED', '{}', NULL, '2026-04-04 11:54:17.029881+00'),
	('bbaa434e-8e50-4407-8ebf-64f0a4e48946', 'ce30b5a6-a0f0-4238-b213-397216edf1d8', 'fce8b641-4003-4522-9237-b834051e4c09', 'STATUS_CHANGE', 'CREATED', 'CANCELLED', '{}', NULL, '2026-04-04 11:54:17.029881+00'),
	('7ee7b96f-36eb-45d3-9c06-618b5713a0cc', 'ce30b5a6-a0f0-4238-b213-397216edf1d8', 'd7db1775-5191-408d-abcf-b5d724e00069', 'STATUS_CHANGE', 'CREATED', 'CANCELLED', '{}', NULL, '2026-04-04 11:54:17.029881+00'),
	('104a8fed-16d8-4da1-833a-7707ae16901d', 'ce30b5a6-a0f0-4238-b213-397216edf1d8', 'e0ffbfdb-c5b6-4383-ba74-4cd95e97d836', 'STATUS_CHANGE', 'CREATED', 'CANCELLED', '{}', NULL, '2026-04-04 11:54:17.029881+00'),
	('dcf60c5d-c8df-45e5-8374-6d156f4743d5', 'ce30b5a6-a0f0-4238-b213-397216edf1d8', '65d0659e-2e14-40a6-93ba-609eacc9935a', 'STATUS_CHANGE', 'CREATED', 'CANCELLED', '{}', NULL, '2026-04-04 11:54:17.029881+00'),
	('5f6a5ecf-2bd1-41c2-80d1-e8eeb8605665', '139c6002-bdd7-4924-9db4-16f14e283d89', 'cf45b64f-51c0-43be-a0f8-7e5721e57050', 'STATUS_CHANGE', 'CONFIRMED', 'CANCELLED', '{}', NULL, '2026-04-04 11:54:17.029881+00'),
	('d49aeabd-b143-4117-b504-6a8a22c62a92', '139c6002-bdd7-4924-9db4-16f14e283d89', '5f1072b9-bb14-48e2-840d-e588d32e434b', 'STATUS_CHANGE', 'CONFIRMED', 'CANCELLED', '{}', NULL, '2026-04-04 11:54:17.029881+00'),
	('23b3f902-5a0c-423e-ae19-1626159ec84a', '139c6002-bdd7-4924-9db4-16f14e283d89', 'c38036f8-d2b2-4c4c-ab75-9f2a1afd2a1e', 'STATUS_CHANGE', 'CONFIRMED', 'CANCELLED', '{}', NULL, '2026-04-04 11:54:17.029881+00'),
	('f4ee72e9-8f9d-4f02-b9ed-4213569a504e', '139c6002-bdd7-4924-9db4-16f14e283d89', 'f05fcc6c-fcc3-4c51-93cf-48587bc38d9d', 'STATUS_CHANGE', 'CONFIRMED', 'CANCELLED', '{}', NULL, '2026-04-04 11:54:17.029881+00'),
	('95fd4ca2-43f8-49bb-9eaa-000f369b583c', '139c6002-bdd7-4924-9db4-16f14e283d89', '5393878f-8cca-4f0d-b9b3-3903d7ffa57d', 'STATUS_CHANGE', 'CONFIRMED', 'CANCELLED', '{}', NULL, '2026-04-04 11:54:17.029881+00'),
	('aad2dc81-33f6-4858-98a0-e9047ccd3b68', '139c6002-bdd7-4924-9db4-16f14e283d89', 'b23d046d-6eae-4269-b562-fdfcd998569f', 'STATUS_CHANGE', 'CONFIRMED', 'CANCELLED', '{}', NULL, '2026-04-04 11:54:17.029881+00'),
	('fb8db3ab-6034-4ca9-983c-8efb9f5e3f71', '139c6002-bdd7-4924-9db4-16f14e283d89', '731fd275-b0dc-4498-a59d-25e9b070a544', 'STATUS_CHANGE', 'CHECKED_IN', 'CANCELLED', '{}', NULL, '2026-04-04 11:54:17.029881+00'),
	('4743979d-5fdd-4d4c-8588-7a8a8b50fdaf', '139c6002-bdd7-4924-9db4-16f14e283d89', 'cee74ff8-26c2-4f85-9328-d0e7329cfac0', 'STATUS_CHANGE', 'CONFIRMED', 'CANCELLED', '{}', NULL, '2026-04-04 11:54:17.029881+00'),
	('b57c4f7e-6d38-42ac-9e38-7c3bb5e5785a', '139c6002-bdd7-4924-9db4-16f14e283d89', '37fcd0d3-2a84-4ac5-9dbd-45337d421e1d', 'STATUS_CHANGE', 'CHECKED_IN', 'CANCELLED', '{}', NULL, '2026-04-04 11:54:17.029881+00'),
	('82e8cb32-8775-46fd-b488-bf4fa0139b66', '139c6002-bdd7-4924-9db4-16f14e283d89', 'a14061fe-3b38-41e9-9fef-0a64af888110', 'STATUS_CHANGE', 'CHECKED_IN', 'CANCELLED', '{}', NULL, '2026-04-04 11:54:17.029881+00'),
	('122b5112-31f4-4f05-969b-007dbb425d69', '139c6002-bdd7-4924-9db4-16f14e283d89', '0ef06c9f-ee6b-4e2f-bf64-b9e655720436', 'STATUS_CHANGE', 'CHECKED_IN', 'CANCELLED', '{}', NULL, '2026-04-04 11:54:17.029881+00'),
	('c201419b-a4c3-4a89-b23f-ee77a5547435', '139c6002-bdd7-4924-9db4-16f14e283d89', 'c279e4b5-4f25-4847-972c-365bc1554ad1', 'STATUS_CHANGE', 'CHECKED_IN', 'CANCELLED', '{}', NULL, '2026-04-04 11:54:17.029881+00'),
	('ea3468fb-d699-448b-987c-4030befb062c', 'e10eca3b-3102-41fc-8006-c1b4b70e00e6', '3af871cb-b64f-4cd5-bf10-598ddb785115', 'STATUS_CHANGE', 'CONFIRMED', 'CANCELLED', '{}', NULL, '2026-04-04 11:54:17.029881+00'),
	('387a2347-327f-4bd3-b080-06daaa307525', 'e10eca3b-3102-41fc-8006-c1b4b70e00e6', '652b5015-3015-4438-ae1f-057454cea662', 'STATUS_CHANGE', 'CHECKED_IN', 'CANCELLED', '{}', NULL, '2026-04-04 11:54:17.029881+00'),
	('47b04478-860e-46ae-aacd-74d003f3a24f', '139c6002-bdd7-4924-9db4-16f14e283d89', 'f2827920-2228-4c0b-b29c-e57f97b5022a', 'STATUS_CHANGE', 'CHECKED_IN', 'CANCELLED', '{}', NULL, '2026-04-04 11:54:17.029881+00'),
	('4fd3499c-4ab0-4dd7-8ded-e49549576fb1', '139c6002-bdd7-4924-9db4-16f14e283d89', '2b3bd858-6f1d-405f-957b-1b909adc4eff', 'STATUS_CHANGE', 'CONFIRMED', 'CANCELLED', '{}', NULL, '2026-04-04 11:54:17.029881+00'),
	('373c3f75-7c38-4c37-9976-17e42ea11b66', '139c6002-bdd7-4924-9db4-16f14e283d89', '6a0272fb-59db-49f3-a648-ffe525406ae1', 'STATUS_CHANGE', 'CONFIRMED', 'PRE_CHECKED_IN', '{}', '73904179-cca9-40ab-a2c4-e509dadbbbbb', '2026-04-04 16:48:55.050995+00'),
	('3e0f3124-0b3a-4226-a64e-15372ae0faff', '139c6002-bdd7-4924-9db4-16f14e283d89', '6a0272fb-59db-49f3-a648-ffe525406ae1', 'ROOM_ASSIGNED', NULL, '8eb0cbc1-a81e-4099-8add-e5a9fe38ffc0', '{}', '73904179-cca9-40ab-a2c4-e509dadbbbbb', '2026-04-04 16:52:53.793163+00'),
	('91cfb830-65da-482a-a9c7-ae5f3d40b2bd', '139c6002-bdd7-4924-9db4-16f14e283d89', '6a0272fb-59db-49f3-a648-ffe525406ae1', 'STATUS_CHANGE', 'PRE_CHECKED_IN', 'CHECKED_IN', '{}', '73904179-cca9-40ab-a2c4-e509dadbbbbb', '2026-04-04 16:52:53.793163+00'),
	('a3300d39-4fc0-4aee-8312-b1ddf224743a', '139c6002-bdd7-4924-9db4-16f14e283d89', '6a0272fb-59db-49f3-a648-ffe525406ae1', 'CHECKOUT_REQUESTED', NULL, NULL, '{"stay_id": "f7c9cdc3-12d6-4464-8da0-585fa9cb5933", "balance_at_request": 0}', '73904179-cca9-40ab-a2c4-e509dadbbbbb', '2026-04-04 16:53:53.962777+00'),
	('047d62e6-eca1-4cd2-907e-d32c4a378a20', '139c6002-bdd7-4924-9db4-16f14e283d89', '6a0272fb-59db-49f3-a648-ffe525406ae1', 'STATUS_CHANGE', 'CHECKED_IN', 'CHECKED_OUT', '{}', '73904179-cca9-40ab-a2c4-e509dadbbbbb', '2026-04-04 16:54:23.428168+00'),
	('361c4dee-65fa-4bdb-a88b-d6abc96d83e0', '139c6002-bdd7-4924-9db4-16f14e283d89', '6a0272fb-59db-49f3-a648-ffe525406ae1', 'CHECKOUT', NULL, NULL, '{"force": false, "origin": "GUEST", "room_id": "8eb0cbc1-a81e-4099-8add-e5a9fe38ffc0", "stay_id": "f7c9cdc3-12d6-4464-8da0-585fa9cb5933", "balance_at_checkout": 0}', '73904179-cca9-40ab-a2c4-e509dadbbbbb', '2026-04-04 16:54:23.428168+00'),
	('3b775ee1-7161-492e-85f6-e99ab2428cca', '139c6002-bdd7-4924-9db4-16f14e283d89', 'e7f619c2-9e82-449c-b3d6-9cd0dbb205b9', 'ROOM_ASSIGNED', NULL, '8eb0cbc1-a81e-4099-8add-e5a9fe38ffc0', '{}', '73904179-cca9-40ab-a2c4-e509dadbbbbb', '2026-04-04 19:49:56.708331+00'),
	('7046c9da-ab72-4d86-8b55-36efe35d53a9', '139c6002-bdd7-4924-9db4-16f14e283d89', 'e7f619c2-9e82-449c-b3d6-9cd0dbb205b9', 'STATUS_CHANGE', 'CONFIRMED', 'CHECKED_IN', '{}', '73904179-cca9-40ab-a2c4-e509dadbbbbb', '2026-04-04 19:49:56.708331+00'),
	('2334213d-e087-4068-8ccb-bb31eed469aa', '139c6002-bdd7-4924-9db4-16f14e283d89', 'e7f619c2-9e82-449c-b3d6-9cd0dbb205b9', 'CHECKOUT_REQUESTED', NULL, NULL, '{"stay_id": "e63ab0b5-be05-4caa-84a6-fa9ee6cfd33e", "balance_at_request": 0}', '73904179-cca9-40ab-a2c4-e509dadbbbbb', '2026-04-04 19:50:26.290349+00'),
	('5be2d52d-b5bc-4c62-aeb1-99840bafa4d1', '139c6002-bdd7-4924-9db4-16f14e283d89', 'e7f619c2-9e82-449c-b3d6-9cd0dbb205b9', 'STATUS_CHANGE', 'CHECKED_IN', 'CHECKED_OUT', '{}', '73904179-cca9-40ab-a2c4-e509dadbbbbb', '2026-04-04 19:51:27.548586+00'),
	('5096426c-4e7b-45cd-973d-3d445d713f98', '139c6002-bdd7-4924-9db4-16f14e283d89', 'e7f619c2-9e82-449c-b3d6-9cd0dbb205b9', 'CHECKOUT', NULL, NULL, '{"force": false, "origin": "GUEST", "room_id": "8eb0cbc1-a81e-4099-8add-e5a9fe38ffc0", "stay_id": "e63ab0b5-be05-4caa-84a6-fa9ee6cfd33e", "balance_at_checkout": 0}', '73904179-cca9-40ab-a2c4-e509dadbbbbb', '2026-04-04 19:51:27.548586+00'),
	('60bba592-640f-4905-af97-7f03da3e67a1', '5d697b97-4336-4318-af21-53fc78a406ad', '6f333cd6-d449-406c-9dd8-4b8c76115168', 'STATUS_CHANGE', 'CONFIRMED', 'PRE_CHECKED_IN', '{}', '64847cf8-136b-445d-b34b-fe6e18a6d020', '2026-04-11 06:02:12.53152+00'),
	('cfe11864-504e-49cb-837a-1dfc7d62e539', '5d697b97-4336-4318-af21-53fc78a406ad', '6f333cd6-d449-406c-9dd8-4b8c76115168', 'ROOM_ASSIGNED', NULL, 'dd62fed1-f2bc-4486-b465-354499acd820', '{}', 'd1e40c02-9978-46fd-875e-3989537af942', '2026-04-11 06:06:28.591032+00'),
	('8391e3f1-f2dd-4b20-959e-a044cdfd4ed0', '5d697b97-4336-4318-af21-53fc78a406ad', '6f333cd6-d449-406c-9dd8-4b8c76115168', 'STATUS_CHANGE', 'PRE_CHECKED_IN', 'CHECKED_IN', '{}', 'd1e40c02-9978-46fd-875e-3989537af942', '2026-04-11 06:06:28.591032+00');


--
-- Data for Name: attendance; Type: TABLE DATA; Schema: public; Owner: postgres
--

INSERT INTO "public"."attendance" ("id", "user_id", "hotel_id", "day", "status", "check_in", "check_out", "notes", "created_at", "updated_at", "work_date") VALUES
	('f205b84e-9178-4e61-88a9-3e280aa5259d', 'd1e40c02-9978-46fd-875e-3989537af942', 'ce30b5a6-a0f0-4238-b213-397216edf1d8', '2025-10-21', 'present', '2025-10-21 17:15:40.441284+00', NULL, 'Test check-in', '2025-10-21 17:15:40.441284+00', '2025-10-21 17:15:40.441284+00', '2025-10-21');


--
-- Data for Name: billing_events; Type: TABLE DATA; Schema: public; Owner: postgres
--



--
-- Data for Name: bills; Type: TABLE DATA; Schema: public; Owner: postgres
--



--
-- Data for Name: block_reasons; Type: TABLE DATA; Schema: public; Owner: postgres
--

INSERT INTO "public"."block_reasons" ("code", "label", "description", "requires_comment", "pauses_sla", "is_active", "requires_resume_time", "icon", "category") VALUES
	('guest_inside', 'Guest inside room', NULL, false, true, true, false, '🚫', 'guest_constraint'),
	('room_locked', 'Room locked / no access', NULL, false, true, true, false, '🔒', 'guest_constraint'),
	('GUEST_REQUESTED_LATER', 'Guest requested service later', NULL, false, true, true, true, '🚪', 'guest_constraint'),
	('waiting_maintenance', 'Waiting on maintenance', NULL, false, true, true, false, '🔧', 'dependency'),
	('supplies_unavailable', 'Supplies unavailable on floor', NULL, false, true, true, false, '⭕', 'inventory'),
	('supervisor_approval', 'Waiting on supervisor approval', NULL, false, true, true, false, '🔒', 'approval'),
	('something_else', 'Something else (explain in comment)', NULL, false, true, true, false, '✏️', 'other'),
	('waiting_vendor', 'Waiting on external vendor', NULL, false, true, true, false, NULL, 'dependency');


--
-- Data for Name: unblock_reasons; Type: TABLE DATA; Schema: public; Owner: postgres
--

INSERT INTO "public"."unblock_reasons" ("code", "label", "description", "requires_comment", "notify_supervisor", "resumes_sla", "display_order", "is_active", "created_at", "icon") VALUES
	('SUPPLIES_ARRIVED', 'Supplies arrived', 'Required supplies are now available on the floor', false, false, true, 1, true, '2026-01-09 12:56:05.986433+00', '📦'),
	('GUEST_LEFT_ROOM', 'Guest left room', 'Guest is no longer inside the room', false, false, true, 2, true, '2026-01-09 12:56:05.986433+00', '🏃'),
	('ROOM_UNLOCKED', 'Room unlocked', 'Room access is now available', false, false, true, 3, true, '2026-01-09 12:56:05.986433+00', '🔓'),
	('MAINTENANCE_COMPLETED', 'Maintenance completed', 'Maintenance dependency has been resolved', false, false, true, 4, true, '2026-01-09 12:56:05.986433+00', '🔧'),
	('SUPERVISOR_APPROVED', 'Supervisor approved', 'Supervisor approved resuming the task', false, true, true, 5, true, '2026-01-09 12:56:05.986433+00', '👮'),
	('WORKAROUND_APPLIED', 'Temporary workaround applied', 'Task resumed using a temporary workaround', true, true, true, 6, true, '2026-01-09 12:56:05.986433+00', '🔄'),
	('RESUME_AT_REQUESTED_TIME', 'Resume at requested time', 'Guest requested service later and time has arrived', false, false, true, 7, true, '2026-01-09 12:56:05.986433+00', '⏰'),
	('OTHER', 'Something else', 'Other valid reason for resuming the task', true, true, true, 99, true, '2026-01-09 12:56:05.986433+00', '📝'),
	('REASSIGNED_BY_SUPERVISOR', 'Reassigned by supervisor', 'Task was reassigned to different staff by supervisor', false, false, true, NULL, true, '2026-01-13 18:18:55.884051+00', NULL);


--
-- Data for Name: block_unblock_compatibility; Type: TABLE DATA; Schema: public; Owner: postgres
--

INSERT INTO "public"."block_unblock_compatibility" ("block_reason_code", "unblock_reason_code") VALUES
	('guest_inside', 'GUEST_LEFT_ROOM'),
	('guest_inside', 'SUPERVISOR_APPROVED'),
	('guest_inside', 'OTHER'),
	('GUEST_REQUESTED_LATER', 'RESUME_AT_REQUESTED_TIME'),
	('GUEST_REQUESTED_LATER', 'SUPERVISOR_APPROVED'),
	('GUEST_REQUESTED_LATER', 'OTHER'),
	('room_locked', 'ROOM_UNLOCKED'),
	('room_locked', 'SUPERVISOR_APPROVED'),
	('room_locked', 'OTHER'),
	('supplies_unavailable', 'SUPPLIES_ARRIVED'),
	('supplies_unavailable', 'WORKAROUND_APPLIED'),
	('supplies_unavailable', 'SUPERVISOR_APPROVED'),
	('supplies_unavailable', 'OTHER'),
	('waiting_maintenance', 'MAINTENANCE_COMPLETED'),
	('waiting_maintenance', 'WORKAROUND_APPLIED'),
	('waiting_maintenance', 'SUPERVISOR_APPROVED'),
	('waiting_maintenance', 'OTHER'),
	('supervisor_approval', 'SUPERVISOR_APPROVED'),
	('supervisor_approval', 'OTHER'),
	('something_else', 'OTHER'),
	('something_else', 'SUPERVISOR_APPROVED'),
	('supervisor_approval', 'REASSIGNED_BY_SUPERVISOR');


--
-- Data for Name: booking_charges; Type: TABLE DATA; Schema: public; Owner: postgres
--

INSERT INTO "public"."booking_charges" ("id", "booking_id", "charge_type", "description", "amount", "currency", "created_at") VALUES
	('e98d5f48-19f3-40d8-a944-dc88128db87e', '9ca6aca5-2f19-4ff4-9bcc-3b1cea02e09f', 'ROOM_RENT', 'Room Rent - 1 Night', 3000.00, 'INR', '2026-02-11 17:14:50.735335+00'),
	('00294c37-432e-4a57-930c-3c14780375d6', '9ca6aca5-2f19-4ff4-9bcc-3b1cea02e09f', 'TAX', 'GST 12%', 360.00, 'INR', '2026-02-11 17:14:50.735335+00');


--
-- Data for Name: booking_claim_otps; Type: TABLE DATA; Schema: public; Owner: postgres
--

INSERT INTO "public"."booking_claim_otps" ("id", "booking_code", "phone", "otp", "expires_at", "consumed_at", "created_at") VALUES
	('37302d24-7002-43b6-a060-46ff9df72bc3', 'ABC1234', '99013840078', '254318', '2025-11-30 16:54:36.241+00', NULL, '2025-11-30 16:44:36.255227+00'),
	('3cdd395c-ba8e-4369-93c5-6f30b755a95f', 'ABC1234', '9901384009', '196285', '2025-11-30 16:55:16.676+00', NULL, '2025-11-30 16:45:16.708312+00'),
	('d6069f18-de2f-419d-88d5-35537c707b41', 'BK-DEMO2-001', '9019959870', '721586', '2025-12-01 06:25:10.31+00', NULL, '2025-12-01 06:15:10.35398+00'),
	('4c69eaa1-2380-4c92-af01-1bffb93ab957', '3432', '9019959870', '825607', '2025-12-01 07:13:59.754+00', NULL, '2025-12-01 07:03:59.819395+00'),
	('5219a51a-f580-4fc1-927f-96548c6dc91e', 'STAY 123', '9901374889', '456392', '2025-12-09 04:10:24.169+00', NULL, '2025-12-09 04:00:24.209839+00'),
	('b31b10cd-df81-4cae-854d-b2c4e54f4bb5', 'ABC123', '9901384009', '657145', '2026-01-23 17:35:24.97+00', NULL, '2026-01-23 17:25:25.014622+00'),
	('294a290a-82c7-44ef-82d7-e823bca7b89e', 'ABC123', '9901384009', '699457', '2026-01-23 17:59:32.041+00', NULL, '2026-01-23 17:49:32.074038+00');


--
-- Data for Name: booking_claims; Type: TABLE DATA; Schema: public; Owner: postgres
--

INSERT INTO "public"."booking_claims" ("id", "booking_code", "user_id", "claimed_at") VALUES
	('b74252d8-efe4-43c3-8319-de5127984b0a', 'DEMO1', 'd1e40c02-9978-46fd-875e-3989537af942', '2025-12-01 16:47:52.747121+00');


--
-- Data for Name: booking_rooms; Type: TABLE DATA; Schema: public; Owner: postgres
--

INSERT INTO "public"."booking_rooms" ("id", "booking_id", "hotel_id", "room_type_id", "room_id", "adults", "children", "status", "created_at", "room_seq", "rate_plan_code", "amount_total", "updated_at") VALUES
	('bc6953be-f132-49cc-9ea8-fa775e64059c', '1e546f48-2d99-4474-abc8-fccbd9981c6a', '139c6002-bdd7-4924-9db4-16f14e283d89', '45838d55-f0e5-4c95-897e-1a202e737db9', '7e6a7c2d-3350-4e00-8485-12c44bb035f7', 1, 0, 'CHECKED_IN', '2026-03-07 14:25:35.50951+00', NULL, NULL, NULL, '2026-03-07 14:25:35.50951+00'),
	('2d49a6c8-9703-43db-8ba3-9eb6c68c9591', '731fd275-b0dc-4498-a59d-25e9b070a544', '139c6002-bdd7-4924-9db4-16f14e283d89', '2efb36d1-9e12-43d8-9e7a-27f66d479d92', 'd04b4f5b-217e-4355-b9a7-736c6508168e', 2, 0, 'CHECKED_IN', '2026-02-19 12:37:01.615266+00', 1, NULL, NULL, '2026-03-07 18:49:35.209835+00'),
	('9e720a1b-fc07-4ef9-abfb-6424ec5d6f20', '9ca6aca5-2f19-4ff4-9bcc-3b1cea02e09f', '139c6002-bdd7-4924-9db4-16f14e283d89', '45838d55-f0e5-4c95-897e-1a202e737db9', '7e6a7c2d-3350-4e00-8485-12c44bb035f7', 2, 0, 'CHECKED_OUT', '2026-02-20 11:36:38.962326+00', 1, NULL, NULL, '2026-03-07 20:21:40.11271+00'),
	('85d747b0-6d81-4d78-ad3f-4eb4c20d6275', '2bec8fce-3da6-49d7-b842-25d47abc8498', '139c6002-bdd7-4924-9db4-16f14e283d89', '2efb36d1-9e12-43d8-9e7a-27f66d479d92', 'd04b4f5b-217e-4355-b9a7-736c6508168e', 2, 0, 'CHECKED_OUT', '2026-02-20 18:55:27.990793+00', 1, NULL, NULL, '2026-03-07 20:21:40.11271+00'),
	('22ee1d5f-4b30-4d76-b50b-9c56f8f5d3b5', 'cee74ff8-26c2-4f85-9328-d0e7329cfac0', '139c6002-bdd7-4924-9db4-16f14e283d89', '2efb36d1-9e12-43d8-9e7a-27f66d479d92', NULL, 2, 0, 'RESERVED', '2026-03-07 20:22:24.923272+00', 1, NULL, NULL, '2026-03-07 20:22:24.923272+00'),
	('0c585648-0803-4db4-86db-19ddf4e28f24', '2cd47a2f-50ce-4250-9add-2217ecd50681', '139c6002-bdd7-4924-9db4-16f14e283d89', '2efb36d1-9e12-43d8-9e7a-27f66d479d92', NULL, 2, 0, 'RESERVED', '2026-03-09 06:12:49.921772+00', 1, NULL, NULL, '2026-03-09 06:12:49.921772+00'),
	('91a242cf-a309-4654-833e-3c7c3ea97a5d', '2c8ff15e-4081-458f-9be0-a3a4fbeebbfe', '139c6002-bdd7-4924-9db4-16f14e283d89', '2efb36d1-9e12-43d8-9e7a-27f66d479d92', 'fbafee4a-f600-43dc-962a-1a17dba945e3', 2, 0, 'CHECKED_OUT', '2026-02-15 22:20:12.567122+00', 1, NULL, NULL, '2026-03-13 18:34:58.547912+00'),
	('60d4dc0a-0356-44c0-ab29-58f23febc895', 'c48b9709-c15c-4002-bef1-664549f2378f', '139c6002-bdd7-4924-9db4-16f14e283d89', '2efb36d1-9e12-43d8-9e7a-27f66d479d92', '9d13932d-1ba9-4858-ad0e-bb4d85497a71', 2, 0, 'CHECKED_IN', '2026-03-07 20:25:07.539512+00', 1, NULL, NULL, '2026-03-14 09:21:26.685719+00'),
	('6c45c6b6-a849-4d33-ba11-488220c5fc19', '37fcd0d3-2a84-4ac5-9dbd-45337d421e1d', '139c6002-bdd7-4924-9db4-16f14e283d89', '45838d55-f0e5-4c95-897e-1a202e737db9', '52c8572a-13e7-4bb5-ac2f-34dd06dda2fb', 1, 0, 'CHECKED_IN', '2026-03-14 09:49:29.59406+00', NULL, NULL, NULL, '2026-03-14 09:49:29.59406+00'),
	('8f7a43f3-182d-41a2-8178-a5e3f31c37b6', '8472cafb-a8e6-45cd-a896-9eea115f22b8', '139c6002-bdd7-4924-9db4-16f14e283d89', '45838d55-f0e5-4c95-897e-1a202e737db9', '52c8572a-13e7-4bb5-ac2f-34dd06dda2fb', 1, 0, 'CHECKED_IN', '2026-03-15 14:11:22.032726+00', NULL, NULL, NULL, '2026-03-15 14:11:22.032726+00'),
	('1aaf4739-cad6-4edb-b119-20042e389dd1', '7c30573e-52eb-42b3-b69f-910900564fd4', '139c6002-bdd7-4924-9db4-16f14e283d89', '2efb36d1-9e12-43d8-9e7a-27f66d479d92', 'fbafee4a-f600-43dc-962a-1a17dba945e3', 2, 0, 'CHECKED_IN', '2026-02-19 12:42:02.234713+00', 1, NULL, NULL, '2026-03-15 21:21:52.044399+00'),
	('c4dfcba4-fc82-4a95-84a0-9960af20b517', 'a14061fe-3b38-41e9-9fef-0a64af888110', '139c6002-bdd7-4924-9db4-16f14e283d89', '2efb36d1-9e12-43d8-9e7a-27f66d479d92', '571dedf1-e9b2-45a1-adb5-b3056df266c6', 2, 0, 'CHECKED_IN', '2026-02-19 13:13:02.284389+00', 1, NULL, NULL, '2026-03-15 21:28:41.485286+00'),
	('9218869b-b09e-4a36-8b5a-f6c265fa4305', '0ef06c9f-ee6b-4e2f-bf64-b9e655720436', '139c6002-bdd7-4924-9db4-16f14e283d89', '45838d55-f0e5-4c95-897e-1a202e737db9', '1459cf9c-34a7-4980-ba42-2f84ecdad565', 1, 0, 'CHECKED_IN', '2026-03-15 21:53:28.103258+00', NULL, NULL, NULL, '2026-03-15 21:53:28.103258+00'),
	('bd784b3a-328f-42dc-a8fb-965437f500e0', '8051a767-1cd9-41e8-9a04-477338951ffb', '139c6002-bdd7-4924-9db4-16f14e283d89', '45838d55-f0e5-4c95-897e-1a202e737db9', '9d13932d-1ba9-4858-ad0e-bb4d85497a71', 1, 0, 'CHECKED_IN', '2026-03-15 22:12:27.227302+00', NULL, NULL, NULL, '2026-03-15 22:12:27.227302+00'),
	('a3532911-4947-413c-a269-2690e581e865', '543ffc17-978c-4a73-b245-f17ad15e3ad1', '139c6002-bdd7-4924-9db4-16f14e283d89', '45838d55-f0e5-4c95-897e-1a202e737db9', 'fbafee4a-f600-43dc-962a-1a17dba945e3', 1, 0, 'CHECKED_IN', '2026-03-15 22:20:48.040744+00', NULL, NULL, NULL, '2026-03-15 22:20:48.040744+00'),
	('18d77e56-d26e-403f-a13d-4d4810300f84', 'c279e4b5-4f25-4847-972c-365bc1554ad1', '139c6002-bdd7-4924-9db4-16f14e283d89', '45838d55-f0e5-4c95-897e-1a202e737db9', '297eedfc-c02f-4fbd-9623-62a08bc91084', 1, 0, 'CHECKED_IN', '2026-03-15 22:22:50.575056+00', NULL, NULL, NULL, '2026-03-15 22:22:50.575056+00'),
	('5de827ef-843f-4225-a059-b6859d99e3e4', '162578f5-df45-4d44-a743-66b799c7d6aa', '139c6002-bdd7-4924-9db4-16f14e283d89', '2efb36d1-9e12-43d8-9e7a-27f66d479d92', '4251ea81-1264-48a0-943a-5aa2cb7c276f', 1, 0, 'CHECKED_IN', '2026-03-16 11:18:51.283578+00', NULL, NULL, NULL, '2026-03-16 11:18:51.283578+00'),
	('65549253-cf87-4825-8218-826cc4eb0fae', '652b5015-3015-4438-ae1f-057454cea662', 'e10eca3b-3102-41fc-8006-c1b4b70e00e6', '3bd692f6-a8e5-42e4-ac5f-70e596ad76f1', 'f1ffd8c0-bc4f-480b-8f8e-697997e79a2a', 2, 2, 'CHECKED_IN', '2026-03-16 17:48:05.310292+00', 1, NULL, NULL, '2026-03-16 17:53:40.232789+00'),
	('d3f49df6-9f14-4c3e-90a2-cd9b0693bfae', '8a1cc230-8c18-4088-a95f-b0bfc050ebb8', 'e10eca3b-3102-41fc-8006-c1b4b70e00e6', '3bd692f6-a8e5-42e4-ac5f-70e596ad76f1', 'a369f11b-505c-4197-9576-c4876e71e9d9', 1, 0, 'RESERVED', '2026-03-16 18:12:04.730274+00', 1, NULL, NULL, '2026-03-16 18:12:04.730274+00'),
	('ec6eb87a-a741-47e0-abd5-dd5fae007109', '5e1b18bb-fd0a-4646-b577-6177cae64383', 'e10eca3b-3102-41fc-8006-c1b4b70e00e6', '3bd692f6-a8e5-42e4-ac5f-70e596ad76f1', 'f88c0c16-0545-4342-9957-7e99d6e55946', 1, 0, 'CHECKED_IN', '2026-03-16 18:15:31.155465+00', 1, NULL, NULL, '2026-03-16 18:20:29.098238+00'),
	('7aa465ba-fffa-49a4-98a2-66d6138d725e', '95a766ad-5cb8-433c-b322-098b53b15ae4', '139c6002-bdd7-4924-9db4-16f14e283d89', '45838d55-f0e5-4c95-897e-1a202e737db9', '7e6a7c2d-3350-4e00-8485-12c44bb035f7', 3, 1, 'CHECKED_IN', '2026-03-16 11:27:30.942082+00', 1, NULL, NULL, '2026-03-17 13:07:24.177611+00'),
	('a2ae68b3-1b6c-4c76-a608-220b3dbf222f', 'f2827920-2228-4c0b-b29c-e57f97b5022a', '139c6002-bdd7-4924-9db4-16f14e283d89', '2efb36d1-9e12-43d8-9e7a-27f66d479d92', '52c8572a-13e7-4bb5-ac2f-34dd06dda2fb', 2, 0, 'CHECKED_IN', '2026-02-15 18:54:37.292115+00', 1, NULL, NULL, '2026-03-17 19:17:16.99499+00'),
	('71d060b2-fea5-486c-a1c2-54008f0eaecd', 'f2827920-2228-4c0b-b29c-e57f97b5022a', '139c6002-bdd7-4924-9db4-16f14e283d89', '4a144bf5-6afb-45f3-92d0-4f842ddccb3c', '1459cf9c-34a7-4980-ba42-2f84ecdad565', 2, 1, 'CHECKED_IN', '2026-02-15 18:54:37.292115+00', 2, NULL, NULL, '2026-03-17 19:17:16.99499+00'),
	('2065cbaf-2449-4afa-9db2-4570a42dd295', '2b3bd858-6f1d-405f-957b-1b909adc4eff', '139c6002-bdd7-4924-9db4-16f14e283d89', '45838d55-f0e5-4c95-897e-1a202e737db9', NULL, 2, 1, 'RESERVED', '2026-03-18 17:22:12.406683+00', 1, NULL, NULL, '2026-03-18 17:22:12.406683+00'),
	('514c4517-c50e-4aa0-ac29-4be458d639d2', 'f4ea76ed-34ec-46e7-a2f1-631c8b05825c', '5780fa80-3e6b-44d0-b87e-2b4015f78c8b', '3ed4a085-fcbe-4b2b-bd6e-07127da9d740', '13c59412-6169-4457-b45b-94e478059222', 1, 0, 'CHECKED_IN', '2026-03-23 11:58:56.433465+00', 1, NULL, NULL, '2026-03-23 12:07:55.062223+00'),
	('35aa9a5d-1a18-4bfd-8418-08f2543ecbae', '3af871cb-b64f-4cd5-bf10-598ddb785115', 'e10eca3b-3102-41fc-8006-c1b4b70e00e6', '3bd692f6-a8e5-42e4-ac5f-70e596ad76f1', NULL, 1, 0, 'RESERVED', '2026-03-29 17:34:21.242472+00', 1, NULL, NULL, '2026-03-29 17:34:21.242472+00'),
	('50808d52-641c-4e86-b0a3-ed8e4e8f0bed', 'bb329635-eb67-48a3-ae19-8de6a9ec01bb', 'e10eca3b-3102-41fc-8006-c1b4b70e00e6', '3bd692f6-a8e5-42e4-ac5f-70e596ad76f1', 'ecfdeb2b-f84e-4a79-9149-5db451604328', 1, 0, 'CHECKED_IN', '2026-03-29 17:41:43.234913+00', 1, NULL, NULL, '2026-03-29 17:51:08.624764+00'),
	('31de94e6-2820-4a2b-8d87-ec9d0bcb0100', 'ede4d26a-e6cc-4ab7-941c-247391359b75', 'e10eca3b-3102-41fc-8006-c1b4b70e00e6', '3bd692f6-a8e5-42e4-ac5f-70e596ad76f1', 'ae0664a2-9bd1-4d7c-aa8e-e9eb1aafaa34', 1, 0, 'CHECKED_OUT', '2026-04-03 10:47:42.030385+00', 1, NULL, NULL, '2026-04-03 11:47:17.037693+00'),
	('b389bd7e-dee3-4880-ada1-652a0150c59e', 'e70ef715-4eb4-410b-bd08-23d874c65c43', '139c6002-bdd7-4924-9db4-16f14e283d89', '45838d55-f0e5-4c95-897e-1a202e737db9', NULL, 2, 0, 'PRE_CHECKED_IN', '2026-04-04 11:09:44.611038+00', 1, NULL, NULL, '2026-04-04 11:11:16.150898+00'),
	('2bb3d762-b7f1-4d17-ba45-e37486fa939b', 'd89aa49e-e593-44dc-8826-98cfb7d6a963', '139c6002-bdd7-4924-9db4-16f14e283d89', '2efb36d1-9e12-43d8-9e7a-27f66d479d92', '4251ea81-1264-48a0-943a-5aa2cb7c276f', 1, 0, 'CHECKED_OUT', '2026-03-15 11:48:11.621156+00', NULL, NULL, NULL, '2026-04-04 11:14:05.816809+00'),
	('32d35fa0-a940-4bc3-a3e9-2ac7e62b1c38', 'dcafb22d-4872-48ec-9460-f5384c9fe440', '139c6002-bdd7-4924-9db4-16f14e283d89', '2efb36d1-9e12-43d8-9e7a-27f66d479d92', '8eb0cbc1-a81e-4099-8add-e5a9fe38ffc0', 2, 0, 'CHECKED_OUT', '2026-02-19 12:52:13.779425+00', 1, NULL, NULL, '2026-04-04 11:38:44.028339+00'),
	('c4191a0d-ecb1-49bc-8ee5-1c0230e3a6aa', 'cf45b64f-51c0-43be-a0f8-7e5721e57050', '139c6002-bdd7-4924-9db4-16f14e283d89', '2efb36d1-9e12-43d8-9e7a-27f66d479d92', '4251ea81-1264-48a0-943a-5aa2cb7c276f', 2, 0, 'RESERVED', '2026-02-14 20:17:32.396057+00', NULL, NULL, NULL, '2026-02-15 08:21:50.357432+00'),
	('498ea5e3-cb14-42c9-adef-1e6f2e735bca', '5f1072b9-bb14-48e2-840d-e588d32e434b', '139c6002-bdd7-4924-9db4-16f14e283d89', '2efb36d1-9e12-43d8-9e7a-27f66d479d92', '4251ea81-1264-48a0-943a-5aa2cb7c276f', 2, 0, 'RESERVED', '2026-02-14 20:17:32.396057+00', NULL, NULL, NULL, '2026-02-15 08:21:50.357432+00'),
	('c494683b-f27b-4378-9694-174939209159', 'c38036f8-d2b2-4c4c-ab75-9f2a1afd2a1e', '139c6002-bdd7-4924-9db4-16f14e283d89', '2efb36d1-9e12-43d8-9e7a-27f66d479d92', '4251ea81-1264-48a0-943a-5aa2cb7c276f', 2, 0, 'RESERVED', '2026-02-14 20:17:32.396057+00', NULL, NULL, NULL, '2026-02-15 08:21:50.357432+00'),
	('dbedf3ec-b4a3-4331-a614-6495cd4516e4', 'f05fcc6c-fcc3-4c51-93cf-48587bc38d9d', '139c6002-bdd7-4924-9db4-16f14e283d89', '2efb36d1-9e12-43d8-9e7a-27f66d479d92', '4251ea81-1264-48a0-943a-5aa2cb7c276f', 2, 0, 'RESERVED', '2026-02-14 20:17:32.396057+00', NULL, NULL, NULL, '2026-02-15 08:21:50.357432+00'),
	('8bc7a65a-8da7-4aa3-a39b-3f06d04d1cbc', '5393878f-8cca-4f0d-b9b3-3903d7ffa57d', '139c6002-bdd7-4924-9db4-16f14e283d89', '2efb36d1-9e12-43d8-9e7a-27f66d479d92', '4251ea81-1264-48a0-943a-5aa2cb7c276f', 2, 0, 'RESERVED', '2026-02-14 20:17:32.396057+00', NULL, NULL, NULL, '2026-02-15 08:21:50.357432+00'),
	('bc1345e5-65b2-42da-9e09-71d0ab52ec4e', 'b23d046d-6eae-4269-b562-fdfcd998569f', '139c6002-bdd7-4924-9db4-16f14e283d89', '2efb36d1-9e12-43d8-9e7a-27f66d479d92', '4251ea81-1264-48a0-943a-5aa2cb7c276f', 2, 0, 'RESERVED', '2026-02-14 20:17:32.396057+00', NULL, NULL, NULL, '2026-02-15 08:21:50.357432+00'),
	('671c00b5-5ada-4906-8c1d-4799dd26cdac', 'bea34f8d-73d9-4a63-8f87-6bd55e8ff7f5', '139c6002-bdd7-4924-9db4-16f14e283d89', '2efb36d1-9e12-43d8-9e7a-27f66d479d92', '9d13932d-1ba9-4858-ad0e-bb4d85497a71', 2, 0, 'CHECKED_IN', '2026-02-17 16:45:13.98276+00', 1, NULL, NULL, '2026-02-17 17:33:04.643258+00'),
	('c1b4ea2a-1b4a-4acd-821f-2f8e3e661758', '3712ae7d-9808-4c87-811e-b60d699e88e6', '139c6002-bdd7-4924-9db4-16f14e283d89', '2efb36d1-9e12-43d8-9e7a-27f66d479d92', NULL, 2, 0, 'RESERVED', '2026-02-19 12:21:27.137511+00', 1, NULL, NULL, '2026-02-19 12:21:27.137511+00'),
	('39338424-2503-4112-ae88-ae397968ada9', 'c9439904-c0df-4e8e-b755-c2ad1894e5b9', '139c6002-bdd7-4924-9db4-16f14e283d89', '45838d55-f0e5-4c95-897e-1a202e737db9', '8eb0cbc1-a81e-4099-8add-e5a9fe38ffc0', 1, 0, 'RESERVED', '2026-02-15 18:54:37.449522+00', 1, NULL, NULL, '2026-02-15 18:54:37.449522+00'),
	('3f9ca1e6-0dc7-4ebc-adab-31517f79746e', 'e8095442-4059-4253-9fd4-e1719d23e7e2', '139c6002-bdd7-4924-9db4-16f14e283d89', '2efb36d1-9e12-43d8-9e7a-27f66d479d92', NULL, 2, 0, 'RESERVED', '2026-03-01 05:55:59.50951+00', 1, NULL, NULL, '2026-03-01 05:55:59.50951+00'),
	('c5c7509f-7e05-4383-b98b-4e7c28fc4382', 'ce33ec92-6684-4100-992b-c12377fb928f', '139c6002-bdd7-4924-9db4-16f14e283d89', '2efb36d1-9e12-43d8-9e7a-27f66d479d92', NULL, 1, 0, 'PRE_CHECKED_IN', '2026-02-15 18:54:37.409287+00', 1, NULL, NULL, '2026-02-15 21:21:14.728072+00'),
	('221eba31-262b-40ed-8337-f8f1d2b57d85', 'fda3477e-ff36-402f-b2bc-fbcb3ca04d81', '139c6002-bdd7-4924-9db4-16f14e283d89', '2efb36d1-9e12-43d8-9e7a-27f66d479d92', '4251ea81-1264-48a0-943a-5aa2cb7c276f', 2, 0, 'CHECKED_IN', '2026-02-16 09:39:38.544988+00', 1, NULL, NULL, '2026-02-16 19:24:27.158557+00'),
	('7aed5e91-57be-460f-855e-2a0ab0d2c893', '6a0272fb-59db-49f3-a648-ffe525406ae1', '139c6002-bdd7-4924-9db4-16f14e283d89', '45838d55-f0e5-4c95-897e-1a202e737db9', '8eb0cbc1-a81e-4099-8add-e5a9fe38ffc0', 2, 1, 'CHECKED_OUT', '2026-04-04 16:47:48.214425+00', 1, NULL, NULL, '2026-04-04 16:54:23.428168+00'),
	('db057fbd-cb60-4ceb-a9d8-4efacaaeb6e8', 'e7f619c2-9e82-449c-b3d6-9cd0dbb205b9', '139c6002-bdd7-4924-9db4-16f14e283d89', '45838d55-f0e5-4c95-897e-1a202e737db9', '8eb0cbc1-a81e-4099-8add-e5a9fe38ffc0', 2, 0, 'CHECKED_OUT', '2026-04-04 12:00:59.598522+00', 1, NULL, NULL, '2026-04-04 19:51:27.548586+00'),
	('f49f0a95-ae3b-461a-b3d8-dc4b3990633b', '6f333cd6-d449-406c-9dd8-4b8c76115168', '5d697b97-4336-4318-af21-53fc78a406ad', '94c8904e-21d4-4293-b1f0-56e1511caf52', 'dd62fed1-f2bc-4486-b465-354499acd820', 2, 2, 'CHECKED_IN', '2026-04-11 05:59:00.29406+00', 1, NULL, NULL, '2026-04-11 06:06:28.591032+00');


--
-- Data for Name: booking_room_guests; Type: TABLE DATA; Schema: public; Owner: postgres
--

INSERT INTO "public"."booking_room_guests" ("id", "booking_room_id", "guest_id", "is_primary", "created_at") VALUES
	('031c2b53-e2c9-414f-af85-822084e69577', 'a2ae68b3-1b6c-4c76-a608-220b3dbf222f', 'cb427b87-1251-4701-bc85-95a4b74c3e57', true, '2026-02-15 20:51:30.036334+00'),
	('4fae8317-ac36-414a-8ef2-832997b8e8e2', '71d060b2-fea5-486c-a1c2-54008f0eaecd', 'cb427b87-1251-4701-bc85-95a4b74c3e57', true, '2026-02-15 20:51:30.036334+00'),
	('591f8e41-d1bd-4627-9b28-c682b8843ff4', 'c5c7509f-7e05-4383-b98b-4e7c28fc4382', 'cb427b87-1251-4701-bc85-95a4b74c3e57', true, '2026-02-15 21:21:14.728072+00'),
	('d0b3375e-f2f9-4ef3-8058-762c8d50bd2a', '91a242cf-a309-4654-833e-3c7c3ea97a5d', 'cb427b87-1251-4701-bc85-95a4b74c3e57', true, '2026-02-15 22:23:32.017264+00'),
	('ed20c956-ffe7-4652-8dc1-3718583c6d46', '221eba31-262b-40ed-8337-f8f1d2b57d85', 'cb427b87-1251-4701-bc85-95a4b74c3e57', true, '2026-02-16 10:38:54.555806+00'),
	('2bef03ed-e95f-4bad-98d1-5ab061c2388a', '671c00b5-5ada-4906-8c1d-4799dd26cdac', 'cb427b87-1251-4701-bc85-95a4b74c3e57', true, '2026-02-17 17:18:41.530693+00'),
	('ce7deee3-6861-4797-ba50-065153cf30dd', '2d49a6c8-9703-43db-8ba3-9eb6c68c9591', 'cb427b87-1251-4701-bc85-95a4b74c3e57', true, '2026-02-19 12:37:54.900707+00'),
	('44e89881-dd00-4c80-9572-012f51e3c263', '1aaf4739-cad6-4edb-b119-20042e389dd1', 'cb427b87-1251-4701-bc85-95a4b74c3e57', true, '2026-02-19 12:42:49.471782+00'),
	('b1bf6c7a-739c-4c72-b01f-0a74fc641f04', '32d35fa0-a940-4bc3-a3e9-2ac7e62b1c38', 'cb427b87-1251-4701-bc85-95a4b74c3e57', true, '2026-02-19 13:03:42.198692+00'),
	('810ace20-e68d-43ed-bd93-56887b3e0f8e', 'c4dfcba4-fc82-4a95-84a0-9960af20b517', 'cb427b87-1251-4701-bc85-95a4b74c3e57', true, '2026-02-19 13:15:48.18775+00'),
	('810d69b4-1cea-4ac3-ad0e-52c1a2aec0dc', '85d747b0-6d81-4d78-ad3f-4eb4c20d6275', 'cb427b87-1251-4701-bc85-95a4b74c3e57', true, '2026-02-20 18:57:20.684795+00'),
	('9373c90e-6c02-418c-813d-d37599431375', '60d4dc0a-0356-44c0-ab29-58f23febc895', 'cb427b87-1251-4701-bc85-95a4b74c3e57', true, '2026-03-07 21:11:06.294444+00'),
	('0fd51500-47e0-4ccc-899e-edebee3a6553', '7aa465ba-fffa-49a4-98a2-66d6138d725e', 'cb427b87-1251-4701-bc85-95a4b74c3e57', true, '2026-03-16 13:39:38.498193+00'),
	('a64ce212-798d-4592-8237-e488a643c7a9', '65549253-cf87-4825-8218-826cc4eb0fae', 'cf838ade-19e4-448c-bcb3-dbc4e307fbd4', true, '2026-03-16 17:51:06.741774+00'),
	('772aa749-3174-4848-bd95-425d099f4639', 'ec6eb87a-a741-47e0-abd5-dd5fae007109', '4d03f8d8-9dad-4b7b-b8f0-d18e58884750', true, '2026-03-16 18:17:31.897081+00'),
	('78e0829a-69bd-434c-9a9b-1a9c0a30cce2', '514c4517-c50e-4aa0-ac29-4be458d639d2', '76f60bc3-4978-4258-8150-f9cc9a70a158', true, '2026-03-23 12:04:24.095536+00'),
	('ab506073-74de-407f-8633-e65d89348c3f', '50808d52-641c-4e86-b0a3-ed8e4e8f0bed', '76f60bc3-4978-4258-8150-f9cc9a70a158', true, '2026-03-29 17:44:21.431061+00'),
	('74a555e8-5854-4b53-92db-4c6b3a1b1cc5', '31de94e6-2820-4a2b-8d87-ec9d0bcb0100', 'cf838ade-19e4-448c-bcb3-dbc4e307fbd4', true, '2026-04-03 10:48:56.412663+00'),
	('cddf7b0d-48e3-4925-836f-512c2c6243d0', 'b389bd7e-dee3-4880-ada1-652a0150c59e', 'cb427b87-1251-4701-bc85-95a4b74c3e57', true, '2026-04-04 11:11:16.150898+00'),
	('87a15ac6-270f-4284-9b1d-13c2ee03781a', '7aed5e91-57be-460f-855e-2a0ab0d2c893', 'cb427b87-1251-4701-bc85-95a4b74c3e57', true, '2026-04-04 16:48:55.050995+00'),
	('cce8029b-e05a-4d0e-9276-55f9c0fc8ad2', 'f49f0a95-ae3b-461a-b3d8-dc4b3990633b', 'fc900025-691c-4815-8fea-654f431d3e29', true, '2026-04-11 06:02:12.53152+00');


--
-- Data for Name: cancel_reasons; Type: TABLE DATA; Schema: public; Owner: postgres
--

INSERT INTO "public"."cancel_reasons" ("code", "label", "description", "allowed_for_staff", "allowed_for_guest", "allowed_for_supervisor", "allow_when_new", "allow_when_in_progress", "requires_comment", "icon", "is_active", "is_terminal", "intent_category") VALUES
	('DUPLICATE_REQUEST', 'Duplicate request', 'Another ticket already exists for the same issue', true, false, true, true, true, true, 'copy', true, true, 'INVALID_REQUEST'),
	('OUTSIDE_OPERATIONAL_SCOPE', 'Outside operational scope', 'Request is not the responsibility of hotel operations', true, false, true, true, true, true, 'slash', true, true, 'OPERATIONAL_CONSTRAINT'),
	('ROOM_OUT_OF_SERVICE', 'Room out of service', 'Room is blocked or unavailable and work is not required', true, false, true, true, true, false, 'lock', true, true, 'OPERATIONAL_CONSTRAINT'),
	('REQUEST_INVALID', 'Invalid request', 'Incorrect service, wrong room, or accidental request', true, false, true, true, true, true, 'alert-circle', true, true, 'INVALID_REQUEST'),
	('RESOLVED_BY_OTHER_DEPARTMENT', 'Resolved by another department', 'Issue was resolved informally by a different team', true, false, true, true, true, true, 'users', true, true, 'RESOLVED_EXTERNALLY'),
	('RESOLVED_OFF_SYSTEM', 'Resolved outside the system', 'Issue was fixed via vendor or manual process without using this ticket', true, false, true, true, true, true, 'tool', true, true, 'RESOLVED_EXTERNALLY'),
	('POLICY_OVERRIDE', 'Policy override', 'Ticket cancelled due to policy decision', false, false, true, true, true, true, 'shield', true, true, 'MANAGEMENT_ACTION'),
	('MANAGEMENT_DECISION', 'Management decision', 'Ticket cancelled by management instruction', false, false, true, true, true, true, 'briefcase', true, true, 'MANAGEMENT_ACTION'),
	('COMPENSATION_PROVIDED', 'Compensation provided', 'Guest compensated and work cancelled', false, false, true, true, true, true, 'gift', true, true, 'MANAGEMENT_ACTION'),
	('SLA_EXCEPTION_GRANTED', 'SLA exception granted', 'Ticket cancelled with SLA exception approval', false, false, true, true, true, true, 'clock-off', true, true, 'SLA_EXCEPTION'),
	('REQUEST_NO_LONGER_REQUIRED', 'Request no longer required', 'Guest no longer needs this service', false, true, true, true, true, false, 'x-circle', true, true, 'INVALID_REQUEST'),
	('REQUEST_MADE_BY_MISTAKE', 'Request made by mistake', 'Guest accidentally created the request', false, true, true, true, true, false, 'undo', true, true, 'INVALID_REQUEST'),
	('GUEST_RESOLVED_SELF', 'Resolved by guest', 'Guest resolved the issue themselves', false, true, true, true, true, false, 'check-circle', true, true, 'RESOLVED_EXTERNALLY');


--
-- Data for Name: stays; Type: TABLE DATA; Schema: public; Owner: postgres
--

INSERT INTO "public"."stays" ("id", "hotel_id", "guest_id", "source", "status", "scheduled_checkin_at", "scheduled_checkout_at", "created_at", "updated_at", "is_vip", "vip_level", "has_open_complaint", "needs_courtesy_call", "room_id", "booking_code", "actual_checkin_at", "actual_checkout_at", "booking_id", "booking_room_id") VALUES
	('6cecd24c-5d2b-4554-abad-acc34120fe13', '139c6002-bdd7-4924-9db4-16f14e283d89', 'cb427b87-1251-4701-bc85-95a4b74c3e57', 'walk_in', 'checked_out', '2026-02-15 09:59:57.885571+00', '2026-02-20 00:00:00+00', '2025-11-04 09:59:57.885571+00', '2026-02-28 10:05:42.774208+00', false, NULL, false, false, '1459cf9c-34a7-4980-ba42-2f84ecdad565', 'TESTSTAY1', '2026-02-03 09:59:57.885571+00', '2026-02-28 11:05:33.047183+00', '9ca6aca5-2f19-4ff4-9bcc-3b1cea02e09f', NULL),
	('f7c9cdc3-12d6-4464-8da0-585fa9cb5933', '139c6002-bdd7-4924-9db4-16f14e283d89', 'cb427b87-1251-4701-bc85-95a4b74c3e57', 'arrival_checkin', 'checked_out', '2026-04-04 00:00:00+00', '2026-04-05 00:00:00+00', '2026-04-04 16:52:53.793163+00', '2026-04-04 16:53:53.962777+00', false, NULL, false, false, '8eb0cbc1-a81e-4099-8add-e5a9fe38ffc0', 'WLK-MNKKEH84', '2026-04-04 16:52:53.793163+00', '2026-04-04 16:54:23.428168+00', '6a0272fb-59db-49f3-a648-ffe525406ae1', '7aed5e91-57be-460f-855e-2a0ab0d2c893'),
	('e63ab0b5-be05-4caa-84a6-fa9ee6cfd33e', '139c6002-bdd7-4924-9db4-16f14e283d89', 'cb427b87-1251-4701-bc85-95a4b74c3e57', 'arrival_checkin', 'checked_out', '2026-04-04 00:00:00+00', '2026-04-05 00:00:00+00', '2026-04-04 19:49:56.708331+00', '2026-04-04 19:50:26.290349+00', false, NULL, false, false, '8eb0cbc1-a81e-4099-8add-e5a9fe38ffc0', 'WLK-MNKA3GAW', '2026-04-04 19:49:56.708331+00', '2026-04-04 19:51:27.548586+00', 'e7f619c2-9e82-449c-b3d6-9cd0dbb205b9', 'db057fbd-cb60-4ceb-a9d8-4efacaaeb6e8'),
	('5bb06b09-5728-47fc-aeb8-4617bf5b86e3', '5d697b97-4336-4318-af21-53fc78a406ad', 'fc900025-691c-4815-8fea-654f431d3e29', 'arrival_checkin', 'inhouse', '2026-04-11 00:00:00+00', '2026-04-12 00:00:00+00', '2026-04-11 06:06:28.591032+00', '2026-04-11 06:06:28.591032+00', false, NULL, false, false, 'dd62fed1-f2bc-4486-b465-354499acd820', 'WLK-MNTX9HX2', '2026-04-11 06:06:28.591032+00', NULL, '6f333cd6-d449-406c-9dd8-4b8c76115168', 'f49f0a95-ae3b-461a-b3d8-dc4b3990633b'),
	('42f28a3f-8928-4dbd-bc6b-08c1a6409d18', '139c6002-bdd7-4924-9db4-16f14e283d89', 'cb427b87-1251-4701-bc85-95a4b74c3e57', 'arrival_checkin', 'inhouse', '2026-02-22 00:00:00+00', '2026-02-25 00:00:00+00', '2026-03-07 18:49:35.209835+00', '2026-03-07 18:49:35.209835+00', false, NULL, false, false, 'd04b4f5b-217e-4355-b9a7-736c6508168e', 'BKG100105', '2026-03-07 18:49:35.209835+00', NULL, '731fd275-b0dc-4498-a59d-25e9b070a544', '2d49a6c8-9703-43db-8ba3-9eb6c68c9591'),
	('c4e32e24-a545-48a2-9db6-1cd634d794ac', '139c6002-bdd7-4924-9db4-16f14e283d89', 'cb427b87-1251-4701-bc85-95a4b74c3e57', 'arrival_checkin', 'inhouse', '2026-03-10 00:00:00+00', '2026-03-12 00:00:00+00', '2026-03-17 19:17:16.99499+00', '2026-03-17 19:17:16.99499+00', false, NULL, false, false, '52c8572a-13e7-4bb5-ac2f-34dd06dda2fb', 'BKG10021', '2026-03-17 19:17:16.99499+00', NULL, 'f2827920-2228-4c0b-b29c-e57f97b5022a', 'a2ae68b3-1b6c-4c76-a608-220b3dbf222f'),
	('afb959f4-40bc-4712-ab6c-f9d135738d00', '139c6002-bdd7-4924-9db4-16f14e283d89', 'cb427b87-1251-4701-bc85-95a4b74c3e57', 'arrival_checkin', 'checked_out', '2026-03-18 00:00:00+00', '2026-03-20 00:00:00+00', '2026-03-07 16:51:12.8437+00', '2026-03-13 18:06:27.890486+00', false, NULL, false, false, 'fbafee4a-f600-43dc-962a-1a17dba945e3', 'BKG10099', '2026-03-07 16:51:12.8437+00', '2026-03-13 18:34:58.547912+00', '2c8ff15e-4081-458f-9be0-a3a4fbeebbfe', '91a242cf-a309-4654-833e-3c7c3ea97a5d'),
	('a8dbadda-5cb1-4e49-b745-ab4dab30e239', '139c6002-bdd7-4924-9db4-16f14e283d89', '73904179-cca9-40ab-a2c4-e509dadbbbbb', 'walk_in', 'checked_out', '2026-02-15 09:59:57.885571+00', '2026-02-16 09:59:57.885571+00', '2025-11-04 09:59:57.885571+00', '2025-11-04 09:59:57.885571+00', false, NULL, false, false, '1459cf9c-34a7-4980-ba42-2f84ecdad565', NULL, NULL, NULL, NULL, NULL),
	('71b57bf1-2d49-4421-bb5c-2519407b6dc6', '139c6002-bdd7-4924-9db4-16f14e283d89', 'cb427b87-1251-4701-bc85-95a4b74c3e57', 'arrival_checkin', 'checked_out', '2026-02-18 00:00:00+00', '2026-02-20 00:00:00+00', '2026-02-17 17:33:04.643258+00', '2026-02-17 17:33:04.643258+00', false, NULL, false, false, '9d13932d-1ba9-4858-ad0e-bb4d85497a71', 'BKG100101', '2026-02-17 17:33:04.643258+00', NULL, 'bea34f8d-73d9-4a63-8f87-6bd55e8ff7f5', '671c00b5-5ada-4906-8c1d-4799dd26cdac'),
	('01643711-333d-4f4b-a287-7e77027651d7', '139c6002-bdd7-4924-9db4-16f14e283d89', 'cb427b87-1251-4701-bc85-95a4b74c3e57', 'arrival_checkin', 'inhouse', '2026-03-22 00:00:00+00', '2026-03-25 00:00:00+00', '2026-03-14 09:21:26.685719+00', '2026-03-14 09:21:26.685719+00', false, NULL, false, false, '9d13932d-1ba9-4858-ad0e-bb4d85497a71', 'BKG100309', '2026-03-14 09:21:26.685719+00', NULL, 'c48b9709-c15c-4002-bef1-664549f2378f', '60d4dc0a-0356-44c0-ab29-58f23febc895'),
	('d378e2ec-b431-4003-a739-f35987577dab', '139c6002-bdd7-4924-9db4-16f14e283d89', 'cb427b87-1251-4701-bc85-95a4b74c3e57', 'arrival_checkin', 'inhouse', '2026-02-22 00:00:00+00', '2026-02-25 00:00:00+00', '2026-03-15 21:21:52.044399+00', '2026-03-15 21:21:52.044399+00', false, NULL, false, false, 'fbafee4a-f600-43dc-962a-1a17dba945e3', 'BKG100106', '2026-03-15 21:21:52.044399+00', NULL, '7c30573e-52eb-42b3-b69f-910900564fd4', '1aaf4739-cad6-4edb-b119-20042e389dd1'),
	('15eebe3f-c123-47fa-9233-0087d6728819', '139c6002-bdd7-4924-9db4-16f14e283d89', 'cb427b87-1251-4701-bc85-95a4b74c3e57', 'arrival_checkin', 'inhouse', '2026-02-22 00:00:00+00', '2026-02-25 00:00:00+00', '2026-03-15 21:28:41.485286+00', '2026-03-15 21:28:41.485286+00', false, NULL, false, false, '571dedf1-e9b2-45a1-adb5-b3056df266c6', 'BKG100108', '2026-03-15 21:28:41.485286+00', NULL, 'a14061fe-3b38-41e9-9fef-0a64af888110', 'c4dfcba4-fc82-4a95-84a0-9960af20b517'),
	('22994d94-08be-4810-952a-341372d96f62', '139c6002-bdd7-4924-9db4-16f14e283d89', 'cb427b87-1251-4701-bc85-95a4b74c3e57', 'walk_in', 'inhouse', '2026-03-15 22:20:48.040744+00', '2026-03-16 11:00:00+00', '2026-03-15 22:20:48.040744+00', '2026-03-15 22:20:48.040744+00', false, NULL, false, false, 'fbafee4a-f600-43dc-962a-1a17dba945e3', 'W-260315222048-a1fb', '2026-03-15 22:20:48.040744+00', NULL, '543ffc17-978c-4a73-b245-f17ad15e3ad1', 'a3532911-4947-413c-a269-2690e581e865'),
	('9b5a943a-64e5-4c7c-a8ca-95d2e476e381', '139c6002-bdd7-4924-9db4-16f14e283d89', 'cb427b87-1251-4701-bc85-95a4b74c3e57', 'walk_in', 'inhouse', '2026-03-15 22:22:50.575056+00', '2026-03-16 11:00:00+00', '2026-03-15 22:22:50.575056+00', '2026-03-15 22:22:50.575056+00', false, NULL, false, false, '297eedfc-c02f-4fbd-9623-62a08bc91084', 'W-260315222250-0d88', '2026-03-15 22:22:50.575056+00', NULL, 'c279e4b5-4f25-4847-972c-365bc1554ad1', '18d77e56-d26e-403f-a13d-4d4810300f84'),
	('3f62599d-3d4d-4ce8-a2c1-cd6398ef65a9', '139c6002-bdd7-4924-9db4-16f14e283d89', 'cb427b87-1251-4701-bc85-95a4b74c3e57', 'walk_in', 'inhouse', '2026-03-16 11:18:51.283578+00', '2026-03-17 11:00:00+00', '2026-03-16 11:18:51.283578+00', '2026-03-16 11:18:51.283578+00', false, NULL, false, false, '4251ea81-1264-48a0-943a-5aa2cb7c276f', 'W-260316111851-a3c7', '2026-03-16 11:18:51.283578+00', NULL, '162578f5-df45-4d44-a743-66b799c7d6aa', '5de827ef-843f-4225-a059-b6859d99e3e4'),
	('ac3fa3f4-db58-491f-9b8f-1eded61bee53', 'e10eca3b-3102-41fc-8006-c1b4b70e00e6', 'cf838ade-19e4-448c-bcb3-dbc4e307fbd4', 'arrival_checkin', 'inhouse', '2026-03-16 00:00:00+00', '2026-03-17 00:00:00+00', '2026-03-16 17:53:40.232789+00', '2026-03-16 17:53:40.232789+00', false, NULL, false, false, 'f1ffd8c0-bc4f-480b-8f8e-697997e79a2a', 'WLK-MMTH6S36', '2026-03-16 17:53:40.232789+00', NULL, '652b5015-3015-4438-ae1f-057454cea662', '65549253-cf87-4825-8218-826cc4eb0fae'),
	('cd556575-e32b-4ace-bc3b-47edd54d7b44', 'e10eca3b-3102-41fc-8006-c1b4b70e00e6', '4d03f8d8-9dad-4b7b-b8f0-d18e58884750', 'arrival_checkin', 'inhouse', '2026-03-16 00:00:00+00', '2026-03-17 00:00:00+00', '2026-03-16 18:20:29.098238+00', '2026-03-16 18:20:29.098238+00', false, NULL, false, false, 'f88c0c16-0545-4342-9957-7e99d6e55946', 'WLK-MMTI7623', '2026-03-16 18:20:29.098238+00', NULL, '5e1b18bb-fd0a-4646-b577-6177cae64383', 'ec6eb87a-a741-47e0-abd5-dd5fae007109'),
	('74f7c757-b5ae-4f2e-a845-a27da65443e4', '139c6002-bdd7-4924-9db4-16f14e283d89', 'cb427b87-1251-4701-bc85-95a4b74c3e57', 'arrival_checkin', 'inhouse', '2026-03-19 00:00:00+00', '2026-03-22 00:00:00+00', '2026-03-17 13:07:24.177611+00', '2026-03-17 13:07:24.177611+00', false, NULL, false, false, '7e6a7c2d-3350-4e00-8485-12c44bb035f7', 'WLK-MMT3LBDU', '2026-03-17 13:07:24.177611+00', NULL, '95a766ad-5cb8-433c-b322-098b53b15ae4', '7aa465ba-fffa-49a4-98a2-66d6138d725e'),
	('fc824049-3d47-4394-8014-c611dc726e33', '139c6002-bdd7-4924-9db4-16f14e283d89', 'cb427b87-1251-4701-bc85-95a4b74c3e57', 'arrival_checkin', 'inhouse', '2026-03-10 00:00:00+00', '2026-03-12 00:00:00+00', '2026-03-17 19:17:16.99499+00', '2026-03-17 19:17:16.99499+00', false, NULL, false, false, '1459cf9c-34a7-4980-ba42-2f84ecdad565', 'BKG10021', '2026-03-17 19:17:16.99499+00', NULL, 'f2827920-2228-4c0b-b29c-e57f97b5022a', '71d060b2-fea5-486c-a1c2-54008f0eaecd'),
	('7d450649-ce2e-404c-aec9-7e4907a0f3ce', '5780fa80-3e6b-44d0-b87e-2b4015f78c8b', '76f60bc3-4978-4258-8150-f9cc9a70a158', 'arrival_checkin', 'inhouse', '2026-03-23 00:00:00+00', '2026-03-24 00:00:00+00', '2026-03-23 12:07:55.062223+00', '2026-03-23 12:07:55.062223+00', false, NULL, false, false, '13c59412-6169-4457-b45b-94e478059222', 'WLK-MN34SJPY', '2026-03-23 12:07:55.062223+00', NULL, 'f4ea76ed-34ec-46e7-a2f1-631c8b05825c', '514c4517-c50e-4aa0-ac29-4be458d639d2'),
	('d7b541d9-5548-4689-b8a2-04bc3b142770', 'e10eca3b-3102-41fc-8006-c1b4b70e00e6', '76f60bc3-4978-4258-8150-f9cc9a70a158', 'arrival_checkin', 'inhouse', '2026-03-29 00:00:00+00', '2026-03-31 00:00:00+00', '2026-03-29 17:51:08.624764+00', '2026-03-29 17:51:08.624764+00', false, NULL, false, false, 'ecfdeb2b-f84e-4a79-9149-5db451604328', 'WLK-MNC1OYH5', '2026-03-29 17:51:08.624764+00', NULL, 'bb329635-eb67-48a3-ae19-8de6a9ec01bb', '50808d52-641c-4e86-b0a3-ed8e4e8f0bed'),
	('de5f274d-27f0-4247-8c01-e67b0da161fb', 'e10eca3b-3102-41fc-8006-c1b4b70e00e6', 'cf838ade-19e4-448c-bcb3-dbc4e307fbd4', 'arrival_checkin', 'checked_out', '2026-04-03 00:00:00+00', '2026-04-05 00:00:00+00', '2026-04-03 10:56:08.209009+00', '2026-04-03 11:47:01.489475+00', false, NULL, false, false, 'ae0664a2-9bd1-4d7c-aa8e-e9eb1aafaa34', 'WLK-MNIS2KM5', '2026-04-03 10:56:08.209009+00', '2026-04-03 11:47:17.037693+00', 'ede4d26a-e6cc-4ab7-941c-247391359b75', '31de94e6-2820-4a2b-8d87-ec9d0bcb0100'),
	('8771209b-2da4-461a-ae32-135e582bc127', '139c6002-bdd7-4924-9db4-16f14e283d89', 'cb427b87-1251-4701-bc85-95a4b74c3e57', 'walk_in', 'checked_out', '2026-03-15 11:48:11.621156+00', '2026-03-16 11:00:00+00', '2026-03-15 11:48:11.621156+00', '2026-03-15 11:48:11.621156+00', false, NULL, false, false, '4251ea81-1264-48a0-943a-5aa2cb7c276f', 'W-260315114811-4b52', '2026-03-15 11:48:11.621156+00', '2026-04-04 11:14:05.816809+00', 'd89aa49e-e593-44dc-8826-98cfb7d6a963', '2bb3d762-b7f1-4d17-ba45-e37486fa939b'),
	('6274043d-adc6-42a4-a1bb-53b392adccf3', '139c6002-bdd7-4924-9db4-16f14e283d89', 'cb427b87-1251-4701-bc85-95a4b74c3e57', 'arrival_checkin', 'checked_out', '2026-02-22 00:00:00+00', '2026-02-25 00:00:00+00', '2026-03-15 21:50:26.600905+00', '2026-03-15 21:50:26.600905+00', false, NULL, false, false, '8eb0cbc1-a81e-4099-8add-e5a9fe38ffc0', 'BKG100107', '2026-03-15 21:50:26.600905+00', '2026-04-04 11:38:44.028339+00', 'dcafb22d-4872-48ec-9460-f5384c9fe440', '32d35fa0-a940-4bc3-a3e9-2ac7e62b1c38');


--
-- Data for Name: chat_messages; Type: TABLE DATA; Schema: public; Owner: postgres
--



--
-- Data for Name: department_templates; Type: TABLE DATA; Schema: public; Owner: postgres
--

INSERT INTO "public"."department_templates" ("id", "code", "name", "description", "display_order", "default_target_minutes", "default_warn_minutes", "default_escalate_minutes", "default_sla_start_trigger", "is_active", "created_at", "updated_at") VALUES
	('669bf46d-c40f-4540-a716-23e575aee4ce', 'HOUSEKEEPING', 'Housekeeping', NULL, 1, 30, 0, 45, 'ON_ASSIGN', true, '2026-01-07 16:41:05.647253+00', '2026-01-07 16:41:05.647253+00'),
	('a50f95a7-6b47-4e38-8754-34c7b924719d', 'ENGINEERING', 'Engineering', NULL, 2, 60, 0, 90, 'ON_ASSIGN', true, '2026-01-07 16:41:05.647253+00', '2026-01-07 16:41:05.647253+00'),
	('b6c77342-08ab-4029-bd9a-29f54c55efa9', 'FRONT_OFFICE', 'Front Office', NULL, 3, 25, 0, 40, 'ON_ASSIGN', true, '2026-01-07 16:41:05.647253+00', '2026-01-07 16:41:05.647253+00'),
	('8d7372ff-9220-4a71-9c41-252aec7816f1', 'SECURITY', 'Security', NULL, 4, 20, 0, 30, 'ON_ASSIGN', true, '2026-01-07 16:41:05.647253+00', '2026-01-07 16:41:05.647253+00'),
	('fad55dd8-64a0-49a1-8936-288e38f72130', 'IT_SUPPORT', 'IT Support', NULL, 5, 60, 0, 90, 'ON_ASSIGN', true, '2026-01-07 16:41:05.647253+00', '2026-01-07 16:41:05.647253+00'),
	('ddbfc982-ef02-471d-8dd3-351349407487', 'CONCIERGE', 'Concierge', NULL, 6, 40, 0, 60, 'ON_ASSIGN', true, '2026-01-07 16:41:05.647253+00', '2026-01-07 16:41:05.647253+00'),
	('9e04cf06-8492-4629-b8cc-409ae14e8700', 'MAINTENANCE', 'Maintenance', NULL, 7, 45, 0, 70, 'ON_ASSIGN', true, '2026-01-07 16:41:05.647253+00', '2026-01-07 16:41:05.647253+00'),
	('3eefe19c-332c-49ff-a296-28bd6c0aae5c', 'LAUNDRY', 'Laundry', NULL, 8, 40, 0, 60, 'ON_ASSIGN', true, '2026-01-07 16:41:05.647253+00', '2026-01-07 16:41:05.647253+00'),
	('9080183d-cd5b-4a48-a2cc-55794c3bc9f2', 'KITCHEN', 'Kitchen / F&B', 'Manages food and beverage related requests including room service, minibar refills, cutlery requests, and water or amenity delivery.', 9, 25, 0, 35, 'ON_ASSIGN', true, '2026-04-03 11:13:20.43472+00', '2026-04-03 11:13:55.602051+00');


--
-- Data for Name: departments; Type: TABLE DATA; Schema: public; Owner: postgres
--

INSERT INTO "public"."departments" ("id", "hotel_id", "name", "code", "description", "is_active", "display_order", "created_at", "updated_at", "template_id", "is_custom") VALUES
	('64c178b6-937a-4d79-8e95-d2eea361398a', 'e10eca3b-3102-41fc-8006-c1b4b70e00e6', 'Engineering', 'ENGINEERING', NULL, true, NULL, '2026-03-16 17:42:42.413739+00', '2026-03-16 17:42:42.413739+00', 'a50f95a7-6b47-4e38-8754-34c7b924719d', false),
	('960c2d75-c8d8-43c6-b4d1-3b683158022e', 'e10eca3b-3102-41fc-8006-c1b4b70e00e6', 'Housekeeping', 'HOUSEKEEPING', NULL, true, NULL, '2026-03-16 17:42:42.413739+00', '2026-03-16 17:42:42.413739+00', '669bf46d-c40f-4540-a716-23e575aee4ce', false),
	('7e73a115-86c1-4042-858d-0df3d0cf8a87', '5780fa80-3e6b-44d0-b87e-2b4015f78c8b', 'Front Office', 'FRONT_OFFICE', NULL, true, NULL, '2026-03-23 11:54:32.505291+00', '2026-03-23 11:54:32.505291+00', 'b6c77342-08ab-4029-bd9a-29f54c55efa9', false),
	('e1ab229e-4426-4af1-9a7b-93f59ba35e6e', '5780fa80-3e6b-44d0-b87e-2b4015f78c8b', 'Housekeeping', 'HOUSEKEEPING', NULL, true, NULL, '2026-03-23 11:55:31.303279+00', '2026-03-23 11:55:31.303279+00', '669bf46d-c40f-4540-a716-23e575aee4ce', false),
	('dcf23e73-b8b9-469d-9b27-49406ebc79c6', '5710bfe1-7590-4361-aebe-4335ac31ac1e', 'Concierge', 'CONCIERGE', NULL, true, NULL, '2026-03-23 19:29:37.760465+00', '2026-03-23 19:29:37.760465+00', 'ddbfc982-ef02-471d-8dd3-351349407487', false),
	('2a3b9bc3-1c15-47ac-9b39-a6dc00ca34e0', 'e10eca3b-3102-41fc-8006-c1b4b70e00e6', 'Kitchen / F&B', 'KITCHEN', 'Manages food and beverage related requests including room service, minibar refills, cutlery requests, and water or amenity delivery.', true, NULL, '2026-04-03 11:14:48.685284+00', '2026-04-03 11:14:48.685284+00', '9080183d-cd5b-4a48-a2cc-55794c3bc9f2', false),
	('ce98c472-67e4-49a6-aa29-859dec15ae75', '5d697b97-4336-4318-af21-53fc78a406ad', 'Kitchen / F&B', 'KITCHEN', 'Manages food and beverage related requests including room service, minibar refills, cutlery requests, and water or amenity delivery.', true, NULL, '2026-04-11 06:13:08.283769+00', '2026-04-11 06:13:08.283769+00', '9080183d-cd5b-4a48-a2cc-55794c3bc9f2', false),
	('7e10cea3-6181-44d0-bf2b-a78ddca143f2', '5d697b97-4336-4318-af21-53fc78a406ad', 'Housekeeping', 'HOUSEKEEPING', NULL, true, NULL, '2026-04-11 06:16:31.586984+00', '2026-04-11 06:16:31.586984+00', '669bf46d-c40f-4540-a716-23e575aee4ce', false),
	('7effc92f-c6cb-4a7a-8c6d-bcf9cd15794e', '5d697b97-4336-4318-af21-53fc78a406ad', 'Laundry', 'LAUNDRY', NULL, true, NULL, '2026-04-11 06:16:31.586984+00', '2026-04-11 06:16:31.586984+00', '3eefe19c-332c-49ff-a296-28bd6c0aae5c', false),
	('b9fa9db3-ee72-403b-b048-da0748135635', '5d697b97-4336-4318-af21-53fc78a406ad', 'Maintenance', 'MAINTENANCE', NULL, true, NULL, '2026-04-11 06:16:31.586984+00', '2026-04-11 06:16:31.586984+00', '9e04cf06-8492-4629-b8cc-409ae14e8700', false),
	('330736d8-f31a-468c-bb08-47af45461005', '139c6002-bdd7-4924-9db4-16f14e283d89', 'Front Desk & Guest Services', 'FRONT_DESK', 'Handles guest-facing requests such as check-in support, concierge services, billing inquiries, wake-up calls, and general assistance.
', true, 4, '2025-12-22 11:13:15.958153+00', '2026-01-07 16:41:05.647253+00', NULL, true),
	('3a8db737-3c0c-490c-b0bd-f64a3cfab6eb', '139c6002-bdd7-4924-9db4-16f14e283d89', 'Kitchen / F&B', 'KITCHEN', 'Manages food and beverage related requests including room service, minibar refills, cutlery requests, and water or amenity delivery.
', true, 3, '2025-12-22 11:13:15.958153+00', '2026-01-07 16:41:05.647253+00', NULL, true),
	('9a143d33-1d57-4717-8476-5e09438b315f', '139c6002-bdd7-4924-9db4-16f14e283d89', 'Maintenance & Engineering', 'MAINTENANCE', 'Handles technical and infrastructure issues such as electrical faults, plumbing problems, air conditioning, appliances, and general maintenance.
', true, 2, '2025-12-22 11:13:15.958153+00', '2026-01-07 16:42:26.737628+00', '9e04cf06-8492-4629-b8cc-409ae14e8700', false),
	('7a835c8f-9d26-424f-b27e-377748a28f76', '139c6002-bdd7-4924-9db4-16f14e283d89', 'Concierge', 'CONCIERGE', NULL, true, NULL, '2026-01-07 17:34:54.377061+00', '2026-01-07 17:34:54.377061+00', 'ddbfc982-ef02-471d-8dd3-351349407487', false),
	('32df5cbc-80b4-47d0-84e2-0a33d2fe0aa9', '139c6002-bdd7-4924-9db4-16f14e283d89', 'Engineering', 'ENGINEERING', NULL, true, NULL, '2026-01-07 17:54:00.19468+00', '2026-01-07 17:54:00.19468+00', 'a50f95a7-6b47-4e38-8754-34c7b924719d', false),
	('c0b8d66d-31c5-4942-9e36-e8ceb1c3bc88', '139c6002-bdd7-4924-9db4-16f14e283d89', 'Housekeeping', 'HOUSEKEEPING', 'Responsible for room cleanliness, linen changes, laundry services, turndown service, and other in-room housekeeping requests.
', true, 1, '2025-12-22 11:13:15.958153+00', '2026-01-10 21:00:12.460421+00', '669bf46d-c40f-4540-a716-23e575aee4ce', false);


--
-- Data for Name: hotel_roles; Type: TABLE DATA; Schema: public; Owner: postgres
--

INSERT INTO "public"."hotel_roles" ("id", "hotel_id", "code", "name", "description", "is_active", "created_at", "updated_at") VALUES
	('880c4979-db41-4055-8844-bdf553877420', '139c6002-bdd7-4924-9db4-16f14e283d89', 'FRONT_DESK', 'Front Desk Executive', NULL, true, '2025-12-23 16:07:42.576609+00', '2025-12-23 16:07:42.576609+00'),
	('2af53df3-edc6-48fe-ad3e-9e3591e9a27c', '139c6002-bdd7-4924-9db4-16f14e283d89', 'SUPERVISOR', 'Shift Supervisor', NULL, true, '2025-12-23 16:07:42.576609+00', '2025-12-23 16:07:42.576609+00'),
	('80118151-7a34-4e3c-a5d3-e79779c9e76b', '139c6002-bdd7-4924-9db4-16f14e283d89', 'OWNER', 'Owner', NULL, true, '2026-01-02 12:19:36.992102+00', '2026-01-02 12:19:36.992102+00'),
	('17efda7c-c596-4ef0-9e06-67141073e2dd', '139c6002-bdd7-4924-9db4-16f14e283d89', 'MANAGER', 'Manager', NULL, true, '2026-01-02 12:19:36.992102+00', '2026-01-02 12:19:36.992102+00'),
	('fc1a7621-035a-4f51-ab2e-afa31089eb8c', '139c6002-bdd7-4924-9db4-16f14e283d89', 'STAFF', 'Staff', NULL, true, '2026-01-02 12:19:36.992102+00', '2026-01-02 12:19:36.992102+00'),
	('3508c78e-a5f4-434d-af9b-0b581b490d28', '139c6002-bdd7-4924-9db4-16f14e283d89', 'KITCHEN_MANAGER', 'Kitchen Manager', 'Manages kitchen operations and food orders', true, '2026-02-01 14:16:13.908802+00', '2026-02-01 14:16:13.908802+00'),
	('97e5b0a8-34f1-48f8-8c8d-a2c3efb7c3e2', '139c6002-bdd7-4924-9db4-16f14e283d89', 'RUNNER', 'Food Runner', 'Delivers food orders to guest rooms', true, '2026-02-01 14:16:54.895901+00', '2026-02-01 14:16:54.895901+00'),
	('cead7996-de36-4d4e-80a6-1bb501cc4a27', '139c6002-bdd7-4924-9db4-16f14e283d89', 'ADMIN', 'Administrator', 'Administrative access across departments', true, '2026-02-01 14:17:38.019425+00', '2026-02-01 14:17:38.019425+00'),
	('2ad2b1d6-8794-4e3d-b94e-44ca2577dfe5', '139c6002-bdd7-4924-9db4-16f14e283d89', 'AUDIT_OFFICER', 'Audit Officer', 'Access to compliance and audit logs', true, '2026-03-02 11:46:23.380599+00', '2026-03-02 11:46:23.380599+00'),
	('6df864d0-492b-4f2e-85e5-ef8c4ac1fa86', '139c6002-bdd7-4924-9db4-16f14e283d89', 'ACCOUNTS_EXECUTIVE', 'Accounts Executive', 'Handles daily financial operations', true, '2026-03-02 11:46:23.380599+00', '2026-03-02 11:46:23.380599+00'),
	('7f8ad090-a650-48e9-8ce7-853edc5324df', '139c6002-bdd7-4924-9db4-16f14e283d89', 'MAINTENANCE_STAFF', 'Maintenance Staff', 'Handles repair and maintenance tasks', true, '2026-03-02 11:46:23.380599+00', '2026-03-02 11:46:23.380599+00'),
	('755b38f7-f67b-493c-aa66-b4b883251d5b', '139c6002-bdd7-4924-9db4-16f14e283d89', 'SECURITY_GUARD', 'Security Guard', 'Monitors property security', true, '2026-03-02 11:46:23.380599+00', '2026-03-02 11:46:23.380599+00'),
	('ce12d06a-df3a-41a6-8dd3-507218323ea2', '139c6002-bdd7-4924-9db4-16f14e283d89', 'IT_ADMIN', 'IT Administrator', 'System configuration and integrations', true, '2026-03-02 11:46:23.380599+00', '2026-03-02 11:46:23.380599+00'),
	('8579bdeb-315b-41ed-a566-c43770850b63', '139c6002-bdd7-4924-9db4-16f14e283d89', 'HOUSEKEEPING_MANAGER', 'Housekeeping Manager', 'Oversees housekeeping department', true, '2026-03-02 11:46:23.380599+00', '2026-03-02 11:46:23.380599+00'),
	('5c0e8eca-221e-4421-867a-0b576ab5849b', '139c6002-bdd7-4924-9db4-16f14e283d89', 'FINANCE_MANAGER', 'Finance Manager', 'Oversees billing, invoices and refunds', true, '2026-03-02 11:46:23.380599+00', '2026-03-02 11:46:23.380599+00'),
	('8c309055-8e94-4e82-9d21-a47512d93546', '139c6002-bdd7-4924-9db4-16f14e283d89', 'COMPLIANCE_OFFICER', 'Compliance Officer', 'Ensures regulatory compliance', true, '2026-03-02 11:46:23.380599+00', '2026-03-02 11:46:23.380599+00'),
	('89b09442-e558-4d01-9cdb-462d7efc2eb9', '139c6002-bdd7-4924-9db4-16f14e283d89', 'SECURITY_SUPERVISOR', 'Security Supervisor', 'Supervises security operations', true, '2026-03-02 11:46:23.380599+00', '2026-03-02 11:46:23.380599+00'),
	('2976dc8d-0e44-4019-9b14-aa82fcc24371', '139c6002-bdd7-4924-9db4-16f14e283d89', 'NIGHT_AUDITOR', 'Night Auditor', 'Handles night shift reconciliation', true, '2026-03-02 11:46:23.380599+00', '2026-03-02 11:46:23.380599+00'),
	('28289a3b-2dbf-4e7e-8251-a061ba5c44b2', '139c6002-bdd7-4924-9db4-16f14e283d89', 'FRONT_DESK_MANAGER', 'Front Desk Manager', 'Supervises front office operations', true, '2026-03-02 11:46:23.380599+00', '2026-03-02 11:46:23.380599+00'),
	('e86c356e-1d1f-4686-b9c0-44a4a71efa4b', '139c6002-bdd7-4924-9db4-16f14e283d89', 'CONCIERGE', 'Concierge', 'Handles guest assistance and coordination', true, '2026-03-02 11:46:23.380599+00', '2026-03-02 11:46:23.380599+00'),
	('e272a486-d211-4ec3-a393-0e8131b3969a', '139c6002-bdd7-4924-9db4-16f14e283d89', 'MAINTENANCE_SUPERVISOR', 'Maintenance Supervisor', 'Supervises maintenance team', true, '2026-03-02 11:46:23.380599+00', '2026-03-02 11:46:23.380599+00'),
	('49e01b01-f1d3-4935-a1c5-da0f68f7c062', '139c6002-bdd7-4924-9db4-16f14e283d89', 'FNB_MANAGER', 'F&B Manager', 'Oversees food & beverage operations', true, '2026-03-02 11:46:23.380599+00', '2026-03-02 11:46:23.380599+00'),
	('c298cbe1-5ff9-4e86-b955-96daab65b068', '139c6002-bdd7-4924-9db4-16f14e283d89', 'HOUSEKEEPING_SUPERVISOR', 'Housekeeping Supervisor', 'Approves inspections and SLA actions', true, '2026-03-02 11:46:23.380599+00', '2026-03-02 11:46:23.380599+00'),
	('3811c4b8-bb2c-4971-b8ed-048f85f96769', 'e10eca3b-3102-41fc-8006-c1b4b70e00e6', 'KITCHEN', 'Kitchen Staff', 'Prepares food orders', true, '2026-03-11 20:14:45.253565+00', '2026-03-11 20:14:45.253565+00'),
	('0bc24f99-f4e7-4218-a2e9-26f9737bf1d1', '5d697b97-4336-4318-af21-53fc78a406ad', 'HOUSEKEEPING_SUPERVISOR', 'Housekeeping Supervisor', 'Approves inspections and escalations', true, '2026-04-11 06:32:27.676944+00', '2026-04-11 06:32:27.676944+00'),
	('4613e741-b5a0-47a1-a930-2d71e47fcf79', '5780fa80-3e6b-44d0-b87e-2b4015f78c8b', 'OWNER', 'Owner', '', true, '2026-03-23 11:44:41.201873+00', '2026-03-23 11:44:41.201873+00'),
	('056b1eab-20d5-4c39-b3bd-69185735e98a', '5780fa80-3e6b-44d0-b87e-2b4015f78c8b', 'STAFF', 'Staff', 'General operational staff', true, '2026-03-23 12:21:28.14731+00', '2026-03-23 12:21:28.14731+00'),
	('441ba745-731e-47f4-b880-0bab05d526a3', '5780fa80-3e6b-44d0-b87e-2b4015f78c8b', 'KITCHEN', 'Kitchen Staff', 'Prepares food orders', true, '2026-03-23 12:35:51.559953+00', '2026-03-23 12:35:51.559953+00'),
	('7a491e25-dfa8-47c2-a85e-97121b548f38', '5780fa80-3e6b-44d0-b87e-2b4015f78c8b', 'HOUSEKEEPING_MANAGER', 'Housekeeping Manager', 'Oversees housekeeping department', true, '2026-03-23 12:35:51.559953+00', '2026-03-23 12:35:51.559953+00'),
	('36533591-d65c-4cf5-9cfe-1da23b2f73df', 'def83e54-817d-46fd-a886-85a21137dc5b', 'OWNER', 'Owner', '', true, '2026-03-29 17:28:00.075242+00', '2026-03-29 17:28:00.075242+00'),
	('7ced1c98-e4e5-4870-a688-d69ff8861d32', 'def83e54-817d-46fd-a886-85a21137dc5b', 'ADMINISTRATOR', 'Administrator', '', true, '2026-03-29 17:28:00.075242+00', '2026-03-29 17:28:00.075242+00'),
	('d9eeeb2f-0847-46c6-8fb1-5a9aa4d32f48', 'def83e54-817d-46fd-a886-85a21137dc5b', 'MANAGER', 'Manager', '(555) 123-4567', true, '2026-03-29 17:28:00.075242+00', '2026-03-29 17:29:38.591189+00'),
	('c6c26cff-a8b4-4bde-8cc1-f1cce7735a33', 'def83e54-817d-46fd-a886-85a21137dc5b', 'RECEPTIONIST', 'Receptionist', '(555) 123-4567', true, '2026-03-29 17:28:00.075242+00', '2026-03-29 17:29:38.591189+00'),
	('d9949a31-aeb9-45c2-95c6-61ce18e15025', 'def83e54-817d-46fd-a886-85a21137dc5b', 'HOUSEKEEPER', 'Housekeeper', '', true, '2026-03-29 17:28:00.075242+00', '2026-03-29 17:29:38.591189+00'),
	('7bed9b4c-3e41-4451-845f-6ed7debe76e7', 'def83e54-817d-46fd-a886-85a21137dc5b', 'MAINTENANCE', 'Maintenance', '', true, '2026-03-29 17:28:00.075242+00', '2026-03-29 17:29:38.591189+00'),
	('480a3bca-aad0-40fc-a39c-7e9630044fbd', 'def83e54-817d-46fd-a886-85a21137dc5b', 'SECURITY_GUARD', 'Security Guard', '', true, '2026-03-29 17:28:00.075242+00', '2026-03-29 17:29:38.591189+00'),
	('e970941c-38ec-4ae2-833f-9c216a0fbc99', 'f646136a-a5e4-4f0c-95e7-d81bc3bed8b0', 'ADMINISTRATOR', 'Administrator', '', true, '2026-04-03 10:39:13.50318+00', '2026-04-03 10:41:23.32757+00'),
	('8db8b14f-4a30-40db-a7ad-87a30efbdd09', 'f646136a-a5e4-4f0c-95e7-d81bc3bed8b0', 'OWNER', 'Owner', '', true, '2026-04-03 10:41:23.32757+00', '2026-04-03 10:41:23.32757+00'),
	('9c702df3-e50b-4882-b7a2-8168641378ba', 'e10eca3b-3102-41fc-8006-c1b4b70e00e6', 'HOTEL_OWNER', 'Hotel Owner', '', true, '2026-04-03 12:04:26.945795+00', '2026-04-03 12:04:26.945795+00'),
	('2f82f69d-fc1f-48db-9025-ea82b9b8b964', 'e10eca3b-3102-41fc-8006-c1b4b70e00e6', 'KITCHEN_STAFF', 'Kitchen Staff', 'Prepares food orders', true, '2026-03-16 17:33:36.112874+00', '2026-04-03 12:04:26.945795+00'),
	('157b503d-b991-4779-8b6c-67a8d9dfcad8', 'e10eca3b-3102-41fc-8006-c1b4b70e00e6', 'STAFF', 'STAFF', '', true, '2026-03-10 19:21:37.90191+00', '2026-04-03 12:04:26.945795+00'),
	('6d7f4356-c806-4fa7-89a1-50849577a2d5', 'e10eca3b-3102-41fc-8006-c1b4b70e00e6', 'KITCHEN_STAFF_1', 'Kitchen Staff', 'Prepares food orders', true, '2026-04-03 12:04:26.945795+00', '2026-04-03 12:04:26.945795+00'),
	('cb784960-08af-464b-b3e9-982e5eb34c2c', '5d697b97-4336-4318-af21-53fc78a406ad', 'HOUSEKEEPING_MANAGER', 'Housekeeping Manager', 'Oversees housekeeping department', true, '2026-04-11 06:32:27.676944+00', '2026-04-11 06:32:27.676944+00'),
	('43d211f1-1d5c-4396-bb1f-4fe9bf3ced3c', 'e10eca3b-3102-41fc-8006-c1b4b70e00e6', 'OWNER', 'Owner', '', true, '2026-03-11 16:43:34.239003+00', '2026-04-16 17:45:55.124485+00'),
	('0705e4e2-f044-4e6e-b5f5-af0e2a63ca72', '5d697b97-4336-4318-af21-53fc78a406ad', 'OWNER', 'Owner', '', true, '2026-04-11 05:46:10.747267+00', '2026-04-11 05:53:42.395792+00'),
	('7f9266a8-e7fd-4f5a-8c4c-94fde5de7e7a', '5d697b97-4336-4318-af21-53fc78a406ad', 'GENERAL_MANAGER', 'General Manager', '', true, '2026-04-11 05:46:10.747267+00', '2026-04-11 05:53:42.395792+00'),
	('2c821131-c515-470d-b219-3d9e57e69d35', '5d697b97-4336-4318-af21-53fc78a406ad', 'FRONT_DESK_EXECUTIVE', 'Front Desk Executive', '', true, '2026-04-11 05:46:10.747267+00', '2026-04-11 05:53:42.395792+00'),
	('63998ba5-87e9-4b70-9e66-e4e7d7113f0a', '5d697b97-4336-4318-af21-53fc78a406ad', 'STAFF', 'Staff', '', true, '2026-04-11 05:46:10.747267+00', '2026-04-11 05:53:42.395792+00'),
	('c893103a-ffee-4bfe-b9b0-2655bbd3dffd', '5d697b97-4336-4318-af21-53fc78a406ad', 'KITCHEN_STAFF', 'Kitchen Staff', '', true, '2026-04-11 05:46:10.747267+00', '2026-04-11 05:53:42.395792+00'),
	('ba2f5bbf-d44a-4aff-abd4-523679f80aae', '5d697b97-4336-4318-af21-53fc78a406ad', 'FOOD_RUNNER', 'Food Runner', '', true, '2026-04-11 05:46:10.747267+00', '2026-04-11 05:53:42.395792+00'),
	('7bd47778-2049-41fd-8241-ee1142c480b9', '5d697b97-4336-4318-af21-53fc78a406ad', 'MAINTENANCE_STAFF', 'Maintenance Staff', '', true, '2026-04-11 05:46:10.747267+00', '2026-04-11 05:53:42.395792+00');


--
-- Data for Name: hotel_members; Type: TABLE DATA; Schema: public; Owner: postgres
--

INSERT INTO "public"."hotel_members" ("id", "hotel_id", "user_id", "role", "created_at", "active", "primary_department_id", "is_active", "is_verified", "updated_at", "status", "last_assigned_at", "role_id") VALUES
	('8be41e64-e0f5-456d-af21-ca8b6e338967', '5d697b97-4336-4318-af21-53fc78a406ad', 'd1e40c02-9978-46fd-875e-3989537af942', 'OWNER', '2026-04-11 05:54:54.185219+00', true, NULL, true, false, '2026-04-18 12:23:35.340396+00', 'active', NULL, NULL),
	('3e53a808-f4ec-49f4-968e-37ae694e9367', '5780fa80-3e6b-44d0-b87e-2b4015f78c8b', '64847cf8-136b-445d-b34b-fe6e18a6d020', 'OWNER', '2026-03-23 11:52:20.623767+00', true, NULL, true, true, '2026-04-18 12:23:40.158286+00', 'active', '2026-03-23 13:00:00.649033+00', NULL),
	('db99d7a7-690a-414f-9e0c-f5132f8b2cbc', 'e10eca3b-3102-41fc-8006-c1b4b70e00e6', 'd1e40c02-9978-46fd-875e-3989537af942', 'OWNER', '2026-04-16 17:46:39.033448+00', true, NULL, true, true, '2026-04-18 12:23:50.28529+00', 'active', NULL, NULL),
	('10bce85a-12bd-412f-b26f-e1c319221114', '5d697b97-4336-4318-af21-53fc78a406ad', 'e50f31d7-b7aa-4bc5-b311-36ea3d5a45db', 'STAFF', '2026-04-11 05:51:24.345345+00', true, NULL, true, false, '2026-04-18 12:32:26.878559+00', 'active', NULL, NULL),
	('f0a60133-439f-4ea2-9236-bde74feee105', '139c6002-bdd7-4924-9db4-16f14e283d89', 'd1e40c02-9978-46fd-875e-3989537af942', 'OWNER', '2025-10-19 19:01:03.403461+00', true, 'c0b8d66d-31c5-4942-9e36-e8ceb1c3bc88', true, true, '2026-04-18 13:45:08.434213+00', 'active', NULL, NULL),
	('9f9b8b4f-2b06-4c80-8a05-dd34ac89c451', '5710bfe1-7590-4361-aebe-4335ac31ac1e', 'd1e40c02-9978-46fd-875e-3989537af942', 'OWNER', '2025-10-20 07:05:42.986837+00', true, 'c0b8d66d-31c5-4942-9e36-e8ceb1c3bc88', true, true, '2026-01-19 17:59:47.082072+00', 'active', NULL, NULL),
	('147b6e57-ce3c-483b-8b19-d2b1bb5fdb58', 'ce30b5a6-a0f0-4238-b213-397216edf1d8', 'd1e40c02-9978-46fd-875e-3989537af942', 'OWNER', '2025-10-20 07:05:42.986837+00', true, 'c0b8d66d-31c5-4942-9e36-e8ceb1c3bc88', true, true, '2026-01-19 17:59:50.49489+00', 'active', NULL, NULL),
	('8e593253-ca12-40cc-9f35-53bb1146dfba', 'ce30b5a6-a0f0-4238-b213-397216edf1d8', '73904179-cca9-40ab-a2c4-e509dadbbbbb', 'OWNER', '2025-11-15 16:51:35.698022+00', true, 'c0b8d66d-31c5-4942-9e36-e8ceb1c3bc88', true, true, '2026-01-19 17:59:56.011862+00', 'active', NULL, NULL),
	('dde18a07-fccd-4255-805f-9ab03704c046', '5710bfe1-7590-4361-aebe-4335ac31ac1e', '73904179-cca9-40ab-a2c4-e509dadbbbbb', 'OWNER', '2025-11-15 16:51:35.698022+00', true, 'c0b8d66d-31c5-4942-9e36-e8ceb1c3bc88', true, true, '2026-03-24 07:49:00.092333+00', 'active', NULL, NULL),
	('18ced61e-1508-47f0-bb6d-a3e39e5fdb7d', '139c6002-bdd7-4924-9db4-16f14e283d89', '73904179-cca9-40ab-a2c4-e509dadbbbbb', 'OWNER', '2025-11-15 16:51:35.698022+00', true, 'c0b8d66d-31c5-4942-9e36-e8ceb1c3bc88', true, true, '2026-04-03 13:27:00.624328+00', 'active', '2026-04-03 13:27:00.688085+00', NULL);


--
-- Data for Name: hotel_zones; Type: TABLE DATA; Schema: public; Owner: postgres
--

INSERT INTO "public"."hotel_zones" ("id", "hotel_id", "name", "floor", "wing", "is_active", "created_at", "updated_at", "zone_type", "parent_zone_id") VALUES
	('e98b3542-2022-4386-a8e6-c0d7758a8034', '139c6002-bdd7-4924-9db4-16f14e283d89', 'Floor 1 East', 1, 'East', true, '2025-12-23 16:09:36.860946+00', '2025-12-23 16:09:36.860946+00', 'FACILITY', NULL),
	('68f5cde4-665b-441f-992f-d9e8c30ab5af', '139c6002-bdd7-4924-9db4-16f14e283d89', 'Floor 1 West', 1, 'West', true, '2025-12-23 16:09:36.860946+00', '2025-12-23 16:09:36.860946+00', 'FACILITY', NULL),
	('067d6f38-eca0-4472-9a3e-37a174fa17fa', '139c6002-bdd7-4924-9db4-16f14e283d89', 'Floor 2 East', 2, 'East', true, '2025-12-23 16:09:36.860946+00', '2025-12-23 16:09:36.860946+00', 'FACILITY', NULL),
	('4b975e3a-03da-4a7a-9898-0c7e1385cd0f', '139c6002-bdd7-4924-9db4-16f14e283d89', 'Lobby', NULL, NULL, true, '2026-01-24 12:32:37.041549+00', '2026-01-24 12:32:37.041549+00', 'FACILITY', NULL),
	('c5c657fc-f1ae-49c4-9891-8d432036013e', '139c6002-bdd7-4924-9db4-16f14e283d89', 'Swimming Pool', NULL, NULL, true, '2026-01-24 12:32:37.041549+00', '2026-01-24 12:32:37.041549+00', 'FACILITY', NULL),
	('d2b1cdac-293c-4aad-b7f3-b77c6a42a6c1', '139c6002-bdd7-4924-9db4-16f14e283d89', 'Gym', NULL, NULL, true, '2026-01-24 12:32:37.041549+00', '2026-01-24 12:32:37.041549+00', 'FACILITY', NULL),
	('87240941-31cd-4d56-8501-5c9c4cfbca6a', '139c6002-bdd7-4924-9db4-16f14e283d89', 'Spa', NULL, NULL, true, '2026-01-24 12:32:37.041549+00', '2026-01-24 12:32:37.041549+00', 'FACILITY', NULL),
	('09e655fc-7999-4189-b29f-96c648fbea53', '139c6002-bdd7-4924-9db4-16f14e283d89', 'Parking', NULL, NULL, true, '2026-01-24 12:32:37.041549+00', '2026-01-24 12:32:37.041549+00', 'OUTDOOR', NULL),
	('fd0a5f15-df84-45ea-b084-c71c54c8b98b', '139c6002-bdd7-4924-9db4-16f14e283d89', 'Garden', NULL, NULL, true, '2026-01-24 12:32:37.041549+00', '2026-01-24 12:32:37.041549+00', 'OUTDOOR', NULL),
	('80b6d78b-5219-41cf-880d-9f38b6157ed5', '139c6002-bdd7-4924-9db4-16f14e283d89', 'Laundry', NULL, NULL, true, '2026-01-24 12:32:37.041549+00', '2026-01-24 12:32:37.041549+00', 'BACK_OF_HOUSE', NULL),
	('409d3753-b134-4b1c-9762-11738f69d261', '139c6002-bdd7-4924-9db4-16f14e283d89', 'Store Room', NULL, NULL, true, '2026-01-24 12:32:37.041549+00', '2026-01-24 12:32:37.041549+00', 'BACK_OF_HOUSE', NULL),
	('0bd837ee-d173-4510-b2d2-41d140b2b4f7', '139c6002-bdd7-4924-9db4-16f14e283d89', 'Floor 1', 1, NULL, true, '2026-01-24 12:32:37.041549+00', '2026-01-24 12:32:37.041549+00', 'FLOOR', NULL),
	('e7fa11e7-75d1-49b1-a571-a6a03a90435a', '139c6002-bdd7-4924-9db4-16f14e283d89', 'Floor 2', 2, NULL, true, '2026-01-24 12:32:37.041549+00', '2026-01-24 12:32:37.041549+00', 'FLOOR', NULL),
	('9058a727-41a1-4651-ae3b-1302916a9fc5', '139c6002-bdd7-4924-9db4-16f14e283d89', 'Floor 3', 3, NULL, true, '2026-01-24 12:32:37.041549+00', '2026-01-24 12:32:37.041549+00', 'FLOOR', NULL),
	('c29135e1-796d-4059-887d-0f14b71c5f7f', '139c6002-bdd7-4924-9db4-16f14e283d89', 'Floor 1 Corridor', 1, NULL, true, '2026-01-24 12:32:37.041549+00', '2026-01-24 12:32:37.041549+00', 'CORRIDOR', '0bd837ee-d173-4510-b2d2-41d140b2b4f7'),
	('06208b75-995f-4ce0-af20-1441803ece5d', '139c6002-bdd7-4924-9db4-16f14e283d89', 'Floor 2 Corridor', 2, NULL, true, '2026-01-24 12:32:37.041549+00', '2026-01-24 12:32:37.041549+00', 'CORRIDOR', 'e7fa11e7-75d1-49b1-a571-a6a03a90435a'),
	('f50d99ba-509e-4bdb-8cf6-d3801da564f7', '139c6002-bdd7-4924-9db4-16f14e283d89', 'Floor 3 Corridor', 3, NULL, true, '2026-01-24 12:32:37.041549+00', '2026-01-24 12:32:37.041549+00', 'CORRIDOR', '9058a727-41a1-4651-ae3b-1302916a9fc5');


--
-- Data for Name: service_templates; Type: TABLE DATA; Schema: public; Owner: postgres
--

INSERT INTO "public"."service_templates" ("id", "code", "label", "default_department_code", "default_sla_minutes", "is_system_default", "is_active", "created_at", "updated_at", "description", "description_en", "requires_description") VALUES
	('1dd616a1-c0ea-47f6-aa7b-5e44f0080f3c', 'food_delay', 'Food Delivery Delay', 'KITCHEN', 20, true, true, '2026-01-06 19:39:09.905316+00', '2026-01-25 09:12:40.646177+00', 'Report issues such as food delivery delays or missing food items.', NULL, true),
	('28144647-916c-468c-a385-59850d72d919', 'maintenance_electric', 'Electrical Issue', 'MAINTENANCE', 25, true, true, '2026-01-06 19:39:09.905316+00', '2026-01-25 09:12:40.646177+00', 'Report electrical issues like lights not working, power outage, or faulty switches.', NULL, true),
	('3bc4a35d-9863-4a34-8b41-d39c7a4154e3', 'maintenance_ac', 'AC – Not Cooling', 'MAINTENANCE', 30, true, true, '2026-01-06 19:39:09.905316+00', '2026-01-25 09:12:40.646177+00', 'Report air conditioning issues such as room not cooling or heating properly.', NULL, true),
	('50d6d626-7035-4ce2-a162-7255213e9b5d', 'maintenance_plumbing', 'Bathroom / Plumbing Issue', 'MAINTENANCE', 40, true, true, '2026-01-06 19:39:09.905316+00', '2026-01-25 09:12:40.646177+00', 'Report plumbing issues like water leakage, clogged drains, or low water pressure.', NULL, true),
	('5aa1ad8d-c7d1-46a0-9dc9-fec889383ba5', 'laundry', 'Laundry', 'HOUSEKEEPING', 60, true, true, '2026-01-06 19:39:09.905316+00', '2026-01-25 09:12:40.646177+00', 'Request laundry service for clothes. Please mention quantity and any special instructions.', NULL, true),
	('d77f5730-37ea-4e6e-8378-c5d5a8e54b18', 'room_service', 'Room Service', 'KITCHEN', 30, true, true, '2026-01-06 19:39:09.905316+00', '2026-01-25 09:12:40.646177+00', 'Request in-room dining service. Food ordering is handled in the dedicated menu.', NULL, true),
	('13faab22-ccb3-4b12-819e-0b3ab778f2f4', 'turn_down_service', 'Turn Down Service', 'HOUSEKEEPING', 30, true, true, '2026-01-06 19:39:09.905316+00', '2026-01-25 09:54:09.705262+00', 'Evening housekeeping service including bed preparation and a light room refresh.', NULL, true),
	('58aa9e3a-9597-45b9-a82c-6878a66e9c56', 'missing_cutlery', 'Missing Cutlery', 'KITCHEN', 15, true, true, '2026-01-06 19:39:09.905316+00', '2026-01-25 09:54:09.705262+00', 'Request missing plates, cutlery, or serving items.', NULL, true),
	('7075f817-c837-4a84-a72b-a4cb5312e2f9', 'late_checkout', 'Late Checkout Request', 'FRONT_DESK', 10, true, true, '2026-01-06 19:39:09.905316+00', '2026-01-25 09:54:09.705262+00', 'Request approval for late check-out. Subject to availability.', NULL, true),
	('dcddc93a-548c-420e-bf9f-0a4c58af7d33', 'key_card_issue', 'Key Card Issue', 'FRONT_DESK', 5, true, true, '2026-01-06 19:39:09.905316+00', '2026-01-25 09:54:09.705262+00', 'Request help if your room key card is not working or needs replacement.', NULL, true),
	('e8be51cb-f26d-431a-88ac-3ea1f483d267', 'room_cleaning', 'Room Cleaning', 'HOUSEKEEPING', 45, true, true, '2026-01-06 19:39:09.905316+00', '2026-01-25 09:54:09.705262+00', 'Request full cleaning of your room. You may mention preferred timing or instructions.', NULL, true),
	('03eb0955-bb02-4b1e-8741-e8cd38908af0', 'extra_towels', 'Extra Towels', 'HOUSEKEEPING', 20, true, true, '2026-01-06 19:39:09.905316+00', '2026-01-25 09:54:09.705262+00', 'Request additional towels to be delivered to your room.', NULL, true);


--
-- Data for Name: services; Type: TABLE DATA; Schema: public; Owner: postgres
--

INSERT INTO "public"."services" ("id", "hotel_id", "key", "label", "sla_minutes", "active", "priority_weight", "created_at", "updated_at", "label_en", "department_id", "template_id", "is_custom", "description", "description_en", "requires_description") VALUES
	('a9972c7f-7ddb-43bf-b95b-96f56782eb04', 'e10eca3b-3102-41fc-8006-c1b4b70e00e6', 'bed_sheet', 'Bed sheet', 10, true, 0, '2026-03-16 17:45:32.770098+00', '2026-04-03 11:22:18.004508+00', NULL, '960c2d75-c8d8-43c6-b4d1-3b683158022e', NULL, true, NULL, NULL, true),
	('fb75ff3a-8a83-4bdc-b5bd-cad6edd4d906', 'e10eca3b-3102-41fc-8006-c1b4b70e00e6', 'room_service', 'Room Service', 25, true, 0, '2026-04-03 11:16:21.020209+00', '2026-04-03 11:22:18.004508+00', NULL, '2a3b9bc3-1c15-47ac-9b39-a6dc00ca34e0', 'd77f5730-37ea-4e6e-8378-c5d5a8e54b18', false, NULL, NULL, true),
	('8a71db6e-d2b8-49e2-94f0-363d8272e8eb', 'e10eca3b-3102-41fc-8006-c1b4b70e00e6', 'missing_cutlery', 'Missing Cutlery', 25, true, 0, '2026-04-03 11:16:21.020209+00', '2026-04-03 11:22:18.004508+00', NULL, '2a3b9bc3-1c15-47ac-9b39-a6dc00ca34e0', '58aa9e3a-9597-45b9-a82c-6878a66e9c56', false, NULL, NULL, true),
	('3c277636-4d0b-4b2b-a58f-8aac75e4c12e', 'e10eca3b-3102-41fc-8006-c1b4b70e00e6', 'food_delay', 'Food Delivery Delay', 25, true, 0, '2026-04-03 11:16:21.020209+00', '2026-04-03 11:22:18.004508+00', NULL, '2a3b9bc3-1c15-47ac-9b39-a6dc00ca34e0', '1dd616a1-c0ea-47f6-aa7b-5e44f0080f3c', false, NULL, NULL, true),
	('e9225638-4349-4557-8221-603acdfc55f1', '5d697b97-4336-4318-af21-53fc78a406ad', 'room_cleaning', 'Room Cleaning', 30, true, 0, '2026-04-11 06:17:54.75654+00', '2026-04-11 06:17:54.75654+00', NULL, '7e10cea3-6181-44d0-bf2b-a78ddca143f2', 'e8be51cb-f26d-431a-88ac-3ea1f483d267', false, NULL, NULL, true),
	('510a8365-f04f-4b87-a90d-3cb65a8640a9', '5d697b97-4336-4318-af21-53fc78a406ad', 'extra_towels', 'Extra Towels', 30, true, 0, '2026-04-11 06:17:54.75654+00', '2026-04-11 06:17:54.75654+00', NULL, '7e10cea3-6181-44d0-bf2b-a78ddca143f2', '03eb0955-bb02-4b1e-8741-e8cd38908af0', false, NULL, NULL, true),
	('2d584dc6-ef08-4dd4-bad2-bd5f63394186', '5d697b97-4336-4318-af21-53fc78a406ad', 'maintenance_ac', 'AC – Not Cooling', 45, true, 0, '2026-04-11 06:17:54.75654+00', '2026-04-11 06:17:54.75654+00', NULL, 'b9fa9db3-ee72-403b-b048-da0748135635', '3bc4a35d-9863-4a34-8b41-d39c7a4154e3', false, NULL, NULL, true),
	('1b974c58-7ee8-4301-b70b-8a9182daede7', '5d697b97-4336-4318-af21-53fc78a406ad', 'maintenance_plumbing', 'Bathroom / Plumbing Issue', 45, true, 0, '2026-04-11 06:17:54.75654+00', '2026-04-11 06:17:54.75654+00', NULL, 'b9fa9db3-ee72-403b-b048-da0748135635', '50d6d626-7035-4ce2-a162-7255213e9b5d', false, NULL, NULL, true),
	('63120c74-9913-4ca9-b31a-c2645b4fd7da', '139c6002-bdd7-4924-9db4-16f14e283d89', 'maintenance_plumbing', 'Bathroom / Plumbing Issue', 40, true, 0, '2026-01-06 19:48:52.636984+00', '2026-03-09 19:20:03.02731+00', 'Bathroom / Plumbing Issue', '9a143d33-1d57-4717-8476-5e09438b315f', '50d6d626-7035-4ce2-a162-7255213e9b5d', false, 'Report plumbing issues like water leakage, clogged drains, or low water pressure.', 'Report plumbing issues like water leakage, clogged drains, or low water pressure.', true),
	('f6795f7f-f6ae-42a1-9ec2-a104d7244f67', '139c6002-bdd7-4924-9db4-16f14e283d89', 'maintenance_electric', 'Electrical Issue', 25, true, 0, '2026-01-06 19:48:52.636984+00', '2026-03-09 19:20:03.02731+00', 'Electrical Issue', '9a143d33-1d57-4717-8476-5e09438b315f', '28144647-916c-468c-a385-59850d72d919', false, 'Report electrical issues like lights not working, power outage, or faulty switches.', 'Report electrical issues like lights not working, power outage, or faulty switches.', true),
	('6ed5a1ba-4223-4c13-926a-78a7f9e5f87f', '5780fa80-3e6b-44d0-b87e-2b4015f78c8b', 'pillow', 'Pillow', 5, true, 0, '2026-03-23 11:56:49.476531+00', '2026-03-23 11:57:18.306163+00', NULL, '7e73a115-86c1-4042-858d-0df3d0cf8a87', NULL, true, NULL, NULL, true),
	('27d1c266-01db-4fc3-bdf4-cc69bad6db35', '139c6002-bdd7-4924-9db4-16f14e283d89', 'laundry', 'Laundry', 60, false, 0, '2026-01-06 19:48:52.636984+00', '2026-03-09 19:20:03.02731+00', 'Laundry', 'c0b8d66d-31c5-4942-9e36-e8ceb1c3bc88', '5aa1ad8d-c7d1-46a0-9dc9-fec889383ba5', false, 'Request laundry service for clothes. Please mention quantity and any special instructions.', 'Request laundry service for clothes. Please mention quantity and any special instructions.', true),
	('34b7aa31-e62d-42c0-a6cd-cffa064a1df4', '139c6002-bdd7-4924-9db4-16f14e283d89', 'missing_cutlery', 'Missing Cutlery', 16, true, 0, '2026-01-06 19:48:52.636984+00', '2026-03-09 19:20:03.02731+00', 'Missing Cutlery', '3a8db737-3c0c-490c-b0bd-f64a3cfab6eb', '58aa9e3a-9597-45b9-a82c-6878a66e9c56', false, 'Request missing plates, cutlery, or serving items.', 'Request missing plates, cutlery, or serving items.', true),
	('2f3b238d-b538-4b26-be62-aace7889525d', '139c6002-bdd7-4924-9db4-16f14e283d89', 'key_card_issue', 'Key Card Issue', 10, true, 0, '2026-01-07 14:00:00.082624+00', '2026-03-09 19:20:03.02731+00', 'Key Card Issue', '330736d8-f31a-468c-bb08-47af45461005', 'dcddc93a-548c-420e-bf9f-0a4c58af7d33', false, 'Request help if your room key card is not working or needs replacement.', 'Request help if your room key card is not working or needs replacement.', true),
	('9f69be2f-7924-473a-9876-e8af6274783d', '139c6002-bdd7-4924-9db4-16f14e283d89', 'room_cleaning', 'Room Cleaning', 30, true, 0, '2026-01-07 14:07:34.763732+00', '2026-03-09 19:20:03.02731+00', 'Room Cleaning', 'c0b8d66d-31c5-4942-9e36-e8ceb1c3bc88', 'e8be51cb-f26d-431a-88ac-3ea1f483d267', false, 'Request full cleaning of your room. You may mention preferred timing or instructions.', 'Request full cleaning of your room. You may mention preferred timing or instructions.', true),
	('3fbda396-d769-4b05-b464-cb22f66c8f5a', '139c6002-bdd7-4924-9db4-16f14e283d89', 'turn_down_service', 'Turn Down Service', 30, true, 0, '2026-01-07 14:07:34.763732+00', '2026-03-09 19:20:03.02731+00', 'Turn Down Service', 'c0b8d66d-31c5-4942-9e36-e8ceb1c3bc88', '13faab22-ccb3-4b12-819e-0b3ab778f2f4', false, 'Evening housekeeping service including bed preparation and a light room refresh.', 'Evening housekeeping service including bed preparation and a light room refresh.', true),
	('f91e8061-89b7-4b41-af6c-6b3c2c6a1a45', '5780fa80-3e6b-44d0-b87e-2b4015f78c8b', 'clean_ac', 'Clean AC', 30, true, 0, '2026-03-23 11:57:18.306163+00', '2026-03-23 11:57:18.306163+00', NULL, 'e1ab229e-4426-4af1-9a7b-93f59ba35e6e', NULL, true, NULL, NULL, true),
	('260aaefd-1741-49dc-9edf-5fe6fe4cf6e2', '139c6002-bdd7-4924-9db4-16f14e283d89', 'room_service', 'Room Service', 30, true, 0, '2026-01-06 19:48:52.636984+00', '2026-03-09 19:20:03.02731+00', 'Room Service', '3a8db737-3c0c-490c-b0bd-f64a3cfab6eb', 'd77f5730-37ea-4e6e-8378-c5d5a8e54b18', false, 'Request in-room dining service. Food ordering is handled in the dedicated menu.', 'Request in-room dining service. Food ordering is handled in the dedicated menu.', true),
	('87bc6414-1322-4b22-a136-c094e62bacdc', '139c6002-bdd7-4924-9db4-16f14e283d89', 'extra_towels', 'Extra Towels', 30, true, 0, '2026-01-07 14:46:49.601255+00', '2026-03-09 19:20:03.02731+00', 'Extra Towels', 'c0b8d66d-31c5-4942-9e36-e8ceb1c3bc88', '03eb0955-bb02-4b1e-8741-e8cd38908af0', false, 'Request additional towels to be delivered to your room.', 'Request additional towels to be delivered to your room.', true),
	('e8016643-1bb9-4933-ab28-87b7fd0fabb4', '5710bfe1-7590-4361-aebe-4335ac31ac1e', 'pilow', 'pilow', 40, true, 0, '2026-03-23 19:30:00.53166+00', '2026-03-23 19:30:00.53166+00', NULL, 'dcf23e73-b8b9-469d-9b27-49406ebc79c6', NULL, true, NULL, NULL, true);


--
-- Data for Name: tickets; Type: TABLE DATA; Schema: public; Owner: postgres
--

INSERT INTO "public"."tickets" ("id", "service_department_id", "room_id", "title", "description", "status", "current_assignee_id", "created_by_type", "created_by_id", "created_at", "updated_at", "completed_at", "cancelled_at", "zone_id", "hotel_id", "priority", "reason_code", "stay_id", "service_id", "display_id") VALUES
	('1af0acdc-18b6-4831-bf85-77e2213df06e', 'c0b8d66d-31c5-4942-9e36-e8ceb1c3bc88', '1459cf9c-34a7-4980-ba42-2f84ecdad565', 'Room Cleaning', NULL, 'COMPLETED', '18ced61e-1508-47f0-bb6d-a3e39e5fdb7d', 'GUEST', NULL, '2026-01-18 19:02:53.229171+00', '2026-01-18 19:03:45.986849+00', '2026-01-18 19:03:45.986849+00', NULL, NULL, '139c6002-bdd7-4924-9db4-16f14e283d89', 'NORMAL', NULL, '6cecd24c-5d2b-4554-abad-acc34120fe13', '9f69be2f-7924-473a-9876-e8af6274783d', 'REQ-1021'),
	('e072ff9c-10a2-4426-bd6f-f3a06c0c5cf1', 'c0b8d66d-31c5-4942-9e36-e8ceb1c3bc88', '1459cf9c-34a7-4980-ba42-2f84ecdad565', 'Laundry', 'Guest requested: Laundry', 'COMPLETED', '18ced61e-1508-47f0-bb6d-a3e39e5fdb7d', 'GUEST', NULL, '2026-01-10 18:01:50.4972+00', '2026-02-28 08:28:03.469114+00', '2026-02-28 08:28:03.469114+00', NULL, NULL, '139c6002-bdd7-4924-9db4-16f14e283d89', 'NORMAL', NULL, '6cecd24c-5d2b-4554-abad-acc34120fe13', '27d1c266-01db-4fc3-bdf4-cc69bad6db35', 'REQ-1007'),
	('be0f98b1-c51e-49d2-9960-545253aec1cf', 'c0b8d66d-31c5-4942-9e36-e8ceb1c3bc88', '1459cf9c-34a7-4980-ba42-2f84ecdad565', 'Laundry', 'Guest requested: Laundry', 'CANCELLED', '18ced61e-1508-47f0-bb6d-a3e39e5fdb7d', 'GUEST', NULL, '2026-01-03 10:14:55.39846+00', '2026-01-09 19:21:59.388231+00', '2026-01-09 19:21:59.388231+00', NULL, NULL, '139c6002-bdd7-4924-9db4-16f14e283d89', 'NORMAL', NULL, NULL, '27d1c266-01db-4fc3-bdf4-cc69bad6db35', 'REQ-1000'),
	('72ee74d2-1844-410e-8988-98670a0d3f5e', 'c0b8d66d-31c5-4942-9e36-e8ceb1c3bc88', '1459cf9c-34a7-4980-ba42-2f84ecdad565', 'Laundry', 'Guest requested: Laundry', 'COMPLETED', '18ced61e-1508-47f0-bb6d-a3e39e5fdb7d', 'GUEST', NULL, '2026-01-10 17:48:18.633423+00', '2026-01-11 13:51:30.744248+00', '2026-01-11 13:51:30.744248+00', NULL, NULL, '139c6002-bdd7-4924-9db4-16f14e283d89', 'NORMAL', NULL, NULL, '27d1c266-01db-4fc3-bdf4-cc69bad6db35', 'REQ-1006'),
	('8a13e5a1-4eea-4c0e-957d-4371e672fcb3', 'c0b8d66d-31c5-4942-9e36-e8ceb1c3bc88', NULL, 'Room Cleaning', 'floor change', 'COMPLETED', '18ced61e-1508-47f0-bb6d-a3e39e5fdb7d', 'GUEST', NULL, '2026-02-03 16:21:29.638415+00', '2026-02-28 08:28:26.072975+00', '2026-02-28 08:28:26.072975+00', NULL, 'e7fa11e7-75d1-49b1-a571-a6a03a90435a', '139c6002-bdd7-4924-9db4-16f14e283d89', 'NORMAL', NULL, '6cecd24c-5d2b-4554-abad-acc34120fe13', '9f69be2f-7924-473a-9876-e8af6274783d', 'REQ-1051'),
	('55295574-1e6d-46e9-82a9-cbd2f6ad7a2b', 'c0b8d66d-31c5-4942-9e36-e8ceb1c3bc88', '1459cf9c-34a7-4980-ba42-2f84ecdad565', 'Laundry', 'Guest requested: Laundry', 'CANCELLED', '18ced61e-1508-47f0-bb6d-a3e39e5fdb7d', 'GUEST', NULL, '2026-01-10 18:17:50.018817+00', '2026-01-16 09:15:06.35277+00', '2026-01-16 09:15:06.35277+00', NULL, NULL, '139c6002-bdd7-4924-9db4-16f14e283d89', 'NORMAL', NULL, '6cecd24c-5d2b-4554-abad-acc34120fe13', '27d1c266-01db-4fc3-bdf4-cc69bad6db35', 'REQ-1008'),
	('48a8b6d1-65d7-4054-b8d0-84e97fd8e837', 'c0b8d66d-31c5-4942-9e36-e8ceb1c3bc88', '1459cf9c-34a7-4980-ba42-2f84ecdad565', 'Laundry', 'Guest requested: Laundry
Note: laundry service required for room ', 'COMPLETED', '18ced61e-1508-47f0-bb6d-a3e39e5fdb7d', 'GUEST', NULL, '2026-01-10 18:24:20.030628+00', '2026-01-13 17:21:39.942435+00', '2026-01-13 17:21:39.942435+00', NULL, NULL, '139c6002-bdd7-4924-9db4-16f14e283d89', 'NORMAL', NULL, NULL, '27d1c266-01db-4fc3-bdf4-cc69bad6db35', 'REQ-1009'),
	('0a3d474a-e885-4b73-a5a5-26c284deb104', 'c0b8d66d-31c5-4942-9e36-e8ceb1c3bc88', '1459cf9c-34a7-4980-ba42-2f84ecdad565', 'Room Cleaning', '[HIGH PRIORITY] room cleaning please', 'COMPLETED', '18ced61e-1508-47f0-bb6d-a3e39e5fdb7d', 'GUEST', NULL, '2026-01-16 21:03:44.564009+00', '2026-01-21 16:22:13.771098+00', '2026-01-21 16:22:13.771098+00', NULL, NULL, '139c6002-bdd7-4924-9db4-16f14e283d89', 'NORMAL', NULL, NULL, '9f69be2f-7924-473a-9876-e8af6274783d', 'REQ-1013'),
	('d125c12e-a200-4867-b83c-f7a71902dbb9', 'c0b8d66d-31c5-4942-9e36-e8ceb1c3bc88', '1459cf9c-34a7-4980-ba42-2f84ecdad565', 'Turn Down Service', NULL, 'COMPLETED', '18ced61e-1508-47f0-bb6d-a3e39e5fdb7d', 'GUEST', NULL, '2026-01-16 21:34:46.028068+00', '2026-01-18 19:03:54.262324+00', '2026-01-18 19:03:54.262324+00', NULL, NULL, '139c6002-bdd7-4924-9db4-16f14e283d89', 'NORMAL', NULL, '6cecd24c-5d2b-4554-abad-acc34120fe13', '3fbda396-d769-4b05-b464-cb22f66c8f5a', 'REQ-1015'),
	('5a6fc0c4-cd22-4200-ac4f-335c77e92704', 'c0b8d66d-31c5-4942-9e36-e8ceb1c3bc88', '1459cf9c-34a7-4980-ba42-2f84ecdad565', 'Room Cleaning', NULL, 'COMPLETED', '18ced61e-1508-47f0-bb6d-a3e39e5fdb7d', 'GUEST', NULL, '2026-01-19 19:20:47.89237+00', '2026-02-28 08:31:05.270532+00', '2026-02-28 08:31:05.270532+00', NULL, NULL, '139c6002-bdd7-4924-9db4-16f14e283d89', 'NORMAL', NULL, '6cecd24c-5d2b-4554-abad-acc34120fe13', '9f69be2f-7924-473a-9876-e8af6274783d', 'REQ-1022'),
	('8eb944e5-9487-447c-8175-3124f79c24c5', 'c0b8d66d-31c5-4942-9e36-e8ceb1c3bc88', '1459cf9c-34a7-4980-ba42-2f84ecdad565', 'Room Cleaning', NULL, 'COMPLETED', '18ced61e-1508-47f0-bb6d-a3e39e5fdb7d', 'GUEST', NULL, '2026-01-19 19:23:41.60471+00', '2026-02-28 08:31:19.783513+00', '2026-02-28 08:31:19.783513+00', NULL, NULL, '139c6002-bdd7-4924-9db4-16f14e283d89', 'NORMAL', NULL, '6cecd24c-5d2b-4554-abad-acc34120fe13', '9f69be2f-7924-473a-9876-e8af6274783d', 'REQ-1023'),
	('456bfd4e-1b69-4023-ae17-0fda6770dee8', 'c0b8d66d-31c5-4942-9e36-e8ceb1c3bc88', '1459cf9c-34a7-4980-ba42-2f84ecdad565', 'Room Cleaning', 'sdvsdb', 'COMPLETED', '18ced61e-1508-47f0-bb6d-a3e39e5fdb7d', 'GUEST', NULL, '2026-01-19 19:28:54.858281+00', '2026-02-28 08:28:52.906689+00', '2026-02-28 08:28:52.906689+00', NULL, NULL, '139c6002-bdd7-4924-9db4-16f14e283d89', 'NORMAL', NULL, '6cecd24c-5d2b-4554-abad-acc34120fe13', '9f69be2f-7924-473a-9876-e8af6274783d', 'REQ-1025'),
	('547de76f-39d9-47c8-b0f7-97d79e4a6ef8', 'c0b8d66d-31c5-4942-9e36-e8ceb1c3bc88', '1459cf9c-34a7-4980-ba42-2f84ecdad565', 'Turn Down Service', 'scxzc', 'COMPLETED', '18ced61e-1508-47f0-bb6d-a3e39e5fdb7d', 'GUEST', NULL, '2026-01-19 19:31:26.188944+00', '2026-01-24 11:54:56.932924+00', '2026-01-24 11:54:56.932924+00', NULL, NULL, '139c6002-bdd7-4924-9db4-16f14e283d89', 'NORMAL', NULL, '6cecd24c-5d2b-4554-abad-acc34120fe13', '3fbda396-d769-4b05-b464-cb22f66c8f5a', 'REQ-1026'),
	('75c5da3c-b0e0-40a2-ad1e-94090bdffdd2', 'c0b8d66d-31c5-4942-9e36-e8ceb1c3bc88', '1459cf9c-34a7-4980-ba42-2f84ecdad565', 'Room Cleaning', 'dfds', 'COMPLETED', '18ced61e-1508-47f0-bb6d-a3e39e5fdb7d', 'GUEST', NULL, '2026-01-19 19:26:20.781142+00', '2026-02-28 08:29:00.586301+00', '2026-02-28 08:29:00.586301+00', NULL, NULL, '139c6002-bdd7-4924-9db4-16f14e283d89', 'NORMAL', NULL, '6cecd24c-5d2b-4554-abad-acc34120fe13', '9f69be2f-7924-473a-9876-e8af6274783d', 'REQ-1024'),
	('df54b7d9-ad2d-4aa9-aa79-6f91185369b8', 'c0b8d66d-31c5-4942-9e36-e8ceb1c3bc88', '1459cf9c-34a7-4980-ba42-2f84ecdad565', 'Extra Towels', 'gdag', 'COMPLETED', '18ced61e-1508-47f0-bb6d-a3e39e5fdb7d', 'GUEST', NULL, '2026-01-19 19:33:37.315704+00', '2026-02-28 08:29:43.702036+00', '2026-02-28 08:29:43.702036+00', NULL, NULL, '139c6002-bdd7-4924-9db4-16f14e283d89', 'NORMAL', NULL, '6cecd24c-5d2b-4554-abad-acc34120fe13', '87bc6414-1322-4b22-a136-c094e62bacdc', 'REQ-1027'),
	('1c1e4b5e-96a7-414e-b8e7-dd24a0d87217', 'c0b8d66d-31c5-4942-9e36-e8ceb1c3bc88', '1459cf9c-34a7-4980-ba42-2f84ecdad565', 'Room Cleaning', NULL, 'COMPLETED', '18ced61e-1508-47f0-bb6d-a3e39e5fdb7d', 'GUEST', NULL, '2026-01-18 10:53:13.118148+00', '2026-02-28 08:30:30.331896+00', '2026-02-28 08:30:30.331896+00', NULL, NULL, '139c6002-bdd7-4924-9db4-16f14e283d89', 'NORMAL', NULL, '6cecd24c-5d2b-4554-abad-acc34120fe13', '9f69be2f-7924-473a-9876-e8af6274783d', 'REQ-1017'),
	('19375e2d-c027-4e28-92e4-a34c4cac2715', 'c0b8d66d-31c5-4942-9e36-e8ceb1c3bc88', '1459cf9c-34a7-4980-ba42-2f84ecdad565', 'Turn Down Service', NULL, 'COMPLETED', '18ced61e-1508-47f0-bb6d-a3e39e5fdb7d', 'GUEST', NULL, '2026-01-18 10:53:22.025745+00', '2026-02-28 08:30:54.114589+00', '2026-02-28 08:30:54.114589+00', NULL, NULL, '139c6002-bdd7-4924-9db4-16f14e283d89', 'NORMAL', NULL, '6cecd24c-5d2b-4554-abad-acc34120fe13', '3fbda396-d769-4b05-b464-cb22f66c8f5a', 'REQ-1019'),
	('f05686fb-2ebf-43ea-a2c8-4d102306959b', '7e73a115-86c1-4042-858d-0df3d0cf8a87', '13c59412-6169-4457-b45b-94e478059222', 'Pillow', 'pillow service', 'NEW', NULL, 'GUEST', NULL, '2026-03-29 17:47:04.637602+00', '2026-03-29 17:47:04.637602+00', NULL, NULL, NULL, '5780fa80-3e6b-44d0-b87e-2b4015f78c8b', 'NORMAL', NULL, '7d450649-ce2e-404c-aec9-7e4907a0f3ce', '6ed5a1ba-4223-4c13-926a-78a7f9e5f87f', 'REQ-1059'),
	('8bdba309-4e2e-411c-b98b-3c8b45b4fe27', 'c0b8d66d-31c5-4942-9e36-e8ceb1c3bc88', '1459cf9c-34a7-4980-ba42-2f84ecdad565', 'Room Cleaning', 'need room cleaning', 'COMPLETED', '18ced61e-1508-47f0-bb6d-a3e39e5fdb7d', 'GUEST', NULL, '2026-02-20 19:32:53.210899+00', '2026-02-20 19:34:28.940649+00', '2026-02-20 19:34:28.940649+00', NULL, NULL, '139c6002-bdd7-4924-9db4-16f14e283d89', 'NORMAL', NULL, '6cecd24c-5d2b-4554-abad-acc34120fe13', '9f69be2f-7924-473a-9876-e8af6274783d', 'REQ-1055'),
	('49f54b9c-a6ed-4fc8-b1f8-304e435a9c75', 'c0b8d66d-31c5-4942-9e36-e8ceb1c3bc88', '1459cf9c-34a7-4980-ba42-2f84ecdad565', 'Extra Towels', 'ssa', 'COMPLETED', '18ced61e-1508-47f0-bb6d-a3e39e5fdb7d', 'GUEST', NULL, '2026-01-16 21:09:27.148093+00', '2026-02-28 08:28:07.41839+00', '2026-02-28 08:28:07.41839+00', NULL, NULL, '139c6002-bdd7-4924-9db4-16f14e283d89', 'NORMAL', NULL, '6cecd24c-5d2b-4554-abad-acc34120fe13', '87bc6414-1322-4b22-a136-c094e62bacdc', 'REQ-1014'),
	('369d8919-72b5-4847-9027-ca88d274961e', 'c0b8d66d-31c5-4942-9e36-e8ceb1c3bc88', '1459cf9c-34a7-4980-ba42-2f84ecdad565', 'Room Cleaning', NULL, 'COMPLETED', '18ced61e-1508-47f0-bb6d-a3e39e5fdb7d', 'GUEST', NULL, '2026-01-18 12:51:31.39442+00', '2026-02-28 08:28:12.607508+00', '2026-02-28 08:28:12.607508+00', NULL, NULL, '139c6002-bdd7-4924-9db4-16f14e283d89', 'NORMAL', NULL, '6cecd24c-5d2b-4554-abad-acc34120fe13', '9f69be2f-7924-473a-9876-e8af6274783d', 'REQ-1020'),
	('7f821bed-9411-4e15-bf5b-1175fd98b41b', 'c0b8d66d-31c5-4942-9e36-e8ceb1c3bc88', '1459cf9c-34a7-4980-ba42-2f84ecdad565', 'Room Cleaning', 'Guest requested: Room Cleaning
Note: need room cleaning', 'COMPLETED', '18ced61e-1508-47f0-bb6d-a3e39e5fdb7d', 'GUEST', NULL, '2026-01-11 18:35:38.986029+00', '2026-02-28 08:29:49.457368+00', '2026-02-28 08:29:49.457368+00', NULL, NULL, '139c6002-bdd7-4924-9db4-16f14e283d89', 'NORMAL', NULL, '6cecd24c-5d2b-4554-abad-acc34120fe13', '9f69be2f-7924-473a-9876-e8af6274783d', 'REQ-1012'),
	('6a1ac8c7-8b2a-462e-9f68-79826eecf340', 'c0b8d66d-31c5-4942-9e36-e8ceb1c3bc88', '1459cf9c-34a7-4980-ba42-2f84ecdad565', 'Room Cleaning', 'Guest requested: Room Cleaning', 'COMPLETED', '18ced61e-1508-47f0-bb6d-a3e39e5fdb7d', 'GUEST', NULL, '2026-01-09 21:36:30.573582+00', '2026-01-10 11:44:18.032407+00', '2026-01-10 11:44:18.032407+00', NULL, NULL, '139c6002-bdd7-4924-9db4-16f14e283d89', 'NORMAL', NULL, NULL, '9f69be2f-7924-473a-9876-e8af6274783d', 'REQ-1001'),
	('18a579e0-4f7b-498b-8267-b30ee7e9e8ba', 'c0b8d66d-31c5-4942-9e36-e8ceb1c3bc88', '1459cf9c-34a7-4980-ba42-2f84ecdad565', 'Room Cleaning', 'Guest requested: Room Cleaning', 'COMPLETED', '18ced61e-1508-47f0-bb6d-a3e39e5fdb7d', 'GUEST', NULL, '2026-01-10 11:44:36.714069+00', '2026-01-10 12:01:51.799318+00', '2026-01-10 12:01:51.799318+00', NULL, NULL, '139c6002-bdd7-4924-9db4-16f14e283d89', 'NORMAL', NULL, NULL, '9f69be2f-7924-473a-9876-e8af6274783d', 'REQ-1002'),
	('022fbf1b-7f23-4ea2-9864-9a9e3f20a7af', 'c0b8d66d-31c5-4942-9e36-e8ceb1c3bc88', '1459cf9c-34a7-4980-ba42-2f84ecdad565', 'Room Cleaning', 'Guest requested: Room Cleaning', 'COMPLETED', '18ced61e-1508-47f0-bb6d-a3e39e5fdb7d', 'GUEST', NULL, '2026-01-10 12:02:04.071602+00', '2026-01-01 15:20:07.978978+00', '2026-01-01 15:20:07.978978+00', NULL, NULL, '139c6002-bdd7-4924-9db4-16f14e283d89', 'NORMAL', NULL, NULL, '9f69be2f-7924-473a-9876-e8af6274783d', 'REQ-1003'),
	('47a20834-0758-45ff-adce-0227799bce57', 'c0b8d66d-31c5-4942-9e36-e8ceb1c3bc88', '1459cf9c-34a7-4980-ba42-2f84ecdad565', 'Room Cleaning', 'Guest requested: Room Cleaning', 'COMPLETED', '18ced61e-1508-47f0-bb6d-a3e39e5fdb7d', 'GUEST', NULL, '2026-01-10 15:20:19.508029+00', '2026-01-15 21:04:29.02428+00', '2026-01-15 21:04:29.02428+00', NULL, NULL, '139c6002-bdd7-4924-9db4-16f14e283d89', 'NORMAL', NULL, '6cecd24c-5d2b-4554-abad-acc34120fe13', '9f69be2f-7924-473a-9876-e8af6274783d', 'REQ-1004'),
	('9490b4d9-b424-4b22-aa31-754294c263e6', 'c0b8d66d-31c5-4942-9e36-e8ceb1c3bc88', '1459cf9c-34a7-4980-ba42-2f84ecdad565', 'Room Cleaning', 'Guest requested: Room Cleaning', 'COMPLETED', '18ced61e-1508-47f0-bb6d-a3e39e5fdb7d', 'GUEST', NULL, '2026-01-10 16:42:42.816174+00', '2026-01-13 17:21:37.473306+00', '2026-01-13 17:21:37.473306+00', NULL, NULL, '139c6002-bdd7-4924-9db4-16f14e283d89', 'NORMAL', NULL, NULL, '9f69be2f-7924-473a-9876-e8af6274783d', 'REQ-1005'),
	('ed257095-7732-4851-b2b8-28ebc301b9b1', 'c0b8d66d-31c5-4942-9e36-e8ceb1c3bc88', '1459cf9c-34a7-4980-ba42-2f84ecdad565', 'Room Cleaning', 'Guest requested: Room Cleaning
Note: room', 'COMPLETED', '18ced61e-1508-47f0-bb6d-a3e39e5fdb7d', 'GUEST', NULL, '2026-01-11 13:27:16.60938+00', '2026-01-13 17:21:42.197322+00', '2026-01-13 17:21:42.197322+00', NULL, NULL, '139c6002-bdd7-4924-9db4-16f14e283d89', 'NORMAL', NULL, NULL, '9f69be2f-7924-473a-9876-e8af6274783d', 'REQ-1010'),
	('b03d9b3b-4cc2-4757-887e-99594ce88d27', 'c0b8d66d-31c5-4942-9e36-e8ceb1c3bc88', '1459cf9c-34a7-4980-ba42-2f84ecdad565', 'Turn Down Service', 'dgd', 'COMPLETED', '18ced61e-1508-47f0-bb6d-a3e39e5fdb7d', 'GUEST', NULL, '2026-01-17 14:51:15.988442+00', '2026-02-28 08:30:36.163537+00', '2026-02-28 08:30:36.163537+00', NULL, NULL, '139c6002-bdd7-4924-9db4-16f14e283d89', 'NORMAL', NULL, '6cecd24c-5d2b-4554-abad-acc34120fe13', '3fbda396-d769-4b05-b464-cb22f66c8f5a', 'REQ-1016'),
	('758588ca-d074-4f6b-ba01-08f302e1237c', 'c0b8d66d-31c5-4942-9e36-e8ceb1c3bc88', '1459cf9c-34a7-4980-ba42-2f84ecdad565', 'Room Cleaning', 'Guest requested: Room Cleaning
Note: need clean', 'COMPLETED', '18ced61e-1508-47f0-bb6d-a3e39e5fdb7d', 'GUEST', NULL, '2026-01-11 13:55:37.204358+00', '2026-01-13 17:21:45.838835+00', '2026-01-13 17:21:45.838835+00', NULL, NULL, '139c6002-bdd7-4924-9db4-16f14e283d89', 'NORMAL', NULL, NULL, '9f69be2f-7924-473a-9876-e8af6274783d', 'REQ-1011'),
	('df4b1f61-7185-476e-b652-cef811645ef7', '9a143d33-1d57-4717-8476-5e09438b315f', 'd04b4f5b-217e-4355-b9a7-736c6508168e', 'Electrical Issue', 'electric issue is there', 'COMPLETED', '18ced61e-1508-47f0-bb6d-a3e39e5fdb7d', 'GUEST', NULL, '2026-04-03 13:08:28.110149+00', '2026-04-03 13:32:51.930976+00', '2026-04-03 13:32:51.930976+00', NULL, NULL, '139c6002-bdd7-4924-9db4-16f14e283d89', 'NORMAL', NULL, '42f28a3f-8928-4dbd-bc6b-08c1a6409d18', 'f6795f7f-f6ae-42a1-9ec2-a104d7244f67', 'REQ-1060'),
	('56f3ee05-5319-44c2-b345-917841ccb226', 'c0b8d66d-31c5-4942-9e36-e8ceb1c3bc88', '1459cf9c-34a7-4980-ba42-2f84ecdad565', 'Extra Towels', NULL, 'COMPLETED', '18ced61e-1508-47f0-bb6d-a3e39e5fdb7d', 'GUEST', NULL, '2026-01-18 10:53:16.950639+00', '2026-01-21 16:22:25.69545+00', '2026-01-21 16:22:25.69545+00', NULL, NULL, '139c6002-bdd7-4924-9db4-16f14e283d89', 'NORMAL', NULL, '6cecd24c-5d2b-4554-abad-acc34120fe13', '87bc6414-1322-4b22-a136-c094e62bacdc', 'REQ-1018'),
	('f3fda0c2-bb30-4d1c-a47f-67562736ff84', '7e10cea3-6181-44d0-bf2b-a78ddca143f2', 'dd62fed1-f2bc-4486-b465-354499acd820', 'Room Cleaning', 'clean', 'NEW', NULL, 'GUEST', NULL, '2026-04-11 06:27:56.800909+00', '2026-04-11 06:27:56.800909+00', NULL, NULL, NULL, '5d697b97-4336-4318-af21-53fc78a406ad', 'NORMAL', NULL, '5bb06b09-5728-47fc-aeb8-4617bf5b86e3', 'e9225638-4349-4557-8221-603acdfc55f1', 'REQ-1061'),
	('27d9f3ef-e943-4baa-a9a3-35bb825eddfa', 'c0b8d66d-31c5-4942-9e36-e8ceb1c3bc88', NULL, 'Extra Towels', 'need towel please', 'COMPLETED', '18ced61e-1508-47f0-bb6d-a3e39e5fdb7d', 'GUEST', NULL, '2026-02-03 16:27:13.496221+00', '2026-02-28 08:31:32.566169+00', '2026-02-28 08:31:32.566169+00', NULL, 'd2b1cdac-293c-4aad-b7f3-b77c6a42a6c1', '139c6002-bdd7-4924-9db4-16f14e283d89', 'HIGH', NULL, '6cecd24c-5d2b-4554-abad-acc34120fe13', '87bc6414-1322-4b22-a136-c094e62bacdc', 'REQ-1052'),
	('b989b247-991b-4ce6-9cde-64208550b349', 'e1ab229e-4426-4af1-9a7b-93f59ba35e6e', '13c59412-6169-4457-b45b-94e478059222', 'Clean AC', 'AC is dirty, please clean it', 'COMPLETED', '3e53a808-f4ec-49f4-968e-37ae694e9367', 'GUEST', NULL, '2026-03-23 12:10:30.989491+00', '2026-03-23 13:02:35.016049+00', '2026-03-23 13:02:35.016049+00', NULL, NULL, '5780fa80-3e6b-44d0-b87e-2b4015f78c8b', 'NORMAL', NULL, '7d450649-ce2e-404c-aec9-7e4907a0f3ce', 'f91e8061-89b7-4b41-af6c-6b3c2c6a1a45', 'REQ-1057'),
	('2d738de3-fce8-4ae6-991d-5c12248a1b27', 'c0b8d66d-31c5-4942-9e36-e8ceb1c3bc88', '1459cf9c-34a7-4980-ba42-2f84ecdad565', 'Room Cleaning', NULL, 'COMPLETED', '18ced61e-1508-47f0-bb6d-a3e39e5fdb7d', 'GUEST', NULL, '2026-01-21 15:09:35.310987+00', '2026-01-21 15:30:55.67042+00', '2026-01-21 15:30:55.67042+00', NULL, NULL, '139c6002-bdd7-4924-9db4-16f14e283d89', 'NORMAL', NULL, '6cecd24c-5d2b-4554-abad-acc34120fe13', '9f69be2f-7924-473a-9876-e8af6274783d', 'REQ-1028'),
	('f104cefa-d106-4f8d-b6c8-d8d76bfaf2d5', 'c0b8d66d-31c5-4942-9e36-e8ceb1c3bc88', '1459cf9c-34a7-4980-ba42-2f84ecdad565', 'Extra Towels', NULL, 'COMPLETED', '18ced61e-1508-47f0-bb6d-a3e39e5fdb7d', 'GUEST', NULL, '2026-01-21 16:21:56.36143+00', '2026-01-21 16:22:36.380883+00', '2026-01-21 16:22:36.380883+00', NULL, NULL, '139c6002-bdd7-4924-9db4-16f14e283d89', 'NORMAL', NULL, '6cecd24c-5d2b-4554-abad-acc34120fe13', '87bc6414-1322-4b22-a136-c094e62bacdc', 'REQ-1029'),
	('e2a210a7-37d8-4289-bd67-990ab2796de9', 'c0b8d66d-31c5-4942-9e36-e8ceb1c3bc88', '1459cf9c-34a7-4980-ba42-2f84ecdad565', 'Room Cleaning', NULL, 'COMPLETED', '18ced61e-1508-47f0-bb6d-a3e39e5fdb7d', 'GUEST', NULL, '2026-01-25 09:43:05.49716+00', '2026-01-25 09:57:58.109462+00', '2026-01-25 09:57:58.109462+00', NULL, NULL, '139c6002-bdd7-4924-9db4-16f14e283d89', 'NORMAL', NULL, '6cecd24c-5d2b-4554-abad-acc34120fe13', '9f69be2f-7924-473a-9876-e8af6274783d', 'REQ-1039'),
	('f888fa16-a3ad-4149-a467-64f27ffcdd4a', 'c0b8d66d-31c5-4942-9e36-e8ceb1c3bc88', '1459cf9c-34a7-4980-ba42-2f84ecdad565', 'Extra Towels', 'extra towel', 'COMPLETED', '18ced61e-1508-47f0-bb6d-a3e39e5fdb7d', 'GUEST', NULL, '2026-02-03 18:58:11.288228+00', '2026-02-28 08:28:20.959905+00', '2026-02-28 08:28:20.959905+00', NULL, NULL, '139c6002-bdd7-4924-9db4-16f14e283d89', 'NORMAL', NULL, '6cecd24c-5d2b-4554-abad-acc34120fe13', '87bc6414-1322-4b22-a136-c094e62bacdc', 'REQ-1053'),
	('553511d0-0cda-424c-b05f-cda727e43459', 'c0b8d66d-31c5-4942-9e36-e8ceb1c3bc88', '1459cf9c-34a7-4980-ba42-2f84ecdad565', 'Room Cleaning', 'need towl towl towel', 'COMPLETED', '18ced61e-1508-47f0-bb6d-a3e39e5fdb7d', 'GUEST', NULL, '2026-01-25 11:09:02.970784+00', '2026-02-28 08:28:32.474951+00', '2026-02-28 08:28:32.474951+00', NULL, NULL, '139c6002-bdd7-4924-9db4-16f14e283d89', 'NORMAL', NULL, '6cecd24c-5d2b-4554-abad-acc34120fe13', '9f69be2f-7924-473a-9876-e8af6274783d', 'REQ-1043'),
	('b3c854ae-1f17-4eec-ae09-b9158dff072e', 'c0b8d66d-31c5-4942-9e36-e8ceb1c3bc88', NULL, 'Turn Down Service', 'test for public', 'COMPLETED', '18ced61e-1508-47f0-bb6d-a3e39e5fdb7d', 'GUEST', NULL, '2026-01-24 13:04:36.08827+00', '2026-02-28 08:29:59.539293+00', '2026-02-28 08:29:59.539293+00', NULL, '4b975e3a-03da-4a7a-9898-0c7e1385cd0f', '139c6002-bdd7-4924-9db4-16f14e283d89', 'HIGH', NULL, '6cecd24c-5d2b-4554-abad-acc34120fe13', '3fbda396-d769-4b05-b464-cb22f66c8f5a', 'REQ-1037'),
	('835e32d1-12f2-4c6d-bb08-86d387a83529', 'c0b8d66d-31c5-4942-9e36-e8ceb1c3bc88', '1459cf9c-34a7-4980-ba42-2f84ecdad565', 'Turn Down Service', 'need bed preparation,etc', 'COMPLETED', '18ced61e-1508-47f0-bb6d-a3e39e5fdb7d', 'GUEST', NULL, '2026-01-25 09:59:02.203194+00', '2026-01-25 19:50:47.552296+00', '2026-01-25 19:50:47.552296+00', NULL, NULL, '139c6002-bdd7-4924-9db4-16f14e283d89', 'NORMAL', NULL, '6cecd24c-5d2b-4554-abad-acc34120fe13', '3fbda396-d769-4b05-b464-cb22f66c8f5a', 'REQ-1041'),
	('b8e7610a-3a04-4a10-9f81-a65841ad5674', 'c0b8d66d-31c5-4942-9e36-e8ceb1c3bc88', 'fbafee4a-f600-43dc-962a-1a17dba945e3', 'Room Cleaning', 'need 2 towel', 'COMPLETED', '18ced61e-1508-47f0-bb6d-a3e39e5fdb7d', 'GUEST', NULL, '2026-03-09 06:15:20.582672+00', '2026-03-09 06:16:56.553741+00', '2026-03-09 06:16:56.553741+00', NULL, NULL, '139c6002-bdd7-4924-9db4-16f14e283d89', 'NORMAL', NULL, 'afb959f4-40bc-4712-ab6c-f9d135738d00', '9f69be2f-7924-473a-9876-e8af6274783d', 'REQ-1056'),
	('98d6a08a-5b03-4f89-8107-85f4570f0939', 'e1ab229e-4426-4af1-9a7b-93f59ba35e6e', '13c59412-6169-4457-b45b-94e478059222', 'Clean AC', 'Please clean AC , its dirty', 'NEW', '3e53a808-f4ec-49f4-968e-37ae694e9367', 'GUEST', NULL, '2026-03-23 12:29:06.23871+00', '2026-03-23 13:00:00.646378+00', NULL, NULL, NULL, '5780fa80-3e6b-44d0-b87e-2b4015f78c8b', 'NORMAL', NULL, '7d450649-ce2e-404c-aec9-7e4907a0f3ce', 'f91e8061-89b7-4b41-af6c-6b3c2c6a1a45', 'REQ-1058'),
	('5d15c03b-65c5-4517-b7fb-9e53a71df54b', 'c0b8d66d-31c5-4942-9e36-e8ceb1c3bc88', '1459cf9c-34a7-4980-ba42-2f84ecdad565', 'Room Cleaning', 'need room cleaning', 'COMPLETED', '18ced61e-1508-47f0-bb6d-a3e39e5fdb7d', 'GUEST', NULL, '2026-01-24 11:53:50.267563+00', '2026-01-25 19:50:43.258025+00', '2026-01-25 19:50:43.258025+00', NULL, NULL, '139c6002-bdd7-4924-9db4-16f14e283d89', 'NORMAL', NULL, '6cecd24c-5d2b-4554-abad-acc34120fe13', '9f69be2f-7924-473a-9876-e8af6274783d', 'REQ-1035'),
	('93e10f5b-691b-4903-a7af-cc7aa5030a17', 'c0b8d66d-31c5-4942-9e36-e8ceb1c3bc88', '1459cf9c-34a7-4980-ba42-2f84ecdad565', 'Room Cleaning', 'need towel', 'COMPLETED', '18ced61e-1508-47f0-bb6d-a3e39e5fdb7d', 'GUEST', NULL, '2026-01-24 17:03:10.954226+00', '2026-01-25 19:50:45.45408+00', '2026-01-25 19:50:45.45408+00', NULL, NULL, '139c6002-bdd7-4924-9db4-16f14e283d89', 'LOW', NULL, '6cecd24c-5d2b-4554-abad-acc34120fe13', '9f69be2f-7924-473a-9876-e8af6274783d', 'REQ-1038'),
	('c7bc5937-1bc3-40b2-8c85-52a6da741f01', 'c0b8d66d-31c5-4942-9e36-e8ceb1c3bc88', '1459cf9c-34a7-4980-ba42-2f84ecdad565', 'Room Cleaning', 'need towel
4 peice

[Guest Update]: 2 more pls totak 6

[Guest Update]: 2 more', 'COMPLETED', '18ced61e-1508-47f0-bb6d-a3e39e5fdb7d', 'GUEST', NULL, '2026-01-25 18:38:55.063725+00', '2026-02-03 16:20:53.902417+00', '2026-02-03 16:20:53.902417+00', NULL, NULL, '139c6002-bdd7-4924-9db4-16f14e283d89', 'NORMAL', NULL, '6cecd24c-5d2b-4554-abad-acc34120fe13', '9f69be2f-7924-473a-9876-e8af6274783d', 'REQ-1046'),
	('558cbec9-ad0b-4d60-9a30-75648657c694', 'c0b8d66d-31c5-4942-9e36-e8ceb1c3bc88', '1459cf9c-34a7-4980-ba42-2f84ecdad565', 'Room Cleaning', 'room cleaning', 'COMPLETED', '18ced61e-1508-47f0-bb6d-a3e39e5fdb7d', 'GUEST', NULL, '2026-01-26 18:30:31.012709+00', '2026-01-26 18:33:32.998014+00', '2026-01-26 18:33:32.998014+00', NULL, NULL, '139c6002-bdd7-4924-9db4-16f14e283d89', 'NORMAL', NULL, '6cecd24c-5d2b-4554-abad-acc34120fe13', '9f69be2f-7924-473a-9876-e8af6274783d', 'REQ-1048'),
	('b76ae30b-dc0e-4490-99a6-4ef232e9e89c', 'c0b8d66d-31c5-4942-9e36-e8ceb1c3bc88', '1459cf9c-34a7-4980-ba42-2f84ecdad565', 'Room Cleaning', NULL, 'COMPLETED', '18ced61e-1508-47f0-bb6d-a3e39e5fdb7d', 'GUEST', NULL, '2026-01-22 19:58:18.836742+00', '2026-02-02 17:07:44.580999+00', '2026-02-02 17:07:44.580999+00', NULL, NULL, '139c6002-bdd7-4924-9db4-16f14e283d89', 'NORMAL', NULL, '6cecd24c-5d2b-4554-abad-acc34120fe13', '9f69be2f-7924-473a-9876-e8af6274783d', 'REQ-1030'),
	('3aa4ba2c-a678-4eb7-a30e-55c29cdde1dc', 'c0b8d66d-31c5-4942-9e36-e8ceb1c3bc88', '1459cf9c-34a7-4980-ba42-2f84ecdad565', 'Extra Towels', 'need 2 towel please', 'COMPLETED', '18ced61e-1508-47f0-bb6d-a3e39e5fdb7d', 'GUEST', NULL, '2026-01-25 09:54:58.555938+00', '2026-02-02 17:07:47.994864+00', '2026-02-02 17:07:47.994864+00', NULL, NULL, '139c6002-bdd7-4924-9db4-16f14e283d89', 'NORMAL', NULL, '6cecd24c-5d2b-4554-abad-acc34120fe13', '87bc6414-1322-4b22-a136-c094e62bacdc', 'REQ-1040'),
	('332d57a5-50ce-4769-9e62-3673f00f5cf1', 'c0b8d66d-31c5-4942-9e36-e8ceb1c3bc88', '1459cf9c-34a7-4980-ba42-2f84ecdad565', 'Turn Down Service', 'need towel

[Guest Update]: dsfgsd', 'COMPLETED', '18ced61e-1508-47f0-bb6d-a3e39e5fdb7d', 'GUEST', NULL, '2026-01-25 19:52:27.510803+00', '2026-02-03 16:20:45.898022+00', '2026-02-03 16:20:45.898022+00', NULL, NULL, '139c6002-bdd7-4924-9db4-16f14e283d89', 'NORMAL', NULL, '6cecd24c-5d2b-4554-abad-acc34120fe13', '3fbda396-d769-4b05-b464-cb22f66c8f5a', 'REQ-1047'),
	('3f90e093-e41f-46e5-a8a2-ca36bd5d567b', 'c0b8d66d-31c5-4942-9e36-e8ceb1c3bc88', '1459cf9c-34a7-4980-ba42-2f84ecdad565', 'Turn Down Service', 'egewrg', 'COMPLETED', '18ced61e-1508-47f0-bb6d-a3e39e5fdb7d', 'GUEST', NULL, '2026-02-02 17:06:56.23202+00', '2026-02-03 16:20:48.179693+00', '2026-02-03 16:20:48.179693+00', NULL, NULL, '139c6002-bdd7-4924-9db4-16f14e283d89', 'NORMAL', NULL, '6cecd24c-5d2b-4554-abad-acc34120fe13', '3fbda396-d769-4b05-b464-cb22f66c8f5a', 'REQ-1049'),
	('6d40ae39-158c-4e73-87a2-aef47c77dce7', 'c0b8d66d-31c5-4942-9e36-e8ceb1c3bc88', '1459cf9c-34a7-4980-ba42-2f84ecdad565', 'Room Cleaning', 'changes', 'COMPLETED', '18ced61e-1508-47f0-bb6d-a3e39e5fdb7d', 'GUEST', NULL, '2026-02-02 17:12:56.91186+00', '2026-02-03 16:21:01.766421+00', '2026-02-03 16:21:01.766421+00', NULL, NULL, '139c6002-bdd7-4924-9db4-16f14e283d89', 'NORMAL', NULL, '6cecd24c-5d2b-4554-abad-acc34120fe13', '9f69be2f-7924-473a-9876-e8af6274783d', 'REQ-1050'),
	('5b2b1d85-e199-4ef7-aca8-7b91969b9df0', 'c0b8d66d-31c5-4942-9e36-e8ceb1c3bc88', '1459cf9c-34a7-4980-ba42-2f84ecdad565', 'Turn Down Service', 'need need need', 'COMPLETED', '18ced61e-1508-47f0-bb6d-a3e39e5fdb7d', 'GUEST', NULL, '2026-01-25 11:03:32.08962+00', '2026-02-03 16:21:07.46467+00', '2026-02-03 16:21:07.46467+00', NULL, NULL, '139c6002-bdd7-4924-9db4-16f14e283d89', 'NORMAL', NULL, '6cecd24c-5d2b-4554-abad-acc34120fe13', '3fbda396-d769-4b05-b464-cb22f66c8f5a', 'REQ-1042');


--
-- Data for Name: chat_threads; Type: TABLE DATA; Schema: public; Owner: postgres
--



--
-- Data for Name: chat_webhook_logs; Type: TABLE DATA; Schema: public; Owner: postgres
--



--
-- Data for Name: checkin_sessions; Type: TABLE DATA; Schema: public; Owner: postgres
--



--
-- Data for Name: checkin_events; Type: TABLE DATA; Schema: public; Owner: postgres
--

INSERT INTO "public"."checkin_events" ("id", "stay_id", "session_id", "event_type", "meta", "actor_id", "created_at") VALUES
	('eba7c271-c421-44bc-9f2d-97b4f9aa003d', '71b57bf1-2d49-4421-bb5c-2519407b6dc6', NULL, 'COMPLETED', '{"method": "multi_room_checkin", "room_id": "9d13932d-1ba9-4858-ad0e-bb4d85497a71", "actor_id": null, "hotel_id": "139c6002-bdd7-4924-9db4-16f14e283d89", "booking_room_id": "671c00b5-5ada-4906-8c1d-4799dd26cdac"}', NULL, '2026-02-17 17:33:04.643258+00'),
	('770274a1-74fb-4aa3-83eb-0f09ba70b144', NULL, NULL, 'COMPLETED', '{"method": "multi_room_checkin", "room_id": "d04b4f5b-217e-4355-b9a7-736c6508168e", "actor_id": null, "hotel_id": "139c6002-bdd7-4924-9db4-16f14e283d89", "booking_room_id": "85d747b0-6d81-4d78-ad3f-4eb4c20d6275"}', NULL, '2026-02-20 19:05:39.839946+00'),
	('fbaa317a-4fc8-4530-85fc-e675647664a3', 'afb959f4-40bc-4712-ab6c-f9d135738d00', NULL, 'COMPLETED', '{"method": "multi_room_checkin", "room_id": "fbafee4a-f600-43dc-962a-1a17dba945e3", "actor_id": null, "hotel_id": "139c6002-bdd7-4924-9db4-16f14e283d89", "booking_room_id": "91a242cf-a309-4654-833e-3c7c3ea97a5d"}', NULL, '2026-03-07 16:51:12.8437+00'),
	('c7e7f44e-63da-465d-b2f2-a96466177d58', '42f28a3f-8928-4dbd-bc6b-08c1a6409d18', NULL, 'COMPLETED', '{"method": "multi_room_checkin", "room_id": "d04b4f5b-217e-4355-b9a7-736c6508168e", "actor_id": null, "hotel_id": "139c6002-bdd7-4924-9db4-16f14e283d89", "booking_room_id": "2d49a6c8-9703-43db-8ba3-9eb6c68c9591"}', NULL, '2026-03-07 18:49:35.209835+00'),
	('f61af9b9-5039-4e31-adba-e94c3233179c', '01643711-333d-4f4b-a287-7e77027651d7', NULL, 'COMPLETED', '{"method": "multi_room_checkin", "room_id": "9d13932d-1ba9-4858-ad0e-bb4d85497a71", "actor_id": null, "hotel_id": "139c6002-bdd7-4924-9db4-16f14e283d89", "booking_room_id": "60d4dc0a-0356-44c0-ab29-58f23febc895"}', NULL, '2026-03-14 09:21:26.685719+00'),
	('c7f50cef-d9d4-4a07-8b51-c34d8c61215e', '8771209b-2da4-461a-ae32-135e582bc127', NULL, 'COMPLETED', '{"device": "kiosk", "method": "walk_in", "room_id": "4251ea81-1264-48a0-943a-5aa2cb7c276f", "actor_id": null, "hotel_id": "139c6002-bdd7-4924-9db4-16f14e283d89", "rooms_total": 1, "booking_room_id": "2bb3d762-b7f1-4d17-ba45-e37486fa939b"}', NULL, '2026-03-15 11:48:11.621156+00'),
	('308dfc37-d761-461c-9847-88202da622ec', 'd378e2ec-b431-4003-a739-f35987577dab', NULL, 'COMPLETED', '{"method": "multi_room_checkin", "room_id": "fbafee4a-f600-43dc-962a-1a17dba945e3", "actor_id": null, "hotel_id": "139c6002-bdd7-4924-9db4-16f14e283d89", "booking_room_id": "1aaf4739-cad6-4edb-b119-20042e389dd1"}', NULL, '2026-03-15 21:21:52.044399+00'),
	('26d90d98-6a40-4997-a818-4d8ea8ebc30d', '15eebe3f-c123-47fa-9233-0087d6728819', NULL, 'COMPLETED', '{"method": "multi_room_checkin", "room_id": "571dedf1-e9b2-45a1-adb5-b3056df266c6", "actor_id": null, "hotel_id": "139c6002-bdd7-4924-9db4-16f14e283d89", "booking_room_id": "c4dfcba4-fc82-4a95-84a0-9960af20b517"}', NULL, '2026-03-15 21:28:41.485286+00'),
	('2a594436-4c37-4695-b6ad-1816700e488d', '6274043d-adc6-42a4-a1bb-53b392adccf3', NULL, 'COMPLETED', '{"method": "multi_room_checkin", "room_id": "8eb0cbc1-a81e-4099-8add-e5a9fe38ffc0", "actor_id": null, "hotel_id": "139c6002-bdd7-4924-9db4-16f14e283d89", "booking_room_id": "32d35fa0-a940-4bc3-a3e9-2ac7e62b1c38"}', NULL, '2026-03-15 21:50:26.600905+00'),
	('4d768fc0-7b71-43a6-831e-12f5d130583a', '22994d94-08be-4810-952a-341372d96f62', NULL, 'COMPLETED', '{"device": "kiosk", "method": "walk_in", "room_id": "fbafee4a-f600-43dc-962a-1a17dba945e3", "actor_id": null, "hotel_id": "139c6002-bdd7-4924-9db4-16f14e283d89", "rooms_total": 1, "booking_room_id": "a3532911-4947-413c-a269-2690e581e865"}', NULL, '2026-03-15 22:20:48.040744+00'),
	('399cdd67-c16e-4ae2-b1f0-fe018fc2d7ad', '9b5a943a-64e5-4c7c-a8ca-95d2e476e381', NULL, 'COMPLETED', '{"device": "kiosk", "method": "walk_in", "room_id": "297eedfc-c02f-4fbd-9623-62a08bc91084", "actor_id": null, "hotel_id": "139c6002-bdd7-4924-9db4-16f14e283d89", "rooms_total": 1, "booking_room_id": "18d77e56-d26e-403f-a13d-4d4810300f84"}', NULL, '2026-03-15 22:22:50.575056+00'),
	('8173adda-6662-4e6e-a2d7-681f1e03bdc8', '3f62599d-3d4d-4ce8-a2c1-cd6398ef65a9', NULL, 'COMPLETED', '{"device": "kiosk", "method": "walk_in", "room_id": "4251ea81-1264-48a0-943a-5aa2cb7c276f", "actor_id": null, "hotel_id": "139c6002-bdd7-4924-9db4-16f14e283d89", "rooms_total": 1, "booking_room_id": "5de827ef-843f-4225-a059-b6859d99e3e4"}', NULL, '2026-03-16 11:18:51.283578+00'),
	('c637802f-7e67-49ae-b44d-e54da12ad476', 'ac3fa3f4-db58-491f-9b8f-1eded61bee53', NULL, 'COMPLETED', '{"method": "multi_room_checkin", "room_id": "f1ffd8c0-bc4f-480b-8f8e-697997e79a2a", "actor_id": null, "hotel_id": "e10eca3b-3102-41fc-8006-c1b4b70e00e6", "booking_room_id": "65549253-cf87-4825-8218-826cc4eb0fae"}', NULL, '2026-03-16 17:53:40.232789+00'),
	('a60d8490-6a07-4fdc-9bb7-ed56c35fb545', NULL, NULL, 'COMPLETED', '{"device": "kiosk", "method": "walk_in", "room_id": "7e6a7c2d-3350-4e00-8485-12c44bb035f7", "actor_id": null, "hotel_id": "139c6002-bdd7-4924-9db4-16f14e283d89", "rooms_total": 1, "booking_room_id": "bc6953be-f132-49cc-9ea8-fa775e64059c"}', NULL, '2026-03-07 14:25:35.50951+00'),
	('d3d5f595-3108-4e3c-82fe-ecdcc4012f23', NULL, NULL, 'COMPLETED', '{"device": "kiosk", "method": "walk_in", "room_id": "52c8572a-13e7-4bb5-ac2f-34dd06dda2fb", "actor_id": null, "hotel_id": "139c6002-bdd7-4924-9db4-16f14e283d89", "rooms_total": 1, "booking_room_id": "6c45c6b6-a849-4d33-ba11-488220c5fc19"}', NULL, '2026-03-14 09:49:29.59406+00'),
	('db05b854-f172-4e34-92dd-bfe13af77f6b', NULL, NULL, 'COMPLETED', '{"device": "kiosk", "method": "walk_in", "room_id": "52c8572a-13e7-4bb5-ac2f-34dd06dda2fb", "actor_id": null, "hotel_id": "139c6002-bdd7-4924-9db4-16f14e283d89", "rooms_total": 1, "booking_room_id": "8f7a43f3-182d-41a2-8178-a5e3f31c37b6"}', NULL, '2026-03-15 14:11:22.032726+00'),
	('cb002c22-1595-4414-83d7-71468f5d63d8', NULL, NULL, 'COMPLETED', '{"device": "kiosk", "method": "walk_in", "room_id": "1459cf9c-34a7-4980-ba42-2f84ecdad565", "actor_id": null, "hotel_id": "139c6002-bdd7-4924-9db4-16f14e283d89", "rooms_total": 1, "booking_room_id": "9218869b-b09e-4a36-8b5a-f6c265fa4305"}', NULL, '2026-03-15 21:53:28.103258+00'),
	('70ba8801-53a3-408f-9df3-a91631b41299', NULL, NULL, 'COMPLETED', '{"device": "kiosk", "method": "walk_in", "room_id": "9d13932d-1ba9-4858-ad0e-bb4d85497a71", "actor_id": null, "hotel_id": "139c6002-bdd7-4924-9db4-16f14e283d89", "rooms_total": 1, "booking_room_id": "bd784b3a-328f-42dc-a8fb-965437f500e0"}', NULL, '2026-03-15 22:12:27.227302+00'),
	('f06d2be6-5a7e-4c0c-b382-f1bcb9d5b75c', 'cd556575-e32b-4ace-bc3b-47edd54d7b44', NULL, 'COMPLETED', '{"method": "multi_room_checkin", "room_id": "f88c0c16-0545-4342-9957-7e99d6e55946", "actor_id": null, "hotel_id": "e10eca3b-3102-41fc-8006-c1b4b70e00e6", "booking_room_id": "ec6eb87a-a741-47e0-abd5-dd5fae007109"}', NULL, '2026-03-16 18:20:29.098238+00'),
	('a9ed9516-b891-4867-852c-935a1e7a6837', '74f7c757-b5ae-4f2e-a845-a27da65443e4', NULL, 'COMPLETED', '{"method": "multi_room_checkin", "room_id": "7e6a7c2d-3350-4e00-8485-12c44bb035f7", "actor_id": null, "hotel_id": "139c6002-bdd7-4924-9db4-16f14e283d89", "booking_room_id": "7aa465ba-fffa-49a4-98a2-66d6138d725e"}', NULL, '2026-03-17 13:07:24.177611+00'),
	('27d6d283-614c-41a9-aded-f951938d43a4', NULL, NULL, 'COMPLETED', '{"device": "kiosk", "method": "multi_room_checkin", "room_id": "4251ea81-1264-48a0-943a-5aa2cb7c276f", "actor_id": null, "hotel_id": "139c6002-bdd7-4924-9db4-16f14e283d89", "rooms_total": 1, "booking_room_id": "221eba31-262b-40ed-8337-f8f1d2b57d85"}', NULL, '2026-02-16 19:24:27.158557+00'),
	('64605806-c90c-4bb9-82ec-f63af2817016', 'c4e32e24-a545-48a2-9db6-1cd634d794ac', NULL, 'COMPLETED', '{"method": "multi_room_checkin", "room_id": "52c8572a-13e7-4bb5-ac2f-34dd06dda2fb", "actor_id": null, "hotel_id": "139c6002-bdd7-4924-9db4-16f14e283d89", "booking_room_id": "a2ae68b3-1b6c-4c76-a608-220b3dbf222f"}', NULL, '2026-03-17 19:17:16.99499+00'),
	('5a982f3c-be7e-4199-af7a-47d4ef632719', 'fc824049-3d47-4394-8014-c611dc726e33', NULL, 'COMPLETED', '{"method": "multi_room_checkin", "room_id": "1459cf9c-34a7-4980-ba42-2f84ecdad565", "actor_id": null, "hotel_id": "139c6002-bdd7-4924-9db4-16f14e283d89", "booking_room_id": "71d060b2-fea5-486c-a1c2-54008f0eaecd"}', NULL, '2026-03-17 19:17:16.99499+00'),
	('71f8498f-2d4b-4cce-a878-60d2decbdafc', '7d450649-ce2e-404c-aec9-7e4907a0f3ce', NULL, 'COMPLETED', '{"method": "multi_room_checkin", "room_id": "13c59412-6169-4457-b45b-94e478059222", "actor_id": null, "hotel_id": "5780fa80-3e6b-44d0-b87e-2b4015f78c8b", "booking_room_id": "514c4517-c50e-4aa0-ac29-4be458d639d2"}', NULL, '2026-03-23 12:07:55.062223+00'),
	('c3818d3c-bb18-4bf8-bbfa-dbd480c927b9', 'd7b541d9-5548-4689-b8a2-04bc3b142770', NULL, 'COMPLETED', '{"method": "multi_room_checkin", "room_id": "ecfdeb2b-f84e-4a79-9149-5db451604328", "actor_id": null, "hotel_id": "e10eca3b-3102-41fc-8006-c1b4b70e00e6", "booking_room_id": "50808d52-641c-4e86-b0a3-ed8e4e8f0bed"}', NULL, '2026-03-29 17:51:08.624764+00'),
	('0ede6a5d-ea8a-4b3e-be54-165d1472df82', 'de5f274d-27f0-4247-8c01-e67b0da161fb', NULL, 'COMPLETED', '{"method": "multi_room_checkin", "room_id": "ae0664a2-9bd1-4d7c-aa8e-e9eb1aafaa34", "actor_id": null, "hotel_id": "e10eca3b-3102-41fc-8006-c1b4b70e00e6", "booking_room_id": "31de94e6-2820-4a2b-8d87-ec9d0bcb0100"}', NULL, '2026-04-03 10:56:08.209009+00'),
	('6a113894-3519-4668-b759-46460d95528c', NULL, NULL, 'COMPLETED', '{"method": "multi_room_checkin", "room_id": "1459cf9c-34a7-4980-ba42-2f84ecdad565", "actor_id": null, "hotel_id": "139c6002-bdd7-4924-9db4-16f14e283d89", "booking_room_id": "f7295519-a3ca-4c3a-8c73-26416f061e79"}', NULL, '2026-04-04 09:26:15.548798+00'),
	('41042f39-1fce-4630-b388-8d3892c0b0a7', 'f7c9cdc3-12d6-4464-8da0-585fa9cb5933', NULL, 'COMPLETED', '{"method": "multi_room_checkin", "room_id": "8eb0cbc1-a81e-4099-8add-e5a9fe38ffc0", "actor_id": null, "hotel_id": "139c6002-bdd7-4924-9db4-16f14e283d89", "booking_room_id": "7aed5e91-57be-460f-855e-2a0ab0d2c893"}', NULL, '2026-04-04 16:52:53.793163+00'),
	('a9e8d019-5055-44f4-845e-7e9026ef4f9b', 'e63ab0b5-be05-4caa-84a6-fa9ee6cfd33e', NULL, 'COMPLETED', '{"method": "multi_room_checkin", "room_id": "8eb0cbc1-a81e-4099-8add-e5a9fe38ffc0", "actor_id": null, "hotel_id": "139c6002-bdd7-4924-9db4-16f14e283d89", "booking_room_id": "db057fbd-cb60-4ceb-a9d8-4efacaaeb6e8"}', NULL, '2026-04-04 19:49:56.708331+00'),
	('671bda9d-ec2c-438d-96aa-f7feeaf352e8', '5bb06b09-5728-47fc-aeb8-4617bf5b86e3', NULL, 'COMPLETED', '{"method": "multi_room_checkin", "room_id": "dd62fed1-f2bc-4486-b465-354499acd820", "actor_id": null, "hotel_id": "5d697b97-4336-4318-af21-53fc78a406ad", "booking_room_id": "f49f0a95-ae3b-461a-b3d8-dc4b3990633b"}', NULL, '2026-04-11 06:06:28.591032+00');


--
-- Data for Name: events; Type: TABLE DATA; Schema: public; Owner: postgres
--



--
-- Data for Name: feedback_tokens; Type: TABLE DATA; Schema: public; Owner: postgres
--

INSERT INTO "public"."feedback_tokens" ("id", "booking_id", "hotel_id", "token", "expires_at", "used_at", "created_at", "updated_at") VALUES
	('c1867a28-3323-4a3a-94aa-ce09916ce0c2', 'e7f619c2-9e82-449c-b3d6-9cd0dbb205b9', '139c6002-bdd7-4924-9db4-16f14e283d89', '7e76ab9fb3c9c60c0a1a16d17bf87a3a49ab0c04db618c5bfaa83343d6901391', '2026-05-04 19:51:27.548586+00', NULL, '2026-04-04 19:51:27.548586+00', '2026-04-04 19:51:27.548586+00');


--
-- Data for Name: folios; Type: TABLE DATA; Schema: public; Owner: postgres
--

INSERT INTO "public"."folios" ("id", "booking_id", "created_at", "hotel_id", "status", "updated_at", "currency") VALUES
	('0e300158-5e78-4f58-b6b5-6c5f3a16c10c', '9ca6aca5-2f19-4ff4-9bcc-3b1cea02e09f', '2026-02-20 11:57:48.730614+00', '139c6002-bdd7-4924-9db4-16f14e283d89', 'OPEN', '2026-02-20 11:57:48.730614+00', 'INR'),
	('8396fafa-9a1f-41a8-9beb-e19e03163f62', '2c8ff15e-4081-458f-9be0-a3a4fbeebbfe', '2026-03-09 12:45:06.192517+00', '139c6002-bdd7-4924-9db4-16f14e283d89', 'OPEN', '2026-03-09 12:45:06.192517+00', 'INR'),
	('1bdc4dce-2560-4a3c-8862-3b2926247a24', 'ede4d26a-e6cc-4ab7-941c-247391359b75', '2026-04-03 11:34:05.100924+00', 'e10eca3b-3102-41fc-8006-c1b4b70e00e6', 'OPEN', '2026-04-03 11:34:05.100924+00', 'INR'),
	('5d408707-4072-4bfc-b310-829ab8b05c50', '731fd275-b0dc-4498-a59d-25e9b070a544', '2026-04-03 14:29:32.925058+00', '139c6002-bdd7-4924-9db4-16f14e283d89', 'OPEN', '2026-04-03 14:29:32.925058+00', 'INR'),
	('b1f46447-6b2b-47f9-8dbb-13a8d534a9db', 'd89aa49e-e593-44dc-8826-98cfb7d6a963', '2026-04-04 11:14:05.816809+00', '139c6002-bdd7-4924-9db4-16f14e283d89', 'OPEN', '2026-04-04 11:14:05.816809+00', 'INR'),
	('d1914a75-ce85-4822-adcf-50302d719e28', 'dcafb22d-4872-48ec-9460-f5384c9fe440', '2026-04-04 11:38:44.028339+00', '139c6002-bdd7-4924-9db4-16f14e283d89', 'OPEN', '2026-04-04 11:38:44.028339+00', 'INR'),
	('724853ae-7570-48dd-8649-14b938f5b4ce', '6a0272fb-59db-49f3-a648-ffe525406ae1', '2026-04-04 16:53:53.962777+00', '139c6002-bdd7-4924-9db4-16f14e283d89', 'OPEN', '2026-04-04 16:53:53.962777+00', 'INR'),
	('315f2cc3-27a4-4b0c-81d6-69019621420a', 'e7f619c2-9e82-449c-b3d6-9cd0dbb205b9', '2026-04-04 19:50:26.290349+00', '139c6002-bdd7-4924-9db4-16f14e283d89', 'OPEN', '2026-04-04 19:50:26.290349+00', 'INR'),
	('e0c32d6a-7810-43a2-8cc1-dc299ee88407', '6f333cd6-d449-406c-9dd8-4b8c76115168', '2026-04-11 06:26:45.659034+00', '5d697b97-4336-4318-af21-53fc78a406ad', 'OPEN', '2026-04-11 06:26:45.659034+00', 'INR');


--
-- Data for Name: folio_entries; Type: TABLE DATA; Schema: public; Owner: postgres
--

INSERT INTO "public"."folio_entries" ("id", "hotel_id", "booking_id", "folio_id", "entry_type", "amount", "description", "reference_id", "created_at") VALUES
	('00496395-547b-4fc3-9bef-348e4f1583c2', '139c6002-bdd7-4924-9db4-16f14e283d89', '9ca6aca5-2f19-4ff4-9bcc-3b1cea02e09f', '0e300158-5e78-4f58-b6b5-6c5f3a16c10c', 'PAYMENT', -3000.00, 'Payment via CASH', 'f75500e9-8822-4399-8e01-132f843552a3', '2026-02-27 14:18:50.536853+00'),
	('0d7ed2a3-00f8-4317-b19e-675041cc122c', '139c6002-bdd7-4924-9db4-16f14e283d89', '9ca6aca5-2f19-4ff4-9bcc-3b1cea02e09f', '0e300158-5e78-4f58-b6b5-6c5f3a16c10c', 'FOOD_CHARGE', 300.00, 'Food Order ORD-1000', 'ab57ae95-2d2e-4231-8918-22325956a0ec', '2026-02-20 11:57:48.730614+00'),
	('107dfbfa-ad19-4544-9124-957ebf989a96', '139c6002-bdd7-4924-9db4-16f14e283d89', '9ca6aca5-2f19-4ff4-9bcc-3b1cea02e09f', '0e300158-5e78-4f58-b6b5-6c5f3a16c10c', 'FOOD_CHARGE', 120.00, 'Food Order ORD-1012', '724bed7d-954f-4b52-87dc-19ea40938ab1', '2026-02-20 11:57:48.730614+00'),
	('90ab4f4a-6fe3-4bca-921d-1a0d884b8544', '139c6002-bdd7-4924-9db4-16f14e283d89', '9ca6aca5-2f19-4ff4-9bcc-3b1cea02e09f', '0e300158-5e78-4f58-b6b5-6c5f3a16c10c', 'FOOD_CHARGE', 500.00, 'Food Order ORD-1006', 'bb1311a2-c2d1-49ff-bcc8-20498a2debe5', '2026-02-20 11:57:48.730614+00'),
	('6d8bc6bc-48d3-45d7-b258-3aad1bde903d', '139c6002-bdd7-4924-9db4-16f14e283d89', '9ca6aca5-2f19-4ff4-9bcc-3b1cea02e09f', '0e300158-5e78-4f58-b6b5-6c5f3a16c10c', 'FOOD_CHARGE', 850.00, 'Food Order ORD-1001', '09d858c6-91e4-4b5b-bc47-e38a074c30c0', '2026-02-20 11:57:48.730614+00'),
	('800ea13d-51ac-4496-8b31-4c140d824119', '139c6002-bdd7-4924-9db4-16f14e283d89', '9ca6aca5-2f19-4ff4-9bcc-3b1cea02e09f', '0e300158-5e78-4f58-b6b5-6c5f3a16c10c', 'FOOD_CHARGE', 660.00, 'Food Order ORD-1002', '677128d4-fda4-4060-8f99-d142b06d290b', '2026-02-20 11:57:48.730614+00'),
	('814ca2b0-a2f9-4c66-b262-881e1d284c5c', '139c6002-bdd7-4924-9db4-16f14e283d89', '9ca6aca5-2f19-4ff4-9bcc-3b1cea02e09f', '0e300158-5e78-4f58-b6b5-6c5f3a16c10c', 'FOOD_CHARGE', 250.00, 'Food Order ORD-1013', '9e5efd20-ce27-42cc-bfe0-b7da70dfef79', '2026-02-20 11:57:48.730614+00'),
	('3731699c-e15d-404f-ba1b-81a9f9681e65', '139c6002-bdd7-4924-9db4-16f14e283d89', '9ca6aca5-2f19-4ff4-9bcc-3b1cea02e09f', '0e300158-5e78-4f58-b6b5-6c5f3a16c10c', 'FOOD_CHARGE', 300.00, 'Food Order ORD-1014', '8e3871f4-4f42-45fe-95d7-9410d0177537', '2026-02-20 11:57:48.730614+00'),
	('01b15bc6-59cb-4b7c-9d9d-5923b2e72b98', '139c6002-bdd7-4924-9db4-16f14e283d89', '9ca6aca5-2f19-4ff4-9bcc-3b1cea02e09f', '0e300158-5e78-4f58-b6b5-6c5f3a16c10c', 'FOOD_CHARGE', 30.00, 'Food Order ORD-1003', 'ca4f2849-6a9a-4da9-a4a5-95b4ee93265a', '2026-02-20 11:57:48.730614+00'),
	('deb9edc4-befb-48cf-a181-b3437342b319', '139c6002-bdd7-4924-9db4-16f14e283d89', '9ca6aca5-2f19-4ff4-9bcc-3b1cea02e09f', '0e300158-5e78-4f58-b6b5-6c5f3a16c10c', 'FOOD_CHARGE', 250.00, 'Food Order ORD-1004', '946578ec-f119-414a-8f40-cd7003d515bf', '2026-02-20 11:57:48.730614+00'),
	('e4d7271d-2fa3-406f-9109-21f32caf0912', '139c6002-bdd7-4924-9db4-16f14e283d89', '9ca6aca5-2f19-4ff4-9bcc-3b1cea02e09f', '0e300158-5e78-4f58-b6b5-6c5f3a16c10c', 'FOOD_CHARGE', 250.00, 'Food Order ORD-1005', '115fe763-b830-4a36-b941-dc3896cf068f', '2026-02-20 11:57:48.730614+00'),
	('94e67db4-cfc0-4da4-a51f-5e49c5c42d34', '139c6002-bdd7-4924-9db4-16f14e283d89', '9ca6aca5-2f19-4ff4-9bcc-3b1cea02e09f', '0e300158-5e78-4f58-b6b5-6c5f3a16c10c', 'PAYMENT', -510.00, 'Payment via CASH', '9f9d3686-d308-4798-ad52-f7075c4a779e', '2026-02-28 06:28:23.262559+00'),
	('d2d5e69c-58dd-46b0-9014-8b6cde09705c', '139c6002-bdd7-4924-9db4-16f14e283d89', '9ca6aca5-2f19-4ff4-9bcc-3b1cea02e09f', '0e300158-5e78-4f58-b6b5-6c5f3a16c10c', 'FOOD_CHARGE', 250.00, 'Food Order ORD-1015', 'f150ec36-42ad-4f35-8070-d5784b236103', '2026-02-28 09:43:28.085725+00'),
	('617cc3a1-a07f-4770-9256-4947f8db49fb', '139c6002-bdd7-4924-9db4-16f14e283d89', '9ca6aca5-2f19-4ff4-9bcc-3b1cea02e09f', '0e300158-5e78-4f58-b6b5-6c5f3a16c10c', 'FOOD_CHARGE', 300.00, 'Food Order ORD-1007', 'caac179e-8509-4482-8aad-6d5005ea0704', '2026-02-28 09:44:00.040718+00'),
	('06952f7b-47cd-43b1-9776-395f7d3493af', '139c6002-bdd7-4924-9db4-16f14e283d89', '9ca6aca5-2f19-4ff4-9bcc-3b1cea02e09f', '0e300158-5e78-4f58-b6b5-6c5f3a16c10c', 'FOOD_CHARGE', 300.00, 'Food Order ORD-1008', 'caaae17d-b907-49bb-a706-a34b279f8722', '2026-02-28 09:44:55.949176+00'),
	('a5d5ddf8-3416-4bd4-9163-f6d9abaee9fd', '139c6002-bdd7-4924-9db4-16f14e283d89', '9ca6aca5-2f19-4ff4-9bcc-3b1cea02e09f', '0e300158-5e78-4f58-b6b5-6c5f3a16c10c', 'FOOD_CHARGE', 30.00, 'Food Order ORD-1009', '40295868-a08d-4207-968b-8a2a5ae1a3a3', '2026-02-28 09:45:00.720221+00'),
	('48316d36-66df-444c-810b-c58dc841fa45', '139c6002-bdd7-4924-9db4-16f14e283d89', '9ca6aca5-2f19-4ff4-9bcc-3b1cea02e09f', '0e300158-5e78-4f58-b6b5-6c5f3a16c10c', 'FOOD_CHARGE', 60.00, 'Food Order ORD-1010', 'd01ea2bd-858b-47c4-8a51-aa8426bdb08e', '2026-02-28 09:45:04.972636+00'),
	('ad058134-09e9-4777-8607-df40563f8bb4', '139c6002-bdd7-4924-9db4-16f14e283d89', '9ca6aca5-2f19-4ff4-9bcc-3b1cea02e09f', '0e300158-5e78-4f58-b6b5-6c5f3a16c10c', 'FOOD_CHARGE', 120.00, 'Food Order ORD-1011', 'ed3d39a5-0d95-4d49-93d6-b14fe3d1ae53', '2026-02-28 09:45:09.109326+00'),
	('498b3cba-6ca2-4ad8-aafa-7ee129dcd23e', '139c6002-bdd7-4924-9db4-16f14e283d89', '9ca6aca5-2f19-4ff4-9bcc-3b1cea02e09f', '0e300158-5e78-4f58-b6b5-6c5f3a16c10c', 'PAYMENT', -1060.00, 'Payment via CASH', '2e5f5921-ab7c-4d22-874c-b9f3c95c3765', '2026-02-28 09:45:53.276054+00'),
	('64957b32-05ff-4f02-acdf-682b7c26592c', '139c6002-bdd7-4924-9db4-16f14e283d89', '2c8ff15e-4081-458f-9be0-a3a4fbeebbfe', '8396fafa-9a1f-41a8-9beb-e19e03163f62', 'FOOD_CHARGE', 660.00, 'Food Order ORD-1016', '07be2bc3-1581-4c58-bda4-21b96de6bd0a', '2026-03-09 12:45:06.192517+00'),
	('118d8b1b-89f4-4470-9d1a-fe54c6ccdb45', '139c6002-bdd7-4924-9db4-16f14e283d89', '2c8ff15e-4081-458f-9be0-a3a4fbeebbfe', '8396fafa-9a1f-41a8-9beb-e19e03163f62', 'PAYMENT', -660.00, 'Payment via CASH', 'ef86e48b-708e-4b97-af4f-6375fc703e1c', '2026-03-13 17:55:34.337732+00'),
	('1246c4d3-6feb-44f8-82e5-a8c6c6833cef', 'e10eca3b-3102-41fc-8006-c1b4b70e00e6', 'ede4d26a-e6cc-4ab7-941c-247391359b75', '1bdc4dce-2560-4a3c-8862-3b2926247a24', 'FOOD_CHARGE', 100.00, 'Food Order ORD-1017', '55eac51c-c8c4-4089-bbde-5bfeb0040737', '2026-04-03 11:34:05.100924+00'),
	('058d6dfd-57fe-42b5-bf67-c175c5e03720', 'e10eca3b-3102-41fc-8006-c1b4b70e00e6', 'ede4d26a-e6cc-4ab7-941c-247391359b75', '1bdc4dce-2560-4a3c-8862-3b2926247a24', 'PAYMENT', -100.00, 'Payment via CASH', '8a006ed5-96ef-4f81-a3ec-ad8aecd47bbb', '2026-04-03 11:39:48.338021+00'),
	('211bce9c-cc8b-4596-a8da-3f2779ef02f4', '139c6002-bdd7-4924-9db4-16f14e283d89', '731fd275-b0dc-4498-a59d-25e9b070a544', '5d408707-4072-4bfc-b310-829ab8b05c50', 'FOOD_CHARGE', 300.00, 'Food Order ORD-1018', 'b2ffbbb1-1223-4e56-95d0-4d17f331e19e', '2026-04-03 14:29:32.925058+00'),
	('ef454412-b185-4db1-9b19-8b0cc59e34d8', '5d697b97-4336-4318-af21-53fc78a406ad', '6f333cd6-d449-406c-9dd8-4b8c76115168', 'e0c32d6a-7810-43a2-8cc1-dc299ee88407', 'FOOD_CHARGE', 100.00, 'Food Order ORD-1019', '6f7abc70-38d4-4145-8a5b-b701c84d637c', '2026-04-11 06:26:45.659034+00');


--
-- Data for Name: food_orders; Type: TABLE DATA; Schema: public; Owner: postgres
--

INSERT INTO "public"."food_orders" ("id", "hotel_id", "stay_id", "room_id", "status", "total_amount", "currency", "cancelled_reason", "cancelled_by", "created_at", "updated_at", "special_instructions", "display_id", "delivered_at", "delivered_by") VALUES
	('07be2bc3-1581-4c58-bda4-21b96de6bd0a', '139c6002-bdd7-4924-9db4-16f14e283d89', 'afb959f4-40bc-4712-ab6c-f9d135738d00', 'fbafee4a-f600-43dc-962a-1a17dba945e3', 'DELIVERED', 660.00, 'INR', NULL, NULL, '2026-03-09 06:17:57.393371', '2026-03-09 12:45:06.192517', NULL, 'ORD-1016', '2026-03-09 12:45:06.192517+00', '18ced61e-1508-47f0-bb6d-a3e39e5fdb7d'),
	('6f7abc70-38d4-4145-8a5b-b701c84d637c', '5d697b97-4336-4318-af21-53fc78a406ad', '5bb06b09-5728-47fc-aeb8-4617bf5b86e3', 'dd62fed1-f2bc-4486-b465-354499acd820', 'DELIVERED', 100.00, 'INR', NULL, NULL, '2026-04-11 06:20:06.458011', '2026-04-11 06:26:45.659034', NULL, 'ORD-1019', '2026-04-11 06:26:45.659034+00', '8be41e64-e0f5-456d-af21-ca8b6e338967'),
	('55eac51c-c8c4-4089-bbde-5bfeb0040737', 'e10eca3b-3102-41fc-8006-c1b4b70e00e6', 'de5f274d-27f0-4247-8c01-e67b0da161fb', 'ae0664a2-9bd1-4d7c-aa8e-e9eb1aafaa34', 'DELIVERED', 100.00, 'INR', NULL, NULL, '2026-04-03 11:24:14.011888', '2026-04-03 11:34:05.100924', 'Less spicy more saulty', 'ORD-1017', '2026-04-03 11:34:05.100924+00', 'db99d7a7-690a-414f-9e0c-f5132f8b2cbc'),
	('ab57ae95-2d2e-4231-8918-22325956a0ec', '139c6002-bdd7-4924-9db4-16f14e283d89', '6cecd24c-5d2b-4554-abad-acc34120fe13', '1459cf9c-34a7-4980-ba42-2f84ecdad565', 'DELIVERED', 300.00, 'INR', NULL, NULL, '2026-02-01 17:49:02.208996', '2026-02-01 18:54:54.939365', NULL, 'ORD-1000', '2026-02-01 18:54:54.939365+00', '18ced61e-1508-47f0-bb6d-a3e39e5fdb7d'),
	('724bed7d-954f-4b52-87dc-19ea40938ab1', '139c6002-bdd7-4924-9db4-16f14e283d89', '6cecd24c-5d2b-4554-abad-acc34120fe13', '1459cf9c-34a7-4980-ba42-2f84ecdad565', 'DELIVERED', 120.00, 'INR', NULL, NULL, '2026-02-02 17:50:16.025721', '2026-02-02 18:36:18.707583', NULL, 'ORD-1012', '2026-02-02 18:36:18.707583+00', '18ced61e-1508-47f0-bb6d-a3e39e5fdb7d'),
	('bb1311a2-c2d1-49ff-bcc8-20498a2debe5', '139c6002-bdd7-4924-9db4-16f14e283d89', '6cecd24c-5d2b-4554-abad-acc34120fe13', '1459cf9c-34a7-4980-ba42-2f84ecdad565', 'DELIVERED', 500.00, 'INR', NULL, NULL, '2026-02-02 15:42:04.214078', '2026-02-02 18:36:38.948852', 'less spicy', 'ORD-1006', '2026-02-02 18:36:38.948852+00', '18ced61e-1508-47f0-bb6d-a3e39e5fdb7d'),
	('09d858c6-91e4-4b5b-bc47-e38a074c30c0', '139c6002-bdd7-4924-9db4-16f14e283d89', '6cecd24c-5d2b-4554-abad-acc34120fe13', '1459cf9c-34a7-4980-ba42-2f84ecdad565', 'DELIVERED', 850.00, 'INR', NULL, NULL, '2026-02-01 19:26:26.817198', '2026-02-01 20:05:40.976697', NULL, 'ORD-1001', '2026-02-01 20:05:40.976697+00', '18ced61e-1508-47f0-bb6d-a3e39e5fdb7d'),
	('677128d4-fda4-4060-8f99-d142b06d290b', '139c6002-bdd7-4924-9db4-16f14e283d89', '6cecd24c-5d2b-4554-abad-acc34120fe13', '1459cf9c-34a7-4980-ba42-2f84ecdad565', 'DELIVERED', 660.00, 'INR', NULL, NULL, '2026-02-01 19:41:52.134512', '2026-02-01 20:05:54.83331', NULL, 'ORD-1002', '2026-02-01 20:05:54.83331+00', '18ced61e-1508-47f0-bb6d-a3e39e5fdb7d'),
	('9e5efd20-ce27-42cc-bfe0-b7da70dfef79', '139c6002-bdd7-4924-9db4-16f14e283d89', '6cecd24c-5d2b-4554-abad-acc34120fe13', '1459cf9c-34a7-4980-ba42-2f84ecdad565', 'DELIVERED', 250.00, 'INR', NULL, NULL, '2026-02-02 19:31:00.581262', '2026-02-03 19:50:55.806201', NULL, 'ORD-1013', '2026-02-03 19:50:55.806201+00', '18ced61e-1508-47f0-bb6d-a3e39e5fdb7d'),
	('8e3871f4-4f42-45fe-95d7-9410d0177537', '139c6002-bdd7-4924-9db4-16f14e283d89', '6cecd24c-5d2b-4554-abad-acc34120fe13', '1459cf9c-34a7-4980-ba42-2f84ecdad565', 'DELIVERED', 300.00, 'INR', NULL, NULL, '2026-02-09 20:31:11.29914', '2026-02-09 20:32:04.673081', NULL, 'ORD-1014', '2026-02-09 20:32:04.673081+00', '18ced61e-1508-47f0-bb6d-a3e39e5fdb7d'),
	('f150ec36-42ad-4f35-8070-d5784b236103', '139c6002-bdd7-4924-9db4-16f14e283d89', '6cecd24c-5d2b-4554-abad-acc34120fe13', '1459cf9c-34a7-4980-ba42-2f84ecdad565', 'DELIVERED', 250.00, 'INR', NULL, NULL, '2026-02-28 06:42:31.899126', '2026-02-28 09:43:28.085725', NULL, 'ORD-1015', '2026-02-28 09:43:28.085725+00', '18ced61e-1508-47f0-bb6d-a3e39e5fdb7d'),
	('caac179e-8509-4482-8aad-6d5005ea0704', '139c6002-bdd7-4924-9db4-16f14e283d89', '6cecd24c-5d2b-4554-abad-acc34120fe13', '1459cf9c-34a7-4980-ba42-2f84ecdad565', 'DELIVERED', 300.00, 'INR', NULL, NULL, '2026-02-01 20:32:36.03916', '2026-02-28 09:44:00.040718', NULL, 'ORD-1007', '2026-02-28 09:44:00.040718+00', '18ced61e-1508-47f0-bb6d-a3e39e5fdb7d'),
	('caaae17d-b907-49bb-a706-a34b279f8722', '139c6002-bdd7-4924-9db4-16f14e283d89', '6cecd24c-5d2b-4554-abad-acc34120fe13', '1459cf9c-34a7-4980-ba42-2f84ecdad565', 'DELIVERED', 300.00, 'INR', NULL, NULL, '2026-02-02 16:43:35.902114', '2026-02-28 09:44:55.949176', NULL, 'ORD-1008', '2026-02-28 09:44:55.949176+00', '18ced61e-1508-47f0-bb6d-a3e39e5fdb7d'),
	('40295868-a08d-4207-968b-8a2a5ae1a3a3', '139c6002-bdd7-4924-9db4-16f14e283d89', '6cecd24c-5d2b-4554-abad-acc34120fe13', '1459cf9c-34a7-4980-ba42-2f84ecdad565', 'DELIVERED', 30.00, 'INR', NULL, NULL, '2026-02-02 17:23:35.647765', '2026-02-28 09:45:00.720221', 'dddd', 'ORD-1009', '2026-02-28 09:45:00.720221+00', '18ced61e-1508-47f0-bb6d-a3e39e5fdb7d'),
	('d01ea2bd-858b-47c4-8a51-aa8426bdb08e', '139c6002-bdd7-4924-9db4-16f14e283d89', '6cecd24c-5d2b-4554-abad-acc34120fe13', '1459cf9c-34a7-4980-ba42-2f84ecdad565', 'DELIVERED', 60.00, 'INR', NULL, NULL, '2026-02-02 17:29:27.668845', '2026-02-28 09:45:04.972636', NULL, 'ORD-1010', '2026-02-28 09:45:04.972636+00', '18ced61e-1508-47f0-bb6d-a3e39e5fdb7d'),
	('ed3d39a5-0d95-4d49-93d6-b14fe3d1ae53', '139c6002-bdd7-4924-9db4-16f14e283d89', '6cecd24c-5d2b-4554-abad-acc34120fe13', '1459cf9c-34a7-4980-ba42-2f84ecdad565', 'DELIVERED', 120.00, 'INR', NULL, NULL, '2026-02-02 17:42:41.198298', '2026-02-28 09:45:09.109326', 'cofee ', 'ORD-1011', '2026-02-28 09:45:09.109326+00', '18ced61e-1508-47f0-bb6d-a3e39e5fdb7d'),
	('ca4f2849-6a9a-4da9-a4a5-95b4ee93265a', '139c6002-bdd7-4924-9db4-16f14e283d89', '6cecd24c-5d2b-4554-abad-acc34120fe13', '1459cf9c-34a7-4980-ba42-2f84ecdad565', 'DELIVERED', 30.00, 'INR', NULL, NULL, '2026-02-01 20:00:16.472494', '2026-02-01 20:18:57.01116', 'sugar free', 'ORD-1003', '2026-02-01 20:18:57.01116+00', '18ced61e-1508-47f0-bb6d-a3e39e5fdb7d'),
	('946578ec-f119-414a-8f40-cd7003d515bf', '139c6002-bdd7-4924-9db4-16f14e283d89', '6cecd24c-5d2b-4554-abad-acc34120fe13', '1459cf9c-34a7-4980-ba42-2f84ecdad565', 'DELIVERED', 250.00, 'INR', NULL, NULL, '2026-02-01 20:30:42.131523', '2026-02-02 15:44:43.112529', NULL, 'ORD-1004', '2026-02-02 15:44:43.112529+00', '18ced61e-1508-47f0-bb6d-a3e39e5fdb7d'),
	('115fe763-b830-4a36-b941-dc3896cf068f', '139c6002-bdd7-4924-9db4-16f14e283d89', '6cecd24c-5d2b-4554-abad-acc34120fe13', '1459cf9c-34a7-4980-ba42-2f84ecdad565', 'DELIVERED', 250.00, 'INR', NULL, NULL, '2026-02-01 20:19:36.266553', '2026-02-02 16:28:43.628425', 'more spice', 'ORD-1005', '2026-02-02 16:28:43.628425+00', '18ced61e-1508-47f0-bb6d-a3e39e5fdb7d'),
	('b2ffbbb1-1223-4e56-95d0-4d17f331e19e', '139c6002-bdd7-4924-9db4-16f14e283d89', '42f28a3f-8928-4dbd-bc6b-08c1a6409d18', 'd04b4f5b-217e-4355-b9a7-736c6508168e', 'DELIVERED', 300.00, 'INR', NULL, NULL, '2026-04-03 13:33:21.092741', '2026-04-03 14:29:32.925058', NULL, 'ORD-1018', '2026-04-03 14:29:32.925058+00', '18ced61e-1508-47f0-bb6d-a3e39e5fdb7d');


--
-- Data for Name: food_order_assignments; Type: TABLE DATA; Schema: public; Owner: postgres
--

INSERT INTO "public"."food_order_assignments" ("id", "food_order_id", "role", "assigned_at", "unassigned_at", "hotel_member_id") VALUES
	('927925ea-afe9-42d2-9434-4ac370e0255f', 'b2ffbbb1-1223-4e56-95d0-4d17f331e19e', 'RUNNER', '2026-04-03 14:29:30.45977', '2026-04-03 14:29:32.925058', 'f0a60133-439f-4ea2-9236-bde74feee105'),
	('ff50276e-99cb-451f-8a58-d79716fcfc83', 'b2ffbbb1-1223-4e56-95d0-4d17f331e19e', 'RUNNER', '2026-04-03 14:29:32.925058', NULL, '18ced61e-1508-47f0-bb6d-a3e39e5fdb7d'),
	('e7098bb0-b4e4-4566-8b0a-9f21e391a291', '6f7abc70-38d4-4145-8a5b-b701c84d637c', 'KITCHEN', '2026-04-11 06:21:23.033326', NULL, '8be41e64-e0f5-456d-af21-ca8b6e338967'),
	('115917a3-0e04-4093-814a-6d3189e694b2', '6f7abc70-38d4-4145-8a5b-b701c84d637c', 'RUNNER', '2026-04-11 06:26:45.659034', NULL, '8be41e64-e0f5-456d-af21-ca8b6e338967'),
	('1d0f1417-4c7a-4a4a-9df5-8f3a3d6ca020', '946578ec-f119-414a-8f40-cd7003d515bf', 'KITCHEN', '2026-02-02 15:44:10.310256', NULL, '18ced61e-1508-47f0-bb6d-a3e39e5fdb7d'),
	('e8d14793-5a78-47e4-aa8a-e4302a461253', '946578ec-f119-414a-8f40-cd7003d515bf', 'RUNNER', '2026-02-02 15:44:43.112529', NULL, '18ced61e-1508-47f0-bb6d-a3e39e5fdb7d'),
	('f59a9295-3188-4876-9970-43e7108262a0', 'bb1311a2-c2d1-49ff-bcc8-20498a2debe5', 'KITCHEN', '2026-02-02 15:47:09.988294', NULL, '18ced61e-1508-47f0-bb6d-a3e39e5fdb7d'),
	('a5a85db3-230e-4293-bf65-4838ce17178f', '115fe763-b830-4a36-b941-dc3896cf068f', 'RUNNER', '2026-02-02 16:28:43.628425', NULL, '18ced61e-1508-47f0-bb6d-a3e39e5fdb7d'),
	('1b12c780-cb98-447c-b1fe-4d15527eee0c', 'caac179e-8509-4482-8aad-6d5005ea0704', 'KITCHEN', '2026-02-02 17:23:16.318583', NULL, '18ced61e-1508-47f0-bb6d-a3e39e5fdb7d'),
	('ffd55286-4c92-4065-8c71-e4f88bce1eaa', 'caaae17d-b907-49bb-a706-a34b279f8722', 'KITCHEN', '2026-02-02 17:23:21.69313', NULL, '18ced61e-1508-47f0-bb6d-a3e39e5fdb7d'),
	('1a134bc7-c38a-4836-8155-c71233634594', '724bed7d-954f-4b52-87dc-19ea40938ab1', 'KITCHEN', '2026-02-02 18:35:34.760469', NULL, '18ced61e-1508-47f0-bb6d-a3e39e5fdb7d'),
	('9a9e1556-74f2-46b9-92f9-686c55224e91', '724bed7d-954f-4b52-87dc-19ea40938ab1', 'RUNNER', '2026-02-02 18:36:18.707583', NULL, '18ced61e-1508-47f0-bb6d-a3e39e5fdb7d'),
	('cbf24e70-9706-4e98-bbb7-46f3a7fd7572', 'bb1311a2-c2d1-49ff-bcc8-20498a2debe5', 'RUNNER', '2026-02-02 18:36:38.948852', NULL, '18ced61e-1508-47f0-bb6d-a3e39e5fdb7d'),
	('2d907f54-633b-4358-b6eb-e71b1cb6bc0c', '9e5efd20-ce27-42cc-bfe0-b7da70dfef79', 'KITCHEN', '2026-02-03 19:49:55.933146', NULL, '18ced61e-1508-47f0-bb6d-a3e39e5fdb7d'),
	('915cad7e-5925-4e3a-b54f-38c32589037c', '9e5efd20-ce27-42cc-bfe0-b7da70dfef79', 'RUNNER', '2026-02-03 19:50:55.806201', NULL, '18ced61e-1508-47f0-bb6d-a3e39e5fdb7d'),
	('d7fff1fa-d2a5-473a-b0cc-4184eccf7f57', '8e3871f4-4f42-45fe-95d7-9410d0177537', 'KITCHEN', '2026-02-09 20:31:55.320841', NULL, '18ced61e-1508-47f0-bb6d-a3e39e5fdb7d'),
	('81be915f-135b-4853-a8d3-5e6719951853', '8e3871f4-4f42-45fe-95d7-9410d0177537', 'RUNNER', '2026-02-09 20:32:04.673081', NULL, '18ced61e-1508-47f0-bb6d-a3e39e5fdb7d'),
	('6794a8d9-4f40-4cb8-ac1f-634dd77f6e67', 'f150ec36-42ad-4f35-8070-d5784b236103', 'KITCHEN', '2026-02-28 06:43:59.343188', NULL, '18ced61e-1508-47f0-bb6d-a3e39e5fdb7d'),
	('432ac9a7-dedc-4123-90ca-e7e1a845ba68', 'f150ec36-42ad-4f35-8070-d5784b236103', 'RUNNER', '2026-02-28 09:43:28.085725', NULL, '18ced61e-1508-47f0-bb6d-a3e39e5fdb7d'),
	('47ae442c-6d8e-4d23-a745-07d275eb7e94', '40295868-a08d-4207-968b-8a2a5ae1a3a3', 'KITCHEN', '2026-02-28 09:43:47.508986', NULL, '18ced61e-1508-47f0-bb6d-a3e39e5fdb7d'),
	('c37a5de3-d6b1-476b-977b-17f03bec124c', 'caac179e-8509-4482-8aad-6d5005ea0704', 'RUNNER', '2026-02-28 09:44:00.040718', NULL, '18ced61e-1508-47f0-bb6d-a3e39e5fdb7d'),
	('9ca75e8a-1ca2-40df-9a40-9fb2fcd4a079', 'd01ea2bd-858b-47c4-8a51-aa8426bdb08e', 'KITCHEN', '2026-02-28 09:44:07.933907', NULL, '18ced61e-1508-47f0-bb6d-a3e39e5fdb7d'),
	('1f94f521-669c-4ad4-9a35-8d4e84fc370b', 'ed3d39a5-0d95-4d49-93d6-b14fe3d1ae53', 'KITCHEN', '2026-02-28 09:44:23.93928', NULL, '18ced61e-1508-47f0-bb6d-a3e39e5fdb7d'),
	('b63bad7e-e350-4af5-84b0-d59cc7f2471a', 'caaae17d-b907-49bb-a706-a34b279f8722', 'RUNNER', '2026-02-28 09:44:55.949176', NULL, '18ced61e-1508-47f0-bb6d-a3e39e5fdb7d'),
	('f231ee7d-7ad4-450f-8159-1acc6cb43fc6', '40295868-a08d-4207-968b-8a2a5ae1a3a3', 'RUNNER', '2026-02-28 09:45:00.720221', NULL, '18ced61e-1508-47f0-bb6d-a3e39e5fdb7d'),
	('8ca8dcfa-ae11-4370-a5ea-5abc7c1b0e8b', 'd01ea2bd-858b-47c4-8a51-aa8426bdb08e', 'RUNNER', '2026-02-28 09:45:04.972636', NULL, '18ced61e-1508-47f0-bb6d-a3e39e5fdb7d'),
	('63c00766-32b9-4332-9427-2845f097f272', 'ed3d39a5-0d95-4d49-93d6-b14fe3d1ae53', 'RUNNER', '2026-02-28 09:45:09.109326', NULL, '18ced61e-1508-47f0-bb6d-a3e39e5fdb7d'),
	('35076ec5-4756-4cb2-94bd-40cdc46908fb', '07be2bc3-1581-4c58-bda4-21b96de6bd0a', 'KITCHEN', '2026-03-09 06:37:39.087754', NULL, '18ced61e-1508-47f0-bb6d-a3e39e5fdb7d'),
	('f525a7c2-977c-45e1-b3f9-d8284d625cf3', '07be2bc3-1581-4c58-bda4-21b96de6bd0a', 'RUNNER', '2026-03-09 06:39:51.551493', '2026-03-09 12:45:06.192517', 'f0a60133-439f-4ea2-9236-bde74feee105'),
	('8c873c46-9a72-4268-afed-a166a697edec', '07be2bc3-1581-4c58-bda4-21b96de6bd0a', 'RUNNER', '2026-03-09 12:45:06.192517', NULL, '18ced61e-1508-47f0-bb6d-a3e39e5fdb7d'),
	('db5d69ba-a863-4180-a42e-95943694a84c', 'b2ffbbb1-1223-4e56-95d0-4d17f331e19e', 'KITCHEN', '2026-04-03 14:25:27.178038', NULL, '18ced61e-1508-47f0-bb6d-a3e39e5fdb7d');


--
-- Data for Name: food_order_events; Type: TABLE DATA; Schema: public; Owner: postgres
--

INSERT INTO "public"."food_order_events" ("id", "food_order_id", "event_type", "actor_type", "actor_id", "payload", "created_at") VALUES
	('65451841-92ea-4249-92fd-5f1cedd43551', 'ab57ae95-2d2e-4231-8918-22325956a0ec', 'ORDER_CREATED', 'GUEST', '73904179-cca9-40ab-a2c4-e509dadbbbbb', '{}', '2026-02-01 17:49:02.208996'),
	('8b069e88-1251-4992-a3d0-c56aceadcde5', 'ab57ae95-2d2e-4231-8918-22325956a0ec', 'ORDER_ACCEPTED', 'KITCHEN', '73904179-cca9-40ab-a2c4-e509dadbbbbb', '{}', '2026-02-01 18:21:03.469424'),
	('b7792c74-bfa6-4b41-b7fc-486b3f691505', 'ab57ae95-2d2e-4231-8918-22325956a0ec', 'ORDER_PREPARING', 'KITCHEN', '73904179-cca9-40ab-a2c4-e509dadbbbbb', '{}', '2026-02-01 18:26:34.084011'),
	('29b63299-3922-4612-a3c3-bb71c18dcf9c', 'ab57ae95-2d2e-4231-8918-22325956a0ec', 'ORDER_READY', 'KITCHEN', '73904179-cca9-40ab-a2c4-e509dadbbbbb', '{}', '2026-02-01 18:26:41.753847'),
	('1a67f669-0f9e-4725-82ab-1df3cfd34f7e', 'ab57ae95-2d2e-4231-8918-22325956a0ec', 'ORDER_DELIVERED', 'RUNNER', '73904179-cca9-40ab-a2c4-e509dadbbbbb', '{}', '2026-02-01 18:54:54.939365'),
	('4ed56da8-2f91-4800-978b-dec9359ecc08', '09d858c6-91e4-4b5b-bc47-e38a074c30c0', 'ORDER_CREATED', 'GUEST', '73904179-cca9-40ab-a2c4-e509dadbbbbb', '{}', '2026-02-01 19:26:26.817198'),
	('f27721fd-fd67-4df5-b5fe-2d5dd204a00c', '09d858c6-91e4-4b5b-bc47-e38a074c30c0', 'ORDER_ACCEPTED', 'KITCHEN', '73904179-cca9-40ab-a2c4-e509dadbbbbb', '{}', '2026-02-01 19:35:07.26104'),
	('313b73e7-97bb-4a0d-8137-e3133bbb692a', '677128d4-fda4-4060-8f99-d142b06d290b', 'ORDER_CREATED', 'GUEST', '73904179-cca9-40ab-a2c4-e509dadbbbbb', '{}', '2026-02-01 19:41:52.134512'),
	('2d203bfa-bbe4-49ef-90fc-d7dfe3326f17', '09d858c6-91e4-4b5b-bc47-e38a074c30c0', 'ORDER_PREPARING', 'KITCHEN', '73904179-cca9-40ab-a2c4-e509dadbbbbb', '{}', '2026-02-01 19:59:38.245083'),
	('5b91bb50-4ce2-457a-a1be-428505ba4ed5', '677128d4-fda4-4060-8f99-d142b06d290b', 'ORDER_ACCEPTED', 'KITCHEN', '73904179-cca9-40ab-a2c4-e509dadbbbbb', '{}', '2026-02-01 19:59:47.337505'),
	('87278d80-729c-4d0f-a375-81515f8b654d', 'ca4f2849-6a9a-4da9-a4a5-95b4ee93265a', 'ORDER_CREATED', 'GUEST', '73904179-cca9-40ab-a2c4-e509dadbbbbb', '{}', '2026-02-01 20:00:16.472494'),
	('f40ff8b4-b597-4606-87ea-c522d4180077', '09d858c6-91e4-4b5b-bc47-e38a074c30c0', 'ORDER_READY', 'KITCHEN', '73904179-cca9-40ab-a2c4-e509dadbbbbb', '{}', '2026-02-01 20:05:30.503374'),
	('fa695c6f-0270-45a7-8219-cd6b39cd9bd4', '09d858c6-91e4-4b5b-bc47-e38a074c30c0', 'ORDER_DELIVERED', 'RUNNER', '73904179-cca9-40ab-a2c4-e509dadbbbbb', '{}', '2026-02-01 20:05:40.976697'),
	('11ff8919-6baf-4f41-940e-2c6171e05c9a', '677128d4-fda4-4060-8f99-d142b06d290b', 'ORDER_PREPARING', 'KITCHEN', '73904179-cca9-40ab-a2c4-e509dadbbbbb', '{}', '2026-02-01 20:05:47.683938'),
	('3a39c1b5-7973-4464-8014-ed09b2ba0a25', '677128d4-fda4-4060-8f99-d142b06d290b', 'ORDER_READY', 'KITCHEN', '73904179-cca9-40ab-a2c4-e509dadbbbbb', '{}', '2026-02-01 20:05:49.867711'),
	('53ca5e21-fda6-4426-9ae5-980c649cc0e5', '677128d4-fda4-4060-8f99-d142b06d290b', 'ORDER_DELIVERED', 'RUNNER', '73904179-cca9-40ab-a2c4-e509dadbbbbb', '{}', '2026-02-01 20:05:54.83331'),
	('19a1d009-66da-4549-a0a3-28f5813f06dc', 'ca4f2849-6a9a-4da9-a4a5-95b4ee93265a', 'ORDER_ACCEPTED', 'KITCHEN', '73904179-cca9-40ab-a2c4-e509dadbbbbb', '{}', '2026-02-01 20:06:08.254613'),
	('388249d1-f01d-41cb-bb19-99311cc01bc3', 'ca4f2849-6a9a-4da9-a4a5-95b4ee93265a', 'ORDER_PREPARING', 'KITCHEN', '73904179-cca9-40ab-a2c4-e509dadbbbbb', '{}', '2026-02-01 20:11:09.105908'),
	('ef8c7982-2b27-4f50-b9c2-88e06057423f', 'ca4f2849-6a9a-4da9-a4a5-95b4ee93265a', 'ORDER_READY', 'KITCHEN', '73904179-cca9-40ab-a2c4-e509dadbbbbb', '{}', '2026-02-01 20:11:12.226492'),
	('bcacf6fe-f1d0-4c3e-a7ff-583e1c11dc0a', 'ca4f2849-6a9a-4da9-a4a5-95b4ee93265a', 'ORDER_DELIVERED', 'RUNNER', '73904179-cca9-40ab-a2c4-e509dadbbbbb', '{}', '2026-02-01 20:18:57.01116'),
	('3e8a6852-b0e8-41cd-8344-663e385b560e', '115fe763-b830-4a36-b941-dc3896cf068f', 'ORDER_CREATED', 'GUEST', '73904179-cca9-40ab-a2c4-e509dadbbbbb', '{}', '2026-02-01 20:19:36.266553'),
	('1c8a99f0-b46b-4e13-a32a-13b319ba22c8', '115fe763-b830-4a36-b941-dc3896cf068f', 'ORDER_ACCEPTED', 'KITCHEN', '73904179-cca9-40ab-a2c4-e509dadbbbbb', '{}', '2026-02-01 20:19:48.762084'),
	('f23a5c98-5729-4a22-9094-65b47029a0d9', '115fe763-b830-4a36-b941-dc3896cf068f', 'ORDER_PREPARING', 'KITCHEN', '73904179-cca9-40ab-a2c4-e509dadbbbbb', '{}', '2026-02-01 20:19:50.601981'),
	('1799d834-dd61-442d-ac24-de951a383835', '115fe763-b830-4a36-b941-dc3896cf068f', 'ORDER_READY', 'KITCHEN', '73904179-cca9-40ab-a2c4-e509dadbbbbb', '{}', '2026-02-01 20:19:52.575564'),
	('2267a5c0-da70-4099-91de-18c0f8d7980e', '946578ec-f119-414a-8f40-cd7003d515bf', 'ORDER_CREATED', 'GUEST', '73904179-cca9-40ab-a2c4-e509dadbbbbb', '{}', '2026-02-01 20:30:42.131523'),
	('12d5fa04-5d3f-42a8-9ce2-36f58a49c17b', 'caac179e-8509-4482-8aad-6d5005ea0704', 'ORDER_CREATED', 'GUEST', '73904179-cca9-40ab-a2c4-e509dadbbbbb', '{}', '2026-02-01 20:32:36.03916'),
	('029f615f-fc2a-410c-8839-f114b9007725', 'bb1311a2-c2d1-49ff-bcc8-20498a2debe5', 'ORDER_CREATED', 'GUEST', '73904179-cca9-40ab-a2c4-e509dadbbbbb', '{}', '2026-02-02 15:42:04.214078'),
	('19dc0125-56cb-4b28-94fe-f1c0c0a35b34', '946578ec-f119-414a-8f40-cd7003d515bf', 'ORDER_ACCEPTED', 'KITCHEN', '73904179-cca9-40ab-a2c4-e509dadbbbbb', '{}', '2026-02-02 15:44:10.310256'),
	('9bfc2398-4e7d-495b-8214-0b72d01ad09f', '946578ec-f119-414a-8f40-cd7003d515bf', 'ORDER_PREPARING', 'KITCHEN', '73904179-cca9-40ab-a2c4-e509dadbbbbb', '{}', '2026-02-02 15:44:37.288884'),
	('b840996e-a59a-40da-b901-918838b30322', '946578ec-f119-414a-8f40-cd7003d515bf', 'ORDER_READY', 'KITCHEN', '73904179-cca9-40ab-a2c4-e509dadbbbbb', '{}', '2026-02-02 15:44:39.686876'),
	('0633e7d2-a757-4a1a-bf14-86535f707df7', '946578ec-f119-414a-8f40-cd7003d515bf', 'ORDER_DELIVERED', 'RUNNER', '73904179-cca9-40ab-a2c4-e509dadbbbbb', '{}', '2026-02-02 15:44:43.112529'),
	('b5689381-1732-4af3-b78f-f56b5ce9f14f', 'bb1311a2-c2d1-49ff-bcc8-20498a2debe5', 'ORDER_ACCEPTED', 'KITCHEN', '73904179-cca9-40ab-a2c4-e509dadbbbbb', '{}', '2026-02-02 15:47:09.988294'),
	('bd7fdbc9-9d30-42cd-8970-726019b82d40', 'bb1311a2-c2d1-49ff-bcc8-20498a2debe5', 'ORDER_PREPARING', 'KITCHEN', '73904179-cca9-40ab-a2c4-e509dadbbbbb', '{}', '2026-02-02 16:27:02.838809'),
	('f2e3a5eb-71b3-430a-8bb6-2ff6c5f6d251', '115fe763-b830-4a36-b941-dc3896cf068f', 'ORDER_DELIVERED', 'RUNNER', '73904179-cca9-40ab-a2c4-e509dadbbbbb', '{}', '2026-02-02 16:28:43.628425'),
	('c181e943-30f4-4501-a824-0c3d89b43a35', 'bb1311a2-c2d1-49ff-bcc8-20498a2debe5', 'ORDER_READY', 'KITCHEN', '73904179-cca9-40ab-a2c4-e509dadbbbbb', '{}', '2026-02-02 16:28:48.529922'),
	('e50f4b3e-4946-4eaa-8156-4d8163bda701', 'caaae17d-b907-49bb-a706-a34b279f8722', 'ORDER_CREATED', 'GUEST', '73904179-cca9-40ab-a2c4-e509dadbbbbb', '{}', '2026-02-02 16:43:35.902114'),
	('382dde36-6fb0-4479-ab21-5ab1d74e4789', 'caac179e-8509-4482-8aad-6d5005ea0704', 'ORDER_ACCEPTED', 'KITCHEN', '73904179-cca9-40ab-a2c4-e509dadbbbbb', '{}', '2026-02-02 17:23:16.318583'),
	('004e5324-c660-4554-a55b-0f733864fbc5', 'caaae17d-b907-49bb-a706-a34b279f8722', 'ORDER_ACCEPTED', 'KITCHEN', '73904179-cca9-40ab-a2c4-e509dadbbbbb', '{}', '2026-02-02 17:23:21.69313'),
	('7e0b95aa-17fd-4027-9123-ee1500465653', '40295868-a08d-4207-968b-8a2a5ae1a3a3', 'ORDER_CREATED', 'GUEST', '73904179-cca9-40ab-a2c4-e509dadbbbbb', '{}', '2026-02-02 17:23:35.647765'),
	('631776c9-f305-4331-8ff9-77af27b0c08e', 'd01ea2bd-858b-47c4-8a51-aa8426bdb08e', 'ORDER_CREATED', 'GUEST', '73904179-cca9-40ab-a2c4-e509dadbbbbb', '{}', '2026-02-02 17:29:27.668845'),
	('c7429507-57a6-4893-944f-899d524744ea', 'ed3d39a5-0d95-4d49-93d6-b14fe3d1ae53', 'ORDER_CREATED', 'GUEST', '73904179-cca9-40ab-a2c4-e509dadbbbbb', '{}', '2026-02-02 17:42:41.198298'),
	('48f36bcf-7cdf-47b7-b9b9-123cf279ed08', '724bed7d-954f-4b52-87dc-19ea40938ab1', 'ORDER_CREATED', 'GUEST', '73904179-cca9-40ab-a2c4-e509dadbbbbb', '{}', '2026-02-02 17:50:16.025721'),
	('957a0f82-4cfc-4f64-b277-512e30fd3f33', '724bed7d-954f-4b52-87dc-19ea40938ab1', 'ORDER_ACCEPTED', 'KITCHEN', '73904179-cca9-40ab-a2c4-e509dadbbbbb', '{}', '2026-02-02 18:35:34.760469'),
	('537fd33b-761f-4e1d-a3ab-a4df5474e197', '724bed7d-954f-4b52-87dc-19ea40938ab1', 'ORDER_PREPARING', 'KITCHEN', '73904179-cca9-40ab-a2c4-e509dadbbbbb', '{}', '2026-02-02 18:35:52.654879'),
	('f67a1c84-7ea5-4c08-ba22-a245620ebaca', '724bed7d-954f-4b52-87dc-19ea40938ab1', 'ORDER_READY', 'KITCHEN', '73904179-cca9-40ab-a2c4-e509dadbbbbb', '{}', '2026-02-02 18:35:57.947125'),
	('5af04ada-058f-4325-be0d-dcef889a4d46', '724bed7d-954f-4b52-87dc-19ea40938ab1', 'ORDER_DELIVERED', 'RUNNER', '73904179-cca9-40ab-a2c4-e509dadbbbbb', '{}', '2026-02-02 18:36:18.707583'),
	('9f892146-4de9-4a47-90cf-f98857d86a78', 'bb1311a2-c2d1-49ff-bcc8-20498a2debe5', 'ORDER_DELIVERED', 'RUNNER', '73904179-cca9-40ab-a2c4-e509dadbbbbb', '{}', '2026-02-02 18:36:38.948852'),
	('ada0ce1d-30bb-4934-afcd-ab5027522005', '9e5efd20-ce27-42cc-bfe0-b7da70dfef79', 'ORDER_CREATED', 'GUEST', '73904179-cca9-40ab-a2c4-e509dadbbbbb', '{}', '2026-02-02 19:31:00.581262'),
	('ba008831-3500-4fb3-9f82-433427dd508f', '9e5efd20-ce27-42cc-bfe0-b7da70dfef79', 'ORDER_ACCEPTED', 'KITCHEN', '73904179-cca9-40ab-a2c4-e509dadbbbbb', '{}', '2026-02-03 19:49:55.933146'),
	('0818ca67-df02-4e7b-b2d7-fe3629017a61', '9e5efd20-ce27-42cc-bfe0-b7da70dfef79', 'ORDER_PREPARING', 'KITCHEN', '73904179-cca9-40ab-a2c4-e509dadbbbbb', '{}', '2026-02-03 19:50:23.985074'),
	('bac92434-423f-49d0-b190-85b6cee9776c', '9e5efd20-ce27-42cc-bfe0-b7da70dfef79', 'ORDER_READY', 'KITCHEN', '73904179-cca9-40ab-a2c4-e509dadbbbbb', '{}', '2026-02-03 19:50:48.324724'),
	('e94e4909-02b4-4ea6-9aeb-b7ca92b44919', '9e5efd20-ce27-42cc-bfe0-b7da70dfef79', 'ORDER_DELIVERED', 'RUNNER', '73904179-cca9-40ab-a2c4-e509dadbbbbb', '{}', '2026-02-03 19:50:55.806201'),
	('6ff71ec3-e54c-4ddd-a4dd-4ee67dda028c', '8e3871f4-4f42-45fe-95d7-9410d0177537', 'ORDER_CREATED', 'GUEST', '73904179-cca9-40ab-a2c4-e509dadbbbbb', '{}', '2026-02-09 20:31:11.29914'),
	('c9b75ce6-e604-4e23-a947-2fb6f68ab7b1', '8e3871f4-4f42-45fe-95d7-9410d0177537', 'ORDER_ACCEPTED', 'KITCHEN', '73904179-cca9-40ab-a2c4-e509dadbbbbb', '{}', '2026-02-09 20:31:55.320841'),
	('df982a9e-b356-4ed5-90c8-d9519f01ef54', '8e3871f4-4f42-45fe-95d7-9410d0177537', 'ORDER_PREPARING', 'KITCHEN', '73904179-cca9-40ab-a2c4-e509dadbbbbb', '{}', '2026-02-09 20:32:00.633958'),
	('890b2bdb-9629-443b-9e14-01569547fb20', '8e3871f4-4f42-45fe-95d7-9410d0177537', 'ORDER_READY', 'KITCHEN', '73904179-cca9-40ab-a2c4-e509dadbbbbb', '{}', '2026-02-09 20:32:02.860149'),
	('05ad4d34-bed7-4a04-90fe-b14b01df632d', '8e3871f4-4f42-45fe-95d7-9410d0177537', 'ORDER_DELIVERED', 'RUNNER', '73904179-cca9-40ab-a2c4-e509dadbbbbb', '{}', '2026-02-09 20:32:04.673081'),
	('eac67eec-60c2-43e9-9af4-7261c676bcfa', 'f150ec36-42ad-4f35-8070-d5784b236103', 'ORDER_CREATED', 'GUEST', '73904179-cca9-40ab-a2c4-e509dadbbbbb', '{}', '2026-02-28 06:42:31.899126'),
	('c6996088-28cd-42f0-ad40-d0977f090984', 'f150ec36-42ad-4f35-8070-d5784b236103', 'ORDER_ACCEPTED', 'KITCHEN', '73904179-cca9-40ab-a2c4-e509dadbbbbb', '{}', '2026-02-28 06:43:59.343188'),
	('475b9947-65ab-41a7-8859-77fd986df7a4', 'f150ec36-42ad-4f35-8070-d5784b236103', 'ORDER_PREPARING', 'KITCHEN', '73904179-cca9-40ab-a2c4-e509dadbbbbb', '{}', '2026-02-28 06:44:04.854997'),
	('eb43842b-e971-402d-bd19-b27077f45985', 'f150ec36-42ad-4f35-8070-d5784b236103', 'ORDER_READY', 'KITCHEN', '73904179-cca9-40ab-a2c4-e509dadbbbbb', '{}', '2026-02-28 06:44:09.882527'),
	('364f9088-0c03-447b-9663-50a4beca5417', 'f150ec36-42ad-4f35-8070-d5784b236103', 'ORDER_DELIVERED', 'RUNNER', '73904179-cca9-40ab-a2c4-e509dadbbbbb', '{}', '2026-02-28 09:43:28.085725'),
	('667b19ef-83e0-4ff9-99b1-80a5470e9559', '40295868-a08d-4207-968b-8a2a5ae1a3a3', 'ORDER_ACCEPTED', 'KITCHEN', '73904179-cca9-40ab-a2c4-e509dadbbbbb', '{}', '2026-02-28 09:43:47.508986'),
	('0ea81806-d114-4ce3-a1d5-20ce03e225d0', 'caac179e-8509-4482-8aad-6d5005ea0704', 'ORDER_PREPARING', 'KITCHEN', '73904179-cca9-40ab-a2c4-e509dadbbbbb', '{}', '2026-02-28 09:43:49.348395'),
	('0eb8d4b1-990f-428d-a795-6495875a582d', 'caac179e-8509-4482-8aad-6d5005ea0704', 'ORDER_READY', 'KITCHEN', '73904179-cca9-40ab-a2c4-e509dadbbbbb', '{}', '2026-02-28 09:43:53.985776'),
	('ce1685bb-92bc-4033-a794-f29d38ab9790', 'caac179e-8509-4482-8aad-6d5005ea0704', 'ORDER_DELIVERED', 'RUNNER', '73904179-cca9-40ab-a2c4-e509dadbbbbb', '{}', '2026-02-28 09:44:00.040718'),
	('a2df7a80-38da-4180-a0db-c0cdbf92fab8', 'd01ea2bd-858b-47c4-8a51-aa8426bdb08e', 'ORDER_ACCEPTED', 'KITCHEN', '73904179-cca9-40ab-a2c4-e509dadbbbbb', '{}', '2026-02-28 09:44:07.933907'),
	('9c4c5e44-46f1-483d-a252-41f710b924e8', 'caaae17d-b907-49bb-a706-a34b279f8722', 'ORDER_PREPARING', 'KITCHEN', '73904179-cca9-40ab-a2c4-e509dadbbbbb', '{}', '2026-02-28 09:44:10.347196'),
	('628ba4b9-fdb3-475e-8d8a-0fd1ba051f96', '40295868-a08d-4207-968b-8a2a5ae1a3a3', 'ORDER_PREPARING', 'KITCHEN', '73904179-cca9-40ab-a2c4-e509dadbbbbb', '{}', '2026-02-28 09:44:14.681424'),
	('8758e5d8-db34-44d3-afa4-a7ca68c3ac17', 'd01ea2bd-858b-47c4-8a51-aa8426bdb08e', 'ORDER_PREPARING', 'KITCHEN', '73904179-cca9-40ab-a2c4-e509dadbbbbb', '{}', '2026-02-28 09:44:18.951824'),
	('8c1eed3c-864e-414b-af6f-1074a931e362', 'ed3d39a5-0d95-4d49-93d6-b14fe3d1ae53', 'ORDER_ACCEPTED', 'KITCHEN', '73904179-cca9-40ab-a2c4-e509dadbbbbb', '{}', '2026-02-28 09:44:23.93928'),
	('1b4fe786-4a85-4316-ad08-b6cd50311c68', 'ed3d39a5-0d95-4d49-93d6-b14fe3d1ae53', 'ORDER_PREPARING', 'KITCHEN', '73904179-cca9-40ab-a2c4-e509dadbbbbb', '{}', '2026-02-28 09:44:28.300727'),
	('1db6b144-4018-4f47-ac1b-1a7b29059882', 'caaae17d-b907-49bb-a706-a34b279f8722', 'ORDER_READY', 'KITCHEN', '73904179-cca9-40ab-a2c4-e509dadbbbbb', '{}', '2026-02-28 09:44:32.798272'),
	('189140f8-7098-41e3-8234-d5c8ab1ae320', '40295868-a08d-4207-968b-8a2a5ae1a3a3', 'ORDER_READY', 'KITCHEN', '73904179-cca9-40ab-a2c4-e509dadbbbbb', '{}', '2026-02-28 09:44:37.532437'),
	('f24f5879-9e2a-4a73-a172-d2693b8710d3', 'd01ea2bd-858b-47c4-8a51-aa8426bdb08e', 'ORDER_READY', 'KITCHEN', '73904179-cca9-40ab-a2c4-e509dadbbbbb', '{}', '2026-02-28 09:44:45.786449'),
	('a1f719fb-e52a-49f2-a1d1-ae983d57d0d6', 'ed3d39a5-0d95-4d49-93d6-b14fe3d1ae53', 'ORDER_READY', 'KITCHEN', '73904179-cca9-40ab-a2c4-e509dadbbbbb', '{}', '2026-02-28 09:44:50.076905'),
	('3509f68b-fa81-45c6-b862-8624a01f3c8f', 'caaae17d-b907-49bb-a706-a34b279f8722', 'ORDER_DELIVERED', 'RUNNER', '73904179-cca9-40ab-a2c4-e509dadbbbbb', '{}', '2026-02-28 09:44:55.949176'),
	('3535121e-d888-4a07-8ad9-d297dd5803cc', '40295868-a08d-4207-968b-8a2a5ae1a3a3', 'ORDER_DELIVERED', 'RUNNER', '73904179-cca9-40ab-a2c4-e509dadbbbbb', '{}', '2026-02-28 09:45:00.720221'),
	('dc9f49dd-b7dd-4a17-9062-fb504cbcb7a8', 'd01ea2bd-858b-47c4-8a51-aa8426bdb08e', 'ORDER_DELIVERED', 'RUNNER', '73904179-cca9-40ab-a2c4-e509dadbbbbb', '{}', '2026-02-28 09:45:04.972636'),
	('b6bcadf4-288b-4e4e-8eda-0e1f4ff15ead', 'ed3d39a5-0d95-4d49-93d6-b14fe3d1ae53', 'ORDER_DELIVERED', 'RUNNER', '73904179-cca9-40ab-a2c4-e509dadbbbbb', '{}', '2026-02-28 09:45:09.109326'),
	('f47d9e65-8597-4018-87e2-138716802975', '07be2bc3-1581-4c58-bda4-21b96de6bd0a', 'ORDER_CREATED', 'GUEST', '73904179-cca9-40ab-a2c4-e509dadbbbbb', '{}', '2026-03-09 06:17:57.393371'),
	('04a7682e-00a0-40b6-a8b8-d8f2cb8b1276', '07be2bc3-1581-4c58-bda4-21b96de6bd0a', 'ORDER_ACCEPTED', 'KITCHEN', '73904179-cca9-40ab-a2c4-e509dadbbbbb', '{}', '2026-03-09 06:37:39.087754'),
	('f167c48c-fb31-44ce-8108-5b08446cbbe3', '07be2bc3-1581-4c58-bda4-21b96de6bd0a', 'ORDER_PREPARING', 'KITCHEN', '73904179-cca9-40ab-a2c4-e509dadbbbbb', '{}', '2026-03-09 06:37:49.89683'),
	('0b0a1df3-3297-4547-8fc1-ecb1ce866ae6', '07be2bc3-1581-4c58-bda4-21b96de6bd0a', 'ORDER_READY', 'KITCHEN', '73904179-cca9-40ab-a2c4-e509dadbbbbb', '{}', '2026-03-09 06:39:51.551493'),
	('6a81ab82-dc3d-45a5-9f48-5cd2c467955d', '07be2bc3-1581-4c58-bda4-21b96de6bd0a', 'ORDER_DELIVERED', 'RUNNER', '18ced61e-1508-47f0-bb6d-a3e39e5fdb7d', '{"to_status": "DELIVERED", "from_status": "READY", "delivered_at": "2026-03-09T12:45:06.192517+00:00", "actor_user_id": "73904179-cca9-40ab-a2c4-e509dadbbbbb", "hotel_member_id": "18ced61e-1508-47f0-bb6d-a3e39e5fdb7d"}', '2026-03-09 12:45:06.192517'),
	('e42e4a02-4af2-4e93-8caa-52beb1857fbb', '55eac51c-c8c4-4089-bbde-5bfeb0040737', 'ORDER_CREATED', 'GUEST', 'd1e40c02-9978-46fd-875e-3989537af942', '{}', '2026-04-03 11:24:14.011888'),
	('9a5a098f-ec0c-430f-97ac-82042b014357', '55eac51c-c8c4-4089-bbde-5bfeb0040737', 'ORDER_ACCEPTED', 'KITCHEN', '64847cf8-136b-445d-b34b-fe6e18a6d020', '{}', '2026-04-03 11:31:20.386964'),
	('a8827dd2-d1cd-46d7-b497-ec182089533e', '55eac51c-c8c4-4089-bbde-5bfeb0040737', 'ORDER_PREPARING', 'KITCHEN', '64847cf8-136b-445d-b34b-fe6e18a6d020', '{}', '2026-04-03 11:31:37.403823'),
	('d22810e7-d8f1-41a7-a918-7aa6c2ebb037', '55eac51c-c8c4-4089-bbde-5bfeb0040737', 'ORDER_READY', 'KITCHEN', '64847cf8-136b-445d-b34b-fe6e18a6d020', '{}', '2026-04-03 11:33:34.618379'),
	('4586ad38-0ed9-4d96-ad59-a8fba0172ef3', '55eac51c-c8c4-4089-bbde-5bfeb0040737', 'ORDER_DELIVERED', 'RUNNER', '853d3da3-03b8-49fd-826e-c4b9364f35b5', '{"to_status": "DELIVERED", "from_status": "READY", "delivered_at": "2026-04-03T11:34:05.100924+00:00", "actor_user_id": "64847cf8-136b-445d-b34b-fe6e18a6d020", "hotel_member_id": "853d3da3-03b8-49fd-826e-c4b9364f35b5"}', '2026-04-03 11:34:05.100924'),
	('80be95b2-75a9-47d5-8121-9ad3d270849c', 'b2ffbbb1-1223-4e56-95d0-4d17f331e19e', 'ORDER_CREATED', 'GUEST', '73904179-cca9-40ab-a2c4-e509dadbbbbb', '{}', '2026-04-03 13:33:21.092741'),
	('6a2bcdb7-621d-4ea1-8beb-ddb4e9c56853', 'b2ffbbb1-1223-4e56-95d0-4d17f331e19e', 'ORDER_ACCEPTED', 'KITCHEN', '73904179-cca9-40ab-a2c4-e509dadbbbbb', '{}', '2026-04-03 14:25:27.178038'),
	('03d64a87-cf87-4686-a28c-a0b302a8aab8', 'b2ffbbb1-1223-4e56-95d0-4d17f331e19e', 'ORDER_PREPARING', 'KITCHEN', '73904179-cca9-40ab-a2c4-e509dadbbbbb', '{}', '2026-04-03 14:29:28.70157'),
	('eebb9aa3-73ad-4616-8c08-13b76ed543a1', 'b2ffbbb1-1223-4e56-95d0-4d17f331e19e', 'ORDER_READY', 'KITCHEN', '73904179-cca9-40ab-a2c4-e509dadbbbbb', '{}', '2026-04-03 14:29:30.45977'),
	('e46219f5-dfc3-4f1b-b487-d5e9b8d87059', 'b2ffbbb1-1223-4e56-95d0-4d17f331e19e', 'ORDER_DELIVERED', 'RUNNER', '18ced61e-1508-47f0-bb6d-a3e39e5fdb7d', '{"to_status": "DELIVERED", "from_status": "READY", "delivered_at": "2026-04-03T14:29:32.925058+00:00", "actor_user_id": "73904179-cca9-40ab-a2c4-e509dadbbbbb", "hotel_member_id": "18ced61e-1508-47f0-bb6d-a3e39e5fdb7d"}', '2026-04-03 14:29:32.925058'),
	('cb57cfba-6cd1-4b90-8a30-8dc875242792', '6f7abc70-38d4-4145-8a5b-b701c84d637c', 'ORDER_CREATED', 'GUEST', '64847cf8-136b-445d-b34b-fe6e18a6d020', '{}', '2026-04-11 06:20:06.458011'),
	('00f0f68d-16af-4ef2-925d-1d74e27628a4', '6f7abc70-38d4-4145-8a5b-b701c84d637c', 'ORDER_ACCEPTED', 'KITCHEN', 'd1e40c02-9978-46fd-875e-3989537af942', '{}', '2026-04-11 06:21:23.033326'),
	('407ecbc5-8620-4245-81db-72dc6a83fa20', '6f7abc70-38d4-4145-8a5b-b701c84d637c', 'ORDER_PREPARING', 'KITCHEN', 'd1e40c02-9978-46fd-875e-3989537af942', '{}', '2026-04-11 06:21:28.930063'),
	('e3bae5fa-624f-4a20-bf08-862e2f20d6cc', '6f7abc70-38d4-4145-8a5b-b701c84d637c', 'ORDER_READY', 'KITCHEN', 'd1e40c02-9978-46fd-875e-3989537af942', '{}', '2026-04-11 06:24:32.791035'),
	('e699ac54-e902-4e06-8085-4503ff3af9da', '6f7abc70-38d4-4145-8a5b-b701c84d637c', 'ORDER_DELIVERED', 'RUNNER', '8be41e64-e0f5-456d-af21-ca8b6e338967', '{"to_status": "DELIVERED", "from_status": "READY", "delivered_at": "2026-04-11T06:26:45.659034+00:00", "actor_user_id": "d1e40c02-9978-46fd-875e-3989537af942", "hotel_member_id": "8be41e64-e0f5-456d-af21-ca8b6e338967"}', '2026-04-11 06:26:45.659034');


--
-- Data for Name: food_order_items; Type: TABLE DATA; Schema: public; Owner: postgres
--

INSERT INTO "public"."food_order_items" ("id", "food_order_id", "menu_item_id", "item_name", "quantity", "unit_price", "total_price", "modifiers", "status", "created_at", "updated_at") VALUES
	('72b4ab21-9d33-4273-9669-ce7415ce8b8c', 'ab57ae95-2d2e-4231-8918-22325956a0ec', '26e8f16a-4b7b-4cb5-9743-67169498ddec', 'butter chicken', 1, 300.00, 300.00, '{}', 'READY', '2026-02-01 17:49:02.208996', '2026-02-01 17:49:02.208996'),
	('79b50765-8e71-4b4f-aefc-b8c7cfadaf3a', '09d858c6-91e4-4b5b-bc47-e38a074c30c0', '26e8f16a-4b7b-4cb5-9743-67169498ddec', 'butter chicken', 2, 300.00, 600.00, '{}', 'READY', '2026-02-01 19:26:26.817198', '2026-02-01 19:26:26.817198'),
	('e5651ff2-cfba-483e-87a2-757e0069f696', '09d858c6-91e4-4b5b-bc47-e38a074c30c0', '63b6e025-9253-4b95-91a9-06824510b595', 'Chicken Masala', 1, 250.00, 250.00, '{}', 'READY', '2026-02-01 19:26:26.817198', '2026-02-01 19:26:26.817198'),
	('8b022f90-ec8c-472a-8e62-411642b09b74', '677128d4-fda4-4060-8f99-d142b06d290b', '26e8f16a-4b7b-4cb5-9743-67169498ddec', 'butter chicken', 2, 300.00, 600.00, '{}', 'READY', '2026-02-01 19:41:52.134512', '2026-02-01 19:41:52.134512'),
	('bf8d2b21-d065-4b03-b13a-5915a7458876', '677128d4-fda4-4060-8f99-d142b06d290b', 'e349be39-2020-4a8a-9641-f88a972f6cdb', 'Club Sandwich', 1, 60.00, 60.00, '{}', 'READY', '2026-02-01 19:41:52.134512', '2026-02-01 19:41:52.134512'),
	('5ef6e020-f3c6-442b-9077-41755027f1d2', 'ca4f2849-6a9a-4da9-a4a5-95b4ee93265a', '43f3e9c4-9101-43e1-9e14-9b5d165cadc8', 'Masala Tea', 1, 30.00, 30.00, '{}', 'READY', '2026-02-01 20:00:16.472494', '2026-02-01 20:00:16.472494'),
	('20fd384b-5a65-49ae-aba5-574654374d15', '115fe763-b830-4a36-b941-dc3896cf068f', '63b6e025-9253-4b95-91a9-06824510b595', 'Chicken Masala', 1, 250.00, 250.00, '{}', 'READY', '2026-02-01 20:19:36.266553', '2026-02-01 20:19:36.266553'),
	('f97dc85b-3c33-4103-867b-3816086ba400', '946578ec-f119-414a-8f40-cd7003d515bf', '63b6e025-9253-4b95-91a9-06824510b595', 'Chicken Masala', 1, 250.00, 250.00, '{}', 'READY', '2026-02-01 20:30:42.131523', '2026-02-01 20:30:42.131523'),
	('5f3a8e5d-fc3b-4048-bb56-74985e68acd1', 'bb1311a2-c2d1-49ff-bcc8-20498a2debe5', '63b6e025-9253-4b95-91a9-06824510b595', 'Chicken Masala', 2, 250.00, 500.00, '{}', 'READY', '2026-02-02 15:42:04.214078', '2026-02-02 15:42:04.214078'),
	('7bc858e2-ab4b-4f47-a8ec-673b766bdb6c', '724bed7d-954f-4b52-87dc-19ea40938ab1', '52483881-cbf4-42de-9808-7c103c372561', 'Coffee', 1, 120.00, 120.00, '{}', 'READY', '2026-02-02 17:50:16.025721', '2026-02-02 17:50:16.025721'),
	('9c8b3ff5-9348-46f6-95e7-591332ae4507', '9e5efd20-ce27-42cc-bfe0-b7da70dfef79', '63b6e025-9253-4b95-91a9-06824510b595', 'Chicken Masala', 1, 250.00, 250.00, '{}', 'READY', '2026-02-02 19:31:00.581262', '2026-02-02 19:31:00.581262'),
	('93c5f11d-f536-4da2-a0ff-0a2872a1c998', '8e3871f4-4f42-45fe-95d7-9410d0177537', '26e8f16a-4b7b-4cb5-9743-67169498ddec', 'butter chicken', 1, 300.00, 300.00, '{}', 'READY', '2026-02-09 20:31:11.29914', '2026-02-09 20:31:11.29914'),
	('fbfa835f-8ebc-4d44-8542-a70f2545ee35', 'f150ec36-42ad-4f35-8070-d5784b236103', '63b6e025-9253-4b95-91a9-06824510b595', 'Chicken Masala', 1, 250.00, 250.00, '{}', 'READY', '2026-02-28 06:42:31.899126', '2026-02-28 06:42:31.899126'),
	('87d7e6a8-15c3-43b4-972a-69ebf600f297', 'caac179e-8509-4482-8aad-6d5005ea0704', '26e8f16a-4b7b-4cb5-9743-67169498ddec', 'butter chicken', 1, 300.00, 300.00, '{}', 'READY', '2026-02-01 20:32:36.03916', '2026-02-01 20:32:36.03916'),
	('ab4f5c49-1fd4-4dc9-8c8f-26844457d005', 'caaae17d-b907-49bb-a706-a34b279f8722', '26e8f16a-4b7b-4cb5-9743-67169498ddec', 'butter chicken', 1, 300.00, 300.00, '{}', 'READY', '2026-02-02 16:43:35.902114', '2026-02-02 16:43:35.902114'),
	('94a35360-509c-4260-8e72-1581f1402999', '40295868-a08d-4207-968b-8a2a5ae1a3a3', '43f3e9c4-9101-43e1-9e14-9b5d165cadc8', 'Masala Tea', 1, 30.00, 30.00, '{}', 'READY', '2026-02-02 17:23:35.647765', '2026-02-02 17:23:35.647765'),
	('98f7f574-2085-467a-8c7b-bcf36d942525', 'd01ea2bd-858b-47c4-8a51-aa8426bdb08e', 'e349be39-2020-4a8a-9641-f88a972f6cdb', 'Club Sandwich', 1, 60.00, 60.00, '{}', 'READY', '2026-02-02 17:29:27.668845', '2026-02-02 17:29:27.668845'),
	('a60532ac-e681-48da-b7ef-3d4dd2976896', 'ed3d39a5-0d95-4d49-93d6-b14fe3d1ae53', '52483881-cbf4-42de-9808-7c103c372561', 'Coffee', 1, 120.00, 120.00, '{}', 'READY', '2026-02-02 17:42:41.198298', '2026-02-02 17:42:41.198298'),
	('be9a9a77-c3f9-4255-9f55-05fc7b93a0c4', '07be2bc3-1581-4c58-bda4-21b96de6bd0a', '26e8f16a-4b7b-4cb5-9743-67169498ddec', 'butter chicken', 2, 300.00, 600.00, '{}', 'READY', '2026-03-09 06:17:57.393371', '2026-03-09 06:17:57.393371'),
	('c78454b6-cb61-48af-b2d2-9f247bca9dd1', '07be2bc3-1581-4c58-bda4-21b96de6bd0a', 'e349be39-2020-4a8a-9641-f88a972f6cdb', 'Club Sandwich', 1, 60.00, 60.00, '{}', 'READY', '2026-03-09 06:17:57.393371', '2026-03-09 06:17:57.393371'),
	('cd10c0a0-b1b3-4d82-a008-fab75de8bfa4', '55eac51c-c8c4-4089-bbde-5bfeb0040737', '243b62a3-c008-4879-9d58-c193fd8b8db1', 'Omlete', 2, 50.00, 100.00, '{}', 'READY', '2026-04-03 11:24:14.011888', '2026-04-03 11:24:14.011888'),
	('77b45f7d-53d4-4b12-b6a4-ba10bcaeeb73', 'b2ffbbb1-1223-4e56-95d0-4d17f331e19e', '26e8f16a-4b7b-4cb5-9743-67169498ddec', 'butter chicken', 1, 300.00, 300.00, '{}', 'READY', '2026-04-03 13:33:21.092741', '2026-04-03 13:33:21.092741'),
	('5b77e69a-1d9e-4e18-9e25-39393c81d935', '6f7abc70-38d4-4145-8a5b-b701c84d637c', '8f30c31d-b444-4330-b34f-a9c80238c8b0', 'khichdi', 1, 100.00, 100.00, '{}', 'READY', '2026-04-11 06:20:06.458011', '2026-04-11 06:20:06.458011');


--
-- Data for Name: food_order_payments; Type: TABLE DATA; Schema: public; Owner: postgres
--



--
-- Data for Name: food_order_sla_state; Type: TABLE DATA; Schema: public; Owner: postgres
--

INSERT INTO "public"."food_order_sla_state" ("food_order_id", "sla_started_at", "sla_target_at", "sla_completed_at", "breached", "breached_at", "breach_reason", "created_at", "updated_at") VALUES
	('ab57ae95-2d2e-4231-8918-22325956a0ec', '2026-02-01 18:21:03.469424', '2026-02-01 18:51:03.469424', '2026-02-01 18:54:54.939365', true, '2026-02-01 18:54:54.939365', NULL, '2026-02-01 18:21:03.469424', '2026-02-01 18:21:03.469424'),
	('09d858c6-91e4-4b5b-bc47-e38a074c30c0', '2026-02-01 19:35:07.26104', '2026-02-01 20:05:07.26104', '2026-02-01 20:05:40.976697', true, '2026-02-01 20:05:40.976697', NULL, '2026-02-01 19:35:07.26104', '2026-02-01 19:35:07.26104'),
	('677128d4-fda4-4060-8f99-d142b06d290b', '2026-02-01 19:59:47.337505', '2026-02-01 20:29:47.337505', '2026-02-01 20:05:54.83331', false, NULL, NULL, '2026-02-01 19:59:47.337505', '2026-02-01 19:59:47.337505'),
	('ca4f2849-6a9a-4da9-a4a5-95b4ee93265a', '2026-02-01 20:06:08.254613', '2026-02-01 20:36:08.254613', '2026-02-01 20:18:57.01116', false, NULL, NULL, '2026-02-01 20:06:08.254613', '2026-02-01 20:06:08.254613'),
	('946578ec-f119-414a-8f40-cd7003d515bf', '2026-02-02 15:44:10.310256', '2026-02-02 16:14:10.310256', '2026-02-02 15:44:43.112529', false, NULL, NULL, '2026-02-02 15:44:10.310256', '2026-02-02 15:44:10.310256'),
	('115fe763-b830-4a36-b941-dc3896cf068f', '2026-02-01 20:19:48.762084', '2026-02-01 20:49:48.762084', '2026-02-02 16:28:43.628425', true, '2026-02-02 16:28:43.628425', NULL, '2026-02-01 20:19:48.762084', '2026-02-01 20:19:48.762084'),
	('724bed7d-954f-4b52-87dc-19ea40938ab1', '2026-02-02 18:35:34.760469', '2026-02-02 19:05:34.760469', '2026-02-02 18:36:18.707583', false, NULL, NULL, '2026-02-02 18:35:34.760469', '2026-02-02 18:35:34.760469'),
	('bb1311a2-c2d1-49ff-bcc8-20498a2debe5', '2026-02-02 15:47:09.988294', '2026-02-02 16:17:09.988294', '2026-02-02 18:36:38.948852', true, '2026-02-02 18:36:38.948852', NULL, '2026-02-02 15:47:09.988294', '2026-02-02 15:47:09.988294'),
	('9e5efd20-ce27-42cc-bfe0-b7da70dfef79', '2026-02-03 19:49:55.933146', '2026-02-03 20:19:55.933146', '2026-02-03 19:50:55.806201', false, NULL, NULL, '2026-02-03 19:49:55.933146', '2026-02-03 19:49:55.933146'),
	('8e3871f4-4f42-45fe-95d7-9410d0177537', '2026-02-09 20:31:55.320841', '2026-02-09 21:01:55.320841', '2026-02-09 20:32:04.673081', false, NULL, NULL, '2026-02-09 20:31:55.320841', '2026-02-09 20:31:55.320841'),
	('f150ec36-42ad-4f35-8070-d5784b236103', '2026-02-28 06:43:59.343188', '2026-02-28 07:13:59.343188', '2026-02-28 09:43:28.085725', true, '2026-02-28 09:43:28.085725', NULL, '2026-02-28 06:43:59.343188', '2026-02-28 06:43:59.343188'),
	('caac179e-8509-4482-8aad-6d5005ea0704', '2026-02-02 17:23:16.318583', '2026-02-02 17:53:16.318583', '2026-02-28 09:44:00.040718', true, '2026-02-28 09:44:00.040718', NULL, '2026-02-02 17:23:16.318583', '2026-02-02 17:23:16.318583'),
	('caaae17d-b907-49bb-a706-a34b279f8722', '2026-02-02 17:23:21.69313', '2026-02-02 17:53:21.69313', '2026-02-28 09:44:55.949176', true, '2026-02-28 09:44:55.949176', NULL, '2026-02-02 17:23:21.69313', '2026-02-02 17:23:21.69313'),
	('40295868-a08d-4207-968b-8a2a5ae1a3a3', '2026-02-28 09:43:47.508986', '2026-02-28 10:13:47.508986', '2026-02-28 09:45:00.720221', false, NULL, NULL, '2026-02-28 09:43:47.508986', '2026-02-28 09:43:47.508986'),
	('d01ea2bd-858b-47c4-8a51-aa8426bdb08e', '2026-02-28 09:44:07.933907', '2026-02-28 10:14:07.933907', '2026-02-28 09:45:04.972636', false, NULL, NULL, '2026-02-28 09:44:07.933907', '2026-02-28 09:44:07.933907'),
	('ed3d39a5-0d95-4d49-93d6-b14fe3d1ae53', '2026-02-28 09:44:23.93928', '2026-02-28 10:14:23.93928', '2026-02-28 09:45:09.109326', false, NULL, NULL, '2026-02-28 09:44:23.93928', '2026-02-28 09:44:23.93928'),
	('07be2bc3-1581-4c58-bda4-21b96de6bd0a', '2026-03-09 06:37:39.087754', '2026-03-09 07:07:39.087754', '2026-03-09 12:45:06.192517', true, '2026-03-09 12:45:06.192517', NULL, '2026-03-09 06:37:39.087754', '2026-03-09 06:37:39.087754'),
	('55eac51c-c8c4-4089-bbde-5bfeb0040737', '2026-04-03 11:31:20.386964', '2026-04-03 12:01:20.386964', '2026-04-03 11:34:05.100924', false, NULL, NULL, '2026-04-03 11:31:20.386964', '2026-04-03 11:31:20.386964'),
	('b2ffbbb1-1223-4e56-95d0-4d17f331e19e', '2026-04-03 14:25:27.178038', '2026-04-03 14:55:27.178038', '2026-04-03 14:29:32.925058', false, NULL, NULL, '2026-04-03 14:25:27.178038', '2026-04-03 14:25:27.178038'),
	('6f7abc70-38d4-4145-8a5b-b701c84d637c', '2026-04-11 06:21:23.033326', '2026-04-11 06:45:06.458011', '2026-04-11 06:26:45.659034', false, NULL, NULL, '2026-04-11 06:21:23.033326', '2026-04-11 06:21:23.033326');


--
-- Data for Name: grid_devices; Type: TABLE DATA; Schema: public; Owner: postgres
--



--
-- Data for Name: grid_readings; Type: TABLE DATA; Schema: public; Owner: postgres
--



--
-- Data for Name: guest_accounts; Type: TABLE DATA; Schema: public; Owner: postgres
--



--
-- Data for Name: guest_id_documents; Type: TABLE DATA; Schema: public; Owner: postgres
--

INSERT INTO "public"."guest_id_documents" ("id", "guest_id", "document_type", "document_number_masked", "front_image_url", "back_image_url", "issuing_country", "expiry_date", "verification_status", "verified_by", "verified_at", "rejection_reason", "created_at", "updated_at", "is_active", "storage_key", "front_hash", "back_hash", "document_number_hash") VALUES
	('979d0a65-639e-4e52-ad95-df575cc71885', '4d03f8d8-9dad-4b7b-b8f0-d18e58884750', 'aadhaar', 'XXXXXXXX4545', '24cf62b2-2a8a-49df-83d1-d40ce69b5ea8/front_1773685048702_eeff1f4f.jpg', '24cf62b2-2a8a-49df-83d1-d40ce69b5ea8/back_1773685048702_eeff1f4f.jpg', NULL, NULL, 'pending', NULL, NULL, NULL, '2026-03-16 18:17:31.897081+00', '2026-03-16 18:17:31.897081+00', true, '24cf62b2-2a8a-49df-83d1-d40ce69b5ea8', '154bad3e0eae82adad1700e897226e1d0e036e47b555dc4174168a00ffdd610e', '154bad3e0eae82adad1700e897226e1d0e036e47b555dc4174168a00ffdd610e', '6f566ff97b69be6793f433dd5e6e4821efe776f474bf8ecd86784df97b6b23b2'),
	('bbceeb8d-2bb3-4918-945f-c6a83293d5bd', '76f60bc3-4978-4258-8150-f9cc9a70a158', 'aadhaar', 'XXXXXXXX8393', '915606ea-ab6d-4539-bdcc-2d450989cff9/front_1774267460219_6b2baad3.jpg', '915606ea-ab6d-4539-bdcc-2d450989cff9/back_1774267460219_6b2baad3.jpg', NULL, NULL, 'pending', NULL, NULL, NULL, '2026-03-23 12:04:24.095536+00', '2026-03-29 17:44:21.431061+00', false, '915606ea-ab6d-4539-bdcc-2d450989cff9', '154bad3e0eae82adad1700e897226e1d0e036e47b555dc4174168a00ffdd610e', '49066c942cfb99ea7ce6aa7c7991561c62eb91a07170991c897a2276615b87e3', 'f6ba618b82b04ece519cd87ae50bd9e3d0d57e3de0bc43290425af7fbd8cd2d4'),
	('f4a1f173-b2f9-4f80-9df9-2fb6fe5b6bb1', '76f60bc3-4978-4258-8150-f9cc9a70a158', 'aadhaar', 'XXXXXXXX8393', '915606ea-ab6d-4539-bdcc-2d450989cff9/front_1774267460219_6b2baad3.jpg', '915606ea-ab6d-4539-bdcc-2d450989cff9/back_1774267460219_6b2baad3.jpg', NULL, NULL, 'pending', NULL, NULL, NULL, '2026-03-29 17:44:21.431061+00', '2026-03-29 17:44:21.431061+00', true, 'af31ee4b-ae10-48c8-a3e6-b1b1ca9642e7', NULL, NULL, 'f6ba618b82b04ece519cd87ae50bd9e3d0d57e3de0bc43290425af7fbd8cd2d4'),
	('cabb56c0-d520-4f3d-88a9-f33a8e55d571', 'bbe5013d-b5c2-467e-a48f-ac5923c413aa', 'aadhaar', 'XXXXXXXX5366', '20c48928-715e-42db-9903-37b08d04817a/front_1774897214507_7611df4d.jpg', NULL, NULL, NULL, 'pending', NULL, NULL, NULL, '2026-03-30 19:00:15.880566+00', '2026-03-30 19:00:15.880566+00', true, '20c48928-715e-42db-9903-37b08d04817a', 'f5fbce34434de623527f2d807f29bdbb137530d7dd963c97fca72625b7c4a098', NULL, '3e291e248224f5a945ebc344bb74d8ec4567259d40734af64dedcde87f22be02'),
	('27361664-572c-4f3a-b9d3-ff324ae73c7e', 'cf838ade-19e4-448c-bcb3-dbc4e307fbd4', 'aadhaar', 'XXXXXXXX7864', 'f8e161aa-b8e1-496d-b218-44029f210e11/front_1773683464837_b6544e0f.png', 'f8e161aa-b8e1-496d-b218-44029f210e11/back_1773683464837_b6544e0f.png', NULL, NULL, 'pending', NULL, NULL, NULL, '2026-03-16 17:51:06.741774+00', '2026-04-03 10:48:56.412663+00', false, 'f8e161aa-b8e1-496d-b218-44029f210e11', 'efbe59bad304b612e871ef4c5f88015b588f0fa8e12d1e744b9377c3b8cd9b43', 'efbe59bad304b612e871ef4c5f88015b588f0fa8e12d1e744b9377c3b8cd9b43', 'a3c42a351c7926e30a419fbeb6508fec4049999d61d4cedbd362df5ad6faff9c'),
	('dbe74cd2-4756-4da1-9b2a-a0ae29c01a84', 'cf838ade-19e4-448c-bcb3-dbc4e307fbd4', 'aadhaar', 'XXXXXXXX7864', 'f8e161aa-b8e1-496d-b218-44029f210e11/front_1773683464837_b6544e0f.png', 'f8e161aa-b8e1-496d-b218-44029f210e11/back_1773683464837_b6544e0f.png', NULL, NULL, 'pending', NULL, NULL, NULL, '2026-04-03 10:48:56.412663+00', '2026-04-03 10:48:56.412663+00', true, 'd6381e8a-f34e-4dbb-a157-4b60a168064f', NULL, NULL, 'a3c42a351c7926e30a419fbeb6508fec4049999d61d4cedbd362df5ad6faff9c'),
	('1e006cb5-85e5-410a-aa7f-7317789dc177', 'cb427b87-1251-4701-bc85-95a4b74c3e57', 'aadhaar', 'XXXXXXXX9988', '5cdcd571-fa55-46b8-a07e-03d8c69afd34/front_1773668376400_297368f4.png', '5cdcd571-fa55-46b8-a07e-03d8c69afd34/back_1773668376400_297368f4.jpg', NULL, NULL, 'pending', NULL, NULL, NULL, '2026-03-16 13:39:38.498193+00', '2026-04-04 11:11:16.150898+00', false, '5cdcd571-fa55-46b8-a07e-03d8c69afd34', '84c41847334710756de9d02f142db84cd9ad73144850c645d552e8e2d53aaab0', 'f80a35fcc13fac04f9551e03c5149a3742750f81593569ad261840ee28885a6a', 'a41cd27fde503e3bb3791d285615a34741da106f49ed314a36e44f97e19ec5df'),
	('27296077-b662-4894-bc0b-a081fac55e0d', 'cb427b87-1251-4701-bc85-95a4b74c3e57', 'aadhaar', 'XXXXXXXXXX6666', '7f187c70-ee87-46eb-a207-ea5760b28972/front_1773575285776_5d0df422.png', NULL, NULL, NULL, 'pending', NULL, NULL, NULL, '2026-03-15 11:48:11.621156+00', '2026-03-15 22:12:27.227302+00', false, '7f187c70-ee87-46eb-a207-ea5760b28972', '84c41847334710756de9d02f142db84cd9ad73144850c645d552e8e2d53aaab0', NULL, '9c4812c2224daaadcacbf00accb9ade5edc10934a3bb1073462729a8924629c1'),
	('698d26a3-b309-4a93-9255-ff422d882e4f', 'cb427b87-1251-4701-bc85-95a4b74c3e57', 'aadhaar', 'XXXXXXXX9988', '7f187c70-ee87-46eb-a207-ea5760b28972/front_1773659926984_51ec796a.png', '7f187c70-ee87-46eb-a207-ea5760b28972/back_1773659926984_51ec796a.png', NULL, NULL, 'pending', NULL, NULL, NULL, '2026-03-15 22:12:27.227302+00', '2026-03-16 11:18:51.283578+00', false, '7f187c70-ee87-46eb-a207-ea5760b28972', 'ec4aa1f1395441c2223d690092e290adf356840c986cfe34d55e6d43581a1366', 'e7c8c0dd8a9e3dc24a28a229fb9ac7cebdd1e0b88c974d5aa45290c8a8085f6a', 'a41cd27fde503e3bb3791d285615a34741da106f49ed314a36e44f97e19ec5df'),
	('e87e8fc5-ede5-49cf-93fe-8d4a29ff6c2d', 'cb427b87-1251-4701-bc85-95a4b74c3e57', 'aadhaar', 'XXXXXXXX9988', '7f187c70-ee87-46eb-a207-ea5760b28972/front_1773659926984_51ec796a.png', '7f187c70-ee87-46eb-a207-ea5760b28972/back_1773659926984_51ec796a.png', NULL, NULL, 'pending', NULL, NULL, NULL, '2026-03-16 11:18:51.283578+00', '2026-03-16 13:39:38.498193+00', false, '7f187c70-ee87-46eb-a207-ea5760b28972', '9a3230576c36ea8e1ad91003f7b9a76eab283b3c11fb864a877a3a624a038880', 'e7c8c0dd8a9e3dc24a28a229fb9ac7cebdd1e0b88c974d5aa45290c8a8085f6a', 'a41cd27fde503e3bb3791d285615a34741da106f49ed314a36e44f97e19ec5df'),
	('04eda19d-df79-44a4-84f3-25d782509805', 'cb427b87-1251-4701-bc85-95a4b74c3e57', 'aadhaar', 'XXXXXXXX9988', '7f187c70-ee87-46eb-a207-ea5760b28972/front_1773659926984_51ec796a.png', '7f187c70-ee87-46eb-a207-ea5760b28972/back_1773659926984_51ec796a.png', NULL, NULL, 'pending', NULL, NULL, NULL, '2026-04-04 11:11:16.150898+00', '2026-04-04 16:48:55.050995+00', false, '4b7a6d70-0bfe-46a2-bba9-521b83d87985', NULL, NULL, 'a41cd27fde503e3bb3791d285615a34741da106f49ed314a36e44f97e19ec5df'),
	('aa0d473d-1caf-4ba4-8f0c-ad4f7ced58e1', 'cb427b87-1251-4701-bc85-95a4b74c3e57', 'aadhaar', 'XXXXXXXX9988', '5cdcd571-fa55-46b8-a07e-03d8c69afd34/front_1773668376400_297368f4.png', '5cdcd571-fa55-46b8-a07e-03d8c69afd34/back_1773668376400_297368f4.jpg', NULL, NULL, 'pending', NULL, NULL, NULL, '2026-04-04 16:48:55.050995+00', '2026-04-04 16:48:55.050995+00', true, '8e827181-66bf-4974-b416-fb7278296eff', NULL, NULL, 'a41cd27fde503e3bb3791d285615a34741da106f49ed314a36e44f97e19ec5df'),
	('94a413c4-fbf3-441b-a469-3843a6f9ece6', 'fc900025-691c-4815-8fea-654f431d3e29', 'aadhaar', 'XXXXXXXX9012', 'b4401a26-f270-45d2-ab9e-1a7ab33014d2/front_1775887325125_a7ea2a2a.jpg', 'b4401a26-f270-45d2-ab9e-1a7ab33014d2/back_1775887325125_a7ea2a2a.jpg', NULL, NULL, 'pending', NULL, NULL, NULL, '2026-04-11 06:02:12.53152+00', '2026-04-11 06:02:12.53152+00', true, 'b4401a26-f270-45d2-ab9e-1a7ab33014d2', '2e642de3bd4c60f52c7f6a840a6e16e567d3f2f9550e5957e32025dcf4352065', '885262e28a89a7f3792e4cb9d1132f56cc52cc9054388d8fe08222cece049b7b', '38705742cfb7249b873840f2baec99b1e534806cd5b8180093c93d0fb39a7b4d');


--
-- Data for Name: guest_profiles; Type: TABLE DATA; Schema: public; Owner: postgres
--



--
-- Data for Name: guest_reviews; Type: TABLE DATA; Schema: public; Owner: postgres
--

INSERT INTO "public"."guest_reviews" ("id", "hotel_id", "booking_id", "stay_id", "guest_id", "overall_rating", "review_text", "sentiment_score", "sentiment_label", "ai_keywords", "is_public", "is_anonymous", "created_at", "updated_at") VALUES
	('9d54665b-5b07-440e-be80-552909918ced', '139c6002-bdd7-4924-9db4-16f14e283d89', '9ca6aca5-2f19-4ff4-9bcc-3b1cea02e09f', NULL, NULL, 5, 'fdsfg', NULL, NULL, '[]', true, false, '2026-02-28 10:55:01.225832+00', '2026-02-28 10:55:01.225832+00'),
	('b0a25c84-a57b-46ef-b634-c788e7b2ad58', '139c6002-bdd7-4924-9db4-16f14e283d89', '2c8ff15e-4081-458f-9be0-a3a4fbeebbfe', NULL, NULL, 4, 'very good ', NULL, NULL, '[]', true, false, '2026-03-13 18:20:29.355249+00', '2026-03-13 18:20:29.355249+00'),
	('eb5b95d6-13c4-4c4d-abc8-88cb41fcce9b', '139c6002-bdd7-4924-9db4-16f14e283d89', '6a0272fb-59db-49f3-a648-ffe525406ae1', 'f7c9cdc3-12d6-4464-8da0-585fa9cb5933', 'cb427b87-1251-4701-bc85-95a4b74c3e57', 5, 'it was nice', NULL, NULL, '[]', true, false, '2026-04-04 19:54:14.153574+00', '2026-04-04 19:54:14.153574+00');


--
-- Data for Name: guest_user_map; Type: TABLE DATA; Schema: public; Owner: postgres
--

INSERT INTO "public"."guest_user_map" ("user_id", "guest_id", "created_at") VALUES
	('73904179-cca9-40ab-a2c4-e509dadbbbbb', 'cb427b87-1251-4701-bc85-95a4b74c3e57', '2026-02-26 16:27:33.257822+00'),
	('0b2d11e5-c5ed-4999-ac4e-68137e4eb368', '4d03f8d8-9dad-4b7b-b8f0-d18e58884750', '2026-03-16 19:50:41.433243+00'),
	('d1e40c02-9978-46fd-875e-3989537af942', 'cf838ade-19e4-448c-bcb3-dbc4e307fbd4', '2026-03-23 11:24:21.156526+00'),
	('e50f31d7-b7aa-4bc5-b311-36ea3d5a45db', '76f60bc3-4978-4258-8150-f9cc9a70a158', '2026-03-23 12:09:38.487876+00'),
	('4a66c0ba-5b27-4562-8dd6-bd6a87b138bd', 'bbe5013d-b5c2-467e-a48f-ac5923c413aa', '2026-03-30 18:56:33.242426+00'),
	('64847cf8-136b-445d-b34b-fe6e18a6d020', 'fc900025-691c-4815-8fea-654f431d3e29', '2026-04-11 05:59:00.29406+00');


--
-- Data for Name: hotel_audit_logs; Type: TABLE DATA; Schema: public; Owner: postgres
--

INSERT INTO "public"."hotel_audit_logs" ("id", "hotel_id", "user_id", "action", "entity_type", "entity_id", "changes", "created_at") VALUES
	('1d5664e8-0e9f-419f-aa05-f316373c4f44', '139c6002-bdd7-4924-9db4-16f14e283d89', '73904179-cca9-40ab-a2c4-e509dadbbbbb', 'HOTEL_OPERATIONAL_UPDATED', 'hotels', '139c6002-bdd7-4924-9db4-16f14e283d89', '{"updated_fields": {"name": "Hotel Demo One", "slug": "tenant1", "upi_id": "ajitkumarpes@okhdfcbank", "timezone": "Asia/Kolkata", "amenities": ["Wi-Fi", "Pool", "Spa", "Gym", "Restaurant", "Bar", "Room Service", "Laundry"], "gst_number": "27ADD4444444444", "legal_name": "Hotel Demo One", "booking_url": null, "brand_color": "#145AF2", "currency_code": "INR", "invoice_prefix": "VYH", "tax_percentage": 10, "invoice_counter": 1, "default_checkin_time": "12:00", "default_checkout_time": "12:00", "early_checkin_allowed": true, "late_checkout_allowed": false, "service_charge_percentage": 2}}', '2026-03-05 16:33:33.848525+00'),
	('ec06fee1-7eee-4aca-bad1-c178446b08c3', '139c6002-bdd7-4924-9db4-16f14e283d89', '73904179-cca9-40ab-a2c4-e509dadbbbbb', 'HOTEL_OPERATIONAL_UPDATED', 'hotels', '139c6002-bdd7-4924-9db4-16f14e283d89', '{"updated_fields": {"name": "Hotel Demo One", "slug": "tenant1", "upi_id": "ajitkumarpes@okhdfcbank", "timezone": "Asia/Kolkata", "amenities": ["Wi-Fi", "Pool", "Spa", "Gym", "Restaurant", "Bar", "Room Service", "Laundry"], "gst_number": "27ADD4444444444", "legal_name": "Hotel Demo One", "booking_url": null, "brand_color": "#145AF2", "currency_code": "INR", "invoice_prefix": "VYH", "tax_percentage": 10, "invoice_counter": 1, "default_checkin_time": "12:00", "default_checkout_time": "12:00", "early_checkin_allowed": true, "late_checkout_allowed": false, "service_charge_percentage": 2}}', '2026-03-05 16:34:35.669883+00'),
	('02df8bae-d5e2-4159-a355-e059d1aac5c5', '139c6002-bdd7-4924-9db4-16f14e283d89', '73904179-cca9-40ab-a2c4-e509dadbbbbb', 'HOTEL_ROOMS_UPDATED', 'hotels', '139c6002-bdd7-4924-9db4-16f14e283d89', '{"updated_fields": {"rooms_total": 14}}', '2026-03-05 16:37:18.868807+00'),
	('48eef1c3-ad2c-4747-b85b-fba4e9cc58fe', '139c6002-bdd7-4924-9db4-16f14e283d89', '73904179-cca9-40ab-a2c4-e509dadbbbbb', 'HOTEL_ROOMS_UPDATED', 'hotels', '139c6002-bdd7-4924-9db4-16f14e283d89', '{"updated_fields": {"rooms_total": 14}}', '2026-03-05 18:56:26.343109+00'),
	('29aa0a64-68ef-409e-a62b-eb430b88966b', '139c6002-bdd7-4924-9db4-16f14e283d89', '73904179-cca9-40ab-a2c4-e509dadbbbbb', 'HOTEL_DETAILS_UPDATED', 'hotels', '139c6002-bdd7-4924-9db4-16f14e283d89', '{"updated_fields": {"city": "Bangalore", "name": "Hotel Demo One", "slug": "tenant1", "email": "ajitkumarpes@gmail.com", "phone": "+91-9019959870", "state": null, "address": null, "country": "India", "latitude": null, "logo_path": "https://vsqiuwbmawygkxxjrxnt.supabase.co/storage/v1/object/public/hotel-assets/139c6002-bdd7-4924-9db4-16f14e283d89/logo.png", "longitude": null, "gst_number": "27ADD4444444444", "legal_name": "Hotel Demo One", "brand_color": "#145AF2", "description": null, "postal_code": "000000", "cover_image_path": "https://vsqiuwbmawygkxxjrxnt.supabase.co/storage/v1/object/public/hotel-assets/139c6002-bdd7-4924-9db4-16f14e283d89/cover.png?t=1772479502225"}}', '2026-03-05 19:01:18.427788+00'),
	('cc48cfb2-7d12-4154-beeb-43754604da2c', '139c6002-bdd7-4924-9db4-16f14e283d89', '73904179-cca9-40ab-a2c4-e509dadbbbbb', 'HOTEL_OPERATIONAL_UPDATED', 'hotels', '139c6002-bdd7-4924-9db4-16f14e283d89', '{"updated_fields": {"name": "Hotel Demo One", "slug": "tenant1", "upi_id": "ajitkumarpes@okhdfcbank", "timezone": "Asia/Kolkata", "amenities": ["Wi-Fi", "Pool", "Spa", "Gym", "Restaurant", "Bar", "Room Service", "Laundry"], "gst_number": "27ADD4444444444", "legal_name": "Hotel Demo One", "booking_url": null, "brand_color": "#145AF2", "currency_code": "INR", "invoice_prefix": "VYH", "tax_percentage": 10, "invoice_counter": 1, "default_checkin_time": "12:00:00", "default_checkout_time": "12:00:00", "early_checkin_allowed": false, "late_checkout_allowed": false, "service_charge_percentage": 2}}', '2026-03-05 19:04:44.049885+00'),
	('390753c9-a759-415f-bc8e-8e6caceefff3', '139c6002-bdd7-4924-9db4-16f14e283d89', '73904179-cca9-40ab-a2c4-e509dadbbbbb', 'HOTEL_ROOMS_UPDATED', 'hotels', '139c6002-bdd7-4924-9db4-16f14e283d89', '{"updated_fields": {"rooms_total": 10}}', '2026-03-05 19:08:58.379617+00'),
	('f2e75b41-f7ed-4028-b6d2-1ea4cee5e3c0', 'e10eca3b-3102-41fc-8006-c1b4b70e00e6', '73904179-cca9-40ab-a2c4-e509dadbbbbb', 'HOTEL_CREATED', 'hotels', 'e10eca3b-3102-41fc-8006-c1b4b70e00e6', '{"name": "test hotel", "slug": "test-hotel", "owner_user_id": "73904179-cca9-40ab-a2c4-e509dadbbbbb"}', '2026-03-09 18:18:40.36253+00'),
	('d02966d3-8bc2-47c8-8c62-cfd9835d818a', 'e10eca3b-3102-41fc-8006-c1b4b70e00e6', '73904179-cca9-40ab-a2c4-e509dadbbbbb', 'HOTEL_OPERATIONAL_UPDATED', 'hotels', 'e10eca3b-3102-41fc-8006-c1b4b70e00e6', '{"updated_fields": {"name": "test hotel", "slug": "test-hotel", "upi_id": "ajitkumarpes@okhdfcbank", "timezone": "Asia/Kolkata", "amenities": ["Wi-Fi", "Pool", "Spa", "Gym", "Bar", "Room Service", "Parking", "Airport Shuttle", "Laundry", "AC", "Pet Friendly", "Business Center", "Concierge", "EV Charging", "Kids Club", "Restaurant"], "logo_path": "https://vsqiuwbmawygkxxjrxnt.supabase.co/storage/v1/object/public/hotel-assets/6e560d65-eaa0-4f23-862e-d32f66682d6a/logo.png?t=1773063287432", "gst_number": "27AD88888888888", "legal_name": "test test", "booking_url": null, "brand_color": "#6366F1", "currency_code": "INR", "invoice_prefix": "T-HX", "tax_percentage": 12, "invoice_counter": 99999, "cover_image_path": "https://vsqiuwbmawygkxxjrxnt.supabase.co/storage/v1/object/public/hotel-assets/6e560d65-eaa0-4f23-862e-d32f66682d6a/cover.png?t=1773063298229", "default_checkin_time": "14:00", "default_checkout_time": "11:00", "early_checkin_allowed": true, "late_checkout_allowed": true, "service_charge_percentage": 2}}', '2026-03-09 18:19:09.711888+00'),
	('b7c19724-10d5-4345-b6a3-68a692af6ab2', 'e10eca3b-3102-41fc-8006-c1b4b70e00e6', '73904179-cca9-40ab-a2c4-e509dadbbbbb', 'HOTEL_ROOMS_UPDATED', 'hotels', 'e10eca3b-3102-41fc-8006-c1b4b70e00e6', '{"updated_fields": {"rooms_total": 16}}', '2026-03-09 18:20:34.310634+00'),
	('4dc7f31b-0364-45a5-a5e8-c8522e3aa86b', 'e10eca3b-3102-41fc-8006-c1b4b70e00e6', '73904179-cca9-40ab-a2c4-e509dadbbbbb', 'HOTEL_ROOMS_UPDATED', 'hotels', 'e10eca3b-3102-41fc-8006-c1b4b70e00e6', '{"updated_fields": {"rooms_total": 16}}', '2026-03-09 18:24:13.425306+00'),
	('1ada3018-ce3a-4271-982a-306898bfbbef', 'e10eca3b-3102-41fc-8006-c1b4b70e00e6', '73904179-cca9-40ab-a2c4-e509dadbbbbb', 'INVITE_CREATED', 'hotel_invites', 'dc5f697a-b9d6-4499-b019-6812068265cd', '{"email": "singhajit.br@gmail.com", "role_id": "d2abe515-812a-498f-8b7e-5978cee6ae11"}', '2026-03-09 19:04:16.270214+00'),
	('cf5b26c0-acc8-47a1-8381-c6d394f904e9', 'e10eca3b-3102-41fc-8006-c1b4b70e00e6', '73904179-cca9-40ab-a2c4-e509dadbbbbb', 'HOTEL_DETAILS_UPDATED', 'hotels', 'e10eca3b-3102-41fc-8006-c1b4b70e00e6', '{"updated_fields": {"city": "bangalore", "name": "test hotel", "slug": "test-hotel", "email": "test@gmail.com", "phone": "9019959870", "state": "karnataka", "address": "beml layout", "country": "India", "latitude": null, "logo_path": "https://vsqiuwbmawygkxxjrxnt.supabase.co/storage/v1/object/public/hotel-assets/6e560d65-eaa0-4f23-862e-d32f66682d6a/logo.png?t=1773063287432", "longitude": null, "gst_number": "27AD88888888888", "legal_name": "test test", "brand_color": "#6366F1", "description": "hotel in test", "postal_code": "560076", "cover_image_path": "https://vsqiuwbmawygkxxjrxnt.supabase.co/storage/v1/object/public/hotel-assets/6e560d65-eaa0-4f23-862e-d32f66682d6a/cover.png?t=1773063298229"}}', '2026-03-09 19:35:34.920439+00'),
	('aea8c5aa-1c69-497b-9dd3-58043439da56', 'e10eca3b-3102-41fc-8006-c1b4b70e00e6', '73904179-cca9-40ab-a2c4-e509dadbbbbb', 'HOTEL_OPERATIONAL_UPDATED', 'hotels', 'e10eca3b-3102-41fc-8006-c1b4b70e00e6', '{"updated_fields": {"name": "test hotel", "slug": "test-hotel", "upi_id": "ajitkumarpes@okhdfcbank", "timezone": "Asia/Kolkata", "amenities": ["Wi-Fi", "Pool", "Spa", "Gym", "Bar", "Room Service", "Parking", "Airport Shuttle", "Laundry", "AC", "Pet Friendly", "Business Center", "Concierge", "EV Charging", "Kids Club", "Restaurant"], "logo_path": "https://vsqiuwbmawygkxxjrxnt.supabase.co/storage/v1/object/public/hotel-assets/6e560d65-eaa0-4f23-862e-d32f66682d6a/logo.png?t=1773063287432", "wifi_ssid": "ajit", "gst_number": "27AD88888888888", "legal_name": "test test", "booking_url": null, "brand_color": "#6366F1", "guest_notes": null, "breakfast_end": "11:11", "currency_code": "INR", "wifi_password": "ajit123", "invoice_prefix": "T-HX", "tax_percentage": 12, "breakfast_start": "11:11", "invoice_counter": 99999, "cover_image_path": "https://vsqiuwbmawygkxxjrxnt.supabase.co/storage/v1/object/public/hotel-assets/6e560d65-eaa0-4f23-862e-d32f66682d6a/cover.png?t=1773063298229", "default_checkin_time": "13:11", "default_checkout_time": "11:00", "early_checkin_allowed": true, "late_checkout_allowed": true, "service_charge_percentage": 2}}', '2026-03-09 19:45:31.706023+00'),
	('a59371af-0c36-4f9a-9f0a-36a7fd060b9e', '139c6002-bdd7-4924-9db4-16f14e283d89', '73904179-cca9-40ab-a2c4-e509dadbbbbb', 'HOTEL_DETAILS_UPDATED', 'hotels', '139c6002-bdd7-4924-9db4-16f14e283d89', '{"updated_fields": {"city": "Bangalore", "name": "Hotel Demo One", "slug": "tenant1", "email": "ajitkumarpes@gmail.com", "phone": "+91-9019959870", "state": "karnataka", "address": "beml layout", "country": "India", "latitude": null, "logo_path": "https://vsqiuwbmawygkxxjrxnt.supabase.co/storage/v1/object/public/hotel-assets/139c6002-bdd7-4924-9db4-16f14e283d89/logo.png", "longitude": null, "gst_number": "27ADD4444444444", "legal_name": "Hotel Demo One", "brand_color": "#145AF2", "description": "test hotel", "postal_code": "560066", "cover_image_path": "https://vsqiuwbmawygkxxjrxnt.supabase.co/storage/v1/object/public/hotel-assets/139c6002-bdd7-4924-9db4-16f14e283d89/cover.png?t=1772479502225"}}', '2026-03-10 06:48:19.382806+00'),
	('58f45f17-0e53-4725-8748-ae3c5d3d1c34', '139c6002-bdd7-4924-9db4-16f14e283d89', '73904179-cca9-40ab-a2c4-e509dadbbbbb', 'HOTEL_OPERATIONAL_UPDATED', 'hotels', '139c6002-bdd7-4924-9db4-16f14e283d89', '{"updated_fields": {"name": "Hotel Demo One", "slug": "tenant1", "upi_id": "ajitkumarpes@okhdfcbank", "timezone": "Asia/Kolkata", "amenities": ["Wi-Fi", "Pool", "Spa", "Gym", "Restaurant", "Bar", "Room Service", "Laundry", "Parking", "Airport Shuttle", "AC", "Pet Friendly", "Business Center", "Concierge", "EV Charging", "Kids Club"], "logo_path": "https://vsqiuwbmawygkxxjrxnt.supabase.co/storage/v1/object/public/hotel-assets/139c6002-bdd7-4924-9db4-16f14e283d89/logo.png", "wifi_ssid": "test", "gst_number": "27ADD4444444444", "legal_name": "Hotel Demo One", "booking_url": null, "brand_color": "#145AF2", "guest_notes": "test", "breakfast_end": "10:30", "currency_code": "INR", "wifi_password": "test123", "invoice_prefix": "VYH", "tax_percentage": 10, "breakfast_start": "09:00", "invoice_counter": 1, "cover_image_path": "https://vsqiuwbmawygkxxjrxnt.supabase.co/storage/v1/object/public/hotel-assets/139c6002-bdd7-4924-9db4-16f14e283d89/cover.png?t=1772479502225", "default_checkin_time": "12:00:00", "default_checkout_time": "12:00:00", "early_checkin_allowed": false, "late_checkout_allowed": false, "service_charge_percentage": 2}}', '2026-03-10 06:48:26.842398+00'),
	('3dedbb3e-1a45-45e0-98c8-040bc4891601', '139c6002-bdd7-4924-9db4-16f14e283d89', '73904179-cca9-40ab-a2c4-e509dadbbbbb', 'HOTEL_SETTINGS_UPDATED', 'hotels', '139c6002-bdd7-4924-9db4-16f14e283d89', '{"updated_fields": {"name": "Hotel Demo One", "email": "ajitkumarpes@gmail.com", "phone": "+91-9019959870", "theme": {"mode": "light", "brand": "#145AF2"}, "upi_id": "ajitkumarpes@okhdfcbank", "address": "beml layout 2", "timezone": "Asia/Kolkata", "amenities": ["Wi-Fi", "Pool", "Spa", "Gym", "Restaurant", "Bar", "Room Service", "Laundry", "Parking", "Airport Shuttle", "AC", "Pet Friendly", "Business Center", "Concierge", "EV Charging", "Kids Club"], "logo_path": "", "wifi_ssid": "test", "gst_number": "27ADD4444444444", "legal_name": "Hotel Demo One", "description": "test hotel", "guest_notes": "test test", "breakfast_end": "10:30:00", "currency_code": "INR", "wifi_password": "test123", "invoice_prefix": "VYH", "tax_percentage": 12, "breakfast_start": "09:00:00", "invoice_counter": 1, "default_checkin_time": "12:00:00", "default_checkout_time": "12:00:00", "early_checkin_allowed": false, "late_checkout_allowed": false, "service_charge_percentage": 2}}', '2026-03-10 07:36:42.812197+00'),
	('b14d2648-23cf-46a3-bb6f-46a9e93aa638', '139c6002-bdd7-4924-9db4-16f14e283d89', '73904179-cca9-40ab-a2c4-e509dadbbbbb', 'HOTEL_SETTINGS_UPDATED', 'hotels', '139c6002-bdd7-4924-9db4-16f14e283d89', '{"updated_fields": {"name": "Hotel Demo One", "email": "ajitkumarpes@gmail.com", "phone": "+91-9019959870", "theme": {"mode": "light", "brand": "#145AF2"}, "upi_id": "ajitkumarpes@okhdfcbank", "address": "beml layout 2", "timezone": "Asia/Kolkata", "amenities": ["Wi-Fi", "Pool", "Spa", "Gym", "Restaurant", "Bar", "Room Service", "Laundry", "Parking", "Airport Shuttle", "AC", "Pet Friendly", "Business Center", "Concierge", "EV Charging", "Kids Club"], "logo_path": "", "wifi_ssid": "test", "gst_number": "27ADD4444444444", "legal_name": "Hotel Demo One", "description": "test hotel", "guest_notes": "test test", "breakfast_end": "10:30:00", "currency_code": "INR", "wifi_password": "test123", "invoice_prefix": "VYH", "tax_percentage": 12, "breakfast_start": "09:00:00", "invoice_counter": 1, "default_checkin_time": "12:00:00", "default_checkout_time": "12:00:00", "early_checkin_allowed": false, "late_checkout_allowed": false, "service_charge_percentage": 2}}', '2026-03-10 08:26:03.573665+00'),
	('be295d27-0d59-4f02-8a9c-a02582302c86', 'e10eca3b-3102-41fc-8006-c1b4b70e00e6', '73904179-cca9-40ab-a2c4-e509dadbbbbb', 'HOTEL_ROOMS_UPDATED', 'hotels', 'e10eca3b-3102-41fc-8006-c1b4b70e00e6', '{"updated_fields": {"rooms_total": 16}}', '2026-03-10 15:53:40.276642+00'),
	('bf10183d-39d1-44c9-a2f1-cba0885353ef', 'e10eca3b-3102-41fc-8006-c1b4b70e00e6', '73904179-cca9-40ab-a2c4-e509dadbbbbb', 'INVITE_CREATED', 'hotel_invites', 'f1460411-440c-4363-950c-edbf819fd975', '{"email": "singhajit.br@gmail.com", "role_id": "fb3ef4be-c41c-4712-9086-8bb5ef3c04ac"}', '2026-03-10 16:02:30.315757+00'),
	('05a8ff90-21bf-4a86-8e30-1d977158edd8', 'e10eca3b-3102-41fc-8006-c1b4b70e00e6', NULL, 'INVITE_ACCEPTED', 'hotel_invites', 'f1460411-440c-4363-950c-edbf819fd975', '{"email": "singhajit.br@gmail.com", "role_id": "fb3ef4be-c41c-4712-9086-8bb5ef3c04ac"}', '2026-03-10 17:56:59.687686+00'),
	('abdf9d83-9a1f-483b-97b2-9e9940b1f604', 'e10eca3b-3102-41fc-8006-c1b4b70e00e6', '73904179-cca9-40ab-a2c4-e509dadbbbbb', 'HOTEL_DETAILS_UPDATED', 'hotels', 'e10eca3b-3102-41fc-8006-c1b4b70e00e6', '{"updated_fields": {"city": "bangalore", "name": "test hotel", "slug": "test-hotel", "email": "test@gmail.com", "phone": "9019959870", "state": "karnataka", "address": "beml layout", "country": "India", "latitude": null, "logo_path": "https://vsqiuwbmawygkxxjrxnt.supabase.co/storage/v1/object/public/hotel-assets/6e560d65-eaa0-4f23-862e-d32f66682d6a/logo.png?t=1773063287432", "longitude": null, "gst_number": "27AD88888888888", "legal_name": "test test", "brand_color": "#6366F1", "description": "hotel in test", "postal_code": "560076", "cover_image_path": "https://vsqiuwbmawygkxxjrxnt.supabase.co/storage/v1/object/public/hotel-assets/6e560d65-eaa0-4f23-862e-d32f66682d6a/cover.png?t=1773063298229"}}', '2026-03-10 18:52:58.282676+00'),
	('956a5bdb-f566-436f-ba1b-b7dd07c89818', 'e10eca3b-3102-41fc-8006-c1b4b70e00e6', '73904179-cca9-40ab-a2c4-e509dadbbbbb', 'HOTEL_ROOMS_UPDATED', 'hotels', 'e10eca3b-3102-41fc-8006-c1b4b70e00e6', '{"updated_fields": {"rooms_total": 16}}', '2026-03-10 18:53:07.952183+00'),
	('1855d82e-bce6-4645-bd94-c4f1a8124154', 'e10eca3b-3102-41fc-8006-c1b4b70e00e6', '73904179-cca9-40ab-a2c4-e509dadbbbbb', 'HOTEL_OPERATIONAL_UPDATED', 'hotels', 'e10eca3b-3102-41fc-8006-c1b4b70e00e6', '{"updated_fields": {"name": "test hotel", "slug": "test-hotel", "upi_id": "ajitkumarpes@okhdfcbank", "timezone": "Asia/Kolkata", "amenities": ["Wi-Fi", "Pool", "Spa", "Gym", "Bar", "Room Service", "Parking", "Airport Shuttle", "Laundry", "AC", "Pet Friendly", "Business Center", "Concierge", "EV Charging", "Kids Club", "Restaurant"], "logo_path": "https://vsqiuwbmawygkxxjrxnt.supabase.co/storage/v1/object/public/hotel-assets/6e560d65-eaa0-4f23-862e-d32f66682d6a/logo.png?t=1773063287432", "wifi_ssid": null, "gst_number": "27AD88888888888", "legal_name": "test test", "booking_url": null, "brand_color": "#6366F1", "guest_notes": null, "breakfast_end": "10:30", "currency_code": "INR", "wifi_password": null, "invoice_prefix": "T-HX", "tax_percentage": 12, "breakfast_start": "07:00", "invoice_counter": 99999, "cover_image_path": "https://vsqiuwbmawygkxxjrxnt.supabase.co/storage/v1/object/public/hotel-assets/6e560d65-eaa0-4f23-862e-d32f66682d6a/cover.png?t=1773063298229", "default_checkin_time": "13:11:00", "default_checkout_time": "11:00:00", "early_checkin_allowed": false, "late_checkout_allowed": false, "service_charge_percentage": 2}}', '2026-03-10 18:53:04.346138+00'),
	('5d3d40a6-a155-4dde-86ed-ce73ff03915a', 'e10eca3b-3102-41fc-8006-c1b4b70e00e6', '73904179-cca9-40ab-a2c4-e509dadbbbbb', 'INVITE_CREATED', 'hotel_invites', '8c58a572-020a-45ab-adfa-6e2a37879c31', '{"email": "singhajit.br@gmail.com", "role_id": "5b33152b-d0a6-4b0f-8581-825a8f5a8953"}', '2026-03-10 18:53:33.442244+00'),
	('2f8ba349-f29e-4463-acf9-deb221e47d18', 'e10eca3b-3102-41fc-8006-c1b4b70e00e6', '73904179-cca9-40ab-a2c4-e509dadbbbbb', 'INVITE_CREATED', 'hotel_invites', 'db750d0b-4f5d-4328-b1c6-f808b4978105', '{"email": "singhajit.br@gmail.com", "role_id": "157b503d-b991-4779-8b6c-67a8d9dfcad8"}', '2026-03-10 19:21:38.021892+00'),
	('f0b0f4f3-523b-4afc-8a96-7a17c7002dd3', 'e10eca3b-3102-41fc-8006-c1b4b70e00e6', '4a66c0ba-5b27-4562-8dd6-bd6a87b138bd', 'INVITE_ACCEPTED', 'hotel_invites', 'db750d0b-4f5d-4328-b1c6-f808b4978105', '{"email": "singhajit.br@gmail.com", "role_id": "157b503d-b991-4779-8b6c-67a8d9dfcad8"}', '2026-03-10 19:23:01.033449+00'),
	('8eb271b1-b574-4d04-8de9-3b137e218622', 'e10eca3b-3102-41fc-8006-c1b4b70e00e6', '73904179-cca9-40ab-a2c4-e509dadbbbbb', 'HOTEL_DETAILS_UPDATED', 'hotels', 'e10eca3b-3102-41fc-8006-c1b4b70e00e6', '{"updated_fields": {"city": "Haldwani", "name": "Hotel Kafal Inn", "slug": "hotel-kafal-inn", "email": "placeholder@gmail.com", "phone": "8630645733", "state": "Uttarakhand", "address": "Plot no.101, Bareilly - Nainital Rd, opposite Judge Court, near Reliance Digital, Bhotia Parao", "country": "India", "latitude": null, "logo_path": "https://vsqiuwbmawygkxxjrxnt.supabase.co/storage/v1/object/public/hotel-assets/6e560d65-eaa0-4f23-862e-d32f66682d6a/logo.png?t=1773063287432", "longitude": null, "gst_number": "27AD88888888888", "legal_name": "test test", "brand_color": "#6366F1", "description": "Hotel Kafal Inn", "postal_code": "263139", "cover_image_path": "https://vsqiuwbmawygkxxjrxnt.supabase.co/storage/v1/object/public/hotel-assets/6e560d65-eaa0-4f23-862e-d32f66682d6a/cover.png?t=1773063298229"}}', '2026-03-11 16:08:51.826112+00'),
	('3e82e440-6a10-4778-a379-35d4458e575c', 'e10eca3b-3102-41fc-8006-c1b4b70e00e6', '73904179-cca9-40ab-a2c4-e509dadbbbbb', 'HOTEL_OPERATIONAL_UPDATED', 'hotels', 'e10eca3b-3102-41fc-8006-c1b4b70e00e6', '{"updated_fields": {"name": "Hotel Kafal Inn", "slug": "hotel-kafal-inn", "upi_id": "ajitkumarpes@okhdfcbank", "timezone": "Asia/Kolkata", "amenities": null, "logo_path": null, "wifi_ssid": null, "gst_number": "27AD88888888888", "legal_name": "test test", "booking_url": null, "brand_color": "#6366F1", "guest_notes": null, "breakfast_end": "10:30", "currency_code": "INR", "wifi_password": null, "invoice_prefix": "T-KF", "tax_percentage": 5, "breakfast_start": "07:00", "invoice_counter": 0, "cover_image_path": null, "default_checkin_time": "11:00", "default_checkout_time": "11:00:00", "early_checkin_allowed": true, "late_checkout_allowed": true, "service_charge_percentage": 0}}', '2026-03-11 16:21:24.09896+00'),
	('dba5cf6d-b3b3-4006-ade8-1ddec8d583c3', 'e10eca3b-3102-41fc-8006-c1b4b70e00e6', '73904179-cca9-40ab-a2c4-e509dadbbbbb', 'HOTEL_ROOMS_UPDATED', 'hotels', 'e10eca3b-3102-41fc-8006-c1b4b70e00e6', '{"updated_fields": {"rooms_total": 16}}', '2026-03-11 16:24:37.711395+00'),
	('46f76ad5-4874-409c-bb09-c1b6ed4a1d67', 'e10eca3b-3102-41fc-8006-c1b4b70e00e6', '73904179-cca9-40ab-a2c4-e509dadbbbbb', 'INVITE_CREATED', 'hotel_invites', 'cda192bf-6977-4ee5-8b7c-923d43a35ad4', '{"email": "ajitkumarpes@gmail.com", "role_id": "43d211f1-1d5c-4396-bb1f-4fe9bf3ced3c"}', '2026-03-11 16:43:34.557708+00'),
	('e1a24573-c10f-4d51-98f0-7737a38523b2', 'e10eca3b-3102-41fc-8006-c1b4b70e00e6', '73904179-cca9-40ab-a2c4-e509dadbbbbb', 'INVITE_ACCEPTED', 'hotel_invites', 'cda192bf-6977-4ee5-8b7c-923d43a35ad4', '{"email": "ajitkumarpes@gmail.com", "role_id": "43d211f1-1d5c-4396-bb1f-4fe9bf3ced3c"}', '2026-03-11 16:47:00.998922+00'),
	('9933b801-ee61-4787-87d3-f04133efe87c', 'e10eca3b-3102-41fc-8006-c1b4b70e00e6', '73904179-cca9-40ab-a2c4-e509dadbbbbb', 'INVITE_CREATED', 'hotel_invites', '883b04aa-4bf9-4756-8bd9-e956c592148c', '{"email": "kbisht786@gmail.com", "role_id": "504f7746-72eb-48ab-b7e4-2105220d4689"}', '2026-03-11 17:37:22.621331+00'),
	('4fe4f15f-3ee1-4f32-a681-c20993306832', 'e10eca3b-3102-41fc-8006-c1b4b70e00e6', 'd1e40c02-9978-46fd-875e-3989537af942', 'HOTEL_DETAILS_UPDATED', 'hotels', 'e10eca3b-3102-41fc-8006-c1b4b70e00e6', '{"updated_fields": {"city": "Haldwani", "name": "Hotel Kafal Inn", "slug": "hotel-kafal-inn", "email": "placeholder@gmail.com", "phone": "8630645733", "state": "Uttarakhand", "address": "Plot no.101, Bareilly - Nainital Rd, opposite Judge Court, near Reliance Digital, Bhotia Parao", "country": "India", "latitude": null, "logo_path": null, "longitude": null, "gst_number": "27AD88888888888", "legal_name": "test test", "brand_color": "#6366F1", "description": "Hotel Kafal Inn", "postal_code": "263139", "cover_image_path": null}}', '2026-03-16 17:32:13.363247+00'),
	('8d70ef6f-bf83-4663-8f43-1f5639314906', 'e10eca3b-3102-41fc-8006-c1b4b70e00e6', 'd1e40c02-9978-46fd-875e-3989537af942', 'HOTEL_OPERATIONAL_UPDATED', 'hotels', 'e10eca3b-3102-41fc-8006-c1b4b70e00e6', '{"updated_fields": {"name": "Hotel Kafal Inn", "slug": "hotel-kafal-inn", "upi_id": "ajitkumarpes@okhdfcbank", "timezone": "Asia/Kolkata", "amenities": ["Wi-Fi", "Pool", "Spa", "Gym", "Bar", "Room Service", "Parking", "Airport Shuttle", "Laundry", "AC", "Pet Friendly", "Business Center", "Concierge", "EV Charging", "Kids Club", "Restaurant"], "logo_path": null, "wifi_ssid": null, "gst_number": "27AD88888888888", "legal_name": "test test", "booking_url": null, "brand_color": "#6366F1", "guest_notes": null, "breakfast_end": "10:30", "currency_code": "INR", "wifi_password": null, "invoice_prefix": "T-KF", "tax_percentage": 5, "breakfast_start": "07:00", "invoice_counter": 1, "cover_image_path": null, "default_checkin_time": "11:00:00", "default_checkout_time": "11:00:00", "early_checkin_allowed": false, "late_checkout_allowed": false, "service_charge_percentage": 0}}', '2026-03-16 17:32:22.373349+00'),
	('5b523ee6-fdda-4a86-9fd1-c879d4052bd0', 'e10eca3b-3102-41fc-8006-c1b4b70e00e6', 'd1e40c02-9978-46fd-875e-3989537af942', 'HOTEL_ROOMS_UPDATED', 'hotels', 'e10eca3b-3102-41fc-8006-c1b4b70e00e6', '{"updated_fields": {"rooms_total": 16}}', '2026-03-16 17:32:27.678315+00'),
	('9a7e8c1f-3ebb-423d-bb33-ae3d60a6cb9f', 'e10eca3b-3102-41fc-8006-c1b4b70e00e6', 'd1e40c02-9978-46fd-875e-3989537af942', 'INVITE_CREATED', 'hotel_invites', '9e830c23-57fd-4f0c-96c5-4efaa83a7159', '{"email": "singhajit.br@gmail.com", "role_id": "157b503d-b991-4779-8b6c-67a8d9dfcad8"}', '2026-03-16 17:33:36.631359+00'),
	('a866f7f4-5f0b-4b50-89c0-f5cb7b19b692', 'e10eca3b-3102-41fc-8006-c1b4b70e00e6', 'd1e40c02-9978-46fd-875e-3989537af942', 'INVITE_CREATED', 'hotel_invites', 'a574a42b-db20-4177-930d-69438393668c', '{"email": "ajitkumarpes@gmail.com", "role_id": "8750f483-b5b6-45d4-afd6-6ae94c3c82ef"}', '2026-03-16 17:33:36.888926+00'),
	('410bf691-3252-44ca-a29f-495ebb444464', 'e10eca3b-3102-41fc-8006-c1b4b70e00e6', 'd1e40c02-9978-46fd-875e-3989537af942', 'INVITE_CREATED', 'hotel_invites', 'dabd52ab-1cef-4901-af98-45871ea40795', '{"email": "bistkapil1988@gmail.com", "role_id": "8750f483-b5b6-45d4-afd6-6ae94c3c82ef"}', '2026-03-16 17:33:37.05467+00'),
	('8f69e54a-ba37-40fb-be8e-0fcbf60207d1', 'e10eca3b-3102-41fc-8006-c1b4b70e00e6', '64847cf8-136b-445d-b34b-fe6e18a6d020', 'INVITE_ACCEPTED', 'hotel_invites', 'dabd52ab-1cef-4901-af98-45871ea40795', '{"email": "bistkapil1988@gmail.com", "role_id": "8750f483-b5b6-45d4-afd6-6ae94c3c82ef"}', '2026-03-16 17:34:49.982529+00'),
	('03e8fa66-d57b-4b2c-a383-a20d42660e78', 'e10eca3b-3102-41fc-8006-c1b4b70e00e6', '73904179-cca9-40ab-a2c4-e509dadbbbbb', 'HOTEL_DETAILS_UPDATED', 'hotels', 'e10eca3b-3102-41fc-8006-c1b4b70e00e6', '{"updated_fields": {"city": "Haldwani", "name": "Hotel Kafal Inn", "slug": "hotel-kafal-inn", "email": "placeholder@gmail.com", "phone": "8630645733", "state": "Uttarakhand", "address": "Plot no.101, Bareilly - Nainital Rd, opposite Judge Court, near Reliance Digital, Bhotia Parao", "country": "India", "latitude": null, "logo_path": "https://vsqiuwbmawygkxxjrxnt.supabase.co/storage/v1/object/public/hotel-assets/6e560d65-eaa0-4f23-862e-d32f66682d6a/logo.png?t=1773063287432", "longitude": null, "gst_number": "27AD88888888888", "legal_name": "test test", "brand_color": "#6366F1", "description": "Hotel Kafal Inn", "postal_code": "263139", "cover_image_path": "https://vsqiuwbmawygkxxjrxnt.supabase.co/storage/v1/object/public/hotel-assets/6e560d65-eaa0-4f23-862e-d32f66682d6a/cover.png?t=1773063298229"}}', '2026-03-17 03:55:31.516361+00'),
	('9e812467-e07a-4807-947f-3fad84afe586', 'e10eca3b-3102-41fc-8006-c1b4b70e00e6', '73904179-cca9-40ab-a2c4-e509dadbbbbb', 'HOTEL_OPERATIONAL_UPDATED', 'hotels', 'e10eca3b-3102-41fc-8006-c1b4b70e00e6', '{"updated_fields": {"name": "Hotel Kafal Inn", "slug": "hotel-kafal-inn", "upi_id": "ajitkumarpes@okhdfcbank", "timezone": "Asia/Kolkata", "amenities": ["Wi-Fi", "Pool", "Spa", "Gym", "Bar", "Room Service", "Parking", "Airport Shuttle", "Laundry", "AC", "Pet Friendly", "Business Center", "Concierge", "EV Charging", "Kids Club", "Restaurant"], "logo_path": null, "wifi_ssid": null, "gst_number": "27AD88888888888", "legal_name": "test test", "booking_url": null, "brand_color": "#6366F1", "guest_notes": null, "breakfast_end": "10:30", "currency_code": "INR", "wifi_password": null, "invoice_prefix": "T-KF", "tax_percentage": 5, "breakfast_start": "07:00", "invoice_counter": 1, "cover_image_path": null, "default_checkin_time": "11:00:00", "default_checkout_time": "11:00:00", "early_checkin_allowed": false, "late_checkout_allowed": false, "service_charge_percentage": 0}}', '2026-03-17 03:55:50.804549+00'),
	('053558f3-5c45-4f93-a43b-32e7a5e28dbe', 'e10eca3b-3102-41fc-8006-c1b4b70e00e6', '73904179-cca9-40ab-a2c4-e509dadbbbbb', 'HOTEL_ROOMS_UPDATED', 'hotels', 'e10eca3b-3102-41fc-8006-c1b4b70e00e6', '{"updated_fields": {"rooms_total": 16}}', '2026-03-17 03:56:01.983864+00'),
	('cb961c4c-d61a-4399-b853-45f4d4809676', '5780fa80-3e6b-44d0-b87e-2b4015f78c8b', 'd1e40c02-9978-46fd-875e-3989537af942', 'HOTEL_CREATED', 'hotels', '5780fa80-3e6b-44d0-b87e-2b4015f78c8b', '{"name": "Hotel Sunshine - Demo Test", "slug": "hotel-sunshine-demo-test", "wifi_ssid": null, "owner_user_id": "d1e40c02-9978-46fd-875e-3989537af942"}', '2026-03-23 11:32:18.056766+00'),
	('35326e57-3743-40d5-9bc4-fbfdfc0a28b9', '5780fa80-3e6b-44d0-b87e-2b4015f78c8b', 'd1e40c02-9978-46fd-875e-3989537af942', 'HOTEL_OPERATIONAL_UPDATED', 'hotels', '5780fa80-3e6b-44d0-b87e-2b4015f78c8b', '{"updated_fields": {"name": "Hotel Sunshine - Demo Test", "slug": "hotel-sunshine-demo-test", "upi_id": null, "timezone": "Asia/Kolkata", "amenities": null, "logo_path": null, "wifi_ssid": null, "gst_number": null, "legal_name": null, "booking_url": null, "brand_color": "#6366F1", "guest_notes": null, "breakfast_end": "10:30", "currency_code": "INR", "wifi_password": null, "invoice_prefix": "H-", "tax_percentage": 12, "breakfast_start": "07:00", "invoice_counter": 1, "cover_image_path": null, "default_checkin_time": "14:00", "default_checkout_time": "11:00", "early_checkin_allowed": false, "late_checkout_allowed": false, "service_charge_percentage": 0}}', '2026-03-23 11:32:34.759857+00'),
	('21ebd88a-596f-4063-bd58-d31b6cc1d910', 'e10eca3b-3102-41fc-8006-c1b4b70e00e6', '73904179-cca9-40ab-a2c4-e509dadbbbbb', 'HOTEL_DETAILS_UPDATED', 'hotels', 'e10eca3b-3102-41fc-8006-c1b4b70e00e6', '{"updated_fields": {"city": "Haldwani", "name": "Hotel Kafal Inn", "slug": "hotel-kafal-inn", "email": "placeholder@gmail.com", "phone": "8630645733", "state": "Uttarakhand", "address": "Plot no.101, Bareilly - Nainital Rd, opposite Judge Court, near Reliance Digital, Bhotia Parao", "country": "India", "latitude": null, "logo_path": null, "longitude": null, "gst_number": "27AD88888888888", "legal_name": "test test", "brand_color": "#6366F1", "description": "Hotel Kafal Inn", "postal_code": "263139", "cover_image_path": null}}', '2026-03-23 11:37:00.283098+00'),
	('0d20b076-10fe-4442-a55d-a952db875715', '5780fa80-3e6b-44d0-b87e-2b4015f78c8b', 'd1e40c02-9978-46fd-875e-3989537af942', 'HOTEL_ROOMS_UPDATED', 'hotels', '5780fa80-3e6b-44d0-b87e-2b4015f78c8b', '{"updated_fields": {"rooms_total": 6}}', '2026-03-23 11:43:10.362135+00'),
	('3388e60f-9eaf-42dc-be6a-f0d0bb9f79e8', '5780fa80-3e6b-44d0-b87e-2b4015f78c8b', 'd1e40c02-9978-46fd-875e-3989537af942', 'INVITE_CREATED', 'hotel_invites', '61c9ff47-6756-4ba5-b298-81dac8257b31', '{"email": "bistkapil1988@gmail.com", "role_id": "4613e741-b5a0-47a1-a930-2d71e47fcf79"}', '2026-03-23 11:44:41.504527+00'),
	('fe179e1d-cc83-453b-8d52-6165418bdab0', '5780fa80-3e6b-44d0-b87e-2b4015f78c8b', '64847cf8-136b-445d-b34b-fe6e18a6d020', 'INVITE_ACCEPTED', 'hotel_invites', '61c9ff47-6756-4ba5-b298-81dac8257b31', '{"email": "bistkapil1988@gmail.com", "role_id": "4613e741-b5a0-47a1-a930-2d71e47fcf79"}', '2026-03-23 11:52:20.623767+00'),
	('cafdea34-25f4-487a-b0b0-c2437ef62c02', '34fc8954-1f82-41cf-ae34-877aeff1eb76', '73904179-cca9-40ab-a2c4-e509dadbbbbb', 'HOTEL_CREATED', 'hotels', '34fc8954-1f82-41cf-ae34-877aeff1eb76', '{"name": "test78678678", "slug": "test78678678", "wifi_ssid": null, "owner_user_id": "73904179-cca9-40ab-a2c4-e509dadbbbbb"}', '2026-03-24 18:26:21.961279+00'),
	('32cf92eb-6f2a-46cb-9f40-b91f537444a8', '34fc8954-1f82-41cf-ae34-877aeff1eb76', '73904179-cca9-40ab-a2c4-e509dadbbbbb', 'HOTEL_OPERATIONAL_UPDATED', 'hotels', '34fc8954-1f82-41cf-ae34-877aeff1eb76', '{"updated_fields": {"name": "test78678678", "slug": "test78678678", "upi_id": "ajitkumarpes@okhdfcbank", "timezone": "Asia/Kolkata", "amenities": ["Wi-Fi", "Pool", "Spa", "Gym", "Bar", "Room Service", "Parking", "Airport Shuttle", "Laundry", "AC", "Pet Friendly", "Business Center", "Concierge", "EV Charging", "Kids Club", "Restaurant"], "logo_path": null, "wifi_ssid": null, "gst_number": "27AD88888888888", "legal_name": "test test", "booking_url": null, "brand_color": "#6366F1", "guest_notes": null, "breakfast_end": "10:30", "currency_code": "INR", "wifi_password": null, "invoice_prefix": "T-KF", "tax_percentage": 5, "breakfast_start": "07:00", "invoice_counter": 1, "cover_image_path": null, "default_checkin_time": "11:00:00", "default_checkout_time": "11:00:00", "early_checkin_allowed": false, "late_checkout_allowed": false, "service_charge_percentage": 0}}', '2026-03-24 18:26:33.307415+00'),
	('6d2634fa-5295-4f07-81b6-368657727a43', 'def83e54-817d-46fd-a886-85a21137dc5b', 'd1e40c02-9978-46fd-875e-3989537af942', 'HOTEL_CREATED', 'hotels', 'def83e54-817d-46fd-a886-85a21137dc5b', '{"name": "Hotel Haldwani", "slug": "hotel-haldwani", "wifi_ssid": null, "owner_user_id": "d1e40c02-9978-46fd-875e-3989537af942"}', '2026-03-29 17:11:47.403277+00'),
	('0d6cbeec-863f-4007-9705-22e547fb677d', 'def83e54-817d-46fd-a886-85a21137dc5b', 'd1e40c02-9978-46fd-875e-3989537af942', 'HOTEL_OPERATIONAL_UPDATED', 'hotels', 'def83e54-817d-46fd-a886-85a21137dc5b', '{"updated_fields": {"name": "Hotel Haldwani", "slug": "hotel-haldwani", "upi_id": null, "timezone": "Asia/Kolkata", "amenities": null, "logo_path": null, "wifi_ssid": null, "gst_number": null, "legal_name": null, "booking_url": null, "brand_color": "#6366F1", "guest_notes": null, "breakfast_end": "10:30", "currency_code": "INR", "wifi_password": null, "invoice_prefix": "H-", "tax_percentage": 12, "breakfast_start": "07:00", "invoice_counter": 1, "cover_image_path": null, "default_checkin_time": "11:00", "default_checkout_time": "10:00", "early_checkin_allowed": false, "late_checkout_allowed": false, "service_charge_percentage": 0}}', '2026-03-29 17:12:24.228204+00'),
	('504037bf-ee57-4bc1-9cc1-e7bedb42bfb1', 'def83e54-817d-46fd-a886-85a21137dc5b', 'd1e40c02-9978-46fd-875e-3989537af942', 'HOTEL_ROOMS_UPDATED', 'hotels', 'def83e54-817d-46fd-a886-85a21137dc5b', '{"updated_fields": {"rooms_total": 10}}', '2026-03-29 17:25:07.712848+00'),
	('e2d94b41-aafa-4859-8568-2dd5f28119a5', 'def83e54-817d-46fd-a886-85a21137dc5b', 'd1e40c02-9978-46fd-875e-3989537af942', 'INVITE_CREATED', 'hotel_invites', '523467b3-d51c-4f0b-8ef3-18c648b30b88', '{"email": "staff@example.com", "role_id": "d9eeeb2f-0847-46c6-8fb1-5a9aa4d32f48"}', '2026-03-29 17:28:00.464177+00'),
	('0426fd46-15bb-4d18-8690-18b579bfa70b', '5710bfe1-7590-4361-aebe-4335ac31ac1e', '73904179-cca9-40ab-a2c4-e509dadbbbbb', 'HOTEL_DETAILS_UPDATED', 'hotels', '5710bfe1-7590-4361-aebe-4335ac31ac1e', '{"updated_fields": {"city": "Jaipur", "name": "Demo Hotel One", "slug": "demo1", "email": "test@gmail.com", "phone": "9019959870", "state": null, "address": null, "country": "India", "latitude": null, "logo_path": null, "longitude": null, "gst_number": null, "legal_name": "Demo Hotel One", "brand_color": "#145AF2", "description": null, "postal_code": "000000", "cover_image_path": null}}', '2026-04-03 07:26:23.082129+00'),
	('f3bb8051-6b97-4065-b8c0-f1976672ed98', '5710bfe1-7590-4361-aebe-4335ac31ac1e', '73904179-cca9-40ab-a2c4-e509dadbbbbb', 'HOTEL_OPERATIONAL_UPDATED', 'hotels', '5710bfe1-7590-4361-aebe-4335ac31ac1e', '{"updated_fields": {"name": "Demo Hotel One", "slug": "demo1", "upi_id": null, "timezone": "Asia/Kolkata", "amenities": ["WiFi", "Parking", "Breakfast"], "logo_path": null, "wifi_ssid": null, "gst_number": null, "legal_name": "Demo Hotel One", "booking_url": null, "brand_color": "#145AF2", "guest_notes": null, "breakfast_end": "10:30", "currency_code": "INR", "wifi_password": null, "invoice_prefix": null, "tax_percentage": 12, "breakfast_start": "07:00", "invoice_counter": 1, "cover_image_path": null, "default_checkin_time": "14:00:00", "default_checkout_time": "11:00:00", "early_checkin_allowed": false, "late_checkout_allowed": false, "service_charge_percentage": 0}}', '2026-04-03 07:27:19.136236+00'),
	('aee0798c-0d47-4711-85b9-83ce614372b2', 'f646136a-a5e4-4f0c-95e7-d81bc3bed8b0', '64847cf8-136b-445d-b34b-fe6e18a6d020', 'HOTEL_CREATED', 'hotels', 'f646136a-a5e4-4f0c-95e7-d81bc3bed8b0', '{"name": "Hotel Test", "slug": "hotel-test", "wifi_ssid": null, "owner_user_id": "64847cf8-136b-445d-b34b-fe6e18a6d020"}', '2026-04-03 10:34:48.597806+00'),
	('13d31f10-0f51-4d89-80eb-7f4cda74a670', 'f646136a-a5e4-4f0c-95e7-d81bc3bed8b0', '64847cf8-136b-445d-b34b-fe6e18a6d020', 'HOTEL_OPERATIONAL_UPDATED', 'hotels', 'f646136a-a5e4-4f0c-95e7-d81bc3bed8b0', '{"updated_fields": {"name": "Hotel Test", "slug": "hotel-test", "upi_id": null, "timezone": "Asia/Kolkata", "amenities": null, "logo_path": null, "wifi_ssid": null, "gst_number": null, "legal_name": null, "booking_url": null, "brand_color": "#6366F1", "guest_notes": null, "breakfast_end": "10:30", "currency_code": "INR", "wifi_password": null, "invoice_prefix": "H-", "tax_percentage": 12, "breakfast_start": "07:00", "invoice_counter": 1, "cover_image_path": null, "default_checkin_time": "14:00", "default_checkout_time": "11:00", "early_checkin_allowed": false, "late_checkout_allowed": false, "service_charge_percentage": 0}}', '2026-04-03 10:35:00.205224+00'),
	('4aea6bc3-b04e-41df-b8d9-125d87f2ea95', 'f646136a-a5e4-4f0c-95e7-d81bc3bed8b0', '64847cf8-136b-445d-b34b-fe6e18a6d020', 'HOTEL_ROOMS_UPDATED', 'hotels', 'f646136a-a5e4-4f0c-95e7-d81bc3bed8b0', '{"updated_fields": {"rooms_total": 6}}', '2026-04-03 10:36:12.024009+00'),
	('92f2d7f6-3c3a-4642-8568-66709384874c', '5710bfe1-7590-4361-aebe-4335ac31ac1e', '73904179-cca9-40ab-a2c4-e509dadbbbbb', 'HOTEL_ROOMS_UPDATED', 'hotels', '5710bfe1-7590-4361-aebe-4335ac31ac1e', '{"updated_fields": {"rooms_total": 70}}', '2026-04-03 10:43:28.364183+00'),
	('e3fbdcc3-11fc-4d18-8980-411c0dd43b98', 'e10eca3b-3102-41fc-8006-c1b4b70e00e6', '64847cf8-136b-445d-b34b-fe6e18a6d020', 'INVITE_CREATED', 'hotel_invites', 'b5672b1a-be29-496b-8f83-eed87fd571a7', '{"email": "ajitkumarpes@gmail.com", "role_id": "9c702df3-e50b-4882-b7a2-8168641378ba"}', '2026-04-03 12:04:27.300524+00'),
	('7957e5a7-f691-4dad-9083-e061dbe9f051', 'e10eca3b-3102-41fc-8006-c1b4b70e00e6', '64847cf8-136b-445d-b34b-fe6e18a6d020', 'INVITE_CREATED', 'hotel_invites', '60cdc4f3-fdd8-4184-bf37-7bf05eb08c3b', '{"email": "singhajit.br@gmail.com", "role_id": "157b503d-b991-4779-8b6c-67a8d9dfcad8"}', '2026-04-03 12:04:27.484639+00'),
	('7068655f-1f30-4771-8a51-9b4d708bea76', 'e10eca3b-3102-41fc-8006-c1b4b70e00e6', '64847cf8-136b-445d-b34b-fe6e18a6d020', 'INVITE_CREATED', 'hotel_invites', '2b8314cd-c16d-48e2-ae23-0aea9f2b884b', '{"email": "kbisht786@gmail.com", "role_id": "157b503d-b991-4779-8b6c-67a8d9dfcad8"}', '2026-04-03 12:04:27.597991+00'),
	('e7f7e7b4-086f-4d1f-aebf-31cd36b7f6e0', '4e32e918-d98d-4231-aa8d-fed3d37346ef', '73904179-cca9-40ab-a2c4-e509dadbbbbb', 'HOTEL_CREATED', 'hotels', '4e32e918-d98d-4231-aa8d-fed3d37346ef', '{"name": "test test 2026", "slug": "test-test-2026", "wifi_ssid": null, "owner_user_id": "73904179-cca9-40ab-a2c4-e509dadbbbbb"}', '2026-04-03 12:16:51.063515+00'),
	('cbb29790-3d0d-4273-945b-b56573443f7a', '4e32e918-d98d-4231-aa8d-fed3d37346ef', '73904179-cca9-40ab-a2c4-e509dadbbbbb', 'HOTEL_OPERATIONAL_UPDATED', 'hotels', '4e32e918-d98d-4231-aa8d-fed3d37346ef', '{"updated_fields": {"name": "test test 2026", "slug": "test-test-2026", "upi_id": null, "timezone": "Asia/Kolkata", "amenities": null, "logo_path": null, "wifi_ssid": null, "gst_number": null, "legal_name": null, "booking_url": null, "brand_color": "#6366F1", "guest_notes": null, "breakfast_end": "10:30", "currency_code": "INR", "wifi_password": null, "invoice_prefix": "T-", "tax_percentage": 12, "breakfast_start": "07:00", "invoice_counter": 1, "cover_image_path": null, "default_checkin_time": "14:00", "default_checkout_time": "11:00", "early_checkin_allowed": false, "late_checkout_allowed": false, "service_charge_percentage": 0}}', '2026-04-03 12:16:55.40293+00'),
	('6e7a3c95-d946-43d9-a433-d41ae2ac64e3', '4e32e918-d98d-4231-aa8d-fed3d37346ef', '73904179-cca9-40ab-a2c4-e509dadbbbbb', 'HOTEL_ROOMS_UPDATED', 'hotels', '4e32e918-d98d-4231-aa8d-fed3d37346ef', '{"updated_fields": {"rooms_total": 2}}', '2026-04-03 12:17:18.635381+00'),
	('aba47648-1586-4cb9-94e8-b29042b636c3', '5d697b97-4336-4318-af21-53fc78a406ad', 'd1e40c02-9978-46fd-875e-3989537af942', 'HOTEL_CREATED', 'hotels', '5d697b97-4336-4318-af21-53fc78a406ad', '{"name": "hotel1_arti", "slug": "hotel1arti", "wifi_ssid": null, "owner_user_id": "d1e40c02-9978-46fd-875e-3989537af942"}', '2026-04-11 05:32:22.452162+00'),
	('a18f8c38-42a8-4082-b82b-dddde17b9344', '5d697b97-4336-4318-af21-53fc78a406ad', 'd1e40c02-9978-46fd-875e-3989537af942', 'HOTEL_OPERATIONAL_UPDATED', 'hotels', '5d697b97-4336-4318-af21-53fc78a406ad', '{"updated_fields": {"name": "hotel1_arti", "slug": "hotel1arti", "upi_id": null, "timezone": "Asia/Kolkata", "amenities": ["Wi-Fi", "Pool", "Restaurant", "Bar", "Room Service", "Parking", "Laundry", "AC", "Pet Friendly", "Kids Club"], "logo_path": "https://vsqiuwbmawygkxxjrxnt.supabase.co/storage/v1/object/public/hotel-assets/5d697b97-4336-4318-af21-53fc78a406ad/logo.png?t=1775885842349", "wifi_ssid": "hotel1_artri_guest", "gst_number": null, "legal_name": null, "booking_url": null, "brand_color": "#6366F1", "guest_notes": null, "breakfast_end": "10:30", "currency_code": "INR", "wifi_password": "welcome@123", "invoice_prefix": "H-", "tax_percentage": 12, "breakfast_start": "07:00", "invoice_counter": 1, "cover_image_path": "https://vsqiuwbmawygkxxjrxnt.supabase.co/storage/v1/object/public/hotel-assets/5d697b97-4336-4318-af21-53fc78a406ad/cover.png?t=1775885793159", "default_checkin_time": "14:00", "default_checkout_time": "11:00", "early_checkin_allowed": true, "late_checkout_allowed": false, "service_charge_percentage": 0}}', '2026-04-11 05:38:03.679535+00'),
	('2cf146bf-6cb7-4eb3-916c-ae1d4bdf81f1', '5d697b97-4336-4318-af21-53fc78a406ad', 'd1e40c02-9978-46fd-875e-3989537af942', 'HOTEL_ROOMS_UPDATED', 'hotels', '5d697b97-4336-4318-af21-53fc78a406ad', '{"updated_fields": {"rooms_total": 14}}', '2026-04-11 05:41:14.528014+00'),
	('4fbadba2-8794-4114-8dde-d3650fdfe06c', '5d697b97-4336-4318-af21-53fc78a406ad', 'd1e40c02-9978-46fd-875e-3989537af942', 'INVITE_CREATED', 'hotel_invites', '6d3ed4fe-61f6-4b31-b8ad-06ee69451ae8', '{"email": "artijaraut711@gmail.com", "role_id": "c893103a-ffee-4bfe-b9b0-2655bbd3dffd"}', '2026-04-11 05:46:11.23128+00'),
	('b0a1856a-4c0b-4239-99c6-6f7c8bc53bd0', '5d697b97-4336-4318-af21-53fc78a406ad', 'e50f31d7-b7aa-4bc5-b311-36ea3d5a45db', 'INVITE_ACCEPTED', 'hotel_invites', '6d3ed4fe-61f6-4b31-b8ad-06ee69451ae8', '{"email": "artijaraut711@gmail.com", "role_id": "c893103a-ffee-4bfe-b9b0-2655bbd3dffd"}', '2026-04-11 05:51:24.345345+00'),
	('0eab3a43-3c9b-434a-9798-fd792952a426', '5d697b97-4336-4318-af21-53fc78a406ad', 'd1e40c02-9978-46fd-875e-3989537af942', 'INVITE_CREATED', 'hotel_invites', 'f3a402ec-ef7e-441d-b419-1dcef0c465c2', '{"email": "artijaraut711@gmail.com", "role_id": "c893103a-ffee-4bfe-b9b0-2655bbd3dffd"}', '2026-04-11 05:52:08.848265+00'),
	('cf3671db-23c1-400a-b5a4-7bfc9c469fc4', '5d697b97-4336-4318-af21-53fc78a406ad', 'd1e40c02-9978-46fd-875e-3989537af942', 'INVITE_CREATED', 'hotel_invites', '8370db6f-8c7a-4f80-ac82-1c60dbed9d32', '{"email": "kbisht786@gmail.com", "role_id": "0705e4e2-f044-4e6e-b5f5-af0e2a63ca72"}', '2026-04-11 05:53:43.024506+00'),
	('ef3763e7-43c9-453a-8129-d217f54df581', '5d697b97-4336-4318-af21-53fc78a406ad', 'd1e40c02-9978-46fd-875e-3989537af942', 'INVITE_ACCEPTED', 'hotel_invites', '8370db6f-8c7a-4f80-ac82-1c60dbed9d32', '{"email": "kbisht786@gmail.com", "role_id": "0705e4e2-f044-4e6e-b5f5-af0e2a63ca72"}', '2026-04-11 05:54:54.185219+00'),
	('0881bff6-8379-4a6a-b72d-466da9a49cad', 'e10eca3b-3102-41fc-8006-c1b4b70e00e6', 'd1e40c02-9978-46fd-875e-3989537af942', 'HOTEL_DETAILS_UPDATED', 'hotels', 'e10eca3b-3102-41fc-8006-c1b4b70e00e6', '{"updated_fields": {"city": "Haldwani", "name": "Hotel Kafal Inn", "slug": "hotel-kafal-inn", "email": "kbisht786@gmail.com", "phone": "9901384009", "state": "Uttarakhand", "address": "Plot no.101, Bareilly - Nainital Rd, opposite Judge Court, near Reliance Digital, Bhotia Parao", "country": "India", "latitude": null, "logo_path": "https://vsqiuwbmawygkxxjrxnt.supabase.co/storage/v1/object/public/hotel-assets/6e560d65-eaa0-4f23-862e-d32f66682d6a/logo.png?t=1773063287432", "longitude": null, "gst_number": "27AD88888888888", "legal_name": "test test", "brand_color": "#6366F1", "description": "Hotel Kafal Inn", "postal_code": "263139", "cover_image_path": "https://vsqiuwbmawygkxxjrxnt.supabase.co/storage/v1/object/public/hotel-assets/6e560d65-eaa0-4f23-862e-d32f66682d6a/cover.png?t=1773063298229"}}', '2026-04-16 17:33:13.311801+00'),
	('e54a75e0-3a12-45d3-9b0d-c09ffd93bfc7', 'e10eca3b-3102-41fc-8006-c1b4b70e00e6', 'd1e40c02-9978-46fd-875e-3989537af942', 'HOTEL_OPERATIONAL_UPDATED', 'hotels', 'e10eca3b-3102-41fc-8006-c1b4b70e00e6', '{"updated_fields": {"name": "Hotel Kafal Inn", "slug": "hotel-kafal-inn", "upi_id": null, "timezone": "Asia/Kolkata", "amenities": ["Laundry", "AC", "Pet Friendly", "Business Center", "Kids Club", "Parking", "Room Service", "Restaurant", "Wi-Fi"], "logo_path": "https://vsqiuwbmawygkxxjrxnt.supabase.co/storage/v1/object/public/hotel-assets/e10eca3b-3102-41fc-8006-c1b4b70e00e6/logo.png?t=1776361071940", "wifi_ssid": null, "gst_number": "27AD88888888888", "legal_name": "Kafal Inn", "booking_url": null, "brand_color": "#6366F1", "guest_notes": null, "breakfast_end": "10:30", "currency_code": "INR", "wifi_password": null, "invoice_prefix": "T-KF", "tax_percentage": 5, "breakfast_start": "07:00", "invoice_counter": 1, "cover_image_path": "https://vsqiuwbmawygkxxjrxnt.supabase.co/storage/v1/object/public/hotel-assets/e10eca3b-3102-41fc-8006-c1b4b70e00e6/cover.png?t=1776361105228", "default_checkin_time": "11:00:00", "default_checkout_time": "10:00", "early_checkin_allowed": false, "late_checkout_allowed": false, "service_charge_percentage": 0}}', '2026-04-16 17:39:13.040608+00'),
	('e0404dd5-9c54-49fb-afbd-5211a82b90e9', 'e10eca3b-3102-41fc-8006-c1b4b70e00e6', 'd1e40c02-9978-46fd-875e-3989537af942', 'HOTEL_ROOMS_UPDATED', 'hotels', 'e10eca3b-3102-41fc-8006-c1b4b70e00e6', '{"updated_fields": {"rooms_total": 16}}', '2026-04-16 17:39:40.0711+00'),
	('c5bb318b-667b-423c-a473-82946b10ad5c', 'e10eca3b-3102-41fc-8006-c1b4b70e00e6', 'd1e40c02-9978-46fd-875e-3989537af942', 'INVITE_CREATED', 'hotel_invites', 'ed6c317b-0d5c-4244-8254-026534945bc5', '{"email": "kbisht786@gmail.com", "role_id": "43d211f1-1d5c-4396-bb1f-4fe9bf3ced3c"}', '2026-04-16 17:45:55.500503+00'),
	('8a033148-4e7d-4259-9f52-7796affe9c40', 'e10eca3b-3102-41fc-8006-c1b4b70e00e6', 'd1e40c02-9978-46fd-875e-3989537af942', 'INVITE_ACCEPTED', 'hotel_invites', 'ed6c317b-0d5c-4244-8254-026534945bc5', '{"email": "kbisht786@gmail.com", "role_id": "43d211f1-1d5c-4396-bb1f-4fe9bf3ced3c"}', '2026-04-16 17:46:39.033448+00');


--
-- Data for Name: hotel_guest_info; Type: TABLE DATA; Schema: public; Owner: postgres
--

INSERT INTO "public"."hotel_guest_info" ("hotel_id", "wifi_ssid", "wifi_password", "breakfast_start", "breakfast_end", "notes", "created_at", "updated_at") VALUES
	('139c6002-bdd7-4924-9db4-16f14e283d89', 'test', 'test123', '09:00:00', '10:30:00', 'test test', '2026-03-10 06:48:26.842398+00', '2026-03-10 08:26:03.573665+00'),
	('5780fa80-3e6b-44d0-b87e-2b4015f78c8b', NULL, NULL, '07:00:00', '10:30:00', NULL, '2026-03-23 11:32:18.056766+00', '2026-03-23 11:32:34.759857+00'),
	('34fc8954-1f82-41cf-ae34-877aeff1eb76', NULL, NULL, '07:00:00', '10:30:00', NULL, '2026-03-24 18:26:21.961279+00', '2026-03-24 18:26:33.307415+00'),
	('def83e54-817d-46fd-a886-85a21137dc5b', NULL, NULL, '07:00:00', '10:30:00', NULL, '2026-03-29 17:11:47.403277+00', '2026-03-29 17:12:24.228204+00'),
	('5710bfe1-7590-4361-aebe-4335ac31ac1e', NULL, NULL, '07:00:00', '10:30:00', NULL, '2026-04-03 07:27:19.136236+00', '2026-04-03 07:27:19.136236+00'),
	('f646136a-a5e4-4f0c-95e7-d81bc3bed8b0', NULL, NULL, '07:00:00', '10:30:00', NULL, '2026-04-03 10:34:48.597806+00', '2026-04-03 10:35:00.205224+00'),
	('4e32e918-d98d-4231-aa8d-fed3d37346ef', NULL, NULL, '07:00:00', '10:30:00', NULL, '2026-04-03 12:16:51.063515+00', '2026-04-03 12:16:55.40293+00'),
	('5d697b97-4336-4318-af21-53fc78a406ad', 'hotel1_artri_guest', 'welcome@123', '07:00:00', '10:30:00', NULL, '2026-04-11 05:32:22.452162+00', '2026-04-11 05:38:03.679535+00'),
	('e10eca3b-3102-41fc-8006-c1b4b70e00e6', NULL, NULL, '07:00:00', '10:30:00', NULL, '2026-03-09 19:45:31.706023+00', '2026-04-16 17:39:13.040608+00');


--
-- Data for Name: hotel_import_mappings; Type: TABLE DATA; Schema: public; Owner: postgres
--

INSERT INTO "public"."hotel_import_mappings" ("id", "hotel_id", "mapping_name", "csv_column", "vaiyu_field", "created_at", "updated_at") VALUES
	('d7a561b4-37d2-4936-b573-71334002da07', '139c6002-bdd7-4924-9db4-16f14e283d89', 'default', 'hotel_slug', 'hotel_slug', '2026-02-15 19:30:57.015969+00', '2026-02-15 19:30:57.015969+00'),
	('dbf0dfa4-bc39-4fe9-a9b3-345797aca009', '139c6002-bdd7-4924-9db4-16f14e283d89', 'default', 'booking_reference', 'booking_reference', '2026-02-15 19:30:57.015969+00', '2026-02-15 19:30:57.015969+00'),
	('64955665-7a69-460d-8917-01abf12657ae', '139c6002-bdd7-4924-9db4-16f14e283d89', 'default', 'booking_status', 'booking_status', '2026-02-15 19:30:57.015969+00', '2026-02-15 19:30:57.015969+00'),
	('c1872f07-0ae9-4e0c-9483-34389f05815d', '139c6002-bdd7-4924-9db4-16f14e283d89', 'default', 'checkin_date', 'checkin_date', '2026-02-15 19:30:57.015969+00', '2026-02-15 19:30:57.015969+00'),
	('baf9546c-1436-4ecd-ab92-8a08cac848f3', '139c6002-bdd7-4924-9db4-16f14e283d89', 'default', 'checkout_date', 'checkout_date', '2026-02-15 19:30:57.015969+00', '2026-02-15 19:30:57.015969+00'),
	('afd3c068-d14a-4622-88b1-9fd77d929d14', '139c6002-bdd7-4924-9db4-16f14e283d89', 'default', 'room_seq', 'room_seq', '2026-02-15 19:30:57.015969+00', '2026-02-15 19:30:57.015969+00'),
	('dcc9b0e2-ed3c-432d-9ee6-ff785b7e8076', '139c6002-bdd7-4924-9db4-16f14e283d89', 'default', 'room_type_name', 'room_type_name', '2026-02-15 19:30:57.015969+00', '2026-02-15 19:30:57.015969+00'),
	('80de3d01-1088-4ab7-9c94-28db2c03de46', '139c6002-bdd7-4924-9db4-16f14e283d89', 'default', 'room_number', 'room_number', '2026-02-15 19:30:57.015969+00', '2026-02-15 19:30:57.015969+00'),
	('92372040-68e3-4d2d-933e-dcc4619afe6e', '139c6002-bdd7-4924-9db4-16f14e283d89', 'default', 'adults', 'adults', '2026-02-15 19:30:57.015969+00', '2026-02-15 19:30:57.015969+00'),
	('87c9cb19-19ed-4ca0-a738-e9e4e2b8ba1d', '139c6002-bdd7-4924-9db4-16f14e283d89', 'default', 'children', 'children', '2026-02-15 19:30:57.015969+00', '2026-02-15 19:30:57.015969+00'),
	('102b1c96-d820-4df9-8339-f4b425f9ca7f', '139c6002-bdd7-4924-9db4-16f14e283d89', 'default', 'guest_seq', 'guest_seq', '2026-02-15 19:30:57.015969+00', '2026-02-15 19:30:57.015969+00'),
	('cd558eb1-e50d-4300-a4cb-22577ae68117', '139c6002-bdd7-4924-9db4-16f14e283d89', 'default', 'guest_name', 'guest_name', '2026-02-15 19:30:57.015969+00', '2026-02-15 19:30:57.015969+00'),
	('1841d520-190a-4e7b-bfb3-f8aba8f12bda', '139c6002-bdd7-4924-9db4-16f14e283d89', 'default', 'guest_phone', 'guest_phone', '2026-02-15 19:30:57.015969+00', '2026-02-15 19:30:57.015969+00'),
	('0089a614-a8f0-42e3-8eda-d596b862f776', '139c6002-bdd7-4924-9db4-16f14e283d89', 'default', 'guest_email', 'guest_email', '2026-02-15 19:30:57.015969+00', '2026-02-15 19:30:57.015969+00'),
	('e21b5843-a2dd-43e9-ba6b-762b973607e8', '139c6002-bdd7-4924-9db4-16f14e283d89', 'default', 'primary_guest_flag', 'primary_guest_flag', '2026-02-15 19:30:57.015969+00', '2026-02-15 19:30:57.015969+00');


--
-- Data for Name: hotel_invites; Type: TABLE DATA; Schema: public; Owner: postgres
--

INSERT INTO "public"."hotel_invites" ("id", "hotel_id", "email", "token", "expires_at", "accepted_at", "created_by", "created_at", "role_id", "status", "resend_count", "last_sent_at", "invite_metadata", "claimed_by", "claimed_at") VALUES
	('b5672b1a-be29-496b-8f83-eed87fd571a7', 'e10eca3b-3102-41fc-8006-c1b4b70e00e6', 'ajitkumarpes@gmail.com', 'e839977f-c520-425c-a0f1-160e151f43fb', '2026-04-10 12:04:27.300524+00', NULL, '64847cf8-136b-445d-b34b-fe6e18a6d020', '2026-04-03 12:04:27.300524+00', '9c702df3-e50b-4882-b7a2-8168641378ba', 'expired', 0, NULL, '{"full_name": "ajitkumarpes@gmail.com", "assigned_zones": "All Zones", "employment_status": "Active"}', NULL, NULL),
	('bb9509c6-d99c-4cfa-a433-46659f650974', '139c6002-bdd7-4924-9db4-16f14e283d89', 'invited.person@example.com', '4c011e61-3815-4d8b-a3cb-d23648ee9dcb', '2025-10-26 19:13:50.787272+00', NULL, 'd1e40c02-9978-46fd-875e-3989537af942', '2025-10-19 19:13:50.787272+00', '17efda7c-c596-4ef0-9e06-67141073e2dd', 'expired', 0, NULL, '{}', NULL, NULL),
	('98942d07-5ee0-41bc-a7c9-db5035044e8a', '139c6002-bdd7-4924-9db4-16f14e283d89', 'kbisht786@gmail.com', 'bf0a50b1-d0f2-4c31-ac11-15e8977c6ff2', '2025-10-26 19:18:32.155847+00', '2025-10-19 19:23:04.496081+00', 'd1e40c02-9978-46fd-875e-3989537af942', '2025-10-19 19:18:32.155847+00', '17efda7c-c596-4ef0-9e06-67141073e2dd', 'expired', 0, NULL, '{}', NULL, NULL),
	('2b8314cd-c16d-48e2-ae23-0aea9f2b884b', 'e10eca3b-3102-41fc-8006-c1b4b70e00e6', 'kbisht786@gmail.com', '2af8136c-f5ff-4775-bd93-a3d7f83c2185', '2026-04-10 12:04:27.597991+00', NULL, '64847cf8-136b-445d-b34b-fe6e18a6d020', '2026-04-03 12:04:27.597991+00', '157b503d-b991-4779-8b6c-67a8d9dfcad8', 'expired', 0, NULL, '{"full_name": "Test staff", "assigned_zones": null, "employment_status": "Active"}', NULL, NULL),
	('60cdc4f3-fdd8-4184-bf37-7bf05eb08c3b', 'e10eca3b-3102-41fc-8006-c1b4b70e00e6', 'singhajit.br@gmail.com', '03b7553d-da39-4bf5-8e21-03e9f71d7162', '2026-04-10 12:04:27.484639+00', NULL, '64847cf8-136b-445d-b34b-fe6e18a6d020', '2026-04-03 12:04:27.484639+00', '157b503d-b991-4779-8b6c-67a8d9dfcad8', 'expired', 0, NULL, '{"full_name": "singhajit.br@gmail.com", "assigned_zones": "All Zones", "employment_status": "Active"}', NULL, NULL),
	('61c9ff47-6756-4ba5-b298-81dac8257b31', '5780fa80-3e6b-44d0-b87e-2b4015f78c8b', 'bistkapil1988@gmail.com', 'c4dd6fa1-b984-4d6c-be77-3c02ffa2c3a9', '2026-03-30 11:44:41.504527+00', '2026-03-23 11:52:20.623767+00', 'd1e40c02-9978-46fd-875e-3989537af942', '2026-03-23 11:44:41.504527+00', '4613e741-b5a0-47a1-a930-2d71e47fcf79', 'accepted', 0, NULL, '{"full_name": "KP", "assigned_zones": null, "employment_status": "Active"}', '64847cf8-136b-445d-b34b-fe6e18a6d020', '2026-03-23 11:52:20.491432+00'),
	('db750d0b-4f5d-4328-b1c6-f808b4978105', 'e10eca3b-3102-41fc-8006-c1b4b70e00e6', 'singhajit.br@gmail.com', 'f16d75c8-8f43-452a-a11e-c111d764930a', '2026-03-17 19:21:38.021892+00', '2026-03-10 19:23:01.033449+00', '73904179-cca9-40ab-a2c4-e509dadbbbbb', '2026-03-10 19:21:38.021892+00', '157b503d-b991-4779-8b6c-67a8d9dfcad8', 'accepted', 0, NULL, '{"assigned_zones": null, "employment_status": "Active"}', '4a66c0ba-5b27-4562-8dd6-bd6a87b138bd', '2026-03-10 19:23:00.922816+00'),
	('6d3ed4fe-61f6-4b31-b8ad-06ee69451ae8', '5d697b97-4336-4318-af21-53fc78a406ad', 'artijaraut711@gmail.com', '09a00b70-270f-43a9-8040-cfa2023fa2b2', '2026-04-18 05:46:11.23128+00', '2026-04-11 05:51:24.345345+00', 'd1e40c02-9978-46fd-875e-3989537af942', '2026-04-11 05:46:11.23128+00', 'c893103a-ffee-4bfe-b9b0-2655bbd3dffd', 'accepted', 0, NULL, '{"full_name": "staff1", "assigned_zones": null, "employment_status": "Active"}', 'e50f31d7-b7aa-4bc5-b311-36ea3d5a45db', '2026-04-11 05:51:24.222665+00'),
	('cda192bf-6977-4ee5-8b7c-923d43a35ad4', 'e10eca3b-3102-41fc-8006-c1b4b70e00e6', 'ajitkumarpes@gmail.com', '82e6103c-9b10-471d-8614-10d0cb97d30f', '2026-03-18 16:43:34.557708+00', '2026-03-11 16:47:00.998922+00', '73904179-cca9-40ab-a2c4-e509dadbbbbb', '2026-03-11 16:43:34.557708+00', '43d211f1-1d5c-4396-bb1f-4fe9bf3ced3c', 'accepted', 0, NULL, '{"assigned_zones": null, "employment_status": "Active"}', '73904179-cca9-40ab-a2c4-e509dadbbbbb', '2026-03-11 16:47:00.842018+00'),
	('523467b3-d51c-4f0b-8ef3-18c648b30b88', 'def83e54-817d-46fd-a886-85a21137dc5b', 'staff@example.com', 'c87ff898-43d1-4b1a-b1ce-c2b66bcef923', '2026-04-05 17:28:00.464177+00', NULL, 'd1e40c02-9978-46fd-875e-3989537af942', '2026-03-29 17:28:00.464177+00', 'd9eeeb2f-0847-46c6-8fb1-5a9aa4d32f48', 'expired', 0, NULL, '{"full_name": "First Staff Account", "assigned_zones": "All Zones", "employment_status": "Active"}', NULL, NULL),
	('8370db6f-8c7a-4f80-ac82-1c60dbed9d32', '5d697b97-4336-4318-af21-53fc78a406ad', 'kbisht786@gmail.com', '4c1323ab-15ce-44c4-915d-08837531bab1', '2026-04-18 05:53:43.024506+00', '2026-04-11 05:54:54.185219+00', 'd1e40c02-9978-46fd-875e-3989537af942', '2026-04-11 05:53:43.024506+00', '0705e4e2-f044-4e6e-b5f5-af0e2a63ca72', 'accepted', 0, NULL, '{"full_name": "Arti", "assigned_zones": null, "employment_status": "Active"}', 'd1e40c02-9978-46fd-875e-3989537af942', '2026-04-11 05:54:54.033389+00'),
	('ed6c317b-0d5c-4244-8254-026534945bc5', 'e10eca3b-3102-41fc-8006-c1b4b70e00e6', 'kbisht786@gmail.com', '7ebd7c15-3d57-4cff-8f8f-ccba801cfa8d', '2026-04-23 17:45:55.500503+00', '2026-04-16 17:46:39.033448+00', 'd1e40c02-9978-46fd-875e-3989537af942', '2026-04-16 17:45:55.500503+00', '43d211f1-1d5c-4396-bb1f-4fe9bf3ced3c', 'accepted', 0, NULL, '{"full_name": "Lalit Bhatt", "assigned_zones": null, "employment_status": "Active"}', 'd1e40c02-9978-46fd-875e-3989537af942', '2026-04-16 17:46:38.890417+00'),
	('f3a402ec-ef7e-441d-b419-1dcef0c465c2', '5d697b97-4336-4318-af21-53fc78a406ad', 'artijaraut711@gmail.com', '29c0b35c-adb8-494c-9f2e-83cd7525d048', '2026-04-18 05:52:08.848265+00', NULL, 'd1e40c02-9978-46fd-875e-3989537af942', '2026-04-11 05:52:08.848265+00', 'c893103a-ffee-4bfe-b9b0-2655bbd3dffd', 'expired', 0, NULL, '{"full_name": "staff1", "assigned_zones": null, "employment_status": "Active"}', NULL, NULL);


--
-- Data for Name: hotel_kpi_daily; Type: TABLE DATA; Schema: public; Owner: postgres
--



--
-- Data for Name: hotel_member_roles; Type: TABLE DATA; Schema: public; Owner: postgres
--

INSERT INTO "public"."hotel_member_roles" ("hotel_member_id", "role_id") VALUES
	('18ced61e-1508-47f0-bb6d-a3e39e5fdb7d', '80118151-7a34-4e3c-a5d3-e79779c9e76b'),
	('18ced61e-1508-47f0-bb6d-a3e39e5fdb7d', 'fc1a7621-035a-4f51-ab2e-afa31089eb8c'),
	('18ced61e-1508-47f0-bb6d-a3e39e5fdb7d', '2af53df3-edc6-48fe-ad3e-9e3591e9a27c'),
	('f0a60133-439f-4ea2-9236-bde74feee105', '80118151-7a34-4e3c-a5d3-e79779c9e76b'),
	('f0a60133-439f-4ea2-9236-bde74feee105', 'fc1a7621-035a-4f51-ab2e-afa31089eb8c'),
	('f0a60133-439f-4ea2-9236-bde74feee105', '2af53df3-edc6-48fe-ad3e-9e3591e9a27c'),
	('147b6e57-ce3c-483b-8b19-d2b1bb5fdb58', '80118151-7a34-4e3c-a5d3-e79779c9e76b'),
	('8e593253-ca12-40cc-9f35-53bb1146dfba', '80118151-7a34-4e3c-a5d3-e79779c9e76b'),
	('9f9b8b4f-2b06-4c80-8a05-dd34ac89c451', '80118151-7a34-4e3c-a5d3-e79779c9e76b'),
	('dde18a07-fccd-4255-805f-9ab03704c046', '80118151-7a34-4e3c-a5d3-e79779c9e76b'),
	('147b6e57-ce3c-483b-8b19-d2b1bb5fdb58', 'fc1a7621-035a-4f51-ab2e-afa31089eb8c'),
	('8e593253-ca12-40cc-9f35-53bb1146dfba', 'fc1a7621-035a-4f51-ab2e-afa31089eb8c'),
	('9f9b8b4f-2b06-4c80-8a05-dd34ac89c451', 'fc1a7621-035a-4f51-ab2e-afa31089eb8c'),
	('dde18a07-fccd-4255-805f-9ab03704c046', 'fc1a7621-035a-4f51-ab2e-afa31089eb8c'),
	('147b6e57-ce3c-483b-8b19-d2b1bb5fdb58', '2af53df3-edc6-48fe-ad3e-9e3591e9a27c'),
	('8e593253-ca12-40cc-9f35-53bb1146dfba', '2af53df3-edc6-48fe-ad3e-9e3591e9a27c'),
	('9f9b8b4f-2b06-4c80-8a05-dd34ac89c451', '2af53df3-edc6-48fe-ad3e-9e3591e9a27c'),
	('dde18a07-fccd-4255-805f-9ab03704c046', '2af53df3-edc6-48fe-ad3e-9e3591e9a27c'),
	('147b6e57-ce3c-483b-8b19-d2b1bb5fdb58', 'cead7996-de36-4d4e-80a6-1bb501cc4a27'),
	('18ced61e-1508-47f0-bb6d-a3e39e5fdb7d', 'cead7996-de36-4d4e-80a6-1bb501cc4a27'),
	('8e593253-ca12-40cc-9f35-53bb1146dfba', 'cead7996-de36-4d4e-80a6-1bb501cc4a27'),
	('9f9b8b4f-2b06-4c80-8a05-dd34ac89c451', 'cead7996-de36-4d4e-80a6-1bb501cc4a27'),
	('dde18a07-fccd-4255-805f-9ab03704c046', 'cead7996-de36-4d4e-80a6-1bb501cc4a27'),
	('f0a60133-439f-4ea2-9236-bde74feee105', 'cead7996-de36-4d4e-80a6-1bb501cc4a27'),
	('147b6e57-ce3c-483b-8b19-d2b1bb5fdb58', '3508c78e-a5f4-434d-af9b-0b581b490d28'),
	('18ced61e-1508-47f0-bb6d-a3e39e5fdb7d', '3508c78e-a5f4-434d-af9b-0b581b490d28'),
	('8e593253-ca12-40cc-9f35-53bb1146dfba', '97e5b0a8-34f1-48f8-8c8d-a2c3efb7c3e2'),
	('9f9b8b4f-2b06-4c80-8a05-dd34ac89c451', '97e5b0a8-34f1-48f8-8c8d-a2c3efb7c3e2'),
	('dde18a07-fccd-4255-805f-9ab03704c046', '97e5b0a8-34f1-48f8-8c8d-a2c3efb7c3e2'),
	('f0a60133-439f-4ea2-9236-bde74feee105', '97e5b0a8-34f1-48f8-8c8d-a2c3efb7c3e2'),
	('18ced61e-1508-47f0-bb6d-a3e39e5fdb7d', '97e5b0a8-34f1-48f8-8c8d-a2c3efb7c3e2'),
	('18ced61e-1508-47f0-bb6d-a3e39e5fdb7d', '17efda7c-c596-4ef0-9e06-67141073e2dd'),
	('3e53a808-f4ec-49f4-968e-37ae694e9367', '4613e741-b5a0-47a1-a930-2d71e47fcf79'),
	('3e53a808-f4ec-49f4-968e-37ae694e9367', '056b1eab-20d5-4c39-b3bd-69185735e98a'),
	('3e53a808-f4ec-49f4-968e-37ae694e9367', '441ba745-731e-47f4-b880-0bab05d526a3'),
	('3e53a808-f4ec-49f4-968e-37ae694e9367', '7a491e25-dfa8-47c2-a85e-97121b548f38'),
	('10bce85a-12bd-412f-b26f-e1c319221114', 'c893103a-ffee-4bfe-b9b0-2655bbd3dffd'),
	('8be41e64-e0f5-456d-af21-ca8b6e338967', '0705e4e2-f044-4e6e-b5f5-af0e2a63ca72'),
	('10bce85a-12bd-412f-b26f-e1c319221114', '0bc24f99-f4e7-4218-a2e9-26f9737bf1d1'),
	('10bce85a-12bd-412f-b26f-e1c319221114', 'cb784960-08af-464b-b3e9-982e5eb34c2c'),
	('db99d7a7-690a-414f-9e0c-f5132f8b2cbc', '43d211f1-1d5c-4396-bb1f-4fe9bf3ced3c');


--
-- Data for Name: hotel_onboarding_progress; Type: TABLE DATA; Schema: public; Owner: postgres
--

INSERT INTO "public"."hotel_onboarding_progress" ("hotel_id", "step_name", "completed_at", "completed_by") VALUES
	('5710bfe1-7590-4361-aebe-4335ac31ac1e', 'hotel_details', '2026-04-03 07:26:23.309202+00', '73904179-cca9-40ab-a2c4-e509dadbbbbb'),
	('5710bfe1-7590-4361-aebe-4335ac31ac1e', 'operational_settings', '2026-04-03 07:27:19.299465+00', '73904179-cca9-40ab-a2c4-e509dadbbbbb'),
	('139c6002-bdd7-4924-9db4-16f14e283d89', 'room_setup', '2026-03-05 19:08:58.903522+00', '73904179-cca9-40ab-a2c4-e509dadbbbbb'),
	('f646136a-a5e4-4f0c-95e7-d81bc3bed8b0', 'hotel_details', '2026-04-03 10:34:48.857982+00', '64847cf8-136b-445d-b34b-fe6e18a6d020'),
	('f646136a-a5e4-4f0c-95e7-d81bc3bed8b0', 'operational_settings', '2026-04-03 10:35:00.367454+00', '64847cf8-136b-445d-b34b-fe6e18a6d020'),
	('f646136a-a5e4-4f0c-95e7-d81bc3bed8b0', 'room_setup', '2026-04-03 10:36:12.190775+00', '64847cf8-136b-445d-b34b-fe6e18a6d020'),
	('f646136a-a5e4-4f0c-95e7-d81bc3bed8b0', 'staff_setup', '2026-04-03 10:41:23.705465+00', '64847cf8-136b-445d-b34b-fe6e18a6d020'),
	('f646136a-a5e4-4f0c-95e7-d81bc3bed8b0', 'features', '2026-04-03 10:41:28.658352+00', '64847cf8-136b-445d-b34b-fe6e18a6d020'),
	('5710bfe1-7590-4361-aebe-4335ac31ac1e', 'room_setup', '2026-04-03 10:43:28.479672+00', '73904179-cca9-40ab-a2c4-e509dadbbbbb'),
	('139c6002-bdd7-4924-9db4-16f14e283d89', 'hotel_details', '2026-03-10 06:48:19.680566+00', '73904179-cca9-40ab-a2c4-e509dadbbbbb'),
	('139c6002-bdd7-4924-9db4-16f14e283d89', 'operational_settings', '2026-03-10 06:48:26.959894+00', '73904179-cca9-40ab-a2c4-e509dadbbbbb'),
	('4e32e918-d98d-4231-aa8d-fed3d37346ef', 'hotel_details', '2026-04-03 12:16:51.297613+00', '73904179-cca9-40ab-a2c4-e509dadbbbbb'),
	('4e32e918-d98d-4231-aa8d-fed3d37346ef', 'operational_settings', '2026-04-03 12:16:55.494067+00', '73904179-cca9-40ab-a2c4-e509dadbbbbb'),
	('4e32e918-d98d-4231-aa8d-fed3d37346ef', 'room_setup', '2026-04-03 12:17:18.722003+00', '73904179-cca9-40ab-a2c4-e509dadbbbbb'),
	('5d697b97-4336-4318-af21-53fc78a406ad', 'hotel_details', '2026-04-11 05:32:23.333543+00', 'd1e40c02-9978-46fd-875e-3989537af942'),
	('5d697b97-4336-4318-af21-53fc78a406ad', 'operational_settings', '2026-04-11 05:38:03.828198+00', 'd1e40c02-9978-46fd-875e-3989537af942'),
	('5d697b97-4336-4318-af21-53fc78a406ad', 'room_setup', '2026-04-11 05:41:14.63295+00', 'd1e40c02-9978-46fd-875e-3989537af942'),
	('5780fa80-3e6b-44d0-b87e-2b4015f78c8b', 'hotel_details', '2026-03-23 11:32:18.295639+00', 'd1e40c02-9978-46fd-875e-3989537af942'),
	('5780fa80-3e6b-44d0-b87e-2b4015f78c8b', 'operational_settings', '2026-03-23 11:32:35.345895+00', 'd1e40c02-9978-46fd-875e-3989537af942'),
	('5780fa80-3e6b-44d0-b87e-2b4015f78c8b', 'room_setup', '2026-03-23 11:43:10.516052+00', 'd1e40c02-9978-46fd-875e-3989537af942'),
	('5780fa80-3e6b-44d0-b87e-2b4015f78c8b', 'staff_setup', '2026-03-23 11:44:41.647888+00', 'd1e40c02-9978-46fd-875e-3989537af942'),
	('34fc8954-1f82-41cf-ae34-877aeff1eb76', 'hotel_details', '2026-03-24 18:26:22.20711+00', '73904179-cca9-40ab-a2c4-e509dadbbbbb'),
	('34fc8954-1f82-41cf-ae34-877aeff1eb76', 'operational_settings', '2026-03-24 18:26:33.454209+00', '73904179-cca9-40ab-a2c4-e509dadbbbbb'),
	('5780fa80-3e6b-44d0-b87e-2b4015f78c8b', 'features', '2026-03-29 17:08:55.503469+00', 'd1e40c02-9978-46fd-875e-3989537af942'),
	('def83e54-817d-46fd-a886-85a21137dc5b', 'hotel_details', '2026-03-29 17:11:47.660601+00', 'd1e40c02-9978-46fd-875e-3989537af942'),
	('def83e54-817d-46fd-a886-85a21137dc5b', 'operational_settings', '2026-03-29 17:12:24.42803+00', 'd1e40c02-9978-46fd-875e-3989537af942'),
	('def83e54-817d-46fd-a886-85a21137dc5b', 'room_setup', '2026-03-29 17:25:07.891721+00', 'd1e40c02-9978-46fd-875e-3989537af942'),
	('5d697b97-4336-4318-af21-53fc78a406ad', 'staff_setup', '2026-04-11 05:53:43.220366+00', 'd1e40c02-9978-46fd-875e-3989537af942'),
	('def83e54-817d-46fd-a886-85a21137dc5b', 'staff_setup', '2026-03-29 17:29:38.856438+00', 'd1e40c02-9978-46fd-875e-3989537af942'),
	('def83e54-817d-46fd-a886-85a21137dc5b', 'features', '2026-03-29 17:29:44.482885+00', 'd1e40c02-9978-46fd-875e-3989537af942'),
	('5d697b97-4336-4318-af21-53fc78a406ad', 'features', '2026-04-11 05:53:48.173071+00', 'd1e40c02-9978-46fd-875e-3989537af942'),
	('e10eca3b-3102-41fc-8006-c1b4b70e00e6', 'hotel_details', '2026-04-16 17:33:13.584685+00', '73904179-cca9-40ab-a2c4-e509dadbbbbb'),
	('e10eca3b-3102-41fc-8006-c1b4b70e00e6', 'operational_settings', '2026-04-16 17:39:13.183912+00', '73904179-cca9-40ab-a2c4-e509dadbbbbb'),
	('e10eca3b-3102-41fc-8006-c1b4b70e00e6', 'room_setup', '2026-04-16 17:39:40.150101+00', '73904179-cca9-40ab-a2c4-e509dadbbbbb'),
	('e10eca3b-3102-41fc-8006-c1b4b70e00e6', 'staff_setup', '2026-04-16 17:45:55.754457+00', '73904179-cca9-40ab-a2c4-e509dadbbbbb'),
	('e10eca3b-3102-41fc-8006-c1b4b70e00e6', 'features', '2026-04-16 17:46:03.328316+00', '73904179-cca9-40ab-a2c4-e509dadbbbbb');


--
-- Data for Name: hotel_onboarding_required_steps; Type: TABLE DATA; Schema: public; Owner: postgres
--

INSERT INTO "public"."hotel_onboarding_required_steps" ("step_name") VALUES
	('hotel_details'),
	('operational_settings'),
	('room_setup'),
	('staff_setup'),
	('features');


--
-- Data for Name: hotel_staff; Type: TABLE DATA; Schema: public; Owner: postgres
--

INSERT INTO "public"."hotel_staff" ("id", "hotel_id", "user_id", "role", "zone", "is_active", "cost_per_hour", "created_at", "updated_at", "department_id", "is_verified", "status") VALUES
	('719b6c07-1b1b-4c6b-8d22-1c73a003e16d', '139c6002-bdd7-4924-9db4-16f14e283d89', '062b7110-e8f7-46c1-88fa-dd4470aac7cd', 'staff', 'All Zones', true, 500.00, '2025-12-19 15:02:44.10414+00', '2025-12-19 15:02:44.10414+00', NULL, true, 'active'),
	('c4bb229c-6aea-4c7d-94a3-2043240cc3ec', '139c6002-bdd7-4924-9db4-16f14e283d89', '73904179-cca9-40ab-a2c4-e509dadbbbbb', 'supervisor', 'Floor 1-3', true, 150.00, '2025-12-19 15:03:51.089776+00', '2025-12-19 15:03:51.089776+00', 'c0b8d66d-31c5-4942-9e36-e8ceb1c3bc88', true, 'active'),
	('484351f0-bb78-4fec-a165-54680a9f0d45', '139c6002-bdd7-4924-9db4-16f14e283d89', 'd1e40c02-9978-46fd-875e-3989537af942', 'staff', 'Main Kitchen', true, 200.00, '2025-12-19 15:03:51.089776+00', '2025-12-19 15:03:51.089776+00', '3a8db737-3c0c-490c-b0bd-f64a3cfab6eb', false, 'invited'),
	('124efe20-a22b-4196-9bd4-f9e900a1ef0c', '139c6002-bdd7-4924-9db4-16f14e283d89', '9540608e-bfc6-4600-8430-c8f59ad423bf', 'staff', 'Building A', true, 180.00, '2025-12-19 15:03:51.089776+00', '2025-12-19 15:03:51.089776+00', 'c0b8d66d-31c5-4942-9e36-e8ceb1c3bc88', true, 'active');


--
-- Data for Name: housekeeping_events; Type: TABLE DATA; Schema: public; Owner: postgres
--

INSERT INTO "public"."housekeeping_events" ("id", "hotel_id", "room_id", "old_status", "new_status", "changed_by", "changed_at", "notes", "event_type", "details") VALUES
	('de3a5bc8-a227-4655-94ba-05d8792536b6', '139c6002-bdd7-4924-9db4-16f14e283d89', '1459cf9c-34a7-4980-ba42-2f84ecdad565', 'clean', 'dirty', '73904179-cca9-40ab-a2c4-e509dadbbbbb', '2026-02-28 11:05:33.047183+00', NULL, 'STATUS_CHANGE', '{}'),
	('abd6dac7-7460-463a-aa70-df1e91273cd0', '139c6002-bdd7-4924-9db4-16f14e283d89', '1459cf9c-34a7-4980-ba42-2f84ecdad565', 'dirty', 'in_progress', '73904179-cca9-40ab-a2c4-e509dadbbbbb', '2026-02-28 13:59:44.466188+00', NULL, 'STATUS_CHANGE', '{}'),
	('9c1dc181-bd7b-4069-83cb-6891c7666dd2', '139c6002-bdd7-4924-9db4-16f14e283d89', '1459cf9c-34a7-4980-ba42-2f84ecdad565', 'dirty', 'in_progress', '73904179-cca9-40ab-a2c4-e509dadbbbbb', '2026-02-28 13:59:44.466188+00', NULL, 'CLEANING_STARTED', '{"task_id": "06ce5611-2f22-4e56-a596-2855570723c4"}'),
	('0ee45210-f60b-485d-894d-a913e1618f97', '139c6002-bdd7-4924-9db4-16f14e283d89', '1459cf9c-34a7-4980-ba42-2f84ecdad565', 'in_progress', 'in_progress', '73904179-cca9-40ab-a2c4-e509dadbbbbb', '2026-02-28 14:53:24.963+00', NULL, 'BULK_TASK_ASSIGNED', '{"bulk": true, "task_id": "06ce5611-2f22-4e56-a596-2855570723c4", "staff_id": "18ced61e-1508-47f0-bb6d-a3e39e5fdb7d", "old_assignee": null}'),
	('e934aa5c-28e3-44ea-8a98-3b974d50b0a1', '139c6002-bdd7-4924-9db4-16f14e283d89', '9d13932d-1ba9-4858-ad0e-bb4d85497a71', 'clean', 'inspected', '73904179-cca9-40ab-a2c4-e509dadbbbbb', '2026-02-28 16:53:16.172723+00', NULL, 'STATUS_CHANGE', '{}'),
	('b9a66f76-5512-48b5-bf20-2ffaa4ed1132', '139c6002-bdd7-4924-9db4-16f14e283d89', '9d13932d-1ba9-4858-ad0e-bb4d85497a71', 'clean', 'inspected', '73904179-cca9-40ab-a2c4-e509dadbbbbb', '2026-02-28 16:53:16.172723+00', NULL, 'SUPERVISOR_OVERRIDE', '{"reason": "Inspected by supervisor", "override": true}'),
	('95ea2986-307b-481b-a1f6-560a9a42f39d', '139c6002-bdd7-4924-9db4-16f14e283d89', '9d13932d-1ba9-4858-ad0e-bb4d85497a71', 'inspected', 'dirty', '73904179-cca9-40ab-a2c4-e509dadbbbbb', '2026-02-28 17:13:19.506601+00', NULL, 'STATUS_CHANGE', '{}'),
	('713767e5-764a-4cdc-a70e-046dd822e145', '139c6002-bdd7-4924-9db4-16f14e283d89', '9d13932d-1ba9-4858-ad0e-bb4d85497a71', 'inspected', 'dirty', '73904179-cca9-40ab-a2c4-e509dadbbbbb', '2026-02-28 17:13:19.506601+00', NULL, 'SUPERVISOR_OVERRIDE', '{"reason": "Reopened by supervisor", "override": true}'),
	('f744d89e-2e5e-4698-87ff-3a26d6819b7a', '139c6002-bdd7-4924-9db4-16f14e283d89', '9d13932d-1ba9-4858-ad0e-bb4d85497a71', 'dirty', 'in_progress', '73904179-cca9-40ab-a2c4-e509dadbbbbb', '2026-02-28 17:13:29.9837+00', NULL, 'STATUS_CHANGE', '{}'),
	('5db62771-e680-44b7-bf85-81693bfc467c', '139c6002-bdd7-4924-9db4-16f14e283d89', '9d13932d-1ba9-4858-ad0e-bb4d85497a71', 'dirty', 'in_progress', '73904179-cca9-40ab-a2c4-e509dadbbbbb', '2026-02-28 17:13:29.9837+00', NULL, 'CLEANING_STARTED', '{"task_id": "026c3489-b216-4ae7-bb97-58526c3e84ea"}'),
	('77ed58b3-8c5c-48df-a74a-d6e5a963e182', '139c6002-bdd7-4924-9db4-16f14e283d89', '9d13932d-1ba9-4858-ad0e-bb4d85497a71', 'in_progress', 'clean', '73904179-cca9-40ab-a2c4-e509dadbbbbb', '2026-02-28 17:13:44.206911+00', NULL, 'STATUS_CHANGE', '{}'),
	('e751ef53-4280-484a-a62e-d34d338c034e', '139c6002-bdd7-4924-9db4-16f14e283d89', '9d13932d-1ba9-4858-ad0e-bb4d85497a71', 'in_progress', 'clean', '73904179-cca9-40ab-a2c4-e509dadbbbbb', '2026-02-28 17:13:44.206911+00', NULL, 'CLEANING_COMPLETED', '{"task_id": "026c3489-b216-4ae7-bb97-58526c3e84ea", "final_status": "clean"}'),
	('74f227cd-018b-4ec7-809d-60f39420156d', '139c6002-bdd7-4924-9db4-16f14e283d89', '1459cf9c-34a7-4980-ba42-2f84ecdad565', 'in_progress', 'inspected', '73904179-cca9-40ab-a2c4-e509dadbbbbb', '2026-02-28 17:13:52.003014+00', NULL, 'STATUS_CHANGE', '{}'),
	('7e9f3378-a3f8-4c6f-b51d-827ad8a2ff3d', '139c6002-bdd7-4924-9db4-16f14e283d89', '1459cf9c-34a7-4980-ba42-2f84ecdad565', 'in_progress', 'inspected', '73904179-cca9-40ab-a2c4-e509dadbbbbb', '2026-02-28 17:13:52.003014+00', NULL, 'CLEANING_COMPLETED', '{"task_id": "06ce5611-2f22-4e56-a596-2855570723c4", "final_status": "inspected"}'),
	('d845f19b-653c-46cc-9b07-684bd311fc89', '139c6002-bdd7-4924-9db4-16f14e283d89', '7e6a7c2d-3350-4e00-8485-12c44bb035f7', 'clean', 'inspected', '73904179-cca9-40ab-a2c4-e509dadbbbbb', '2026-02-28 17:14:06.981516+00', NULL, 'STATUS_CHANGE', '{}'),
	('ed75e058-8515-410c-89ef-3dbca94448e7', '139c6002-bdd7-4924-9db4-16f14e283d89', '7e6a7c2d-3350-4e00-8485-12c44bb035f7', 'clean', 'inspected', '73904179-cca9-40ab-a2c4-e509dadbbbbb', '2026-02-28 17:14:06.981516+00', NULL, 'SUPERVISOR_OVERRIDE', '{"reason": "Inspected by supervisor", "override": true}'),
	('be1b1023-35c4-4b12-88b1-cfdc721071b0', '139c6002-bdd7-4924-9db4-16f14e283d89', '9d13932d-1ba9-4858-ad0e-bb4d85497a71', 'clean', 'inspected', '73904179-cca9-40ab-a2c4-e509dadbbbbb', '2026-02-28 17:15:26.638424+00', NULL, 'STATUS_CHANGE', '{}'),
	('0565ecfc-47f3-45c9-a28c-9220d69f60f5', '139c6002-bdd7-4924-9db4-16f14e283d89', '9d13932d-1ba9-4858-ad0e-bb4d85497a71', 'clean', 'inspected', '73904179-cca9-40ab-a2c4-e509dadbbbbb', '2026-02-28 17:15:26.638424+00', NULL, 'SUPERVISOR_OVERRIDE', '{"reason": "Inspected by supervisor", "override": true}'),
	('ea2b825c-5f16-49b4-b7a9-a54f2218bd93', '139c6002-bdd7-4924-9db4-16f14e283d89', '4251ea81-1264-48a0-943a-5aa2cb7c276f', 'clean', 'inspected', '73904179-cca9-40ab-a2c4-e509dadbbbbb', '2026-03-11 14:03:25.839822+00', NULL, 'BULK_SUPERVISOR_OVERRIDE', '{"bulk": true, "reason": "Bulk inspected by supervisor", "override": true}'),
	('23c800c7-0080-4486-b8c2-8a030a4823cc', '139c6002-bdd7-4924-9db4-16f14e283d89', '52c8572a-13e7-4bb5-ac2f-34dd06dda2fb', 'clean', 'inspected', '73904179-cca9-40ab-a2c4-e509dadbbbbb', '2026-03-11 14:03:25.839822+00', NULL, 'BULK_SUPERVISOR_OVERRIDE', '{"bulk": true, "reason": "Bulk inspected by supervisor", "override": true}'),
	('4201bb5e-9350-410f-a0df-9674320fe7de', '139c6002-bdd7-4924-9db4-16f14e283d89', 'fbafee4a-f600-43dc-962a-1a17dba945e3', 'clean', 'inspected', '73904179-cca9-40ab-a2c4-e509dadbbbbb', '2026-03-11 14:03:25.839822+00', NULL, 'BULK_SUPERVISOR_OVERRIDE', '{"bulk": true, "reason": "Bulk inspected by supervisor", "override": true}'),
	('06da4335-e3c9-409d-8649-f797824a775c', '139c6002-bdd7-4924-9db4-16f14e283d89', '297eedfc-c02f-4fbd-9623-62a08bc91084', 'clean', 'inspected', '73904179-cca9-40ab-a2c4-e509dadbbbbb', '2026-03-11 14:03:25.839822+00', NULL, 'BULK_SUPERVISOR_OVERRIDE', '{"bulk": true, "reason": "Bulk inspected by supervisor", "override": true}'),
	('ee5e9c17-7a90-42f1-9d6c-857bdfaf2a39', '139c6002-bdd7-4924-9db4-16f14e283d89', '571dedf1-e9b2-45a1-adb5-b3056df266c6', 'clean', 'inspected', '73904179-cca9-40ab-a2c4-e509dadbbbbb', '2026-03-11 14:03:25.839822+00', NULL, 'BULK_SUPERVISOR_OVERRIDE', '{"bulk": true, "reason": "Bulk inspected by supervisor", "override": true}'),
	('4881f792-a09a-4025-af01-1e0b2b36c4ac', '139c6002-bdd7-4924-9db4-16f14e283d89', 'd04b4f5b-217e-4355-b9a7-736c6508168e', 'clean', 'inspected', '73904179-cca9-40ab-a2c4-e509dadbbbbb', '2026-03-11 14:03:25.839822+00', NULL, 'BULK_SUPERVISOR_OVERRIDE', '{"bulk": true, "reason": "Bulk inspected by supervisor", "override": true}'),
	('019812c1-ea4f-49e7-a0b6-972e74949460', '139c6002-bdd7-4924-9db4-16f14e283d89', '8eb0cbc1-a81e-4099-8add-e5a9fe38ffc0', 'clean', 'inspected', '73904179-cca9-40ab-a2c4-e509dadbbbbb', '2026-03-11 14:03:25.839822+00', NULL, 'BULK_SUPERVISOR_OVERRIDE', '{"bulk": true, "reason": "Bulk inspected by supervisor", "override": true}'),
	('523d7f5a-f28c-4107-b0f6-c75b528dc584', '139c6002-bdd7-4924-9db4-16f14e283d89', '4251ea81-1264-48a0-943a-5aa2cb7c276f', 'clean', 'inspected', '73904179-cca9-40ab-a2c4-e509dadbbbbb', '2026-03-11 14:03:25.839822+00', NULL, 'STATUS_CHANGE', '{}'),
	('7fc685b4-d17c-48cc-95ea-6af814b33c6c', '139c6002-bdd7-4924-9db4-16f14e283d89', '52c8572a-13e7-4bb5-ac2f-34dd06dda2fb', 'clean', 'inspected', '73904179-cca9-40ab-a2c4-e509dadbbbbb', '2026-03-11 14:03:25.839822+00', NULL, 'STATUS_CHANGE', '{}'),
	('54bcd992-836c-4cf4-bb2f-6b14b08f1256', '139c6002-bdd7-4924-9db4-16f14e283d89', 'fbafee4a-f600-43dc-962a-1a17dba945e3', 'clean', 'inspected', '73904179-cca9-40ab-a2c4-e509dadbbbbb', '2026-03-11 14:03:25.839822+00', NULL, 'STATUS_CHANGE', '{}'),
	('2dc69a93-3e69-4ce4-b1e3-d0a24201c9f4', '139c6002-bdd7-4924-9db4-16f14e283d89', '297eedfc-c02f-4fbd-9623-62a08bc91084', 'clean', 'inspected', '73904179-cca9-40ab-a2c4-e509dadbbbbb', '2026-03-11 14:03:25.839822+00', NULL, 'STATUS_CHANGE', '{}'),
	('31b4e7ec-50ba-4ef3-8804-40ac16bb0f59', '139c6002-bdd7-4924-9db4-16f14e283d89', '571dedf1-e9b2-45a1-adb5-b3056df266c6', 'clean', 'inspected', '73904179-cca9-40ab-a2c4-e509dadbbbbb', '2026-03-11 14:03:25.839822+00', NULL, 'STATUS_CHANGE', '{}'),
	('2f7df44d-6a12-445a-bf2e-c8c7a23b3be2', '139c6002-bdd7-4924-9db4-16f14e283d89', 'd04b4f5b-217e-4355-b9a7-736c6508168e', 'clean', 'inspected', '73904179-cca9-40ab-a2c4-e509dadbbbbb', '2026-03-11 14:03:25.839822+00', NULL, 'STATUS_CHANGE', '{}'),
	('498154a1-25d8-46da-95c2-f3dd4a2b4ac2', '139c6002-bdd7-4924-9db4-16f14e283d89', '8eb0cbc1-a81e-4099-8add-e5a9fe38ffc0', 'clean', 'inspected', '73904179-cca9-40ab-a2c4-e509dadbbbbb', '2026-03-11 14:03:25.839822+00', NULL, 'STATUS_CHANGE', '{}'),
	('d4bce9dd-c639-4499-a2a5-45b8028344e7', '139c6002-bdd7-4924-9db4-16f14e283d89', 'fbafee4a-f600-43dc-962a-1a17dba945e3', 'inspected', 'dirty', '73904179-cca9-40ab-a2c4-e509dadbbbbb', '2026-03-13 18:34:58.547912+00', NULL, 'STATUS_CHANGE', '{}'),
	('af72f37a-2c2b-414d-9193-5f1e172933f1', 'e10eca3b-3102-41fc-8006-c1b4b70e00e6', 'ae0664a2-9bd1-4d7c-aa8e-e9eb1aafaa34', 'clean', 'dirty', '64847cf8-136b-445d-b34b-fe6e18a6d020', '2026-04-03 11:47:17.037693+00', NULL, 'STATUS_CHANGE', '{}'),
	('ed39d196-8658-427c-ae47-485e2205329e', 'e10eca3b-3102-41fc-8006-c1b4b70e00e6', 'ae0664a2-9bd1-4d7c-aa8e-e9eb1aafaa34', 'dirty', 'in_progress', '64847cf8-136b-445d-b34b-fe6e18a6d020', '2026-04-03 11:50:38.654183+00', NULL, 'STATUS_CHANGE', '{}'),
	('0f2ace40-218c-4056-bbfd-2afbc75d7317', 'e10eca3b-3102-41fc-8006-c1b4b70e00e6', 'ae0664a2-9bd1-4d7c-aa8e-e9eb1aafaa34', 'dirty', 'in_progress', '64847cf8-136b-445d-b34b-fe6e18a6d020', '2026-04-03 11:50:38.654183+00', NULL, 'CLEANING_STARTED', '{"task_id": "5a36ae2d-e242-4c50-a9f3-ed0c398c7254"}'),
	('fa6f4325-6403-4377-9a65-a83b84204457', '139c6002-bdd7-4924-9db4-16f14e283d89', '1459cf9c-34a7-4980-ba42-2f84ecdad565', 'inspected', 'dirty', '73904179-cca9-40ab-a2c4-e509dadbbbbb', '2026-04-04 10:55:18.609425+00', NULL, 'STATUS_CHANGE', '{}'),
	('6e24ac35-5a6a-4777-b7d8-b1124bca9cd2', '139c6002-bdd7-4924-9db4-16f14e283d89', '4251ea81-1264-48a0-943a-5aa2cb7c276f', 'inspected', 'dirty', '73904179-cca9-40ab-a2c4-e509dadbbbbb', '2026-04-04 11:14:05.816809+00', NULL, 'STATUS_CHANGE', '{}'),
	('99e25e53-afbe-43ca-a91e-dadbcb9ea582', '139c6002-bdd7-4924-9db4-16f14e283d89', '8eb0cbc1-a81e-4099-8add-e5a9fe38ffc0', 'inspected', 'dirty', '73904179-cca9-40ab-a2c4-e509dadbbbbb', '2026-04-04 11:38:44.028339+00', NULL, 'STATUS_CHANGE', '{}'),
	('64ade469-743e-4a82-92c2-1397e597d1d3', '139c6002-bdd7-4924-9db4-16f14e283d89', '1459cf9c-34a7-4980-ba42-2f84ecdad565', 'in_progress', 'in_progress', '73904179-cca9-40ab-a2c4-e509dadbbbbb', '2026-04-04 11:55:40.856222+00', NULL, 'BULK_CLEANING_STARTED', '{"bulk": true, "task_id": "2bd4c7fd-e2eb-435b-af79-d043f293be40"}'),
	('47823e83-a230-4374-848d-ba798674cb24', '139c6002-bdd7-4924-9db4-16f14e283d89', 'fbafee4a-f600-43dc-962a-1a17dba945e3', 'in_progress', 'in_progress', '73904179-cca9-40ab-a2c4-e509dadbbbbb', '2026-04-04 11:55:40.856222+00', NULL, 'BULK_CLEANING_STARTED', '{"bulk": true, "task_id": "ac2c1a4c-bdf7-44af-9795-b28aef1571dd"}'),
	('07fa3e4f-811b-4ae0-ae03-6019e3e59691', '139c6002-bdd7-4924-9db4-16f14e283d89', '4251ea81-1264-48a0-943a-5aa2cb7c276f', 'in_progress', 'in_progress', '73904179-cca9-40ab-a2c4-e509dadbbbbb', '2026-04-04 11:55:40.856222+00', NULL, 'BULK_CLEANING_STARTED', '{"bulk": true, "task_id": "1197fb5f-3e97-4831-8009-b3588897d998"}'),
	('24998b68-81ab-4eb8-b7a5-3d884bdad822', '139c6002-bdd7-4924-9db4-16f14e283d89', '1459cf9c-34a7-4980-ba42-2f84ecdad565', 'dirty', 'in_progress', '73904179-cca9-40ab-a2c4-e509dadbbbbb', '2026-04-04 11:55:40.856222+00', NULL, 'STATUS_CHANGE', '{}'),
	('8e1114d0-1952-4621-b5af-55f6effc35bd', '139c6002-bdd7-4924-9db4-16f14e283d89', 'fbafee4a-f600-43dc-962a-1a17dba945e3', 'dirty', 'in_progress', '73904179-cca9-40ab-a2c4-e509dadbbbbb', '2026-04-04 11:55:40.856222+00', NULL, 'STATUS_CHANGE', '{}'),
	('936dce24-b97a-4845-8eda-ac338b8cbe7f', '139c6002-bdd7-4924-9db4-16f14e283d89', '4251ea81-1264-48a0-943a-5aa2cb7c276f', 'dirty', 'in_progress', '73904179-cca9-40ab-a2c4-e509dadbbbbb', '2026-04-04 11:55:40.856222+00', NULL, 'STATUS_CHANGE', '{}'),
	('b68f7cad-04f4-4cd7-9b6d-7f8535981767', '139c6002-bdd7-4924-9db4-16f14e283d89', '4251ea81-1264-48a0-943a-5aa2cb7c276f', 'clean', 'clean', '73904179-cca9-40ab-a2c4-e509dadbbbbb', '2026-04-04 11:55:51.767379+00', NULL, 'BULK_CLEANING_COMPLETED', '{"bulk": true, "task_id": "1197fb5f-3e97-4831-8009-b3588897d998"}'),
	('2eb91779-0dd7-4a40-8f60-ec5aadf084b9', '139c6002-bdd7-4924-9db4-16f14e283d89', '1459cf9c-34a7-4980-ba42-2f84ecdad565', 'clean', 'clean', '73904179-cca9-40ab-a2c4-e509dadbbbbb', '2026-04-04 11:55:51.767379+00', NULL, 'BULK_CLEANING_COMPLETED', '{"bulk": true, "task_id": "2bd4c7fd-e2eb-435b-af79-d043f293be40"}'),
	('1a0e6565-fed6-4837-87ee-60855d64e939', '139c6002-bdd7-4924-9db4-16f14e283d89', 'fbafee4a-f600-43dc-962a-1a17dba945e3', 'clean', 'clean', '73904179-cca9-40ab-a2c4-e509dadbbbbb', '2026-04-04 11:55:51.767379+00', NULL, 'BULK_CLEANING_COMPLETED', '{"bulk": true, "task_id": "ac2c1a4c-bdf7-44af-9795-b28aef1571dd"}'),
	('5efa4748-02f7-4ced-a1bf-df51332ee609', '139c6002-bdd7-4924-9db4-16f14e283d89', '4251ea81-1264-48a0-943a-5aa2cb7c276f', 'in_progress', 'clean', '73904179-cca9-40ab-a2c4-e509dadbbbbb', '2026-04-04 11:55:51.767379+00', NULL, 'STATUS_CHANGE', '{}'),
	('513cf0a5-ca3d-4133-b422-25a3f5b44697', '139c6002-bdd7-4924-9db4-16f14e283d89', '1459cf9c-34a7-4980-ba42-2f84ecdad565', 'in_progress', 'clean', '73904179-cca9-40ab-a2c4-e509dadbbbbb', '2026-04-04 11:55:51.767379+00', NULL, 'STATUS_CHANGE', '{}'),
	('77466709-79ad-4cd8-bcc4-f04aafbc08ec', '139c6002-bdd7-4924-9db4-16f14e283d89', 'fbafee4a-f600-43dc-962a-1a17dba945e3', 'in_progress', 'clean', '73904179-cca9-40ab-a2c4-e509dadbbbbb', '2026-04-04 11:55:51.767379+00', NULL, 'STATUS_CHANGE', '{}'),
	('06a78390-d47b-4184-8cd9-2d0887549a24', '139c6002-bdd7-4924-9db4-16f14e283d89', '1459cf9c-34a7-4980-ba42-2f84ecdad565', 'clean', 'inspected', '73904179-cca9-40ab-a2c4-e509dadbbbbb', '2026-04-04 11:56:32.805832+00', NULL, 'BULK_SUPERVISOR_OVERRIDE', '{"bulk": true, "reason": "Bulk inspected by supervisor", "override": true}'),
	('e8235e93-e391-4888-b623-d92f9a9d14bc', '139c6002-bdd7-4924-9db4-16f14e283d89', 'fbafee4a-f600-43dc-962a-1a17dba945e3', 'clean', 'inspected', '73904179-cca9-40ab-a2c4-e509dadbbbbb', '2026-04-04 11:56:32.805832+00', NULL, 'BULK_SUPERVISOR_OVERRIDE', '{"bulk": true, "reason": "Bulk inspected by supervisor", "override": true}'),
	('a929dc63-3b8e-433a-a8d6-8b8b421c8399', '139c6002-bdd7-4924-9db4-16f14e283d89', '4251ea81-1264-48a0-943a-5aa2cb7c276f', 'clean', 'inspected', '73904179-cca9-40ab-a2c4-e509dadbbbbb', '2026-04-04 11:56:32.805832+00', NULL, 'BULK_SUPERVISOR_OVERRIDE', '{"bulk": true, "reason": "Bulk inspected by supervisor", "override": true}'),
	('abcd5ee3-b2a2-4c2f-ae4c-fd6cb1821b5c', '139c6002-bdd7-4924-9db4-16f14e283d89', '1459cf9c-34a7-4980-ba42-2f84ecdad565', 'clean', 'inspected', '73904179-cca9-40ab-a2c4-e509dadbbbbb', '2026-04-04 11:56:32.805832+00', NULL, 'STATUS_CHANGE', '{}'),
	('e2725a0a-4290-47a0-9655-4e82ec636b99', '139c6002-bdd7-4924-9db4-16f14e283d89', 'fbafee4a-f600-43dc-962a-1a17dba945e3', 'clean', 'inspected', '73904179-cca9-40ab-a2c4-e509dadbbbbb', '2026-04-04 11:56:32.805832+00', NULL, 'STATUS_CHANGE', '{}'),
	('25355737-127c-4930-8058-dd385c86fa83', '139c6002-bdd7-4924-9db4-16f14e283d89', '4251ea81-1264-48a0-943a-5aa2cb7c276f', 'clean', 'inspected', '73904179-cca9-40ab-a2c4-e509dadbbbbb', '2026-04-04 11:56:32.805832+00', NULL, 'STATUS_CHANGE', '{}'),
	('ae0e8eb0-fda3-4d09-bcfc-9b3c8471dbf0', '139c6002-bdd7-4924-9db4-16f14e283d89', '8eb0cbc1-a81e-4099-8add-e5a9fe38ffc0', 'in_progress', 'in_progress', '73904179-cca9-40ab-a2c4-e509dadbbbbb', '2026-04-04 11:56:58.628489+00', NULL, 'BULK_CLEANING_STARTED', '{"bulk": true, "task_id": "2ee90c88-b2ca-4d19-b314-afbd33c40708"}'),
	('ae505367-956f-4b95-8fdc-513e759053f5', '139c6002-bdd7-4924-9db4-16f14e283d89', '8eb0cbc1-a81e-4099-8add-e5a9fe38ffc0', 'dirty', 'in_progress', '73904179-cca9-40ab-a2c4-e509dadbbbbb', '2026-04-04 11:56:58.628489+00', NULL, 'STATUS_CHANGE', '{}'),
	('468fded9-906c-4523-853d-a9c0a6b81d0d', '139c6002-bdd7-4924-9db4-16f14e283d89', '8eb0cbc1-a81e-4099-8add-e5a9fe38ffc0', 'clean', 'clean', '73904179-cca9-40ab-a2c4-e509dadbbbbb', '2026-04-04 11:57:01.715835+00', NULL, 'BULK_CLEANING_COMPLETED', '{"bulk": true, "task_id": "2ee90c88-b2ca-4d19-b314-afbd33c40708"}'),
	('9d18499e-e795-4932-ab8e-7930ad996177', '139c6002-bdd7-4924-9db4-16f14e283d89', '8eb0cbc1-a81e-4099-8add-e5a9fe38ffc0', 'in_progress', 'clean', '73904179-cca9-40ab-a2c4-e509dadbbbbb', '2026-04-04 11:57:01.715835+00', NULL, 'STATUS_CHANGE', '{}'),
	('500b96c4-fab4-4ddf-8406-78a23d5141de', '139c6002-bdd7-4924-9db4-16f14e283d89', '8eb0cbc1-a81e-4099-8add-e5a9fe38ffc0', 'clean', 'inspected', '73904179-cca9-40ab-a2c4-e509dadbbbbb', '2026-04-04 11:57:05.231748+00', NULL, 'BULK_SUPERVISOR_OVERRIDE', '{"bulk": true, "reason": "Bulk inspected by supervisor", "override": true}'),
	('61bb4559-6c93-46c7-884e-5d35a07ec158', '139c6002-bdd7-4924-9db4-16f14e283d89', '8eb0cbc1-a81e-4099-8add-e5a9fe38ffc0', 'clean', 'inspected', '73904179-cca9-40ab-a2c4-e509dadbbbbb', '2026-04-04 11:57:05.231748+00', NULL, 'STATUS_CHANGE', '{}'),
	('586e1244-eb1b-4148-8fb4-7054cf562bf4', '139c6002-bdd7-4924-9db4-16f14e283d89', '8eb0cbc1-a81e-4099-8add-e5a9fe38ffc0', 'inspected', 'dirty', '73904179-cca9-40ab-a2c4-e509dadbbbbb', '2026-04-04 16:54:23.428168+00', NULL, 'STATUS_CHANGE', '{}');


--
-- Data for Name: housekeeping_tasks; Type: TABLE DATA; Schema: public; Owner: postgres
--

INSERT INTO "public"."housekeeping_tasks" ("id", "room_id", "status", "estimated_completion_at", "assigned_to", "created_at", "hotel_id", "started_at", "completed_at", "eta", "priority_score") VALUES
	('026c3489-b216-4ae7-bb97-58526c3e84ea', '9d13932d-1ba9-4858-ad0e-bb4d85497a71', 'completed', NULL, NULL, '2026-02-28 17:13:29.9837+00', '139c6002-bdd7-4924-9db4-16f14e283d89', '2026-02-28 17:13:29.9837+00', '2026-02-28 17:13:44.206911+00', NULL, 0),
	('06ce5611-2f22-4e56-a596-2855570723c4', '1459cf9c-34a7-4980-ba42-2f84ecdad565', 'completed', NULL, '18ced61e-1508-47f0-bb6d-a3e39e5fdb7d', '2026-02-28 13:59:44.466188+00', '139c6002-bdd7-4924-9db4-16f14e283d89', '2026-02-28 13:59:44.466188+00', '2026-02-28 17:13:52.003014+00', NULL, 0),
	('5a36ae2d-e242-4c50-a9f3-ed0c398c7254', 'ae0664a2-9bd1-4d7c-aa8e-e9eb1aafaa34', 'in_progress', NULL, NULL, '2026-04-03 11:50:38.654183+00', 'e10eca3b-3102-41fc-8006-c1b4b70e00e6', '2026-04-03 11:50:38.654183+00', NULL, NULL, 0),
	('1197fb5f-3e97-4831-8009-b3588897d998', '4251ea81-1264-48a0-943a-5aa2cb7c276f', 'completed', NULL, NULL, '2026-04-04 11:55:40.856222+00', '139c6002-bdd7-4924-9db4-16f14e283d89', '2026-04-04 11:55:40.856222+00', '2026-04-04 11:55:51.767379+00', NULL, 0),
	('ac2c1a4c-bdf7-44af-9795-b28aef1571dd', 'fbafee4a-f600-43dc-962a-1a17dba945e3', 'completed', NULL, NULL, '2026-04-04 11:55:40.856222+00', '139c6002-bdd7-4924-9db4-16f14e283d89', '2026-04-04 11:55:40.856222+00', '2026-04-04 11:55:51.767379+00', NULL, 0),
	('2bd4c7fd-e2eb-435b-af79-d043f293be40', '1459cf9c-34a7-4980-ba42-2f84ecdad565', 'completed', NULL, NULL, '2026-04-04 11:55:40.856222+00', '139c6002-bdd7-4924-9db4-16f14e283d89', '2026-04-04 11:55:40.856222+00', '2026-04-04 11:55:51.767379+00', NULL, 0),
	('2ee90c88-b2ca-4d19-b314-afbd33c40708', '8eb0cbc1-a81e-4099-8add-e5a9fe38ffc0', 'completed', NULL, NULL, '2026-04-04 11:56:58.628489+00', '139c6002-bdd7-4924-9db4-16f14e283d89', '2026-04-04 11:56:58.628489+00', '2026-04-04 11:57:01.715835+00', NULL, 0);


--
-- Data for Name: identity_document_views; Type: TABLE DATA; Schema: public; Owner: postgres
--

INSERT INTO "public"."identity_document_views" ("id", "guest_id", "staff_user_id", "hotel_id", "document_side", "document_type", "booking_id", "ip_address", "viewed_at", "access_method") VALUES
	('7c518d64-b962-4ee7-829b-2f2cfc9de700', 'cb427b87-1251-4701-bc85-95a4b74c3e57', '73904179-cca9-40ab-a2c4-e509dadbbbbb', '139c6002-bdd7-4924-9db4-16f14e283d89', 'front', 'aadhaar', 'ce33ec92-6684-4100-992b-c12377fb928f', '106.214.9.22', '2026-03-06 16:04:45.455727+00', 'STAFF'),
	('2d383b1a-b16d-4ba2-b389-884285a3396d', 'cb427b87-1251-4701-bc85-95a4b74c3e57', '73904179-cca9-40ab-a2c4-e509dadbbbbb', '139c6002-bdd7-4924-9db4-16f14e283d89', 'front', 'aadhaar', 'ce33ec92-6684-4100-992b-c12377fb928f', '106.214.9.22', '2026-03-06 16:04:46.000323+00', 'STAFF'),
	('a4ccc87c-8575-4857-be77-987953e1df57', 'cb427b87-1251-4701-bc85-95a4b74c3e57', '73904179-cca9-40ab-a2c4-e509dadbbbbb', '139c6002-bdd7-4924-9db4-16f14e283d89', 'back', 'aadhaar', 'ce33ec92-6684-4100-992b-c12377fb928f', '106.214.9.22', '2026-03-06 16:04:46.409728+00', 'STAFF'),
	('115a5793-df22-4a1d-b351-3a8cd02dcc49', 'cb427b87-1251-4701-bc85-95a4b74c3e57', '73904179-cca9-40ab-a2c4-e509dadbbbbb', '139c6002-bdd7-4924-9db4-16f14e283d89', 'front', 'aadhaar', 'ce33ec92-6684-4100-992b-c12377fb928f', '106.214.9.22', '2026-03-06 16:10:54.323644+00', 'STAFF'),
	('97060c3b-39a2-4a7c-a3b1-f904d0e597e0', 'cb427b87-1251-4701-bc85-95a4b74c3e57', '73904179-cca9-40ab-a2c4-e509dadbbbbb', '139c6002-bdd7-4924-9db4-16f14e283d89', 'front', 'aadhaar', 'ce33ec92-6684-4100-992b-c12377fb928f', '106.214.9.22', '2026-03-06 16:10:54.369502+00', 'STAFF'),
	('e4ca77aa-6a71-4a03-91b3-8116a0822941', 'cb427b87-1251-4701-bc85-95a4b74c3e57', '73904179-cca9-40ab-a2c4-e509dadbbbbb', '139c6002-bdd7-4924-9db4-16f14e283d89', 'back', 'aadhaar', 'ce33ec92-6684-4100-992b-c12377fb928f', '106.214.9.22', '2026-03-06 16:10:55.581008+00', 'STAFF'),
	('a4c446fc-eb12-41d9-9188-af90918443db', 'cb427b87-1251-4701-bc85-95a4b74c3e57', '73904179-cca9-40ab-a2c4-e509dadbbbbb', '139c6002-bdd7-4924-9db4-16f14e283d89', 'back', 'aadhaar', 'ce33ec92-6684-4100-992b-c12377fb928f', '106.214.9.22', '2026-03-06 16:10:55.708746+00', 'STAFF'),
	('e559c594-f434-4829-9e56-5d7aae2364c0', 'cb427b87-1251-4701-bc85-95a4b74c3e57', '73904179-cca9-40ab-a2c4-e509dadbbbbb', '139c6002-bdd7-4924-9db4-16f14e283d89', 'front', 'aadhaar', 'ce33ec92-6684-4100-992b-c12377fb928f', '106.214.9.22', '2026-03-06 16:13:01.683384+00', 'STAFF'),
	('c491a253-2af3-4f7a-8e72-260a1ac2a860', 'cb427b87-1251-4701-bc85-95a4b74c3e57', '73904179-cca9-40ab-a2c4-e509dadbbbbb', '139c6002-bdd7-4924-9db4-16f14e283d89', 'front', 'aadhaar', 'ce33ec92-6684-4100-992b-c12377fb928f', '106.214.9.22', '2026-03-06 16:13:01.834029+00', 'STAFF'),
	('9914bf25-baea-484f-9380-fe3d38ee0e17', 'cb427b87-1251-4701-bc85-95a4b74c3e57', '73904179-cca9-40ab-a2c4-e509dadbbbbb', '139c6002-bdd7-4924-9db4-16f14e283d89', 'back', 'aadhaar', 'ce33ec92-6684-4100-992b-c12377fb928f', '106.214.9.22', '2026-03-06 16:13:02.7499+00', 'STAFF'),
	('e1e14874-586e-405b-ab0f-88c356b1710d', 'cb427b87-1251-4701-bc85-95a4b74c3e57', '73904179-cca9-40ab-a2c4-e509dadbbbbb', '139c6002-bdd7-4924-9db4-16f14e283d89', 'back', 'aadhaar', 'ce33ec92-6684-4100-992b-c12377fb928f', '106.214.9.22', '2026-03-06 16:13:02.880181+00', 'STAFF'),
	('1b642439-1a3f-402c-a988-5c0f32f3f3ef', 'cb427b87-1251-4701-bc85-95a4b74c3e57', '73904179-cca9-40ab-a2c4-e509dadbbbbb', '139c6002-bdd7-4924-9db4-16f14e283d89', 'front', 'aadhaar', 'ce33ec92-6684-4100-992b-c12377fb928f', '106.214.9.22', '2026-03-06 16:14:38.817191+00', 'STAFF'),
	('1efe4519-b110-49ef-8f95-afc34e069306', 'cb427b87-1251-4701-bc85-95a4b74c3e57', '73904179-cca9-40ab-a2c4-e509dadbbbbb', '139c6002-bdd7-4924-9db4-16f14e283d89', 'back', 'aadhaar', 'ce33ec92-6684-4100-992b-c12377fb928f', '106.214.9.22', '2026-03-06 16:14:39.942593+00', 'STAFF'),
	('f80f6b99-29f0-495f-8845-d914dbdf3489', 'cb427b87-1251-4701-bc85-95a4b74c3e57', '73904179-cca9-40ab-a2c4-e509dadbbbbb', '139c6002-bdd7-4924-9db4-16f14e283d89', 'front', 'aadhaar', '1e546f48-2d99-4474-abc8-fccbd9981c6a', '49.207.199.158', '2026-03-07 18:53:41.75413+00', 'STAFF'),
	('e0c4df7d-be44-4209-927e-6c9f59fc0e8c', 'cb427b87-1251-4701-bc85-95a4b74c3e57', '73904179-cca9-40ab-a2c4-e509dadbbbbb', '139c6002-bdd7-4924-9db4-16f14e283d89', 'front', 'aadhaar', '1e546f48-2d99-4474-abc8-fccbd9981c6a', '49.207.199.158', '2026-03-07 18:53:41.793078+00', 'STAFF'),
	('ee123bee-6717-4004-83a3-581683b29a77', 'cb427b87-1251-4701-bc85-95a4b74c3e57', '73904179-cca9-40ab-a2c4-e509dadbbbbb', '139c6002-bdd7-4924-9db4-16f14e283d89', 'front', 'aadhaar', '1e546f48-2d99-4474-abc8-fccbd9981c6a', '49.207.199.158', '2026-03-07 18:55:38.559486+00', 'STAFF'),
	('3031fe91-73e8-4cb7-a3c5-c5513fec71ea', 'cb427b87-1251-4701-bc85-95a4b74c3e57', '73904179-cca9-40ab-a2c4-e509dadbbbbb', '139c6002-bdd7-4924-9db4-16f14e283d89', 'front', 'aadhaar', '1e546f48-2d99-4474-abc8-fccbd9981c6a', '49.207.199.158', '2026-03-07 18:55:52.924265+00', 'STAFF'),
	('304e86a9-0b9d-46c7-a415-94751844020f', 'cb427b87-1251-4701-bc85-95a4b74c3e57', '73904179-cca9-40ab-a2c4-e509dadbbbbb', '139c6002-bdd7-4924-9db4-16f14e283d89', 'front', 'aadhaar', '1e546f48-2d99-4474-abc8-fccbd9981c6a', '49.207.199.158', '2026-03-07 19:36:54.925839+00', 'STAFF'),
	('7e4c5395-9b2b-4489-b588-deb84125d3d7', 'cb427b87-1251-4701-bc85-95a4b74c3e57', '73904179-cca9-40ab-a2c4-e509dadbbbbb', '139c6002-bdd7-4924-9db4-16f14e283d89', 'front', 'aadhaar', '1e546f48-2d99-4474-abc8-fccbd9981c6a', '49.207.199.158', '2026-03-07 19:36:55.040786+00', 'STAFF'),
	('e243a469-9e67-4823-adde-ad48d36ab014', 'cb427b87-1251-4701-bc85-95a4b74c3e57', '73904179-cca9-40ab-a2c4-e509dadbbbbb', '139c6002-bdd7-4924-9db4-16f14e283d89', 'front', 'aadhaar', '1e546f48-2d99-4474-abc8-fccbd9981c6a', '49.207.199.158', '2026-03-07 19:42:06.175067+00', 'STAFF'),
	('b034858f-13e1-41db-9896-5dc4ac2a3f2b', 'cb427b87-1251-4701-bc85-95a4b74c3e57', '73904179-cca9-40ab-a2c4-e509dadbbbbb', '139c6002-bdd7-4924-9db4-16f14e283d89', 'front', 'aadhaar', '1e546f48-2d99-4474-abc8-fccbd9981c6a', '49.207.199.158', '2026-03-07 19:42:06.68253+00', 'STAFF'),
	('08be387f-1cb9-4627-af3b-cab1add14982', 'cb427b87-1251-4701-bc85-95a4b74c3e57', '73904179-cca9-40ab-a2c4-e509dadbbbbb', '139c6002-bdd7-4924-9db4-16f14e283d89', 'front', 'aadhaar', '1e546f48-2d99-4474-abc8-fccbd9981c6a', '49.207.199.158', '2026-03-07 19:44:48.537708+00', 'STAFF'),
	('6c7548eb-5adf-47e4-877e-6405c2fbbc13', 'cb427b87-1251-4701-bc85-95a4b74c3e57', '73904179-cca9-40ab-a2c4-e509dadbbbbb', '139c6002-bdd7-4924-9db4-16f14e283d89', 'front', 'aadhaar', '1e546f48-2d99-4474-abc8-fccbd9981c6a', '49.207.199.158', '2026-03-07 19:44:48.546053+00', 'STAFF'),
	('78335ab3-9a06-4ed0-8aec-3a3d456fa892', 'cb427b87-1251-4701-bc85-95a4b74c3e57', '73904179-cca9-40ab-a2c4-e509dadbbbbb', '139c6002-bdd7-4924-9db4-16f14e283d89', 'front', 'aadhaar', '1e546f48-2d99-4474-abc8-fccbd9981c6a', '49.207.199.158', '2026-03-07 19:45:11.81444+00', 'STAFF'),
	('79f9c832-27eb-44a8-9086-a001e2778f7b', 'cb427b87-1251-4701-bc85-95a4b74c3e57', '73904179-cca9-40ab-a2c4-e509dadbbbbb', '139c6002-bdd7-4924-9db4-16f14e283d89', 'front', 'aadhaar', '1e546f48-2d99-4474-abc8-fccbd9981c6a', '49.207.199.158', '2026-03-07 19:45:11.897514+00', 'STAFF'),
	('f29134ce-dc9a-4151-bb8e-cf391d29d777', 'cb427b87-1251-4701-bc85-95a4b74c3e57', '73904179-cca9-40ab-a2c4-e509dadbbbbb', '139c6002-bdd7-4924-9db4-16f14e283d89', 'front', 'aadhaar', '1e546f48-2d99-4474-abc8-fccbd9981c6a', '49.207.199.158', '2026-03-07 19:45:48.915568+00', 'STAFF'),
	('221e70c0-0c1c-47a4-a25f-5ada7848c88a', 'cb427b87-1251-4701-bc85-95a4b74c3e57', '73904179-cca9-40ab-a2c4-e509dadbbbbb', '139c6002-bdd7-4924-9db4-16f14e283d89', 'front', 'aadhaar', '1e546f48-2d99-4474-abc8-fccbd9981c6a', '49.207.199.158', '2026-03-07 19:45:48.927114+00', 'STAFF'),
	('2eb9da48-907e-4ac3-8d50-de0e7bee9b6a', 'cb427b87-1251-4701-bc85-95a4b74c3e57', '73904179-cca9-40ab-a2c4-e509dadbbbbb', '139c6002-bdd7-4924-9db4-16f14e283d89', 'front', 'aadhaar', '1e546f48-2d99-4474-abc8-fccbd9981c6a', '49.207.199.158', '2026-03-07 20:05:34.196711+00', 'STAFF'),
	('cb383142-a4d7-49dd-b2cf-76d2d4ffc953', 'cb427b87-1251-4701-bc85-95a4b74c3e57', '73904179-cca9-40ab-a2c4-e509dadbbbbb', '139c6002-bdd7-4924-9db4-16f14e283d89', 'front', 'aadhaar', '1e546f48-2d99-4474-abc8-fccbd9981c6a', '49.207.199.158', '2026-03-07 20:05:44.597758+00', 'STAFF'),
	('bacab4f5-207c-4054-8d38-a1f6bab452ae', 'cb427b87-1251-4701-bc85-95a4b74c3e57', NULL, '139c6002-bdd7-4924-9db4-16f14e283d89', 'front', 'aadhaar', 'c48b9709-c15c-4002-bef1-664549f2378f', '49.207.199.158', '2026-03-07 21:00:39.837476+00', 'PRECHECKIN_TOKEN'),
	('b1cafbb6-473b-45f0-91df-8fe246b11054', 'cb427b87-1251-4701-bc85-95a4b74c3e57', NULL, '139c6002-bdd7-4924-9db4-16f14e283d89', 'front', 'aadhaar', 'c48b9709-c15c-4002-bef1-664549f2378f', '49.207.199.158', '2026-03-07 21:00:39.84605+00', 'PRECHECKIN_TOKEN'),
	('ce76c82f-99ae-43eb-bf81-44e5b653418b', 'cb427b87-1251-4701-bc85-95a4b74c3e57', '73904179-cca9-40ab-a2c4-e509dadbbbbb', '139c6002-bdd7-4924-9db4-16f14e283d89', 'front', 'aadhaar', '1e546f48-2d99-4474-abc8-fccbd9981c6a', '49.207.199.158', '2026-03-07 21:11:53.485523+00', 'STAFF'),
	('4c8c63ae-80f0-4a25-952a-caf05a6d0fbb', 'cb427b87-1251-4701-bc85-95a4b74c3e57', '73904179-cca9-40ab-a2c4-e509dadbbbbb', '139c6002-bdd7-4924-9db4-16f14e283d89', 'front', 'aadhaar', '1e546f48-2d99-4474-abc8-fccbd9981c6a', '49.207.199.158', '2026-03-07 21:11:53.92901+00', 'STAFF'),
	('ba24abed-f101-4333-8694-db53d393ba47', 'cb427b87-1251-4701-bc85-95a4b74c3e57', '73904179-cca9-40ab-a2c4-e509dadbbbbb', '139c6002-bdd7-4924-9db4-16f14e283d89', 'front', 'aadhaar', '1e546f48-2d99-4474-abc8-fccbd9981c6a', '49.207.199.158', '2026-03-08 09:10:56.647605+00', 'STAFF'),
	('d00ac21b-e635-4e75-8ee5-349dd92643a4', 'cb427b87-1251-4701-bc85-95a4b74c3e57', '73904179-cca9-40ab-a2c4-e509dadbbbbb', '139c6002-bdd7-4924-9db4-16f14e283d89', 'front', 'aadhaar', '1e546f48-2d99-4474-abc8-fccbd9981c6a', '49.207.199.158', '2026-03-08 09:10:56.679835+00', 'STAFF'),
	('020481cd-8837-4da8-af64-afab739cf110', 'cb427b87-1251-4701-bc85-95a4b74c3e57', '73904179-cca9-40ab-a2c4-e509dadbbbbb', '139c6002-bdd7-4924-9db4-16f14e283d89', 'front', 'aadhaar', '1e546f48-2d99-4474-abc8-fccbd9981c6a', '49.207.199.158', '2026-03-08 18:34:48.251514+00', 'STAFF'),
	('09567f9d-4cee-480a-b347-23b943b087e0', 'cb427b87-1251-4701-bc85-95a4b74c3e57', '73904179-cca9-40ab-a2c4-e509dadbbbbb', '139c6002-bdd7-4924-9db4-16f14e283d89', 'front', 'aadhaar', '1e546f48-2d99-4474-abc8-fccbd9981c6a', '49.207.199.158', '2026-03-08 18:34:48.256217+00', 'STAFF'),
	('91808e8e-59ff-4f83-8870-0b42e990ff3b', 'cb427b87-1251-4701-bc85-95a4b74c3e57', '73904179-cca9-40ab-a2c4-e509dadbbbbb', '139c6002-bdd7-4924-9db4-16f14e283d89', 'front', 'aadhaar', '1e546f48-2d99-4474-abc8-fccbd9981c6a', '49.207.199.158', '2026-03-08 19:43:47.350744+00', 'STAFF'),
	('23fe57d5-2307-4190-9af5-26e654ce07a3', 'cb427b87-1251-4701-bc85-95a4b74c3e57', '73904179-cca9-40ab-a2c4-e509dadbbbbb', '139c6002-bdd7-4924-9db4-16f14e283d89', 'front', 'aadhaar', '1e546f48-2d99-4474-abc8-fccbd9981c6a', '49.207.199.158', '2026-03-08 19:43:47.783167+00', 'STAFF'),
	('d4db9ddf-9160-4614-a721-514c72e334bd', 'cb427b87-1251-4701-bc85-95a4b74c3e57', '73904179-cca9-40ab-a2c4-e509dadbbbbb', '139c6002-bdd7-4924-9db4-16f14e283d89', 'front', 'aadhaar', '1e546f48-2d99-4474-abc8-fccbd9981c6a', '49.207.199.158', '2026-03-08 20:46:38.429156+00', 'STAFF'),
	('073631e7-437a-4720-a214-d5dafbc8a409', 'cb427b87-1251-4701-bc85-95a4b74c3e57', '73904179-cca9-40ab-a2c4-e509dadbbbbb', '139c6002-bdd7-4924-9db4-16f14e283d89', 'front', 'aadhaar', '1e546f48-2d99-4474-abc8-fccbd9981c6a', '49.207.199.158', '2026-03-08 20:46:39.192486+00', 'STAFF'),
	('b8516afd-3374-46b8-a0a5-301b2ad10115', 'cb427b87-1251-4701-bc85-95a4b74c3e57', '73904179-cca9-40ab-a2c4-e509dadbbbbb', '139c6002-bdd7-4924-9db4-16f14e283d89', 'front', 'aadhaar', '1e546f48-2d99-4474-abc8-fccbd9981c6a', '49.207.199.158', '2026-03-08 21:11:10.859813+00', 'STAFF'),
	('5b9e5068-ed05-4a1b-8c44-837a54fb6f10', 'cb427b87-1251-4701-bc85-95a4b74c3e57', '73904179-cca9-40ab-a2c4-e509dadbbbbb', '139c6002-bdd7-4924-9db4-16f14e283d89', 'front', 'aadhaar', '1e546f48-2d99-4474-abc8-fccbd9981c6a', '49.207.199.158', '2026-03-08 21:11:10.959983+00', 'STAFF'),
	('d7b7a719-5632-46cd-b255-3abe97d85f34', 'cb427b87-1251-4701-bc85-95a4b74c3e57', '73904179-cca9-40ab-a2c4-e509dadbbbbb', '139c6002-bdd7-4924-9db4-16f14e283d89', 'front', 'aadhaar', '1e546f48-2d99-4474-abc8-fccbd9981c6a', '49.207.199.158', '2026-03-08 21:12:50.335256+00', 'STAFF'),
	('4bfaa496-4e68-4b0b-b9b5-5e27771b8caf', 'cb427b87-1251-4701-bc85-95a4b74c3e57', '73904179-cca9-40ab-a2c4-e509dadbbbbb', '139c6002-bdd7-4924-9db4-16f14e283d89', 'front', 'aadhaar', '1e546f48-2d99-4474-abc8-fccbd9981c6a', '49.207.199.158', '2026-03-08 21:12:50.346291+00', 'STAFF'),
	('b30595fe-6669-4eab-b9e6-f3e70d6f0a53', 'cb427b87-1251-4701-bc85-95a4b74c3e57', '73904179-cca9-40ab-a2c4-e509dadbbbbb', '139c6002-bdd7-4924-9db4-16f14e283d89', 'front', 'aadhaar', '1e546f48-2d99-4474-abc8-fccbd9981c6a', '49.207.199.158', '2026-03-08 21:17:28.262952+00', 'STAFF'),
	('70bf1087-492a-4e63-820b-132ab47c9360', 'cb427b87-1251-4701-bc85-95a4b74c3e57', '73904179-cca9-40ab-a2c4-e509dadbbbbb', '139c6002-bdd7-4924-9db4-16f14e283d89', 'front', 'aadhaar', '1e546f48-2d99-4474-abc8-fccbd9981c6a', '49.207.199.158', '2026-03-08 21:17:28.2974+00', 'STAFF'),
	('f18c1eec-ffee-441b-bd19-1e7ef2923c5c', 'cb427b87-1251-4701-bc85-95a4b74c3e57', '73904179-cca9-40ab-a2c4-e509dadbbbbb', '139c6002-bdd7-4924-9db4-16f14e283d89', 'front', 'aadhaar', '1e546f48-2d99-4474-abc8-fccbd9981c6a', '49.207.199.158', '2026-03-08 21:17:49.742689+00', 'STAFF'),
	('8b69c836-b194-4eb5-a328-9c4ea346a092', 'cb427b87-1251-4701-bc85-95a4b74c3e57', '73904179-cca9-40ab-a2c4-e509dadbbbbb', '139c6002-bdd7-4924-9db4-16f14e283d89', 'front', 'aadhaar', '1e546f48-2d99-4474-abc8-fccbd9981c6a', '49.207.199.158', '2026-03-08 21:17:49.988862+00', 'STAFF'),
	('830b693f-c330-4c27-befc-55f5a4db023f', 'cb427b87-1251-4701-bc85-95a4b74c3e57', '73904179-cca9-40ab-a2c4-e509dadbbbbb', '139c6002-bdd7-4924-9db4-16f14e283d89', 'front', 'aadhaar', '1e546f48-2d99-4474-abc8-fccbd9981c6a', '49.207.199.158', '2026-03-08 21:18:24.091562+00', 'STAFF'),
	('d1faae3a-1e01-42a9-b012-26245332e714', 'cb427b87-1251-4701-bc85-95a4b74c3e57', '73904179-cca9-40ab-a2c4-e509dadbbbbb', '139c6002-bdd7-4924-9db4-16f14e283d89', 'front', 'aadhaar', '1e546f48-2d99-4474-abc8-fccbd9981c6a', '49.207.199.158', '2026-03-08 21:18:24.618595+00', 'STAFF'),
	('b2345bac-ddd0-4f7c-a9db-3181f3017498', 'cb427b87-1251-4701-bc85-95a4b74c3e57', '73904179-cca9-40ab-a2c4-e509dadbbbbb', '139c6002-bdd7-4924-9db4-16f14e283d89', 'front', 'aadhaar', '1e546f48-2d99-4474-abc8-fccbd9981c6a', '49.207.199.158', '2026-03-08 21:18:46.775812+00', 'STAFF'),
	('a907fa0a-b77c-493e-b1dd-0cfc4053ece3', 'cb427b87-1251-4701-bc85-95a4b74c3e57', '73904179-cca9-40ab-a2c4-e509dadbbbbb', '139c6002-bdd7-4924-9db4-16f14e283d89', 'front', 'aadhaar', '1e546f48-2d99-4474-abc8-fccbd9981c6a', '49.207.199.158', '2026-03-08 21:18:47.095884+00', 'STAFF'),
	('d7c7e555-8b03-43ba-87e5-81de0fccd153', 'cb427b87-1251-4701-bc85-95a4b74c3e57', '73904179-cca9-40ab-a2c4-e509dadbbbbb', '139c6002-bdd7-4924-9db4-16f14e283d89', 'front', 'aadhaar', '1e546f48-2d99-4474-abc8-fccbd9981c6a', '49.207.199.158', '2026-03-08 21:20:20.631477+00', 'STAFF'),
	('2bd708cd-c2f2-4ace-a92f-cf78772f25fb', 'cb427b87-1251-4701-bc85-95a4b74c3e57', '73904179-cca9-40ab-a2c4-e509dadbbbbb', '139c6002-bdd7-4924-9db4-16f14e283d89', 'front', 'aadhaar', '1e546f48-2d99-4474-abc8-fccbd9981c6a', '49.207.199.158', '2026-03-08 21:20:20.692217+00', 'STAFF'),
	('869954c6-0df8-4600-a098-1d98c1d7e5e7', 'cb427b87-1251-4701-bc85-95a4b74c3e57', '73904179-cca9-40ab-a2c4-e509dadbbbbb', '139c6002-bdd7-4924-9db4-16f14e283d89', 'front', 'aadhaar', '1e546f48-2d99-4474-abc8-fccbd9981c6a', '49.207.199.158', '2026-03-08 21:20:42.432632+00', 'STAFF'),
	('f8913c31-1a9e-4bf4-b257-91efc746ad42', 'cb427b87-1251-4701-bc85-95a4b74c3e57', '73904179-cca9-40ab-a2c4-e509dadbbbbb', '139c6002-bdd7-4924-9db4-16f14e283d89', 'front', 'aadhaar', '1e546f48-2d99-4474-abc8-fccbd9981c6a', '49.207.199.158', '2026-03-08 21:20:42.500062+00', 'STAFF'),
	('8a06a334-2ecc-493d-9d7c-ab18f49ac932', 'cb427b87-1251-4701-bc85-95a4b74c3e57', '73904179-cca9-40ab-a2c4-e509dadbbbbb', '139c6002-bdd7-4924-9db4-16f14e283d89', 'front', 'aadhaar', '1e546f48-2d99-4474-abc8-fccbd9981c6a', '49.207.199.158', '2026-03-09 05:39:10.658512+00', 'STAFF'),
	('93792365-b59f-4e17-b4c5-2c9e3a8a985b', 'cb427b87-1251-4701-bc85-95a4b74c3e57', '73904179-cca9-40ab-a2c4-e509dadbbbbb', '139c6002-bdd7-4924-9db4-16f14e283d89', 'front', 'aadhaar', '1e546f48-2d99-4474-abc8-fccbd9981c6a', '49.207.199.158', '2026-03-09 05:39:10.658512+00', 'STAFF'),
	('e0c53a32-8174-4d85-b5d8-6a78f082802e', 'cb427b87-1251-4701-bc85-95a4b74c3e57', '73904179-cca9-40ab-a2c4-e509dadbbbbb', '139c6002-bdd7-4924-9db4-16f14e283d89', 'front', 'aadhaar', '1e546f48-2d99-4474-abc8-fccbd9981c6a', '49.207.199.158', '2026-03-13 18:19:33.215799+00', 'STAFF'),
	('430ea679-6cfd-426b-aa16-2106a9d5553d', 'cb427b87-1251-4701-bc85-95a4b74c3e57', '73904179-cca9-40ab-a2c4-e509dadbbbbb', '139c6002-bdd7-4924-9db4-16f14e283d89', 'front', 'aadhaar', '1e546f48-2d99-4474-abc8-fccbd9981c6a', '49.207.199.158', '2026-03-13 18:19:33.693223+00', 'STAFF'),
	('cbcadfbb-9c09-421f-af8f-b6febc5e5ef1', 'cb427b87-1251-4701-bc85-95a4b74c3e57', '73904179-cca9-40ab-a2c4-e509dadbbbbb', '139c6002-bdd7-4924-9db4-16f14e283d89', 'front', 'aadhaar', '1e546f48-2d99-4474-abc8-fccbd9981c6a', '49.207.199.158', '2026-03-14 08:41:11.750347+00', 'STAFF'),
	('423dbdb5-ce0d-4042-b045-d3a77c089e51', 'cb427b87-1251-4701-bc85-95a4b74c3e57', '73904179-cca9-40ab-a2c4-e509dadbbbbb', '139c6002-bdd7-4924-9db4-16f14e283d89', 'front', 'aadhaar', '1e546f48-2d99-4474-abc8-fccbd9981c6a', '49.207.199.158', '2026-03-14 08:41:11.7555+00', 'STAFF'),
	('0caec412-325f-49ca-8bcf-dfab7f045307', 'cb427b87-1251-4701-bc85-95a4b74c3e57', '73904179-cca9-40ab-a2c4-e509dadbbbbb', '139c6002-bdd7-4924-9db4-16f14e283d89', 'front', 'aadhaar', '1e546f48-2d99-4474-abc8-fccbd9981c6a', '49.207.199.158', '2026-03-14 08:43:55.493312+00', 'STAFF'),
	('9be87c57-40b7-41bf-8e11-9739cb4e35b6', 'cb427b87-1251-4701-bc85-95a4b74c3e57', '73904179-cca9-40ab-a2c4-e509dadbbbbb', '139c6002-bdd7-4924-9db4-16f14e283d89', 'front', 'aadhaar', '1e546f48-2d99-4474-abc8-fccbd9981c6a', '49.207.199.158', '2026-03-14 08:43:55.808156+00', 'STAFF'),
	('2a388210-b79e-4efe-80b6-7cb710b31d7a', 'cb427b87-1251-4701-bc85-95a4b74c3e57', '73904179-cca9-40ab-a2c4-e509dadbbbbb', '139c6002-bdd7-4924-9db4-16f14e283d89', 'front', 'aadhaar', '1e546f48-2d99-4474-abc8-fccbd9981c6a', '49.207.199.158', '2026-03-14 08:49:17.536265+00', 'STAFF'),
	('c6ee4311-f17e-4840-a2df-d82b4e758169', 'cb427b87-1251-4701-bc85-95a4b74c3e57', '73904179-cca9-40ab-a2c4-e509dadbbbbb', '139c6002-bdd7-4924-9db4-16f14e283d89', 'front', 'aadhaar', '1e546f48-2d99-4474-abc8-fccbd9981c6a', '49.207.199.158', '2026-03-14 08:49:17.545443+00', 'STAFF'),
	('61e9194e-cde2-4aef-b0f5-f1bdcd5a56fc', 'cb427b87-1251-4701-bc85-95a4b74c3e57', '73904179-cca9-40ab-a2c4-e509dadbbbbb', '139c6002-bdd7-4924-9db4-16f14e283d89', 'front', 'aadhaar', '1e546f48-2d99-4474-abc8-fccbd9981c6a', '49.207.199.158', '2026-03-14 08:55:23.24018+00', 'STAFF'),
	('1c0de539-0296-4782-9908-41a177575205', 'cb427b87-1251-4701-bc85-95a4b74c3e57', '73904179-cca9-40ab-a2c4-e509dadbbbbb', '139c6002-bdd7-4924-9db4-16f14e283d89', 'front', 'aadhaar', '1e546f48-2d99-4474-abc8-fccbd9981c6a', '49.207.199.158', '2026-03-14 08:55:23.365456+00', 'STAFF'),
	('f0ee5205-8659-46d7-8593-3a2c24401f9f', 'cb427b87-1251-4701-bc85-95a4b74c3e57', '73904179-cca9-40ab-a2c4-e509dadbbbbb', '139c6002-bdd7-4924-9db4-16f14e283d89', 'front', 'aadhaar', '1e546f48-2d99-4474-abc8-fccbd9981c6a', '49.207.199.158', '2026-03-14 08:57:22.113819+00', 'STAFF'),
	('fcc2a459-ddcb-432b-af27-2d3edc3fcd04', 'cb427b87-1251-4701-bc85-95a4b74c3e57', '73904179-cca9-40ab-a2c4-e509dadbbbbb', '139c6002-bdd7-4924-9db4-16f14e283d89', 'front', 'aadhaar', '1e546f48-2d99-4474-abc8-fccbd9981c6a', '49.207.199.158', '2026-03-14 08:57:22.174058+00', 'STAFF'),
	('03963450-50be-4cf5-b2c9-26efb3e5209e', 'cb427b87-1251-4701-bc85-95a4b74c3e57', '73904179-cca9-40ab-a2c4-e509dadbbbbb', '139c6002-bdd7-4924-9db4-16f14e283d89', 'front', 'aadhaar', '1e546f48-2d99-4474-abc8-fccbd9981c6a', '49.207.199.158', '2026-03-14 09:04:03.97696+00', 'STAFF'),
	('b4298312-7326-464a-975c-a6b27eea8fc7', 'cb427b87-1251-4701-bc85-95a4b74c3e57', '73904179-cca9-40ab-a2c4-e509dadbbbbb', '139c6002-bdd7-4924-9db4-16f14e283d89', 'front', 'aadhaar', '1e546f48-2d99-4474-abc8-fccbd9981c6a', '49.207.199.158', '2026-03-14 09:04:03.977203+00', 'STAFF'),
	('4915c9a5-0a0a-4d28-81cf-3d06001123c6', 'cb427b87-1251-4701-bc85-95a4b74c3e57', '73904179-cca9-40ab-a2c4-e509dadbbbbb', '139c6002-bdd7-4924-9db4-16f14e283d89', 'front', 'aadhaar', '1e546f48-2d99-4474-abc8-fccbd9981c6a', '49.207.199.158', '2026-03-14 09:07:30.140511+00', 'STAFF'),
	('97f102b9-eed3-4654-ae12-1249b29a814d', 'cb427b87-1251-4701-bc85-95a4b74c3e57', '73904179-cca9-40ab-a2c4-e509dadbbbbb', '139c6002-bdd7-4924-9db4-16f14e283d89', 'front', 'aadhaar', '1e546f48-2d99-4474-abc8-fccbd9981c6a', '49.207.199.158', '2026-03-14 09:11:40.109611+00', 'STAFF'),
	('a2a534bb-06e7-46ae-80e4-5a94a143d11f', 'cb427b87-1251-4701-bc85-95a4b74c3e57', '73904179-cca9-40ab-a2c4-e509dadbbbbb', '139c6002-bdd7-4924-9db4-16f14e283d89', 'front', 'aadhaar', '1e546f48-2d99-4474-abc8-fccbd9981c6a', '49.207.199.158', '2026-03-14 09:11:40.337515+00', 'STAFF'),
	('39670946-a20d-4114-a43c-9ee54a63aa35', 'cb427b87-1251-4701-bc85-95a4b74c3e57', '73904179-cca9-40ab-a2c4-e509dadbbbbb', '139c6002-bdd7-4924-9db4-16f14e283d89', 'front', 'aadhaar', '1e546f48-2d99-4474-abc8-fccbd9981c6a', '49.207.199.158', '2026-03-14 09:20:57.941117+00', 'STAFF'),
	('c6c599d0-7595-4ffd-9337-48d6f1e46816', 'cb427b87-1251-4701-bc85-95a4b74c3e57', '73904179-cca9-40ab-a2c4-e509dadbbbbb', '139c6002-bdd7-4924-9db4-16f14e283d89', 'front', 'aadhaar', '1e546f48-2d99-4474-abc8-fccbd9981c6a', '49.207.199.158', '2026-03-14 09:20:59.096004+00', 'STAFF'),
	('6cd4b78b-0bb9-4297-9041-0ed59f5a73c2', 'cb427b87-1251-4701-bc85-95a4b74c3e57', '73904179-cca9-40ab-a2c4-e509dadbbbbb', '139c6002-bdd7-4924-9db4-16f14e283d89', 'front', 'aadhaar', '1e546f48-2d99-4474-abc8-fccbd9981c6a', '49.207.199.158', '2026-03-14 09:44:16.385205+00', 'STAFF'),
	('3bd81cb9-7736-4555-bb76-b1b6fd609486', 'cb427b87-1251-4701-bc85-95a4b74c3e57', '73904179-cca9-40ab-a2c4-e509dadbbbbb', '139c6002-bdd7-4924-9db4-16f14e283d89', 'front', 'aadhaar', '1e546f48-2d99-4474-abc8-fccbd9981c6a', '49.207.199.158', '2026-03-14 09:44:16.39976+00', 'STAFF'),
	('76194396-a6ad-4db9-85c5-2308460bee6b', 'cb427b87-1251-4701-bc85-95a4b74c3e57', '73904179-cca9-40ab-a2c4-e509dadbbbbb', '139c6002-bdd7-4924-9db4-16f14e283d89', 'front', 'aadhaar', '1e546f48-2d99-4474-abc8-fccbd9981c6a', '49.207.199.158', '2026-03-14 09:48:17.78079+00', 'STAFF'),
	('88e71707-2979-4edd-a195-a256f9273e89', 'cb427b87-1251-4701-bc85-95a4b74c3e57', '73904179-cca9-40ab-a2c4-e509dadbbbbb', '139c6002-bdd7-4924-9db4-16f14e283d89', 'front', 'aadhaar', '1e546f48-2d99-4474-abc8-fccbd9981c6a', '49.207.199.158', '2026-03-14 09:49:14.8562+00', 'STAFF'),
	('404f5aac-354c-4aa5-b869-6dca35a035d5', 'cb427b87-1251-4701-bc85-95a4b74c3e57', '73904179-cca9-40ab-a2c4-e509dadbbbbb', '139c6002-bdd7-4924-9db4-16f14e283d89', 'front', 'aadhaar', '1e546f48-2d99-4474-abc8-fccbd9981c6a', '49.207.199.158', '2026-03-14 09:49:14.859651+00', 'STAFF'),
	('dc60dadd-93d3-4ed1-af14-1d6e91dadb47', 'cb427b87-1251-4701-bc85-95a4b74c3e57', '73904179-cca9-40ab-a2c4-e509dadbbbbb', '139c6002-bdd7-4924-9db4-16f14e283d89', 'front', 'aadhaar', 'ce33ec92-6684-4100-992b-c12377fb928f', '49.207.199.158', '2026-03-15 12:32:42.577136+00', 'STAFF'),
	('b11299ed-a047-4938-9aea-25fc4b8e64c7', 'cb427b87-1251-4701-bc85-95a4b74c3e57', '73904179-cca9-40ab-a2c4-e509dadbbbbb', '139c6002-bdd7-4924-9db4-16f14e283d89', 'front', 'aadhaar', 'ce33ec92-6684-4100-992b-c12377fb928f', '49.207.199.158', '2026-03-15 12:32:42.615987+00', 'STAFF'),
	('a2b3a3a0-d389-460c-9895-5d207c5dde61', 'cb427b87-1251-4701-bc85-95a4b74c3e57', '73904179-cca9-40ab-a2c4-e509dadbbbbb', '139c6002-bdd7-4924-9db4-16f14e283d89', 'front', 'aadhaar', 'ce33ec92-6684-4100-992b-c12377fb928f', '49.207.199.158', '2026-03-15 12:38:25.640526+00', 'STAFF'),
	('5e139bc1-054a-463d-8828-0eefc03cee71', 'cb427b87-1251-4701-bc85-95a4b74c3e57', '73904179-cca9-40ab-a2c4-e509dadbbbbb', '139c6002-bdd7-4924-9db4-16f14e283d89', 'front', 'aadhaar', 'ce33ec92-6684-4100-992b-c12377fb928f', '49.207.199.158', '2026-03-15 12:38:25.640916+00', 'STAFF'),
	('b9841739-9613-49ae-ba20-822372c5a08f', 'cb427b87-1251-4701-bc85-95a4b74c3e57', '73904179-cca9-40ab-a2c4-e509dadbbbbb', '139c6002-bdd7-4924-9db4-16f14e283d89', 'front', 'aadhaar', 'ce33ec92-6684-4100-992b-c12377fb928f', '49.207.199.158', '2026-03-15 12:46:58.905882+00', 'STAFF'),
	('db04bb89-c224-4010-aca5-29a236b9af3d', 'cb427b87-1251-4701-bc85-95a4b74c3e57', '73904179-cca9-40ab-a2c4-e509dadbbbbb', '139c6002-bdd7-4924-9db4-16f14e283d89', 'front', 'aadhaar', 'ce33ec92-6684-4100-992b-c12377fb928f', '49.207.199.158', '2026-03-15 12:47:01.516811+00', 'STAFF'),
	('2fd28ebe-267c-48f1-bde0-bb257fa53916', 'cb427b87-1251-4701-bc85-95a4b74c3e57', '73904179-cca9-40ab-a2c4-e509dadbbbbb', '139c6002-bdd7-4924-9db4-16f14e283d89', 'front', 'aadhaar', 'ce33ec92-6684-4100-992b-c12377fb928f', '49.207.199.158', '2026-03-15 12:50:29.004411+00', 'STAFF'),
	('daaa93e6-907f-41c4-89b3-e7aa0f7cdf53', 'cb427b87-1251-4701-bc85-95a4b74c3e57', '73904179-cca9-40ab-a2c4-e509dadbbbbb', '139c6002-bdd7-4924-9db4-16f14e283d89', 'front', 'aadhaar', 'ce33ec92-6684-4100-992b-c12377fb928f', '49.207.199.158', '2026-03-15 12:50:29.004454+00', 'STAFF'),
	('9499c07a-adb1-4314-a749-5531febe152d', 'cb427b87-1251-4701-bc85-95a4b74c3e57', '73904179-cca9-40ab-a2c4-e509dadbbbbb', '139c6002-bdd7-4924-9db4-16f14e283d89', 'front', 'aadhaar', 'ce33ec92-6684-4100-992b-c12377fb928f', '49.207.199.158', '2026-03-15 12:51:46.126747+00', 'STAFF'),
	('522a8613-09e4-4929-afd4-e0802261fb42', 'cb427b87-1251-4701-bc85-95a4b74c3e57', '73904179-cca9-40ab-a2c4-e509dadbbbbb', '139c6002-bdd7-4924-9db4-16f14e283d89', 'front', 'aadhaar', 'ce33ec92-6684-4100-992b-c12377fb928f', '49.207.199.158', '2026-03-15 12:51:47.247115+00', 'STAFF'),
	('ea06a1b4-f666-441f-b74b-f758b19150db', 'cb427b87-1251-4701-bc85-95a4b74c3e57', '73904179-cca9-40ab-a2c4-e509dadbbbbb', '139c6002-bdd7-4924-9db4-16f14e283d89', 'front', 'aadhaar', 'ce33ec92-6684-4100-992b-c12377fb928f', '49.207.199.158', '2026-03-15 12:53:54.901702+00', 'STAFF'),
	('dec008cb-2811-4cf2-a01b-60485bb94c2d', 'cb427b87-1251-4701-bc85-95a4b74c3e57', '73904179-cca9-40ab-a2c4-e509dadbbbbb', '139c6002-bdd7-4924-9db4-16f14e283d89', 'front', 'aadhaar', 'ce33ec92-6684-4100-992b-c12377fb928f', '49.207.199.158', '2026-03-15 12:53:54.914176+00', 'STAFF'),
	('3da3ee74-7d9c-45b6-b28c-6ab5e10cc9dd', 'cb427b87-1251-4701-bc85-95a4b74c3e57', '73904179-cca9-40ab-a2c4-e509dadbbbbb', '139c6002-bdd7-4924-9db4-16f14e283d89', 'front', 'aadhaar', 'ce33ec92-6684-4100-992b-c12377fb928f', '49.207.199.158', '2026-03-15 12:54:14.065362+00', 'STAFF'),
	('57f5ffe5-8b02-4a8f-be62-bf891cfac96f', 'cb427b87-1251-4701-bc85-95a4b74c3e57', '73904179-cca9-40ab-a2c4-e509dadbbbbb', '139c6002-bdd7-4924-9db4-16f14e283d89', 'front', 'aadhaar', 'ce33ec92-6684-4100-992b-c12377fb928f', '49.207.199.158', '2026-03-15 12:54:14.078519+00', 'STAFF'),
	('c9c02c33-a2c9-48fc-8277-639d493c3781', 'cb427b87-1251-4701-bc85-95a4b74c3e57', '73904179-cca9-40ab-a2c4-e509dadbbbbb', '139c6002-bdd7-4924-9db4-16f14e283d89', 'front', 'aadhaar', 'ce33ec92-6684-4100-992b-c12377fb928f', '49.207.199.158', '2026-03-15 12:56:30.082643+00', 'STAFF'),
	('ce33fb95-d095-42b6-a113-79f3bf7dd366', 'cb427b87-1251-4701-bc85-95a4b74c3e57', '73904179-cca9-40ab-a2c4-e509dadbbbbb', '139c6002-bdd7-4924-9db4-16f14e283d89', 'front', 'aadhaar', 'ce33ec92-6684-4100-992b-c12377fb928f', '49.207.199.158', '2026-03-15 12:57:23.57409+00', 'STAFF'),
	('ffd4f93e-aebb-4030-8efe-e90aba8654e8', 'cb427b87-1251-4701-bc85-95a4b74c3e57', '73904179-cca9-40ab-a2c4-e509dadbbbbb', '139c6002-bdd7-4924-9db4-16f14e283d89', 'front', 'aadhaar', 'ce33ec92-6684-4100-992b-c12377fb928f', '49.207.199.158', '2026-03-15 12:57:23.751973+00', 'STAFF'),
	('6137d12a-842d-4326-8315-369eb8462cdd', 'cb427b87-1251-4701-bc85-95a4b74c3e57', '73904179-cca9-40ab-a2c4-e509dadbbbbb', '139c6002-bdd7-4924-9db4-16f14e283d89', 'front', 'aadhaar', 'ce33ec92-6684-4100-992b-c12377fb928f', '49.207.199.158', '2026-03-15 13:01:18.957755+00', 'STAFF'),
	('c8201e22-9c31-4636-bf5e-6e8bfd2bd560', 'cb427b87-1251-4701-bc85-95a4b74c3e57', '73904179-cca9-40ab-a2c4-e509dadbbbbb', '139c6002-bdd7-4924-9db4-16f14e283d89', 'front', 'aadhaar', 'ce33ec92-6684-4100-992b-c12377fb928f', '49.207.199.158', '2026-03-15 13:01:19.227007+00', 'STAFF'),
	('3ee80721-0cee-4080-92e0-cfb1d5d7d7b1', 'cb427b87-1251-4701-bc85-95a4b74c3e57', '73904179-cca9-40ab-a2c4-e509dadbbbbb', '139c6002-bdd7-4924-9db4-16f14e283d89', 'front', 'aadhaar', 'ce33ec92-6684-4100-992b-c12377fb928f', '49.207.199.158', '2026-03-15 13:02:50.159607+00', 'STAFF'),
	('ea5761a5-9e94-4a96-897f-6e494c9c43cd', 'cb427b87-1251-4701-bc85-95a4b74c3e57', '73904179-cca9-40ab-a2c4-e509dadbbbbb', '139c6002-bdd7-4924-9db4-16f14e283d89', 'front', 'aadhaar', 'ce33ec92-6684-4100-992b-c12377fb928f', '49.207.199.158', '2026-03-15 13:02:50.171478+00', 'STAFF'),
	('5a9982d1-be18-4538-abc3-100b218e455e', 'cb427b87-1251-4701-bc85-95a4b74c3e57', '73904179-cca9-40ab-a2c4-e509dadbbbbb', '139c6002-bdd7-4924-9db4-16f14e283d89', 'front', 'aadhaar', 'ce33ec92-6684-4100-992b-c12377fb928f', '49.207.199.158', '2026-03-15 13:06:10.962421+00', 'STAFF'),
	('12b37ec0-b7cb-4ea5-98ec-1c4fe754ba55', 'cb427b87-1251-4701-bc85-95a4b74c3e57', '73904179-cca9-40ab-a2c4-e509dadbbbbb', '139c6002-bdd7-4924-9db4-16f14e283d89', 'front', 'aadhaar', 'ce33ec92-6684-4100-992b-c12377fb928f', '49.207.199.158', '2026-03-15 13:06:11.089323+00', 'STAFF'),
	('0b64bce0-0e63-40d7-82d8-4e3dcae842c1', 'cb427b87-1251-4701-bc85-95a4b74c3e57', '73904179-cca9-40ab-a2c4-e509dadbbbbb', '139c6002-bdd7-4924-9db4-16f14e283d89', 'front', 'aadhaar', 'ce33ec92-6684-4100-992b-c12377fb928f', '49.207.199.158', '2026-03-15 13:09:39.441285+00', 'STAFF'),
	('75cd92d1-d116-4b01-806e-4c95fa9d4d0f', 'cb427b87-1251-4701-bc85-95a4b74c3e57', '73904179-cca9-40ab-a2c4-e509dadbbbbb', '139c6002-bdd7-4924-9db4-16f14e283d89', 'front', 'aadhaar', 'ce33ec92-6684-4100-992b-c12377fb928f', '49.207.199.158', '2026-03-15 13:09:39.542488+00', 'STAFF'),
	('738f6359-c860-463f-a836-c4238aba7f8b', 'cb427b87-1251-4701-bc85-95a4b74c3e57', '73904179-cca9-40ab-a2c4-e509dadbbbbb', '139c6002-bdd7-4924-9db4-16f14e283d89', 'front', 'aadhaar', 'ce33ec92-6684-4100-992b-c12377fb928f', '49.207.199.158', '2026-03-15 13:14:16.242257+00', 'STAFF'),
	('7e52e68e-7840-4810-813b-3fed12c64be9', 'cb427b87-1251-4701-bc85-95a4b74c3e57', '73904179-cca9-40ab-a2c4-e509dadbbbbb', '139c6002-bdd7-4924-9db4-16f14e283d89', 'front', 'aadhaar', 'ce33ec92-6684-4100-992b-c12377fb928f', '49.207.199.158', '2026-03-15 13:14:16.252943+00', 'STAFF'),
	('053de7b9-27e0-4f06-bb19-3a97f33b1da4', 'cb427b87-1251-4701-bc85-95a4b74c3e57', '73904179-cca9-40ab-a2c4-e509dadbbbbb', '139c6002-bdd7-4924-9db4-16f14e283d89', 'front', 'aadhaar', 'ce33ec92-6684-4100-992b-c12377fb928f', '49.207.199.158', '2026-03-15 13:14:48.510534+00', 'STAFF'),
	('3161ce74-3f01-4e8e-b2ad-08297ec6e1cb', 'cb427b87-1251-4701-bc85-95a4b74c3e57', '73904179-cca9-40ab-a2c4-e509dadbbbbb', '139c6002-bdd7-4924-9db4-16f14e283d89', 'front', 'aadhaar', 'ce33ec92-6684-4100-992b-c12377fb928f', '49.207.199.158', '2026-03-15 13:14:48.783233+00', 'STAFF'),
	('eb2ef862-f554-43ab-99aa-d1003dcaaba5', 'cb427b87-1251-4701-bc85-95a4b74c3e57', '73904179-cca9-40ab-a2c4-e509dadbbbbb', '139c6002-bdd7-4924-9db4-16f14e283d89', 'front', 'aadhaar', 'ce33ec92-6684-4100-992b-c12377fb928f', '49.207.199.158', '2026-03-15 13:21:42.623063+00', 'STAFF'),
	('168987a1-080f-4960-9189-805f04df1713', 'cb427b87-1251-4701-bc85-95a4b74c3e57', '73904179-cca9-40ab-a2c4-e509dadbbbbb', '139c6002-bdd7-4924-9db4-16f14e283d89', 'front', 'aadhaar', 'ce33ec92-6684-4100-992b-c12377fb928f', '49.207.199.158', '2026-03-15 13:21:42.629243+00', 'STAFF'),
	('981e0727-6f7a-40db-a9d3-33f6a7ec7549', 'cb427b87-1251-4701-bc85-95a4b74c3e57', '73904179-cca9-40ab-a2c4-e509dadbbbbb', '139c6002-bdd7-4924-9db4-16f14e283d89', 'front', 'aadhaar', 'ce33ec92-6684-4100-992b-c12377fb928f', '49.207.199.158', '2026-03-15 13:33:13.63757+00', 'STAFF'),
	('d0ced953-fc99-4809-a666-5f10a76f78e1', 'cb427b87-1251-4701-bc85-95a4b74c3e57', '73904179-cca9-40ab-a2c4-e509dadbbbbb', '139c6002-bdd7-4924-9db4-16f14e283d89', 'front', 'aadhaar', 'ce33ec92-6684-4100-992b-c12377fb928f', '49.207.199.158', '2026-03-15 13:39:52.778653+00', 'STAFF'),
	('1aaf361c-244f-4f80-b5f4-518c4a8dde91', 'cb427b87-1251-4701-bc85-95a4b74c3e57', '73904179-cca9-40ab-a2c4-e509dadbbbbb', '139c6002-bdd7-4924-9db4-16f14e283d89', 'front', 'aadhaar', 'ce33ec92-6684-4100-992b-c12377fb928f', '49.207.199.158', '2026-03-15 13:39:52.778653+00', 'STAFF'),
	('b0dd72b1-8fc7-44cb-a03d-f9865bdd51b1', 'cb427b87-1251-4701-bc85-95a4b74c3e57', '73904179-cca9-40ab-a2c4-e509dadbbbbb', '139c6002-bdd7-4924-9db4-16f14e283d89', 'front', 'aadhaar', 'ce33ec92-6684-4100-992b-c12377fb928f', '49.207.199.158', '2026-03-15 13:55:01.853766+00', 'STAFF'),
	('73b61010-23bd-40c1-b52f-47e56dd88323', 'cb427b87-1251-4701-bc85-95a4b74c3e57', '73904179-cca9-40ab-a2c4-e509dadbbbbb', '139c6002-bdd7-4924-9db4-16f14e283d89', 'front', 'aadhaar', 'ce33ec92-6684-4100-992b-c12377fb928f', '49.207.199.158', '2026-03-15 13:55:06.054218+00', 'STAFF'),
	('913d3031-3998-407f-9abf-695803ad7bbd', 'cb427b87-1251-4701-bc85-95a4b74c3e57', '73904179-cca9-40ab-a2c4-e509dadbbbbb', '139c6002-bdd7-4924-9db4-16f14e283d89', 'front', 'aadhaar', 'ce33ec92-6684-4100-992b-c12377fb928f', '49.207.199.158', '2026-03-15 13:58:07.177408+00', 'STAFF'),
	('7a7b2029-9af6-42d6-8c0a-f823104527a6', 'cb427b87-1251-4701-bc85-95a4b74c3e57', '73904179-cca9-40ab-a2c4-e509dadbbbbb', '139c6002-bdd7-4924-9db4-16f14e283d89', 'front', 'aadhaar', 'ce33ec92-6684-4100-992b-c12377fb928f', '49.207.199.158', '2026-03-15 13:58:07.189428+00', 'STAFF'),
	('750d5657-60ad-401b-b9eb-1ed5074ef21c', 'cb427b87-1251-4701-bc85-95a4b74c3e57', '73904179-cca9-40ab-a2c4-e509dadbbbbb', '139c6002-bdd7-4924-9db4-16f14e283d89', 'front', 'aadhaar', 'ce33ec92-6684-4100-992b-c12377fb928f', '49.207.199.158', '2026-03-15 14:00:48.536341+00', 'STAFF'),
	('043a5a22-1937-4c0c-b949-a7641b478675', 'cb427b87-1251-4701-bc85-95a4b74c3e57', '73904179-cca9-40ab-a2c4-e509dadbbbbb', '139c6002-bdd7-4924-9db4-16f14e283d89', 'front', 'aadhaar', 'ce33ec92-6684-4100-992b-c12377fb928f', '49.207.199.158', '2026-03-15 14:00:48.566345+00', 'STAFF'),
	('bf621c79-a992-44e2-9562-b56e4f3ab867', 'cb427b87-1251-4701-bc85-95a4b74c3e57', '73904179-cca9-40ab-a2c4-e509dadbbbbb', '139c6002-bdd7-4924-9db4-16f14e283d89', 'front', 'aadhaar', 'ce33ec92-6684-4100-992b-c12377fb928f', '49.207.199.158', '2026-03-15 14:04:09.246406+00', 'STAFF'),
	('aacb7703-c47f-4a04-b247-1c13b4e459d4', 'cb427b87-1251-4701-bc85-95a4b74c3e57', '73904179-cca9-40ab-a2c4-e509dadbbbbb', '139c6002-bdd7-4924-9db4-16f14e283d89', 'front', 'aadhaar', 'ce33ec92-6684-4100-992b-c12377fb928f', '49.207.199.158', '2026-03-15 14:04:09.260454+00', 'STAFF'),
	('914f4c50-79c5-4d8c-acd5-e9d6dcf82558', 'cb427b87-1251-4701-bc85-95a4b74c3e57', '73904179-cca9-40ab-a2c4-e509dadbbbbb', '139c6002-bdd7-4924-9db4-16f14e283d89', 'front', 'aadhaar', 'ce33ec92-6684-4100-992b-c12377fb928f', '49.207.199.158', '2026-03-15 14:09:52.366054+00', 'STAFF'),
	('39721dab-95a7-42c1-bb21-a21b249ebf68', 'cb427b87-1251-4701-bc85-95a4b74c3e57', '73904179-cca9-40ab-a2c4-e509dadbbbbb', '139c6002-bdd7-4924-9db4-16f14e283d89', 'front', 'aadhaar', 'ce33ec92-6684-4100-992b-c12377fb928f', '49.207.199.158', '2026-03-15 14:09:52.518618+00', 'STAFF'),
	('a11a9aa9-e02c-4de6-b957-2dac7c06705e', 'cb427b87-1251-4701-bc85-95a4b74c3e57', '73904179-cca9-40ab-a2c4-e509dadbbbbb', '139c6002-bdd7-4924-9db4-16f14e283d89', 'front', 'aadhaar', 'ce33ec92-6684-4100-992b-c12377fb928f', '49.207.199.158', '2026-03-15 14:10:11.127208+00', 'STAFF'),
	('3630b21a-e692-4e9f-8d3c-dfa2d0505911', 'cb427b87-1251-4701-bc85-95a4b74c3e57', '73904179-cca9-40ab-a2c4-e509dadbbbbb', '139c6002-bdd7-4924-9db4-16f14e283d89', 'front', 'aadhaar', 'ce33ec92-6684-4100-992b-c12377fb928f', '49.207.199.158', '2026-03-15 14:10:14.138923+00', 'STAFF'),
	('9d073a05-bbb2-4366-be09-f918b06ad09b', 'cb427b87-1251-4701-bc85-95a4b74c3e57', '73904179-cca9-40ab-a2c4-e509dadbbbbb', '139c6002-bdd7-4924-9db4-16f14e283d89', 'front', 'aadhaar', 'ce33ec92-6684-4100-992b-c12377fb928f', '49.207.199.158', '2026-03-15 20:16:07.86727+00', 'STAFF'),
	('a5dcf5fa-305c-4a97-83d4-7ce317e153af', 'cb427b87-1251-4701-bc85-95a4b74c3e57', '73904179-cca9-40ab-a2c4-e509dadbbbbb', '139c6002-bdd7-4924-9db4-16f14e283d89', 'front', 'aadhaar', 'ce33ec92-6684-4100-992b-c12377fb928f', '49.207.199.158', '2026-03-15 20:16:07.880692+00', 'STAFF'),
	('1f90c075-dad8-45a5-b2c2-e16cb412cab4', 'cb427b87-1251-4701-bc85-95a4b74c3e57', '73904179-cca9-40ab-a2c4-e509dadbbbbb', '139c6002-bdd7-4924-9db4-16f14e283d89', 'front', 'aadhaar', 'ce33ec92-6684-4100-992b-c12377fb928f', '49.207.199.158', '2026-03-15 20:17:40.518631+00', 'STAFF'),
	('ec43dd9f-6de6-454c-99be-bbf4b3226936', 'cb427b87-1251-4701-bc85-95a4b74c3e57', '73904179-cca9-40ab-a2c4-e509dadbbbbb', '139c6002-bdd7-4924-9db4-16f14e283d89', 'front', 'aadhaar', 'ce33ec92-6684-4100-992b-c12377fb928f', '49.207.199.158', '2026-03-15 20:19:52.327305+00', 'STAFF'),
	('699ae149-6488-45f5-a400-4666f199ddc7', 'cb427b87-1251-4701-bc85-95a4b74c3e57', '73904179-cca9-40ab-a2c4-e509dadbbbbb', '139c6002-bdd7-4924-9db4-16f14e283d89', 'front', 'aadhaar', 'ce33ec92-6684-4100-992b-c12377fb928f', '49.207.199.158', '2026-03-15 20:19:52.439265+00', 'STAFF'),
	('bf8b5a44-dccc-4bf9-a831-31655c729a77', 'cb427b87-1251-4701-bc85-95a4b74c3e57', '73904179-cca9-40ab-a2c4-e509dadbbbbb', '139c6002-bdd7-4924-9db4-16f14e283d89', 'front', 'aadhaar', 'ce33ec92-6684-4100-992b-c12377fb928f', '49.207.199.158', '2026-03-15 20:29:15.479911+00', 'STAFF'),
	('747d195b-52f7-484a-80e0-4d2ac182538e', 'cb427b87-1251-4701-bc85-95a4b74c3e57', '73904179-cca9-40ab-a2c4-e509dadbbbbb', '139c6002-bdd7-4924-9db4-16f14e283d89', 'front', 'aadhaar', 'ce33ec92-6684-4100-992b-c12377fb928f', '49.207.199.158', '2026-03-15 20:29:15.532959+00', 'STAFF'),
	('319967ec-f5a3-4bc2-bca0-b8f76d15cc97', 'cb427b87-1251-4701-bc85-95a4b74c3e57', '73904179-cca9-40ab-a2c4-e509dadbbbbb', '139c6002-bdd7-4924-9db4-16f14e283d89', 'front', 'aadhaar', 'ce33ec92-6684-4100-992b-c12377fb928f', '49.207.199.158', '2026-03-15 20:46:39.725555+00', 'STAFF'),
	('d0cd2881-8545-4ded-8611-bb25280ec796', 'cb427b87-1251-4701-bc85-95a4b74c3e57', '73904179-cca9-40ab-a2c4-e509dadbbbbb', '139c6002-bdd7-4924-9db4-16f14e283d89', 'front', 'aadhaar', 'ce33ec92-6684-4100-992b-c12377fb928f', '49.207.199.158', '2026-03-15 20:46:39.73322+00', 'STAFF'),
	('130ae769-8234-45d5-b74d-11a7571d7cd0', 'cb427b87-1251-4701-bc85-95a4b74c3e57', '73904179-cca9-40ab-a2c4-e509dadbbbbb', '139c6002-bdd7-4924-9db4-16f14e283d89', 'front', 'aadhaar', 'ce33ec92-6684-4100-992b-c12377fb928f', '49.207.199.158', '2026-03-15 20:51:09.842166+00', 'STAFF'),
	('f8f9d918-4491-4f60-92c0-ff2539174a43', 'cb427b87-1251-4701-bc85-95a4b74c3e57', '73904179-cca9-40ab-a2c4-e509dadbbbbb', '139c6002-bdd7-4924-9db4-16f14e283d89', 'front', 'aadhaar', 'ce33ec92-6684-4100-992b-c12377fb928f', '49.207.199.158', '2026-03-15 20:51:09.864329+00', 'STAFF'),
	('67e0cb87-3c2e-4cdb-b8e1-8067df6c5c18', 'cb427b87-1251-4701-bc85-95a4b74c3e57', '73904179-cca9-40ab-a2c4-e509dadbbbbb', '139c6002-bdd7-4924-9db4-16f14e283d89', 'front', 'aadhaar', 'ce33ec92-6684-4100-992b-c12377fb928f', '49.207.199.158', '2026-03-15 20:56:28.889522+00', 'STAFF'),
	('327d578d-4391-4cee-b125-3fba2fc8e081', 'cb427b87-1251-4701-bc85-95a4b74c3e57', '73904179-cca9-40ab-a2c4-e509dadbbbbb', '139c6002-bdd7-4924-9db4-16f14e283d89', 'front', 'aadhaar', 'ce33ec92-6684-4100-992b-c12377fb928f', '49.207.199.158', '2026-03-15 20:56:28.892509+00', 'STAFF'),
	('279ebe8b-b2ee-487d-a5c4-813f6bbff67c', 'cb427b87-1251-4701-bc85-95a4b74c3e57', '73904179-cca9-40ab-a2c4-e509dadbbbbb', '139c6002-bdd7-4924-9db4-16f14e283d89', 'front', 'aadhaar', 'ce33ec92-6684-4100-992b-c12377fb928f', '49.207.199.158', '2026-03-15 20:59:14.956298+00', 'STAFF'),
	('0494d176-e87e-49dc-9861-3a9024df9c9b', 'cb427b87-1251-4701-bc85-95a4b74c3e57', '73904179-cca9-40ab-a2c4-e509dadbbbbb', '139c6002-bdd7-4924-9db4-16f14e283d89', 'front', 'aadhaar', 'ce33ec92-6684-4100-992b-c12377fb928f', '49.207.199.158', '2026-03-15 20:59:15.162238+00', 'STAFF'),
	('feb353f2-cb68-4e11-950e-b673c5cc11c0', 'cb427b87-1251-4701-bc85-95a4b74c3e57', '73904179-cca9-40ab-a2c4-e509dadbbbbb', '139c6002-bdd7-4924-9db4-16f14e283d89', 'front', 'aadhaar', 'ce33ec92-6684-4100-992b-c12377fb928f', '49.207.199.158', '2026-03-15 21:03:54.590195+00', 'STAFF'),
	('abd72e41-d8ea-42a4-81dd-13fdf6356a6e', 'cb427b87-1251-4701-bc85-95a4b74c3e57', '73904179-cca9-40ab-a2c4-e509dadbbbbb', '139c6002-bdd7-4924-9db4-16f14e283d89', 'front', 'aadhaar', 'ce33ec92-6684-4100-992b-c12377fb928f', '49.207.199.158', '2026-03-15 21:03:54.605734+00', 'STAFF'),
	('05916b13-645c-43b5-bcee-f387d2a284da', 'cb427b87-1251-4701-bc85-95a4b74c3e57', '73904179-cca9-40ab-a2c4-e509dadbbbbb', '139c6002-bdd7-4924-9db4-16f14e283d89', 'front', 'aadhaar', 'ce33ec92-6684-4100-992b-c12377fb928f', '49.207.199.158', '2026-03-15 21:06:10.253036+00', 'STAFF'),
	('97a1e350-57ac-4170-bf6d-d184c2d0e145', 'cb427b87-1251-4701-bc85-95a4b74c3e57', '73904179-cca9-40ab-a2c4-e509dadbbbbb', '139c6002-bdd7-4924-9db4-16f14e283d89', 'front', 'aadhaar', 'ce33ec92-6684-4100-992b-c12377fb928f', '49.207.199.158', '2026-03-15 21:06:38.582193+00', 'STAFF'),
	('6f7bf306-b6e7-457b-ba1d-83fce8abe409', 'cb427b87-1251-4701-bc85-95a4b74c3e57', '73904179-cca9-40ab-a2c4-e509dadbbbbb', '139c6002-bdd7-4924-9db4-16f14e283d89', 'front', 'aadhaar', 'ce33ec92-6684-4100-992b-c12377fb928f', '49.207.199.158', '2026-03-15 21:06:38.624015+00', 'STAFF'),
	('551f1c1f-d27e-40fe-8cde-e93fb2dc44ba', 'cb427b87-1251-4701-bc85-95a4b74c3e57', '73904179-cca9-40ab-a2c4-e509dadbbbbb', '139c6002-bdd7-4924-9db4-16f14e283d89', 'front', 'aadhaar', 'ce33ec92-6684-4100-992b-c12377fb928f', '49.207.199.158', '2026-03-15 21:07:31.891064+00', 'STAFF'),
	('d28734dc-9a7d-4ebb-a09b-760f8522aa8d', 'cb427b87-1251-4701-bc85-95a4b74c3e57', '73904179-cca9-40ab-a2c4-e509dadbbbbb', '139c6002-bdd7-4924-9db4-16f14e283d89', 'front', 'aadhaar', 'ce33ec92-6684-4100-992b-c12377fb928f', '49.207.199.158', '2026-03-15 21:07:31.898804+00', 'STAFF'),
	('7a8f9ccd-0b6f-4002-998e-bd1fef43cf22', 'cb427b87-1251-4701-bc85-95a4b74c3e57', '73904179-cca9-40ab-a2c4-e509dadbbbbb', '139c6002-bdd7-4924-9db4-16f14e283d89', 'front', 'aadhaar', 'ce33ec92-6684-4100-992b-c12377fb928f', '49.207.199.158', '2026-03-15 21:07:53.228206+00', 'STAFF'),
	('c6db03ab-d1ba-4ee6-9bc7-b845a6e0637f', 'cb427b87-1251-4701-bc85-95a4b74c3e57', '73904179-cca9-40ab-a2c4-e509dadbbbbb', '139c6002-bdd7-4924-9db4-16f14e283d89', 'front', 'aadhaar', 'ce33ec92-6684-4100-992b-c12377fb928f', '49.207.199.158', '2026-03-15 21:07:53.52758+00', 'STAFF'),
	('a7a40df9-6acd-47cb-b5ec-3b4675e6e4cb', 'cb427b87-1251-4701-bc85-95a4b74c3e57', '73904179-cca9-40ab-a2c4-e509dadbbbbb', '139c6002-bdd7-4924-9db4-16f14e283d89', 'front', 'aadhaar', 'ce33ec92-6684-4100-992b-c12377fb928f', '49.207.199.158', '2026-03-15 21:10:57.443736+00', 'STAFF'),
	('0c2cf164-4d18-44f8-981c-8eb547fcfb49', 'cb427b87-1251-4701-bc85-95a4b74c3e57', '73904179-cca9-40ab-a2c4-e509dadbbbbb', '139c6002-bdd7-4924-9db4-16f14e283d89', 'front', 'aadhaar', 'ce33ec92-6684-4100-992b-c12377fb928f', '49.207.199.158', '2026-03-15 21:10:57.453398+00', 'STAFF'),
	('591d821d-cd0f-40ae-83bc-19302f60c262', 'cb427b87-1251-4701-bc85-95a4b74c3e57', '73904179-cca9-40ab-a2c4-e509dadbbbbb', '139c6002-bdd7-4924-9db4-16f14e283d89', 'front', 'aadhaar', 'ce33ec92-6684-4100-992b-c12377fb928f', '49.207.199.158', '2026-03-15 21:13:37.065528+00', 'STAFF'),
	('4280a7a6-01b6-4188-8f18-848a5426428c', 'cb427b87-1251-4701-bc85-95a4b74c3e57', '73904179-cca9-40ab-a2c4-e509dadbbbbb', '139c6002-bdd7-4924-9db4-16f14e283d89', 'front', 'aadhaar', 'ce33ec92-6684-4100-992b-c12377fb928f', '49.207.199.158', '2026-03-15 21:13:37.068573+00', 'STAFF'),
	('e67f3196-724c-4db1-9cbb-6a29d9dfaeaa', 'cb427b87-1251-4701-bc85-95a4b74c3e57', '73904179-cca9-40ab-a2c4-e509dadbbbbb', '139c6002-bdd7-4924-9db4-16f14e283d89', 'front', 'aadhaar', 'ce33ec92-6684-4100-992b-c12377fb928f', '49.207.199.158', '2026-03-15 21:13:57.926513+00', 'STAFF'),
	('1df20949-c6e8-4d96-b24f-84fda3b03225', 'cb427b87-1251-4701-bc85-95a4b74c3e57', '73904179-cca9-40ab-a2c4-e509dadbbbbb', '139c6002-bdd7-4924-9db4-16f14e283d89', 'front', 'aadhaar', 'ce33ec92-6684-4100-992b-c12377fb928f', '49.207.199.158', '2026-03-15 21:13:57.932469+00', 'STAFF'),
	('c8158949-6ce8-4c97-a89c-01f1c765c8f3', 'cb427b87-1251-4701-bc85-95a4b74c3e57', '73904179-cca9-40ab-a2c4-e509dadbbbbb', '139c6002-bdd7-4924-9db4-16f14e283d89', 'front', 'aadhaar', 'ce33ec92-6684-4100-992b-c12377fb928f', '49.207.199.158', '2026-03-15 21:18:20.279246+00', 'STAFF'),
	('22990407-3e9e-4962-a893-d469f1ef75f0', 'cb427b87-1251-4701-bc85-95a4b74c3e57', '73904179-cca9-40ab-a2c4-e509dadbbbbb', '139c6002-bdd7-4924-9db4-16f14e283d89', 'front', 'aadhaar', 'ce33ec92-6684-4100-992b-c12377fb928f', '49.207.199.158', '2026-03-15 21:18:20.528875+00', 'STAFF'),
	('a51c3168-66e1-4343-882d-82bcdf039383', 'cb427b87-1251-4701-bc85-95a4b74c3e57', '73904179-cca9-40ab-a2c4-e509dadbbbbb', '139c6002-bdd7-4924-9db4-16f14e283d89', 'front', 'aadhaar', 'ce33ec92-6684-4100-992b-c12377fb928f', '49.207.199.158', '2026-03-15 21:28:12.577195+00', 'STAFF'),
	('d5d3c678-dd66-498c-aef8-27d1b63f6ca6', 'cb427b87-1251-4701-bc85-95a4b74c3e57', '73904179-cca9-40ab-a2c4-e509dadbbbbb', '139c6002-bdd7-4924-9db4-16f14e283d89', 'front', 'aadhaar', 'ce33ec92-6684-4100-992b-c12377fb928f', '49.207.199.158', '2026-03-15 21:28:12.623242+00', 'STAFF'),
	('d6165b70-eeaf-4d6e-b196-35550caa1089', 'cb427b87-1251-4701-bc85-95a4b74c3e57', '73904179-cca9-40ab-a2c4-e509dadbbbbb', '139c6002-bdd7-4924-9db4-16f14e283d89', 'front', 'aadhaar', 'ce33ec92-6684-4100-992b-c12377fb928f', '49.207.199.158', '2026-03-15 21:30:36.187427+00', 'STAFF'),
	('60fbe5f2-4efa-4ef7-8585-d288989a584c', 'cb427b87-1251-4701-bc85-95a4b74c3e57', '73904179-cca9-40ab-a2c4-e509dadbbbbb', '139c6002-bdd7-4924-9db4-16f14e283d89', 'front', 'aadhaar', 'ce33ec92-6684-4100-992b-c12377fb928f', '49.207.199.158', '2026-03-15 21:30:36.202629+00', 'STAFF'),
	('31b99d01-edda-42d8-8c55-ccf665616b92', 'cb427b87-1251-4701-bc85-95a4b74c3e57', '73904179-cca9-40ab-a2c4-e509dadbbbbb', '139c6002-bdd7-4924-9db4-16f14e283d89', 'front', 'aadhaar', 'ce33ec92-6684-4100-992b-c12377fb928f', '49.207.199.158', '2026-03-15 21:33:34.236395+00', 'STAFF'),
	('4d146866-d900-4dac-b09a-fbc23943287c', 'cb427b87-1251-4701-bc85-95a4b74c3e57', '73904179-cca9-40ab-a2c4-e509dadbbbbb', '139c6002-bdd7-4924-9db4-16f14e283d89', 'front', 'aadhaar', 'ce33ec92-6684-4100-992b-c12377fb928f', '49.207.199.158', '2026-03-15 21:33:34.247568+00', 'STAFF'),
	('10805812-bc08-4feb-983a-7ae82cb0901a', 'cb427b87-1251-4701-bc85-95a4b74c3e57', '73904179-cca9-40ab-a2c4-e509dadbbbbb', '139c6002-bdd7-4924-9db4-16f14e283d89', 'front', 'aadhaar', 'ce33ec92-6684-4100-992b-c12377fb928f', '49.207.199.158', '2026-03-15 21:47:54.285838+00', 'STAFF'),
	('89bdef4c-a502-46e8-bf96-2959e4cc7361', 'cb427b87-1251-4701-bc85-95a4b74c3e57', '73904179-cca9-40ab-a2c4-e509dadbbbbb', '139c6002-bdd7-4924-9db4-16f14e283d89', 'front', 'aadhaar', 'ce33ec92-6684-4100-992b-c12377fb928f', '49.207.199.158', '2026-03-15 21:47:54.391516+00', 'STAFF'),
	('05e10fbf-4090-4c7c-8de6-56b3ab414ef3', 'cb427b87-1251-4701-bc85-95a4b74c3e57', '73904179-cca9-40ab-a2c4-e509dadbbbbb', '139c6002-bdd7-4924-9db4-16f14e283d89', 'front', 'aadhaar', 'ce33ec92-6684-4100-992b-c12377fb928f', '49.207.199.158', '2026-03-15 21:52:55.381636+00', 'STAFF'),
	('9621dae6-a2f8-4f95-a350-b990e8732235', 'cb427b87-1251-4701-bc85-95a4b74c3e57', '73904179-cca9-40ab-a2c4-e509dadbbbbb', '139c6002-bdd7-4924-9db4-16f14e283d89', 'front', 'aadhaar', 'ce33ec92-6684-4100-992b-c12377fb928f', '49.207.199.158', '2026-03-15 21:52:58.621764+00', 'STAFF'),
	('9093fbbe-9c76-4e02-8f6e-1dd230179cc9', 'cb427b87-1251-4701-bc85-95a4b74c3e57', '73904179-cca9-40ab-a2c4-e509dadbbbbb', '139c6002-bdd7-4924-9db4-16f14e283d89', 'front', 'aadhaar', 'ce33ec92-6684-4100-992b-c12377fb928f', '49.207.199.158', '2026-03-15 21:57:59.014918+00', 'STAFF'),
	('4ad740ab-c96a-446a-9661-71470fbe65c8', 'cb427b87-1251-4701-bc85-95a4b74c3e57', '73904179-cca9-40ab-a2c4-e509dadbbbbb', '139c6002-bdd7-4924-9db4-16f14e283d89', 'front', 'aadhaar', 'ce33ec92-6684-4100-992b-c12377fb928f', '49.207.199.158', '2026-03-15 21:57:59.045939+00', 'STAFF'),
	('ea9b6063-ae90-483c-9597-4ee7e4aceb04', 'cb427b87-1251-4701-bc85-95a4b74c3e57', '73904179-cca9-40ab-a2c4-e509dadbbbbb', '139c6002-bdd7-4924-9db4-16f14e283d89', 'front', 'aadhaar', 'ce33ec92-6684-4100-992b-c12377fb928f', '49.207.199.158', '2026-03-15 21:59:45.573765+00', 'STAFF'),
	('c0365b49-e94e-4f50-9ef3-6f0191b3e31b', 'cb427b87-1251-4701-bc85-95a4b74c3e57', '73904179-cca9-40ab-a2c4-e509dadbbbbb', '139c6002-bdd7-4924-9db4-16f14e283d89', 'front', 'aadhaar', 'ce33ec92-6684-4100-992b-c12377fb928f', '49.207.199.158', '2026-03-15 21:59:45.588103+00', 'STAFF'),
	('8cceefe0-0fa0-409b-b70b-f86be7c1c61d', 'cb427b87-1251-4701-bc85-95a4b74c3e57', '73904179-cca9-40ab-a2c4-e509dadbbbbb', '139c6002-bdd7-4924-9db4-16f14e283d89', 'back', 'aadhaar', 'ce33ec92-6684-4100-992b-c12377fb928f', '49.207.199.158', '2026-03-15 22:14:17.037992+00', 'STAFF'),
	('df42e23e-b533-4015-9947-0af69e88fb5c', 'cb427b87-1251-4701-bc85-95a4b74c3e57', '73904179-cca9-40ab-a2c4-e509dadbbbbb', '139c6002-bdd7-4924-9db4-16f14e283d89', 'front', 'aadhaar', 'ce33ec92-6684-4100-992b-c12377fb928f', '49.207.199.158', '2026-03-15 22:14:17.064203+00', 'STAFF'),
	('5a765f8e-6fec-417f-8dc3-a5074930258d', 'cb427b87-1251-4701-bc85-95a4b74c3e57', '73904179-cca9-40ab-a2c4-e509dadbbbbb', '139c6002-bdd7-4924-9db4-16f14e283d89', 'back', 'aadhaar', 'ce33ec92-6684-4100-992b-c12377fb928f', '49.207.199.158', '2026-03-15 22:14:17.076107+00', 'STAFF'),
	('a347a7ce-38ba-4620-ab33-6b62998a90d6', 'cb427b87-1251-4701-bc85-95a4b74c3e57', '73904179-cca9-40ab-a2c4-e509dadbbbbb', '139c6002-bdd7-4924-9db4-16f14e283d89', 'front', 'aadhaar', 'ce33ec92-6684-4100-992b-c12377fb928f', '49.207.199.158', '2026-03-15 22:14:18.505916+00', 'STAFF'),
	('b933e1dc-fade-4bf7-96df-406030fc1b0c', 'cb427b87-1251-4701-bc85-95a4b74c3e57', '73904179-cca9-40ab-a2c4-e509dadbbbbb', '139c6002-bdd7-4924-9db4-16f14e283d89', 'front', 'aadhaar', 'ce33ec92-6684-4100-992b-c12377fb928f', '49.207.199.158', '2026-03-15 22:20:34.147102+00', 'STAFF'),
	('141462f9-3cb1-41e7-935a-248394e366de', 'cb427b87-1251-4701-bc85-95a4b74c3e57', '73904179-cca9-40ab-a2c4-e509dadbbbbb', '139c6002-bdd7-4924-9db4-16f14e283d89', 'front', 'aadhaar', 'ce33ec92-6684-4100-992b-c12377fb928f', '49.207.199.158', '2026-03-15 22:20:34.388387+00', 'STAFF'),
	('d934d7e4-2875-4fc5-86c3-5ad2a807a1fd', 'cb427b87-1251-4701-bc85-95a4b74c3e57', '73904179-cca9-40ab-a2c4-e509dadbbbbb', '139c6002-bdd7-4924-9db4-16f14e283d89', 'back', 'aadhaar', 'ce33ec92-6684-4100-992b-c12377fb928f', '49.207.199.158', '2026-03-15 22:20:34.65584+00', 'STAFF'),
	('4b824356-8886-43a4-a26b-b958ff3883da', 'cb427b87-1251-4701-bc85-95a4b74c3e57', '73904179-cca9-40ab-a2c4-e509dadbbbbb', '139c6002-bdd7-4924-9db4-16f14e283d89', 'back', 'aadhaar', 'ce33ec92-6684-4100-992b-c12377fb928f', '49.207.199.158', '2026-03-15 22:20:34.861277+00', 'STAFF'),
	('cb2e1384-f66b-48e3-bf85-4c34448ac176', 'cb427b87-1251-4701-bc85-95a4b74c3e57', '73904179-cca9-40ab-a2c4-e509dadbbbbb', '139c6002-bdd7-4924-9db4-16f14e283d89', 'front', 'aadhaar', 'ce33ec92-6684-4100-992b-c12377fb928f', '49.207.199.158', '2026-03-15 22:22:17.809106+00', 'STAFF'),
	('e904ece2-ce87-446e-8dd4-e95058332cfd', 'cb427b87-1251-4701-bc85-95a4b74c3e57', '73904179-cca9-40ab-a2c4-e509dadbbbbb', '139c6002-bdd7-4924-9db4-16f14e283d89', 'front', 'aadhaar', 'ce33ec92-6684-4100-992b-c12377fb928f', '49.207.199.158', '2026-03-15 22:22:17.816946+00', 'STAFF'),
	('1d0e17ab-4b6e-472d-aa12-7f48e4cd303f', 'cb427b87-1251-4701-bc85-95a4b74c3e57', '73904179-cca9-40ab-a2c4-e509dadbbbbb', '139c6002-bdd7-4924-9db4-16f14e283d89', 'back', 'aadhaar', 'ce33ec92-6684-4100-992b-c12377fb928f', '49.207.199.158', '2026-03-15 22:22:18.256509+00', 'STAFF'),
	('91a613d0-4ed2-4051-95a6-ec4439a8de5c', 'cb427b87-1251-4701-bc85-95a4b74c3e57', '73904179-cca9-40ab-a2c4-e509dadbbbbb', '139c6002-bdd7-4924-9db4-16f14e283d89', 'back', 'aadhaar', 'ce33ec92-6684-4100-992b-c12377fb928f', '49.207.199.158', '2026-03-15 22:22:18.517781+00', 'STAFF'),
	('86b80e9d-45be-438e-8fc2-3bb5ec43db49', 'cb427b87-1251-4701-bc85-95a4b74c3e57', '73904179-cca9-40ab-a2c4-e509dadbbbbb', '139c6002-bdd7-4924-9db4-16f14e283d89', 'front', 'aadhaar', 'ce33ec92-6684-4100-992b-c12377fb928f', '49.207.199.158', '2026-03-16 11:12:50.47148+00', 'STAFF'),
	('38cdc79e-eb35-4d6b-81a6-70f5efe980bb', 'cb427b87-1251-4701-bc85-95a4b74c3e57', '73904179-cca9-40ab-a2c4-e509dadbbbbb', '139c6002-bdd7-4924-9db4-16f14e283d89', 'front', 'aadhaar', 'ce33ec92-6684-4100-992b-c12377fb928f', '49.207.199.158', '2026-03-16 11:12:54.090767+00', 'STAFF'),
	('70419d0c-eed8-4df1-b164-02675db94487', 'cb427b87-1251-4701-bc85-95a4b74c3e57', '73904179-cca9-40ab-a2c4-e509dadbbbbb', '139c6002-bdd7-4924-9db4-16f14e283d89', 'front', 'aadhaar', 'ce33ec92-6684-4100-992b-c12377fb928f', '49.207.199.158', '2026-03-16 11:18:00.920972+00', 'STAFF'),
	('8bb0fdaa-ea96-4b5e-9d37-5445f0f878cd', 'cb427b87-1251-4701-bc85-95a4b74c3e57', '73904179-cca9-40ab-a2c4-e509dadbbbbb', '139c6002-bdd7-4924-9db4-16f14e283d89', 'front', 'aadhaar', 'ce33ec92-6684-4100-992b-c12377fb928f', '49.207.199.158', '2026-03-16 11:18:00.920253+00', 'STAFF'),
	('c1d2ec4b-2405-4038-b8fd-7bffeeeed67a', 'cb427b87-1251-4701-bc85-95a4b74c3e57', '73904179-cca9-40ab-a2c4-e509dadbbbbb', '139c6002-bdd7-4924-9db4-16f14e283d89', 'front', 'aadhaar', 'ce33ec92-6684-4100-992b-c12377fb928f', '49.207.199.158', '2026-03-16 11:22:42.79822+00', 'STAFF'),
	('02045abd-47c6-4308-bb8e-bba47e3a10c8', 'cb427b87-1251-4701-bc85-95a4b74c3e57', '73904179-cca9-40ab-a2c4-e509dadbbbbb', '139c6002-bdd7-4924-9db4-16f14e283d89', 'front', 'aadhaar', 'ce33ec92-6684-4100-992b-c12377fb928f', '49.207.199.158', '2026-03-16 11:22:42.838484+00', 'STAFF'),
	('2f9564ed-b37d-4c97-ab29-7676b82555b7', 'cb427b87-1251-4701-bc85-95a4b74c3e57', '73904179-cca9-40ab-a2c4-e509dadbbbbb', '139c6002-bdd7-4924-9db4-16f14e283d89', 'back', 'aadhaar', 'ce33ec92-6684-4100-992b-c12377fb928f', '49.207.199.158', '2026-03-16 11:22:43.436617+00', 'STAFF'),
	('5ea556f1-b716-46b7-a907-295772487eba', 'cb427b87-1251-4701-bc85-95a4b74c3e57', '73904179-cca9-40ab-a2c4-e509dadbbbbb', '139c6002-bdd7-4924-9db4-16f14e283d89', 'back', 'aadhaar', 'ce33ec92-6684-4100-992b-c12377fb928f', '49.207.199.158', '2026-03-16 11:22:43.54906+00', 'STAFF'),
	('3e5abacc-0c31-46ca-8116-f7bfa89fa80e', 'cb427b87-1251-4701-bc85-95a4b74c3e57', NULL, '139c6002-bdd7-4924-9db4-16f14e283d89', 'front', 'aadhaar', '95a766ad-5cb8-433c-b322-098b53b15ae4', '49.207.199.158', '2026-03-16 11:37:19.913835+00', 'PRECHECKIN_TOKEN'),
	('2094038e-86e2-4ef6-8cee-87219f588ef1', 'cb427b87-1251-4701-bc85-95a4b74c3e57', NULL, '139c6002-bdd7-4924-9db4-16f14e283d89', 'back', 'aadhaar', '95a766ad-5cb8-433c-b322-098b53b15ae4', '49.207.199.158', '2026-03-16 11:37:19.90817+00', 'PRECHECKIN_TOKEN'),
	('0fe31286-f7b7-4284-8702-8bf57f343acb', 'cb427b87-1251-4701-bc85-95a4b74c3e57', NULL, '139c6002-bdd7-4924-9db4-16f14e283d89', 'front', 'aadhaar', '95a766ad-5cb8-433c-b322-098b53b15ae4', '49.207.199.158', '2026-03-16 11:37:19.917081+00', 'PRECHECKIN_TOKEN'),
	('c314618c-09a7-4391-985c-7620a0be3ca1', 'cb427b87-1251-4701-bc85-95a4b74c3e57', NULL, '139c6002-bdd7-4924-9db4-16f14e283d89', 'back', 'aadhaar', '95a766ad-5cb8-433c-b322-098b53b15ae4', '49.207.199.158', '2026-03-16 11:37:21.966715+00', 'PRECHECKIN_TOKEN'),
	('c55697af-7e19-4564-a967-8f14bcbd763a', 'cb427b87-1251-4701-bc85-95a4b74c3e57', NULL, '139c6002-bdd7-4924-9db4-16f14e283d89', 'back', 'aadhaar', '95a766ad-5cb8-433c-b322-098b53b15ae4', '49.207.199.158', '2026-03-16 13:31:09.759502+00', 'PRECHECKIN_TOKEN'),
	('fb399866-9819-4eda-852c-6533b727737f', 'cb427b87-1251-4701-bc85-95a4b74c3e57', NULL, '139c6002-bdd7-4924-9db4-16f14e283d89', 'front', 'aadhaar', '95a766ad-5cb8-433c-b322-098b53b15ae4', '49.207.199.158', '2026-03-16 13:31:09.762977+00', 'PRECHECKIN_TOKEN'),
	('b340eba8-2faf-4547-93a5-2dd30ecd7f61', 'cb427b87-1251-4701-bc85-95a4b74c3e57', NULL, '139c6002-bdd7-4924-9db4-16f14e283d89', 'front', 'aadhaar', '95a766ad-5cb8-433c-b322-098b53b15ae4', '49.207.199.158', '2026-03-16 13:31:09.805035+00', 'PRECHECKIN_TOKEN'),
	('84552ced-ff18-45f2-99bf-26d5cca80c05', 'cb427b87-1251-4701-bc85-95a4b74c3e57', NULL, '139c6002-bdd7-4924-9db4-16f14e283d89', 'back', 'aadhaar', '95a766ad-5cb8-433c-b322-098b53b15ae4', '49.207.199.158', '2026-03-16 13:31:09.80544+00', 'PRECHECKIN_TOKEN'),
	('88e921d4-e5ef-4bd7-b876-1fe0a532df45', 'cb427b87-1251-4701-bc85-95a4b74c3e57', NULL, '139c6002-bdd7-4924-9db4-16f14e283d89', 'back', 'aadhaar', '95a766ad-5cb8-433c-b322-098b53b15ae4', '49.207.199.158', '2026-03-16 13:38:53.256424+00', 'PRECHECKIN_TOKEN'),
	('c1f4f21b-48fa-4401-9f67-d15819f6327e', 'cb427b87-1251-4701-bc85-95a4b74c3e57', NULL, '139c6002-bdd7-4924-9db4-16f14e283d89', 'front', 'aadhaar', '95a766ad-5cb8-433c-b322-098b53b15ae4', '49.207.199.158', '2026-03-16 13:38:53.258054+00', 'PRECHECKIN_TOKEN'),
	('637aaa32-d17d-4cd5-b018-a78dfcd57e78', 'cb427b87-1251-4701-bc85-95a4b74c3e57', NULL, '139c6002-bdd7-4924-9db4-16f14e283d89', 'back', 'aadhaar', '95a766ad-5cb8-433c-b322-098b53b15ae4', '49.207.199.158', '2026-03-16 13:38:53.256007+00', 'PRECHECKIN_TOKEN'),
	('153ed6eb-9fb7-4a3e-a8f1-8194f0a9a712', 'cb427b87-1251-4701-bc85-95a4b74c3e57', NULL, '139c6002-bdd7-4924-9db4-16f14e283d89', 'front', 'aadhaar', '95a766ad-5cb8-433c-b322-098b53b15ae4', '49.207.199.158', '2026-03-16 13:38:54.358914+00', 'PRECHECKIN_TOKEN'),
	('62688ff3-9df8-4c14-9d77-8b6ea7af8383', 'cb427b87-1251-4701-bc85-95a4b74c3e57', '73904179-cca9-40ab-a2c4-e509dadbbbbb', '139c6002-bdd7-4924-9db4-16f14e283d89', 'front', 'aadhaar', 'ce33ec92-6684-4100-992b-c12377fb928f', '49.207.199.158', '2026-03-16 13:40:46.465306+00', 'STAFF'),
	('bec4da73-5dbb-4ab4-b5c0-105ab3f957a5', 'cb427b87-1251-4701-bc85-95a4b74c3e57', '73904179-cca9-40ab-a2c4-e509dadbbbbb', '139c6002-bdd7-4924-9db4-16f14e283d89', 'back', 'aadhaar', 'ce33ec92-6684-4100-992b-c12377fb928f', '49.207.199.158', '2026-03-16 13:40:47.386884+00', 'STAFF'),
	('f83a10f5-648a-4453-ad8e-7818af14e7fb', 'cb427b87-1251-4701-bc85-95a4b74c3e57', '73904179-cca9-40ab-a2c4-e509dadbbbbb', '139c6002-bdd7-4924-9db4-16f14e283d89', 'front', 'aadhaar', 'ce33ec92-6684-4100-992b-c12377fb928f', '49.207.199.158', '2026-03-16 13:40:49.818051+00', 'STAFF'),
	('a8ae65a1-ba6b-4b25-9b9c-f7055a26721d', 'cb427b87-1251-4701-bc85-95a4b74c3e57', '73904179-cca9-40ab-a2c4-e509dadbbbbb', '139c6002-bdd7-4924-9db4-16f14e283d89', 'back', 'aadhaar', 'ce33ec92-6684-4100-992b-c12377fb928f', '49.207.199.158', '2026-03-16 13:40:50.37442+00', 'STAFF'),
	('8f4278f6-90fe-4372-adbd-ff4e7c522588', 'cf838ade-19e4-448c-bcb3-dbc4e307fbd4', '64847cf8-136b-445d-b34b-fe6e18a6d020', 'e10eca3b-3102-41fc-8006-c1b4b70e00e6', 'front', 'aadhaar', '652b5015-3015-4438-ae1f-057454cea662', '49.36.222.229', '2026-03-16 17:52:19.549582+00', 'STAFF'),
	('bafdd437-3a29-4725-a7a8-cffe40684848', 'cf838ade-19e4-448c-bcb3-dbc4e307fbd4', '64847cf8-136b-445d-b34b-fe6e18a6d020', 'e10eca3b-3102-41fc-8006-c1b4b70e00e6', 'back', 'aadhaar', '652b5015-3015-4438-ae1f-057454cea662', '49.36.222.229', '2026-03-16 17:52:19.55498+00', 'STAFF'),
	('346eda76-f811-41d7-873b-d2fe52048c54', '4d03f8d8-9dad-4b7b-b8f0-d18e58884750', '64847cf8-136b-445d-b34b-fe6e18a6d020', 'e10eca3b-3102-41fc-8006-c1b4b70e00e6', 'back', 'aadhaar', '8a1cc230-8c18-4088-a95f-b0bfc050ebb8', '49.36.222.229', '2026-03-16 18:20:08.551776+00', 'STAFF'),
	('dd7dab8a-0db0-48e8-84ca-1ed6c43b148c', '4d03f8d8-9dad-4b7b-b8f0-d18e58884750', '64847cf8-136b-445d-b34b-fe6e18a6d020', 'e10eca3b-3102-41fc-8006-c1b4b70e00e6', 'front', 'aadhaar', '8a1cc230-8c18-4088-a95f-b0bfc050ebb8', '49.36.222.229', '2026-03-16 18:20:08.754076+00', 'STAFF'),
	('a51fb977-d43b-4bcd-aaf8-0f1762d04fc2', 'cb427b87-1251-4701-bc85-95a4b74c3e57', '73904179-cca9-40ab-a2c4-e509dadbbbbb', '139c6002-bdd7-4924-9db4-16f14e283d89', 'back', 'aadhaar', 'ce33ec92-6684-4100-992b-c12377fb928f', '49.207.199.158', '2026-03-17 04:00:59.096342+00', 'STAFF'),
	('3feaa0d1-d877-49e0-96b8-67fc44a064a4', 'cb427b87-1251-4701-bc85-95a4b74c3e57', '73904179-cca9-40ab-a2c4-e509dadbbbbb', '139c6002-bdd7-4924-9db4-16f14e283d89', 'front', 'aadhaar', 'ce33ec92-6684-4100-992b-c12377fb928f', '49.207.199.158', '2026-03-17 04:00:59.099536+00', 'STAFF'),
	('d7e42fb5-d65d-46b9-bc1d-789aa1aeff66', 'cb427b87-1251-4701-bc85-95a4b74c3e57', '73904179-cca9-40ab-a2c4-e509dadbbbbb', '139c6002-bdd7-4924-9db4-16f14e283d89', 'front', 'aadhaar', 'ce33ec92-6684-4100-992b-c12377fb928f', '49.207.199.158', '2026-03-17 04:00:59.137742+00', 'STAFF'),
	('edaa1ee4-ba34-418f-bef9-f8b1d0de18ed', 'cb427b87-1251-4701-bc85-95a4b74c3e57', '73904179-cca9-40ab-a2c4-e509dadbbbbb', '139c6002-bdd7-4924-9db4-16f14e283d89', 'back', 'aadhaar', 'ce33ec92-6684-4100-992b-c12377fb928f', '49.207.199.158', '2026-03-17 04:00:59.150927+00', 'STAFF'),
	('11024384-4c04-48ac-9549-9073c42eaa61', 'cb427b87-1251-4701-bc85-95a4b74c3e57', '73904179-cca9-40ab-a2c4-e509dadbbbbb', '139c6002-bdd7-4924-9db4-16f14e283d89', 'front', 'aadhaar', 'ce33ec92-6684-4100-992b-c12377fb928f', '49.207.199.158', '2026-03-17 04:16:26.93193+00', 'STAFF'),
	('145c0e82-f0d6-4198-bf7a-1e7823bd2257', 'cb427b87-1251-4701-bc85-95a4b74c3e57', '73904179-cca9-40ab-a2c4-e509dadbbbbb', '139c6002-bdd7-4924-9db4-16f14e283d89', 'back', 'aadhaar', 'ce33ec92-6684-4100-992b-c12377fb928f', '49.207.199.158', '2026-03-17 04:16:26.937788+00', 'STAFF'),
	('65c3dd01-68ad-4a59-85b2-da202f7ef27d', 'cb427b87-1251-4701-bc85-95a4b74c3e57', '73904179-cca9-40ab-a2c4-e509dadbbbbb', '139c6002-bdd7-4924-9db4-16f14e283d89', 'back', 'aadhaar', 'ce33ec92-6684-4100-992b-c12377fb928f', '49.207.199.158', '2026-03-17 04:16:26.94811+00', 'STAFF'),
	('ce05bf92-07b5-42ed-beab-8be687759385', 'cb427b87-1251-4701-bc85-95a4b74c3e57', '73904179-cca9-40ab-a2c4-e509dadbbbbb', '139c6002-bdd7-4924-9db4-16f14e283d89', 'front', 'aadhaar', 'ce33ec92-6684-4100-992b-c12377fb928f', '49.207.199.158', '2026-03-17 04:16:26.947015+00', 'STAFF'),
	('52de578f-86a3-4ee4-88d2-891b1d376ba5', 'cb427b87-1251-4701-bc85-95a4b74c3e57', '73904179-cca9-40ab-a2c4-e509dadbbbbb', '139c6002-bdd7-4924-9db4-16f14e283d89', 'front', 'aadhaar', 'ce33ec92-6684-4100-992b-c12377fb928f', '49.207.199.158', '2026-03-17 04:16:43.775645+00', 'STAFF'),
	('79ea16c4-3693-4147-b76b-40fad1ddfcfe', 'cb427b87-1251-4701-bc85-95a4b74c3e57', '73904179-cca9-40ab-a2c4-e509dadbbbbb', '139c6002-bdd7-4924-9db4-16f14e283d89', 'back', 'aadhaar', 'ce33ec92-6684-4100-992b-c12377fb928f', '49.207.199.158', '2026-03-17 04:16:43.820989+00', 'STAFF'),
	('45d33ea9-4031-4ea5-b212-b5b03ddc1401', 'cb427b87-1251-4701-bc85-95a4b74c3e57', '73904179-cca9-40ab-a2c4-e509dadbbbbb', '139c6002-bdd7-4924-9db4-16f14e283d89', 'back', 'aadhaar', 'ce33ec92-6684-4100-992b-c12377fb928f', '49.207.199.158', '2026-03-17 04:16:43.938599+00', 'STAFF'),
	('74d0068b-3036-429f-9254-8ca1b2c49711', 'cb427b87-1251-4701-bc85-95a4b74c3e57', '73904179-cca9-40ab-a2c4-e509dadbbbbb', '139c6002-bdd7-4924-9db4-16f14e283d89', 'front', 'aadhaar', 'ce33ec92-6684-4100-992b-c12377fb928f', '49.207.199.158', '2026-03-17 04:16:44.556513+00', 'STAFF'),
	('4cf838e8-a01a-445a-b90b-d28139e6e522', 'cb427b87-1251-4701-bc85-95a4b74c3e57', '73904179-cca9-40ab-a2c4-e509dadbbbbb', '139c6002-bdd7-4924-9db4-16f14e283d89', 'back', 'aadhaar', 'ce33ec92-6684-4100-992b-c12377fb928f', '49.207.199.158', '2026-03-17 04:34:12.327719+00', 'STAFF'),
	('a692cf62-2940-4903-bce7-8877ed23652f', 'cb427b87-1251-4701-bc85-95a4b74c3e57', '73904179-cca9-40ab-a2c4-e509dadbbbbb', '139c6002-bdd7-4924-9db4-16f14e283d89', 'back', 'aadhaar', 'ce33ec92-6684-4100-992b-c12377fb928f', '49.207.199.158', '2026-03-17 04:34:12.325107+00', 'STAFF'),
	('0a2c8327-a6cf-4941-b38a-0a080e050aea', 'cb427b87-1251-4701-bc85-95a4b74c3e57', '73904179-cca9-40ab-a2c4-e509dadbbbbb', '139c6002-bdd7-4924-9db4-16f14e283d89', 'front', 'aadhaar', 'ce33ec92-6684-4100-992b-c12377fb928f', '49.207.199.158', '2026-03-17 04:34:12.328777+00', 'STAFF'),
	('9983566a-660b-413f-9dd3-fb71e45b786e', 'cb427b87-1251-4701-bc85-95a4b74c3e57', '73904179-cca9-40ab-a2c4-e509dadbbbbb', '139c6002-bdd7-4924-9db4-16f14e283d89', 'front', 'aadhaar', 'ce33ec92-6684-4100-992b-c12377fb928f', '49.207.199.158', '2026-03-17 04:34:12.339417+00', 'STAFF'),
	('07855fab-2604-4700-9eb3-979276c22255', 'cb427b87-1251-4701-bc85-95a4b74c3e57', '73904179-cca9-40ab-a2c4-e509dadbbbbb', '139c6002-bdd7-4924-9db4-16f14e283d89', 'front', 'aadhaar', 'ce33ec92-6684-4100-992b-c12377fb928f', '49.207.199.158', '2026-03-17 04:34:19.154204+00', 'STAFF'),
	('68a32a17-209d-443d-beee-769b2ee4f700', 'cb427b87-1251-4701-bc85-95a4b74c3e57', '73904179-cca9-40ab-a2c4-e509dadbbbbb', '139c6002-bdd7-4924-9db4-16f14e283d89', 'back', 'aadhaar', 'ce33ec92-6684-4100-992b-c12377fb928f', '49.207.199.158', '2026-03-17 04:34:19.155311+00', 'STAFF'),
	('9eb6995d-7542-413b-bb54-ec3b7da146b8', 'cb427b87-1251-4701-bc85-95a4b74c3e57', '73904179-cca9-40ab-a2c4-e509dadbbbbb', '139c6002-bdd7-4924-9db4-16f14e283d89', 'front', 'aadhaar', 'ce33ec92-6684-4100-992b-c12377fb928f', '49.207.199.158', '2026-03-17 04:34:19.246959+00', 'STAFF'),
	('d695d940-53ff-4e1a-a00c-ef8512c5d941', 'cb427b87-1251-4701-bc85-95a4b74c3e57', '73904179-cca9-40ab-a2c4-e509dadbbbbb', '139c6002-bdd7-4924-9db4-16f14e283d89', 'back', 'aadhaar', 'ce33ec92-6684-4100-992b-c12377fb928f', '49.207.199.158', '2026-03-17 04:34:19.278185+00', 'STAFF'),
	('3aed8cc3-3ea3-4cc9-8e68-1012fba1513f', 'cb427b87-1251-4701-bc85-95a4b74c3e57', '73904179-cca9-40ab-a2c4-e509dadbbbbb', '139c6002-bdd7-4924-9db4-16f14e283d89', 'back', 'aadhaar', 'ce33ec92-6684-4100-992b-c12377fb928f', '49.207.199.158', '2026-03-17 04:42:53.620971+00', 'STAFF'),
	('ec991c8d-5788-4cdd-9481-692686a8b193', 'cb427b87-1251-4701-bc85-95a4b74c3e57', '73904179-cca9-40ab-a2c4-e509dadbbbbb', '139c6002-bdd7-4924-9db4-16f14e283d89', 'back', 'aadhaar', 'ce33ec92-6684-4100-992b-c12377fb928f', '49.207.199.158', '2026-03-17 04:42:53.618673+00', 'STAFF'),
	('36d3a763-a48d-4d46-bda4-6fe6d80dad0a', 'cb427b87-1251-4701-bc85-95a4b74c3e57', '73904179-cca9-40ab-a2c4-e509dadbbbbb', '139c6002-bdd7-4924-9db4-16f14e283d89', 'front', 'aadhaar', 'ce33ec92-6684-4100-992b-c12377fb928f', '49.207.199.158', '2026-03-17 04:42:53.625009+00', 'STAFF'),
	('28c83594-ffc9-4be5-90a5-5949d283bae8', 'cb427b87-1251-4701-bc85-95a4b74c3e57', '73904179-cca9-40ab-a2c4-e509dadbbbbb', '139c6002-bdd7-4924-9db4-16f14e283d89', 'front', 'aadhaar', 'ce33ec92-6684-4100-992b-c12377fb928f', '49.207.199.158', '2026-03-17 04:42:53.65629+00', 'STAFF'),
	('c7cc41a5-264d-4b9e-9951-572e3fd07e32', 'cb427b87-1251-4701-bc85-95a4b74c3e57', '73904179-cca9-40ab-a2c4-e509dadbbbbb', '139c6002-bdd7-4924-9db4-16f14e283d89', 'front', 'aadhaar', 'ce33ec92-6684-4100-992b-c12377fb928f', '49.207.199.158', '2026-03-17 04:43:04.206862+00', 'STAFF'),
	('da19e90a-d9b5-42d5-9474-c9c9ec359e28', 'cb427b87-1251-4701-bc85-95a4b74c3e57', '73904179-cca9-40ab-a2c4-e509dadbbbbb', '139c6002-bdd7-4924-9db4-16f14e283d89', 'back', 'aadhaar', 'ce33ec92-6684-4100-992b-c12377fb928f', '49.207.199.158', '2026-03-17 04:43:04.21422+00', 'STAFF'),
	('74a71c47-9b03-4711-822c-a008af2b9b0f', 'cb427b87-1251-4701-bc85-95a4b74c3e57', '73904179-cca9-40ab-a2c4-e509dadbbbbb', '139c6002-bdd7-4924-9db4-16f14e283d89', 'back', 'aadhaar', 'ce33ec92-6684-4100-992b-c12377fb928f', '49.207.199.158', '2026-03-17 04:43:04.270509+00', 'STAFF'),
	('615513b5-3552-449e-9385-a5ab4ea41f2f', 'cb427b87-1251-4701-bc85-95a4b74c3e57', '73904179-cca9-40ab-a2c4-e509dadbbbbb', '139c6002-bdd7-4924-9db4-16f14e283d89', 'front', 'aadhaar', 'ce33ec92-6684-4100-992b-c12377fb928f', '49.207.199.158', '2026-03-17 04:43:04.4283+00', 'STAFF'),
	('e983c7da-d330-48eb-8f13-59d26801ce69', 'cb427b87-1251-4701-bc85-95a4b74c3e57', '73904179-cca9-40ab-a2c4-e509dadbbbbb', '139c6002-bdd7-4924-9db4-16f14e283d89', 'front', 'aadhaar', 'ce33ec92-6684-4100-992b-c12377fb928f', '49.207.199.158', '2026-03-17 04:43:33.243703+00', 'STAFF'),
	('0825005a-3fc3-4569-8692-1c64bc535e24', 'cb427b87-1251-4701-bc85-95a4b74c3e57', '73904179-cca9-40ab-a2c4-e509dadbbbbb', '139c6002-bdd7-4924-9db4-16f14e283d89', 'front', 'aadhaar', 'ce33ec92-6684-4100-992b-c12377fb928f', '49.207.199.158', '2026-03-17 04:43:33.316346+00', 'STAFF'),
	('b31ca534-9cb7-4760-a134-2b7f58d4f65d', 'cb427b87-1251-4701-bc85-95a4b74c3e57', '73904179-cca9-40ab-a2c4-e509dadbbbbb', '139c6002-bdd7-4924-9db4-16f14e283d89', 'front', 'aadhaar', 'ce33ec92-6684-4100-992b-c12377fb928f', '49.207.199.158', '2026-03-17 05:04:52.08099+00', 'STAFF'),
	('936d5493-8df4-437a-8c52-5533156a7d7f', 'cb427b87-1251-4701-bc85-95a4b74c3e57', '73904179-cca9-40ab-a2c4-e509dadbbbbb', '139c6002-bdd7-4924-9db4-16f14e283d89', 'back', 'aadhaar', 'ce33ec92-6684-4100-992b-c12377fb928f', '49.207.199.158', '2026-03-17 05:04:52.084701+00', 'STAFF'),
	('eed4b34c-2cdd-465d-b9b0-6e62a55685a8', 'cb427b87-1251-4701-bc85-95a4b74c3e57', '73904179-cca9-40ab-a2c4-e509dadbbbbb', '139c6002-bdd7-4924-9db4-16f14e283d89', 'back', 'aadhaar', 'ce33ec92-6684-4100-992b-c12377fb928f', '49.207.199.158', '2026-03-17 05:04:52.085327+00', 'STAFF'),
	('5fa12e9f-0f53-460d-b175-eba47c112c84', 'cb427b87-1251-4701-bc85-95a4b74c3e57', '73904179-cca9-40ab-a2c4-e509dadbbbbb', '139c6002-bdd7-4924-9db4-16f14e283d89', 'front', 'aadhaar', 'ce33ec92-6684-4100-992b-c12377fb928f', '49.207.199.158', '2026-03-17 05:04:52.129756+00', 'STAFF'),
	('a4e84bdc-7deb-4d1d-9cf5-adb4cfd42844', 'cb427b87-1251-4701-bc85-95a4b74c3e57', '73904179-cca9-40ab-a2c4-e509dadbbbbb', '139c6002-bdd7-4924-9db4-16f14e283d89', 'front', 'aadhaar', 'ce33ec92-6684-4100-992b-c12377fb928f', '49.207.199.158', '2026-03-17 13:06:30.596105+00', 'STAFF'),
	('82b8580e-5160-4b4e-b8ab-56c51aee7b4a', 'cb427b87-1251-4701-bc85-95a4b74c3e57', '73904179-cca9-40ab-a2c4-e509dadbbbbb', '139c6002-bdd7-4924-9db4-16f14e283d89', 'back', 'aadhaar', 'ce33ec92-6684-4100-992b-c12377fb928f', '49.207.199.158', '2026-03-17 13:06:30.595896+00', 'STAFF'),
	('7b249995-fcf6-4aa3-8859-f05d17d26827', 'cb427b87-1251-4701-bc85-95a4b74c3e57', '73904179-cca9-40ab-a2c4-e509dadbbbbb', '139c6002-bdd7-4924-9db4-16f14e283d89', 'back', 'aadhaar', 'ce33ec92-6684-4100-992b-c12377fb928f', '49.207.199.158', '2026-03-17 13:06:30.664505+00', 'STAFF'),
	('c4fba7fb-fcee-41bb-ad00-804f32478cff', 'cb427b87-1251-4701-bc85-95a4b74c3e57', '73904179-cca9-40ab-a2c4-e509dadbbbbb', '139c6002-bdd7-4924-9db4-16f14e283d89', 'front', 'aadhaar', 'ce33ec92-6684-4100-992b-c12377fb928f', '49.207.199.158', '2026-03-17 13:06:30.737109+00', 'STAFF'),
	('1a97864a-8e7c-49e2-9d22-52ad63738402', 'cb427b87-1251-4701-bc85-95a4b74c3e57', '73904179-cca9-40ab-a2c4-e509dadbbbbb', '139c6002-bdd7-4924-9db4-16f14e283d89', 'front', 'aadhaar', 'ce33ec92-6684-4100-992b-c12377fb928f', '49.207.199.158', '2026-03-17 13:11:03.74975+00', 'STAFF'),
	('66346691-9b26-4e32-8258-59c5136b6a64', 'cb427b87-1251-4701-bc85-95a4b74c3e57', '73904179-cca9-40ab-a2c4-e509dadbbbbb', '139c6002-bdd7-4924-9db4-16f14e283d89', 'back', 'aadhaar', 'ce33ec92-6684-4100-992b-c12377fb928f', '49.207.199.158', '2026-03-17 13:11:03.766924+00', 'STAFF'),
	('c9a2e8ff-a976-4519-bd6c-a249748d447f', 'cb427b87-1251-4701-bc85-95a4b74c3e57', '73904179-cca9-40ab-a2c4-e509dadbbbbb', '139c6002-bdd7-4924-9db4-16f14e283d89', 'back', 'aadhaar', 'ce33ec92-6684-4100-992b-c12377fb928f', '49.207.199.158', '2026-03-17 13:11:03.802443+00', 'STAFF'),
	('b13907dd-e9d4-4e8f-8b88-885a5e3f47ce', 'cb427b87-1251-4701-bc85-95a4b74c3e57', '73904179-cca9-40ab-a2c4-e509dadbbbbb', '139c6002-bdd7-4924-9db4-16f14e283d89', 'front', 'aadhaar', 'ce33ec92-6684-4100-992b-c12377fb928f', '49.207.199.158', '2026-03-17 13:11:03.808932+00', 'STAFF'),
	('bc015fd1-27ad-43d7-a98f-71a1c476af41', '76f60bc3-4978-4258-8150-f9cc9a70a158', '64847cf8-136b-445d-b34b-fe6e18a6d020', '5780fa80-3e6b-44d0-b87e-2b4015f78c8b', 'back', 'aadhaar', 'f4ea76ed-34ec-46e7-a2f1-631c8b05825c', '49.36.220.100', '2026-03-23 12:07:30.65256+00', 'STAFF'),
	('758367bc-420a-4e1a-84a0-b7875b292257', '76f60bc3-4978-4258-8150-f9cc9a70a158', '64847cf8-136b-445d-b34b-fe6e18a6d020', '5780fa80-3e6b-44d0-b87e-2b4015f78c8b', 'front', 'aadhaar', 'f4ea76ed-34ec-46e7-a2f1-631c8b05825c', '49.36.220.100', '2026-03-23 12:07:30.664936+00', 'STAFF'),
	('cc6b3770-e229-4379-a2d4-8e6c4c59d23c', '76f60bc3-4978-4258-8150-f9cc9a70a158', NULL, 'e10eca3b-3102-41fc-8006-c1b4b70e00e6', 'front', 'aadhaar', 'bb329635-eb67-48a3-ae19-8de6a9ec01bb', '24.239.150.13', '2026-03-29 17:44:05.030922+00', 'PRECHECKIN_TOKEN'),
	('91d562e8-26e2-4854-88d8-156ff1d8d62b', '76f60bc3-4978-4258-8150-f9cc9a70a158', NULL, 'e10eca3b-3102-41fc-8006-c1b4b70e00e6', 'back', 'aadhaar', 'bb329635-eb67-48a3-ae19-8de6a9ec01bb', '24.239.150.13', '2026-03-29 17:44:05.047019+00', 'PRECHECKIN_TOKEN'),
	('37a7e02e-83fa-4f51-9fd0-2b16747e9c22', '76f60bc3-4978-4258-8150-f9cc9a70a158', '64847cf8-136b-445d-b34b-fe6e18a6d020', '5780fa80-3e6b-44d0-b87e-2b4015f78c8b', 'back', 'aadhaar', 'f4ea76ed-34ec-46e7-a2f1-631c8b05825c', '49.36.221.7', '2026-03-29 17:50:54.894249+00', 'STAFF'),
	('f39dbd2a-5da1-406d-a06d-3e284d1b2ec0', '76f60bc3-4978-4258-8150-f9cc9a70a158', '64847cf8-136b-445d-b34b-fe6e18a6d020', '5780fa80-3e6b-44d0-b87e-2b4015f78c8b', 'front', 'aadhaar', 'f4ea76ed-34ec-46e7-a2f1-631c8b05825c', '49.36.221.7', '2026-03-29 17:50:54.896368+00', 'STAFF'),
	('8a105e9f-6278-4c87-bc6d-03f321d605ae', '76f60bc3-4978-4258-8150-f9cc9a70a158', '64847cf8-136b-445d-b34b-fe6e18a6d020', '5780fa80-3e6b-44d0-b87e-2b4015f78c8b', 'front', 'aadhaar', 'f4ea76ed-34ec-46e7-a2f1-631c8b05825c', '49.36.221.7', '2026-03-29 17:50:55.631266+00', 'STAFF'),
	('931a59f2-7c94-4c9e-9cb2-2463891cdc5b', 'cf838ade-19e4-448c-bcb3-dbc4e307fbd4', NULL, 'e10eca3b-3102-41fc-8006-c1b4b70e00e6', 'front', 'aadhaar', 'ede4d26a-e6cc-4ab7-941c-247391359b75', '24.239.150.13', '2026-04-03 10:48:50.479409+00', 'PRECHECKIN_TOKEN'),
	('b2501876-3ca2-4733-a7a8-c172c2011a53', 'cf838ade-19e4-448c-bcb3-dbc4e307fbd4', NULL, 'e10eca3b-3102-41fc-8006-c1b4b70e00e6', 'back', 'aadhaar', 'ede4d26a-e6cc-4ab7-941c-247391359b75', '24.239.150.13', '2026-04-03 10:48:50.518077+00', 'PRECHECKIN_TOKEN'),
	('c92adcc1-db2d-4e3c-a2b8-4a47c74145b6', 'cf838ade-19e4-448c-bcb3-dbc4e307fbd4', '64847cf8-136b-445d-b34b-fe6e18a6d020', 'e10eca3b-3102-41fc-8006-c1b4b70e00e6', 'front', 'aadhaar', '3af871cb-b64f-4cd5-bf10-598ddb785115', '24.239.150.13', '2026-04-03 10:55:24.989059+00', 'STAFF'),
	('6da893bd-fc9c-4ac5-81d5-a0a7c194cd11', 'cf838ade-19e4-448c-bcb3-dbc4e307fbd4', '64847cf8-136b-445d-b34b-fe6e18a6d020', 'e10eca3b-3102-41fc-8006-c1b4b70e00e6', 'back', 'aadhaar', '3af871cb-b64f-4cd5-bf10-598ddb785115', '24.239.150.13', '2026-04-03 10:55:25.054026+00', 'STAFF'),
	('4c19cc64-c8c9-4221-bcfc-90bc481a1880', 'cf838ade-19e4-448c-bcb3-dbc4e307fbd4', '64847cf8-136b-445d-b34b-fe6e18a6d020', 'e10eca3b-3102-41fc-8006-c1b4b70e00e6', 'back', 'aadhaar', '3af871cb-b64f-4cd5-bf10-598ddb785115', '24.239.150.13', '2026-04-03 10:55:25.40459+00', 'STAFF'),
	('2ae7f612-2f2e-4cfa-a285-1d4e082d1a50', 'cb427b87-1251-4701-bc85-95a4b74c3e57', '73904179-cca9-40ab-a2c4-e509dadbbbbb', '139c6002-bdd7-4924-9db4-16f14e283d89', 'front', 'aadhaar', 'ce33ec92-6684-4100-992b-c12377fb928f', '49.207.206.201', '2026-04-04 09:15:46.126275+00', 'STAFF'),
	('461af9e3-effe-4721-8d45-df0fcb4cab64', 'cb427b87-1251-4701-bc85-95a4b74c3e57', '73904179-cca9-40ab-a2c4-e509dadbbbbb', '139c6002-bdd7-4924-9db4-16f14e283d89', 'front', 'aadhaar', 'ce33ec92-6684-4100-992b-c12377fb928f', '49.207.206.201', '2026-04-04 09:15:46.282507+00', 'STAFF'),
	('6186e6e6-0aa9-4464-9c20-024d14058fb5', 'cb427b87-1251-4701-bc85-95a4b74c3e57', '73904179-cca9-40ab-a2c4-e509dadbbbbb', '139c6002-bdd7-4924-9db4-16f14e283d89', 'back', 'aadhaar', 'ce33ec92-6684-4100-992b-c12377fb928f', '49.207.206.201', '2026-04-04 09:15:46.533165+00', 'STAFF'),
	('4d61accf-355f-49c8-a51b-4bc26d01d58b', 'cb427b87-1251-4701-bc85-95a4b74c3e57', '73904179-cca9-40ab-a2c4-e509dadbbbbb', '139c6002-bdd7-4924-9db4-16f14e283d89', 'back', 'aadhaar', 'ce33ec92-6684-4100-992b-c12377fb928f', '49.207.206.201', '2026-04-04 09:15:46.671055+00', 'STAFF'),
	('eb92bece-852d-484c-b655-171c5819df80', 'cb427b87-1251-4701-bc85-95a4b74c3e57', '73904179-cca9-40ab-a2c4-e509dadbbbbb', '139c6002-bdd7-4924-9db4-16f14e283d89', 'back', 'aadhaar', 'ce33ec92-6684-4100-992b-c12377fb928f', '49.207.206.201', '2026-04-04 09:15:47.920506+00', 'STAFF'),
	('78251757-c4bb-452a-8f36-30e2edf72f34', 'cb427b87-1251-4701-bc85-95a4b74c3e57', '73904179-cca9-40ab-a2c4-e509dadbbbbb', '139c6002-bdd7-4924-9db4-16f14e283d89', 'front', 'aadhaar', 'ce33ec92-6684-4100-992b-c12377fb928f', '49.207.206.201', '2026-04-04 09:22:01.427807+00', 'STAFF'),
	('76cec990-7027-44df-84a0-b91871459775', 'cb427b87-1251-4701-bc85-95a4b74c3e57', '73904179-cca9-40ab-a2c4-e509dadbbbbb', '139c6002-bdd7-4924-9db4-16f14e283d89', 'front', 'aadhaar', 'ce33ec92-6684-4100-992b-c12377fb928f', '49.207.206.201', '2026-04-04 09:22:01.435908+00', 'STAFF'),
	('a671e6b6-7e81-454c-a5a4-d203e0380d9e', 'cb427b87-1251-4701-bc85-95a4b74c3e57', '73904179-cca9-40ab-a2c4-e509dadbbbbb', '139c6002-bdd7-4924-9db4-16f14e283d89', 'back', 'aadhaar', 'ce33ec92-6684-4100-992b-c12377fb928f', '49.207.206.201', '2026-04-04 09:22:01.513383+00', 'STAFF'),
	('58281dda-3456-437b-930a-726bf495e087', 'cb427b87-1251-4701-bc85-95a4b74c3e57', '73904179-cca9-40ab-a2c4-e509dadbbbbb', '139c6002-bdd7-4924-9db4-16f14e283d89', 'back', 'aadhaar', 'ce33ec92-6684-4100-992b-c12377fb928f', '49.207.206.201', '2026-04-04 09:22:01.678779+00', 'STAFF'),
	('6b02b76c-f51c-4877-8872-f64d01579786', 'cb427b87-1251-4701-bc85-95a4b74c3e57', '73904179-cca9-40ab-a2c4-e509dadbbbbb', '139c6002-bdd7-4924-9db4-16f14e283d89', 'back', 'aadhaar', 'ce33ec92-6684-4100-992b-c12377fb928f', '49.207.206.201', '2026-04-04 09:22:01.942696+00', 'STAFF'),
	('5dc85226-b14c-4ef0-8bb8-ede4ea535993', 'cb427b87-1251-4701-bc85-95a4b74c3e57', '73904179-cca9-40ab-a2c4-e509dadbbbbb', '139c6002-bdd7-4924-9db4-16f14e283d89', 'front', 'aadhaar', 'ce33ec92-6684-4100-992b-c12377fb928f', '49.207.206.201', '2026-04-04 09:22:27.107682+00', 'STAFF'),
	('987e1953-867a-4840-8370-151995cfcb45', 'cb427b87-1251-4701-bc85-95a4b74c3e57', '73904179-cca9-40ab-a2c4-e509dadbbbbb', '139c6002-bdd7-4924-9db4-16f14e283d89', 'back', 'aadhaar', 'ce33ec92-6684-4100-992b-c12377fb928f', '49.207.206.201', '2026-04-04 09:22:27.241283+00', 'STAFF'),
	('17b93386-c037-4149-a34a-3ed68f161d25', 'cb427b87-1251-4701-bc85-95a4b74c3e57', '73904179-cca9-40ab-a2c4-e509dadbbbbb', '139c6002-bdd7-4924-9db4-16f14e283d89', 'back', 'aadhaar', 'ce33ec92-6684-4100-992b-c12377fb928f', '49.207.206.201', '2026-04-04 09:22:27.271973+00', 'STAFF'),
	('4ad9948c-c036-443c-bf67-3c6f02c51fbd', 'cb427b87-1251-4701-bc85-95a4b74c3e57', '73904179-cca9-40ab-a2c4-e509dadbbbbb', '139c6002-bdd7-4924-9db4-16f14e283d89', 'front', 'aadhaar', 'ce33ec92-6684-4100-992b-c12377fb928f', '49.207.206.201', '2026-04-04 09:22:27.293264+00', 'STAFF'),
	('5ff7a3ce-633c-4ea3-8e85-329f8d8aeac5', 'cb427b87-1251-4701-bc85-95a4b74c3e57', '73904179-cca9-40ab-a2c4-e509dadbbbbb', '139c6002-bdd7-4924-9db4-16f14e283d89', 'back', 'aadhaar', 'ce33ec92-6684-4100-992b-c12377fb928f', '49.207.206.201', '2026-04-04 09:22:27.633503+00', 'STAFF'),
	('9074a9ec-7377-470a-818c-216b836d2b5c', 'cb427b87-1251-4701-bc85-95a4b74c3e57', NULL, '139c6002-bdd7-4924-9db4-16f14e283d89', 'front', 'aadhaar', 'e70ef715-4eb4-410b-bd08-23d874c65c43', '49.207.206.201', '2026-04-04 11:11:11.261024+00', 'PRECHECKIN_TOKEN'),
	('c03c3189-93b0-4ad6-b075-f5aaac39ca8c', 'cb427b87-1251-4701-bc85-95a4b74c3e57', NULL, '139c6002-bdd7-4924-9db4-16f14e283d89', 'front', 'aadhaar', 'e70ef715-4eb4-410b-bd08-23d874c65c43', '49.207.206.201', '2026-04-04 11:11:11.268521+00', 'PRECHECKIN_TOKEN'),
	('3bdb0ad6-5632-40fa-aac2-029e9b7e2686', 'cb427b87-1251-4701-bc85-95a4b74c3e57', NULL, '139c6002-bdd7-4924-9db4-16f14e283d89', 'back', 'aadhaar', 'e70ef715-4eb4-410b-bd08-23d874c65c43', '49.207.206.201', '2026-04-04 11:11:11.35484+00', 'PRECHECKIN_TOKEN'),
	('2519f011-6045-4e75-98bf-11eea97aad60', 'cb427b87-1251-4701-bc85-95a4b74c3e57', NULL, '139c6002-bdd7-4924-9db4-16f14e283d89', 'back', 'aadhaar', 'e70ef715-4eb4-410b-bd08-23d874c65c43', '49.207.206.201', '2026-04-04 11:11:11.540587+00', 'PRECHECKIN_TOKEN'),
	('7834a595-9848-421a-b74a-ac4d7984ba95', 'cb427b87-1251-4701-bc85-95a4b74c3e57', '73904179-cca9-40ab-a2c4-e509dadbbbbb', '139c6002-bdd7-4924-9db4-16f14e283d89', 'back', 'aadhaar', 'e70ef715-4eb4-410b-bd08-23d874c65c43', '49.207.206.201', '2026-04-04 11:12:09.011226+00', 'STAFF'),
	('5896bee3-e22a-45a0-8a24-926043a4d425', 'cb427b87-1251-4701-bc85-95a4b74c3e57', '73904179-cca9-40ab-a2c4-e509dadbbbbb', '139c6002-bdd7-4924-9db4-16f14e283d89', 'back', 'aadhaar', 'e70ef715-4eb4-410b-bd08-23d874c65c43', '49.207.206.201', '2026-04-04 11:12:09.004392+00', 'STAFF'),
	('d3356900-bbb9-44ac-8fde-01f0d6b00efe', 'cb427b87-1251-4701-bc85-95a4b74c3e57', '73904179-cca9-40ab-a2c4-e509dadbbbbb', '139c6002-bdd7-4924-9db4-16f14e283d89', 'front', 'aadhaar', 'e70ef715-4eb4-410b-bd08-23d874c65c43', '49.207.206.201', '2026-04-04 11:12:09.022052+00', 'STAFF'),
	('9a02d33d-e225-4dc4-807d-509c3c8f7d97', 'cb427b87-1251-4701-bc85-95a4b74c3e57', '73904179-cca9-40ab-a2c4-e509dadbbbbb', '139c6002-bdd7-4924-9db4-16f14e283d89', 'front', 'aadhaar', 'e70ef715-4eb4-410b-bd08-23d874c65c43', '49.207.206.201', '2026-04-04 11:12:09.049247+00', 'STAFF'),
	('3a905331-2627-4409-834a-416b3105b6e7', 'cb427b87-1251-4701-bc85-95a4b74c3e57', '73904179-cca9-40ab-a2c4-e509dadbbbbb', '139c6002-bdd7-4924-9db4-16f14e283d89', 'front', 'aadhaar', 'e70ef715-4eb4-410b-bd08-23d874c65c43', '49.207.206.201', '2026-04-04 11:12:09.57421+00', 'STAFF'),
	('fd1783b5-5b62-4eb2-bc56-2bc736053882', 'cb427b87-1251-4701-bc85-95a4b74c3e57', '73904179-cca9-40ab-a2c4-e509dadbbbbb', '139c6002-bdd7-4924-9db4-16f14e283d89', 'front', 'aadhaar', 'e70ef715-4eb4-410b-bd08-23d874c65c43', '49.207.206.201', '2026-04-04 11:18:25.58912+00', 'STAFF'),
	('7a9f504e-beba-4286-8c6e-4c420f2a2750', 'cb427b87-1251-4701-bc85-95a4b74c3e57', '73904179-cca9-40ab-a2c4-e509dadbbbbb', '139c6002-bdd7-4924-9db4-16f14e283d89', 'back', 'aadhaar', 'e70ef715-4eb4-410b-bd08-23d874c65c43', '49.207.206.201', '2026-04-04 11:18:25.596075+00', 'STAFF'),
	('04bd3c48-6dc9-412c-a2ed-27d8691d704b', 'cb427b87-1251-4701-bc85-95a4b74c3e57', '73904179-cca9-40ab-a2c4-e509dadbbbbb', '139c6002-bdd7-4924-9db4-16f14e283d89', 'front', 'aadhaar', 'e70ef715-4eb4-410b-bd08-23d874c65c43', '49.207.206.201', '2026-04-04 11:18:25.647185+00', 'STAFF'),
	('932bea58-d577-4ccf-b0a4-ff16f0a45c76', 'cb427b87-1251-4701-bc85-95a4b74c3e57', '73904179-cca9-40ab-a2c4-e509dadbbbbb', '139c6002-bdd7-4924-9db4-16f14e283d89', 'back', 'aadhaar', 'e70ef715-4eb4-410b-bd08-23d874c65c43', '49.207.206.201', '2026-04-04 11:18:25.651323+00', 'STAFF'),
	('782a24a5-620e-45fd-b6f6-56a8cf812146', 'cb427b87-1251-4701-bc85-95a4b74c3e57', '73904179-cca9-40ab-a2c4-e509dadbbbbb', '139c6002-bdd7-4924-9db4-16f14e283d89', 'front', 'aadhaar', 'd89aa49e-e593-44dc-8826-98cfb7d6a963', '49.207.206.201', '2026-04-04 11:54:38.195813+00', 'STAFF'),
	('4f4a42a2-8e07-4177-89b5-77e0d5d53ea2', 'cb427b87-1251-4701-bc85-95a4b74c3e57', '73904179-cca9-40ab-a2c4-e509dadbbbbb', '139c6002-bdd7-4924-9db4-16f14e283d89', 'back', 'aadhaar', 'd89aa49e-e593-44dc-8826-98cfb7d6a963', '49.207.206.201', '2026-04-04 11:54:38.195389+00', 'STAFF'),
	('ba233156-4f07-41f2-a2f3-501e52e60666', 'cb427b87-1251-4701-bc85-95a4b74c3e57', '73904179-cca9-40ab-a2c4-e509dadbbbbb', '139c6002-bdd7-4924-9db4-16f14e283d89', 'back', 'aadhaar', 'd89aa49e-e593-44dc-8826-98cfb7d6a963', '49.207.206.201', '2026-04-04 11:54:38.205279+00', 'STAFF'),
	('8fb4e500-0085-479b-93f3-0159be803570', 'cb427b87-1251-4701-bc85-95a4b74c3e57', '73904179-cca9-40ab-a2c4-e509dadbbbbb', '139c6002-bdd7-4924-9db4-16f14e283d89', 'front', 'aadhaar', 'd89aa49e-e593-44dc-8826-98cfb7d6a963', '49.207.206.201', '2026-04-04 11:54:38.370191+00', 'STAFF'),
	('32681329-f65c-4d3c-bbe9-3fc06f780f49', 'cb427b87-1251-4701-bc85-95a4b74c3e57', '73904179-cca9-40ab-a2c4-e509dadbbbbb', '139c6002-bdd7-4924-9db4-16f14e283d89', 'front', 'aadhaar', 'd89aa49e-e593-44dc-8826-98cfb7d6a963', '49.207.206.201', '2026-04-04 11:54:38.730405+00', 'STAFF'),
	('53aea794-bc2e-4d86-9bd6-5e0150061c70', 'cb427b87-1251-4701-bc85-95a4b74c3e57', '73904179-cca9-40ab-a2c4-e509dadbbbbb', '139c6002-bdd7-4924-9db4-16f14e283d89', 'front', 'aadhaar', 'd89aa49e-e593-44dc-8826-98cfb7d6a963', '49.207.206.201', '2026-04-04 11:54:54.301278+00', 'STAFF'),
	('56c26a61-0d6e-45cc-9c3b-0c02821b5d55', 'cb427b87-1251-4701-bc85-95a4b74c3e57', '73904179-cca9-40ab-a2c4-e509dadbbbbb', '139c6002-bdd7-4924-9db4-16f14e283d89', 'back', 'aadhaar', 'd89aa49e-e593-44dc-8826-98cfb7d6a963', '49.207.206.201', '2026-04-04 11:54:54.307476+00', 'STAFF'),
	('074ed280-42d6-4689-84e8-640618c72512', 'cb427b87-1251-4701-bc85-95a4b74c3e57', '73904179-cca9-40ab-a2c4-e509dadbbbbb', '139c6002-bdd7-4924-9db4-16f14e283d89', 'front', 'aadhaar', 'd89aa49e-e593-44dc-8826-98cfb7d6a963', '49.207.206.201', '2026-04-04 11:54:54.352337+00', 'STAFF'),
	('a31f3d64-2567-4c09-ac99-b9510a2e3b8c', 'cb427b87-1251-4701-bc85-95a4b74c3e57', '73904179-cca9-40ab-a2c4-e509dadbbbbb', '139c6002-bdd7-4924-9db4-16f14e283d89', 'back', 'aadhaar', 'd89aa49e-e593-44dc-8826-98cfb7d6a963', '49.207.206.201', '2026-04-04 11:54:54.356058+00', 'STAFF'),
	('fed91d17-ccf2-4ea0-b89f-af1c54365ded', 'cb427b87-1251-4701-bc85-95a4b74c3e57', '73904179-cca9-40ab-a2c4-e509dadbbbbb', '139c6002-bdd7-4924-9db4-16f14e283d89', 'back', 'aadhaar', 'd89aa49e-e593-44dc-8826-98cfb7d6a963', '49.207.206.201', '2026-04-04 11:54:54.773518+00', 'STAFF'),
	('db9b5f66-2b3e-490d-b009-293bc5237a92', 'cb427b87-1251-4701-bc85-95a4b74c3e57', NULL, '139c6002-bdd7-4924-9db4-16f14e283d89', 'front', 'aadhaar', '6a0272fb-59db-49f3-a648-ffe525406ae1', '49.207.206.201', '2026-04-04 16:48:51.382297+00', 'PRECHECKIN_TOKEN'),
	('679cca06-2557-4b12-b94f-bb601712b509', 'cb427b87-1251-4701-bc85-95a4b74c3e57', NULL, '139c6002-bdd7-4924-9db4-16f14e283d89', 'back', 'aadhaar', '6a0272fb-59db-49f3-a648-ffe525406ae1', '49.207.206.201', '2026-04-04 16:48:51.390987+00', 'PRECHECKIN_TOKEN'),
	('605b68ae-344e-42db-b2b9-f73da827ec7d', 'cb427b87-1251-4701-bc85-95a4b74c3e57', NULL, '139c6002-bdd7-4924-9db4-16f14e283d89', 'back', 'aadhaar', '6a0272fb-59db-49f3-a648-ffe525406ae1', '49.207.206.201', '2026-04-04 16:48:51.505479+00', 'PRECHECKIN_TOKEN'),
	('c24d6303-6e38-411e-806d-51abd43c9dc9', 'cb427b87-1251-4701-bc85-95a4b74c3e57', NULL, '139c6002-bdd7-4924-9db4-16f14e283d89', 'front', 'aadhaar', '6a0272fb-59db-49f3-a648-ffe525406ae1', '49.207.206.201', '2026-04-04 16:48:51.50988+00', 'PRECHECKIN_TOKEN'),
	('b784a562-91ea-41c5-810a-5ce019ca6f81', 'cb427b87-1251-4701-bc85-95a4b74c3e57', '73904179-cca9-40ab-a2c4-e509dadbbbbb', '139c6002-bdd7-4924-9db4-16f14e283d89', 'front', 'aadhaar', 'e7f619c2-9e82-449c-b3d6-9cd0dbb205b9', '49.207.206.201', '2026-04-04 16:52:48.328693+00', 'STAFF'),
	('726f56b6-f4b0-4b82-a661-01b931506522', 'cb427b87-1251-4701-bc85-95a4b74c3e57', '73904179-cca9-40ab-a2c4-e509dadbbbbb', '139c6002-bdd7-4924-9db4-16f14e283d89', 'front', 'aadhaar', 'e7f619c2-9e82-449c-b3d6-9cd0dbb205b9', '49.207.206.201', '2026-04-04 16:52:48.336021+00', 'STAFF'),
	('18d1f6d7-829f-4204-bb8b-ff1c673fd751', 'cb427b87-1251-4701-bc85-95a4b74c3e57', '73904179-cca9-40ab-a2c4-e509dadbbbbb', '139c6002-bdd7-4924-9db4-16f14e283d89', 'back', 'aadhaar', 'e7f619c2-9e82-449c-b3d6-9cd0dbb205b9', '49.207.206.201', '2026-04-04 16:52:48.336129+00', 'STAFF'),
	('0cabc405-6177-4c9f-974f-4d847646faa5', 'cb427b87-1251-4701-bc85-95a4b74c3e57', '73904179-cca9-40ab-a2c4-e509dadbbbbb', '139c6002-bdd7-4924-9db4-16f14e283d89', 'back', 'aadhaar', 'e7f619c2-9e82-449c-b3d6-9cd0dbb205b9', '49.207.206.201', '2026-04-04 16:52:48.338593+00', 'STAFF'),
	('976d08d4-11b2-45bd-9ba2-0874e592d7c1', 'cb427b87-1251-4701-bc85-95a4b74c3e57', '73904179-cca9-40ab-a2c4-e509dadbbbbb', '139c6002-bdd7-4924-9db4-16f14e283d89', 'back', 'aadhaar', 'e7f619c2-9e82-449c-b3d6-9cd0dbb205b9', '49.207.206.201', '2026-04-04 16:52:49.217058+00', 'STAFF'),
	('5e5aca31-afc8-4520-ac31-a52c551f5956', 'cb427b87-1251-4701-bc85-95a4b74c3e57', '73904179-cca9-40ab-a2c4-e509dadbbbbb', '139c6002-bdd7-4924-9db4-16f14e283d89', 'back', 'aadhaar', 'e7f619c2-9e82-449c-b3d6-9cd0dbb205b9', '49.207.206.201', '2026-04-04 19:49:47.756066+00', 'STAFF'),
	('74e11ede-92c4-4ed1-8c91-5b765d332e48', 'cb427b87-1251-4701-bc85-95a4b74c3e57', '73904179-cca9-40ab-a2c4-e509dadbbbbb', '139c6002-bdd7-4924-9db4-16f14e283d89', 'front', 'aadhaar', 'e7f619c2-9e82-449c-b3d6-9cd0dbb205b9', '49.207.206.201', '2026-04-04 19:49:47.893528+00', 'STAFF'),
	('8636dda4-28eb-40a2-847f-aae8d85bb6ef', 'cb427b87-1251-4701-bc85-95a4b74c3e57', '73904179-cca9-40ab-a2c4-e509dadbbbbb', '139c6002-bdd7-4924-9db4-16f14e283d89', 'front', 'aadhaar', 'e7f619c2-9e82-449c-b3d6-9cd0dbb205b9', '49.207.206.201', '2026-04-04 19:49:47.911817+00', 'STAFF'),
	('98935df0-0cda-45d1-98a5-63afb2afe77a', 'cb427b87-1251-4701-bc85-95a4b74c3e57', '73904179-cca9-40ab-a2c4-e509dadbbbbb', '139c6002-bdd7-4924-9db4-16f14e283d89', 'back', 'aadhaar', 'e7f619c2-9e82-449c-b3d6-9cd0dbb205b9', '49.207.206.201', '2026-04-04 19:49:47.992433+00', 'STAFF'),
	('a97e8b23-fcd0-4947-b186-9f5df02cbde8', 'cb427b87-1251-4701-bc85-95a4b74c3e57', '73904179-cca9-40ab-a2c4-e509dadbbbbb', '139c6002-bdd7-4924-9db4-16f14e283d89', 'front', 'aadhaar', 'e7f619c2-9e82-449c-b3d6-9cd0dbb205b9', '49.207.206.201', '2026-04-04 19:49:48.707385+00', 'STAFF'),
	('29d61c60-2e5d-4a37-9fe8-4b34397ca1d9', 'fc900025-691c-4815-8fea-654f431d3e29', 'd1e40c02-9978-46fd-875e-3989537af942', '5d697b97-4336-4318-af21-53fc78a406ad', 'front', 'aadhaar', '6f333cd6-d449-406c-9dd8-4b8c76115168', '24.239.150.13', '2026-04-11 06:05:22.64436+00', 'STAFF'),
	('d8431a54-f2f7-4cdb-bffa-b106276700ee', 'fc900025-691c-4815-8fea-654f431d3e29', 'd1e40c02-9978-46fd-875e-3989537af942', '5d697b97-4336-4318-af21-53fc78a406ad', 'back', 'aadhaar', '6f333cd6-d449-406c-9dd8-4b8c76115168', '24.239.150.13', '2026-04-11 06:05:22.932176+00', 'STAFF'),
	('8a76401c-dad5-48ee-a9c0-be48de9a8116', 'fc900025-691c-4815-8fea-654f431d3e29', 'd1e40c02-9978-46fd-875e-3989537af942', '5d697b97-4336-4318-af21-53fc78a406ad', 'back', 'aadhaar', '6f333cd6-d449-406c-9dd8-4b8c76115168', '24.239.150.13', '2026-04-11 06:05:23.476544+00', 'STAFF');


--
-- Data for Name: import_batches; Type: TABLE DATA; Schema: public; Owner: postgres
--

INSERT INTO "public"."import_batches" ("id", "hotel_id", "file_name", "total_rows", "imported_rows", "error_rows", "status", "created_by", "created_at", "completed_at") VALUES
	('6f6719fa-9955-45bf-a2e5-39a192895ba6', '139c6002-bdd7-4924-9db4-16f14e283d89', 'muti perosn bookings.csv', 5, 0, 0, 'processing', NULL, '2026-02-15 18:51:51.532308+00', NULL),
	('bea7f1ba-a92f-4aaf-ac51-267529beb035', '139c6002-bdd7-4924-9db4-16f14e283d89', 'manual_entry.csv', 1, 1, 0, 'completed', NULL, '2026-03-18 17:22:11.178416+00', '2026-03-18 17:22:12.406683+00'),
	('0cbf1b63-8caf-4c91-9731-adcac057cf87', '139c6002-bdd7-4924-9db4-16f14e283d89', 'muti perosn bookings.csv', 1, 1, 0, 'completed', NULL, '2026-02-19 12:21:24.732972+00', '2026-02-19 12:21:27.137511+00'),
	('55167b9c-eb6b-4dcd-bee9-0786033edfb8', '139c6002-bdd7-4924-9db4-16f14e283d89', 'muti perosn bookings.csv', 1, 0, 1, 'failed', NULL, '2026-03-07 20:08:32.19989+00', '2026-03-07 20:08:33.085578+00'),
	('a3fbb971-6e43-4ed3-991a-d1b58f21820a', '139c6002-bdd7-4924-9db4-16f14e283d89', 'muti perosn bookings.csv', 1, 1, 0, 'completed', NULL, '2026-02-19 12:35:12.227883+00', '2026-02-19 12:35:13.465492+00'),
	('4e17e7eb-84ea-441e-834c-b7cde02ce0ae', '139c6002-bdd7-4924-9db4-16f14e283d89', 'manual_entry.csv', 1, 1, 0, 'completed', NULL, '2026-04-04 11:09:43.450928+00', '2026-04-04 11:09:44.611038+00'),
	('0022b4c7-6f09-4a2f-a2ae-19ba87478250', '139c6002-bdd7-4924-9db4-16f14e283d89', 'muti perosn bookings.csv', 5, 5, 0, 'completed', NULL, '2026-02-15 18:54:36.508468+00', '2026-02-15 18:54:37.449522+00'),
	('8f0fba1a-f374-4886-a0b4-a4e26a67acfc', '139c6002-bdd7-4924-9db4-16f14e283d89', 'muti perosn bookings.csv', 1, 1, 0, 'completed', NULL, '2026-02-19 12:36:59.032132+00', '2026-02-19 12:37:01.615266+00'),
	('76eb10e9-414c-4617-a415-960c80780c6b', '5780fa80-3e6b-44d0-b87e-2b4015f78c8b', 'manual_entry.csv', 1, 1, 0, 'completed', NULL, '2026-03-23 11:58:55.303585+00', '2026-03-23 11:58:56.433465+00'),
	('146883cd-9414-4a6e-8067-f2651f77a1a9', '139c6002-bdd7-4924-9db4-16f14e283d89', 'muti perosn bookings.csv', 1, 1, 0, 'completed', NULL, '2026-03-07 20:22:24.185212+00', '2026-03-07 20:22:24.923272+00'),
	('8721a7fb-7b84-4e21-902d-7e7ebbcfa35e', '139c6002-bdd7-4924-9db4-16f14e283d89', 'muti perosn bookings.csv', 1, 1, 0, 'completed', NULL, '2026-02-19 12:41:55.122949+00', '2026-02-19 12:42:02.234713+00'),
	('7bdf9f5b-78d8-40b6-af3d-a1fdfef23c4a', '139c6002-bdd7-4924-9db4-16f14e283d89', 'muti perosn bookings.csv', 4, 0, 0, 'processing', NULL, '2026-02-15 19:02:43.010828+00', NULL),
	('7fcb2b19-a540-4e38-ab61-5d987be4fa0d', '139c6002-bdd7-4924-9db4-16f14e283d89', 'muti perosn bookings.csv', 1, 1, 0, 'completed', NULL, '2026-02-19 12:52:12.639702+00', '2026-02-19 12:52:13.779425+00'),
	('03b68ee1-359f-4479-a2ec-c5d433f2c7a0', '139c6002-bdd7-4924-9db4-16f14e283d89', 'muti perosn bookings.csv', 1, 1, 0, 'completed', NULL, '2026-03-07 20:25:06.887889+00', '2026-03-07 20:25:07.539512+00'),
	('f9835696-ce4b-42c2-9329-64ae18672663', '139c6002-bdd7-4924-9db4-16f14e283d89', 'muti perosn bookings.csv', 1, 1, 0, 'completed', NULL, '2026-02-19 13:13:01.478964+00', '2026-02-19 13:13:02.284389+00'),
	('c532ab14-eea8-4e07-972d-8eccae332248', '139c6002-bdd7-4924-9db4-16f14e283d89', 'muti perosn bookings.csv', 1, 1, 0, 'completed', NULL, '2026-02-20 18:55:26.792879+00', '2026-02-20 18:55:27.990793+00'),
	('0b02140a-13b3-488f-9fd7-89b22e8b4f67', 'e10eca3b-3102-41fc-8006-c1b4b70e00e6', 'manual_entry.csv', 1, 1, 0, 'completed', NULL, '2026-03-29 17:34:19.812327+00', '2026-03-29 17:34:21.242472+00'),
	('5bb1ea2d-ac7a-4fd7-800a-0eb6999386ee', '139c6002-bdd7-4924-9db4-16f14e283d89', 'muti perosn bookings.csv', 4, 4, 0, 'completed', NULL, '2026-02-15 19:16:18.643074+00', '2026-02-15 19:16:19.490024+00'),
	('fe2ae500-98d3-4b62-938d-36ff96408622', '139c6002-bdd7-4924-9db4-16f14e283d89', 'manual_entry.csv', 1, 1, 0, 'completed', NULL, '2026-03-09 06:12:48.632366+00', '2026-03-09 06:12:49.921772+00'),
	('f8112387-9cd1-4c8a-9fc2-256f3cca0473', '139c6002-bdd7-4924-9db4-16f14e283d89', 'bookings_sample.csv', 1, 0, 1, 'failed', NULL, '2026-03-01 05:35:11.238797+00', '2026-03-01 05:35:12.751764+00'),
	('7e7a54ed-07f9-4b97-8f92-659e59e89766', '139c6002-bdd7-4924-9db4-16f14e283d89', 'muti perosn bookings.csv', 1, 0, 1, 'failed', NULL, '2026-02-15 22:07:09.31472+00', '2026-02-15 22:07:10.017485+00'),
	('e340b8ec-4f2e-4839-b421-d4bc666dc0e0', '139c6002-bdd7-4924-9db4-16f14e283d89', 'muti perosn bookings.csv', 1, 1, 0, 'completed', NULL, '2026-02-15 22:20:11.465329+00', '2026-02-15 22:20:12.567122+00'),
	('d8cecc5f-6e48-4acb-92dd-63195b00f0c6', '139c6002-bdd7-4924-9db4-16f14e283d89', 'bookings_sample.csv', 1, 0, 1, 'failed', NULL, '2026-03-01 05:48:19.194562+00', '2026-03-01 05:48:20.749144+00'),
	('78b856de-c080-465f-b3b1-40cb6b6941c9', '139c6002-bdd7-4924-9db4-16f14e283d89', 'muti perosn bookings.csv', 1, 1, 0, 'completed', NULL, '2026-02-16 09:39:36.985157+00', '2026-02-16 09:39:38.544988+00'),
	('7f788ad5-3738-422e-8ced-25cd5a2bd600', '139c6002-bdd7-4924-9db4-16f14e283d89', 'manual_entry.csv', 1, 1, 0, 'completed', NULL, '2026-03-16 11:27:29.98909+00', '2026-03-16 11:27:30.942082+00'),
	('62255d37-02ba-440f-b9f7-d16b05178671', '139c6002-bdd7-4924-9db4-16f14e283d89', 'muti perosn bookings.csv', 1, 1, 0, 'completed', NULL, '2026-02-17 16:45:13.075678+00', '2026-02-17 16:45:13.98276+00'),
	('35a4ff63-831a-4f1f-97ae-6edbedcb705c', '139c6002-bdd7-4924-9db4-16f14e283d89', 'manual_entry.csv', 1, 1, 0, 'completed', NULL, '2026-04-04 12:00:58.440288+00', '2026-04-04 12:00:59.598522+00'),
	('57a4eb79-7a42-4436-b9b3-8e9cc65cee96', 'e10eca3b-3102-41fc-8006-c1b4b70e00e6', 'manual_entry.csv', 1, 1, 0, 'completed', NULL, '2026-03-29 17:41:42.5029+00', '2026-03-29 17:41:43.234913+00'),
	('5ac4b453-bdfc-4098-ac1d-4996211a22c6', '139c6002-bdd7-4924-9db4-16f14e283d89', 'bookings_sample.csv', 1, 0, 1, 'failed', NULL, '2026-03-01 05:52:03.815567+00', '2026-03-01 05:52:05.352473+00'),
	('96d7f1f6-2e38-4647-835a-85381e1220e3', 'e10eca3b-3102-41fc-8006-c1b4b70e00e6', 'manual_entry.csv', 1, 1, 0, 'completed', NULL, '2026-03-16 17:48:03.888116+00', '2026-03-16 17:48:05.310292+00'),
	('15e12ab9-4c3c-42bc-8108-ca69861d3266', '139c6002-bdd7-4924-9db4-16f14e283d89', 'bookings_sample.csv', 1, 1, 0, 'completed', NULL, '2026-03-01 05:55:57.755426+00', '2026-03-01 05:55:59.50951+00'),
	('67b5dc8d-2ca3-4a1f-a469-6dbd7120e0b6', 'e10eca3b-3102-41fc-8006-c1b4b70e00e6', 'manual_entry.csv', 1, 1, 0, 'completed', NULL, '2026-03-16 18:12:03.745118+00', '2026-03-16 18:12:04.730274+00'),
	('c3b2033a-7263-4f39-83a0-e43c2823adcb', '139c6002-bdd7-4924-9db4-16f14e283d89', 'manual_entry.csv', 1, 1, 0, 'completed', NULL, '2026-03-30 18:56:32.139505+00', '2026-03-30 18:56:33.242426+00'),
	('57801485-db80-4717-9db2-d8ca6123a8f5', 'e10eca3b-3102-41fc-8006-c1b4b70e00e6', 'manual_entry.csv', 1, 1, 0, 'completed', NULL, '2026-03-16 18:15:30.195871+00', '2026-03-16 18:15:31.155465+00'),
	('459fc85b-b1b5-447f-95f6-553cebba1abc', '139c6002-bdd7-4924-9db4-16f14e283d89', 'manual_entry.csv', 1, 1, 0, 'completed', NULL, '2026-04-04 16:47:47.181988+00', '2026-04-04 16:47:48.214425+00'),
	('285f4241-a3ff-427e-8212-8dc7f10d0b64', 'e10eca3b-3102-41fc-8006-c1b4b70e00e6', 'manual_entry.csv', 1, 0, 1, 'failed', NULL, '2026-04-03 10:45:12.099814+00', '2026-04-03 10:45:13.000336+00'),
	('5803988d-3b7e-4ae3-a70e-6b9b01179db4', '5d697b97-4336-4318-af21-53fc78a406ad', 'manual_entry.csv', 1, 1, 0, 'completed', NULL, '2026-04-11 05:58:59.193122+00', '2026-04-11 05:59:00.29406+00'),
	('6d182fbc-7d73-4297-ab47-2bf3de82977a', 'e10eca3b-3102-41fc-8006-c1b4b70e00e6', 'manual_entry.csv', 1, 1, 0, 'completed', NULL, '2026-04-03 10:47:41.205091+00', '2026-04-03 10:47:42.030385+00');


--
-- Data for Name: import_idempotency; Type: TABLE DATA; Schema: public; Owner: postgres
--

INSERT INTO "public"."import_idempotency" ("booking_reference", "locked_at", "processed_at", "status") VALUES
	('BKG10021', '2026-02-15 18:54:37.292115+00', '2026-02-15 18:54:37.292115+00', 'completed'),
	('BKG10045', '2026-02-15 18:54:37.409287+00', '2026-02-15 18:54:37.409287+00', 'completed'),
	('BKG10046', '2026-02-15 18:54:37.449522+00', '2026-02-15 18:54:37.449522+00', 'completed'),
	('BKG10099', '2026-02-15 22:20:12.567122+00', '2026-02-15 22:20:12.567122+00', 'completed'),
	('BKG100100', '2026-02-16 09:39:38.544988+00', '2026-02-16 09:39:38.544988+00', 'completed'),
	('BKG100101', '2026-02-17 16:45:13.98276+00', '2026-02-17 16:45:13.98276+00', 'completed'),
	('BKG100103', '2026-02-19 12:21:27.137511+00', '2026-02-19 12:21:27.137511+00', 'completed'),
	('BKG100105', '2026-02-19 12:37:01.615266+00', '2026-02-19 12:37:01.615266+00', 'completed'),
	('BKG100106', '2026-02-19 12:42:02.234713+00', '2026-02-19 12:42:02.234713+00', 'completed'),
	('BKG100107', '2026-02-19 12:52:13.779425+00', '2026-02-19 12:52:13.779425+00', 'completed'),
	('BKG100108', '2026-02-19 13:13:02.284389+00', '2026-02-19 13:13:02.284389+00', 'completed'),
	('BKG100109', '2026-02-20 18:55:27.990793+00', '2026-02-20 18:55:27.990793+00', 'completed'),
	('BKG100111', '2026-03-01 05:55:59.50951+00', '2026-03-01 05:55:59.50951+00', 'completed'),
	('BKG100209', '2026-03-07 20:22:24.923272+00', '2026-03-07 20:22:24.923272+00', 'completed'),
	('BKG100309', '2026-03-07 20:25:07.539512+00', '2026-03-07 20:25:07.539512+00', 'completed'),
	('WLK-MMIS87GO', '2026-03-09 06:12:49.921772+00', '2026-03-09 06:12:49.921772+00', 'completed'),
	('WLK-MMT3LBDU', '2026-03-16 11:27:30.942082+00', '2026-03-16 11:27:30.942082+00', 'completed'),
	('WLK-MMTH6S36', '2026-03-16 17:48:05.310292+00', '2026-03-16 17:48:05.310292+00', 'completed'),
	('WLK-MMTI1Y7O', '2026-03-16 18:12:04.730274+00', '2026-03-16 18:12:04.730274+00', 'completed'),
	('WLK-MMTI7623', '2026-03-16 18:15:31.155465+00', '2026-03-16 18:15:31.155465+00', 'completed'),
	('WLK-MMWB4DZJ', '2026-03-18 17:22:12.406683+00', '2026-03-18 17:22:12.406683+00', 'completed'),
	('WLK-MN34SJPY', '2026-03-23 11:58:56.433465+00', '2026-03-23 11:58:56.433465+00', 'completed'),
	('WLK-MNC1FZSY', '2026-03-29 17:34:21.242472+00', '2026-03-29 17:34:21.242472+00', 'completed'),
	('WLK-MNC1OYH5', '2026-03-29 17:41:43.234913+00', '2026-03-29 17:41:43.234913+00', 'completed'),
	('WLK-MNDJSSCW', '2026-03-30 18:56:33.242426+00', '2026-03-30 18:56:33.242426+00', 'completed'),
	('WLK-MNIS2KM5', '2026-04-03 10:47:42.030385+00', '2026-04-03 10:47:42.030385+00', 'completed'),
	('WLK-MNK8C29D', '2026-04-04 11:09:44.611038+00', '2026-04-04 11:09:44.611038+00', 'completed'),
	('WLK-MNKA3GAW', '2026-04-04 12:00:59.598522+00', '2026-04-04 12:00:59.598522+00', 'completed'),
	('WLK-MNKKEH84', '2026-04-04 16:47:48.214425+00', '2026-04-04 16:47:48.214425+00', 'completed'),
	('WLK-MNTX9HX2', '2026-04-11 05:59:00.29406+00', '2026-04-11 05:59:00.29406+00', 'completed');


--
-- Data for Name: import_rows; Type: TABLE DATA; Schema: public; Owner: postgres
--

INSERT INTO "public"."import_rows" ("id", "batch_id", "hotel_id", "row_number", "booking_reference", "row_data", "status", "error_message", "created_at", "processed_at", "updated_at", "room_seq", "guest_seq", "primary_guest_flag", "source", "source_updated_at", "source_hash") VALUES
	('e209de5d-d819-42be-9087-3f733fa707af', '76eb10e9-414c-4617-a415-960c80780c6b', '5780fa80-3e6b-44d0-b87e-2b4015f78c8b', 1, 'WLK-MN34SJPY', '{"adults": "1", "children": "0", "guest_name": "Kamal", "hotel_slug": "hotel-sunshine-demo-test", "guest_email": "Artijaraut711@gmail.com", "guest_phone": "", "room_number": "", "checkin_date": "2026-03-23", "checkout_date": "2026-03-24", "booking_status": "CONFIRMED", "room_type_name": "Standard", "special_requests": "", "booking_reference": "WLK-MN34SJPY", "primary_guest_flag": "true"}', 'imported', NULL, '2026-03-23 11:58:55.396898+00', '2026-03-23 11:58:56.433465+00', '2026-03-23 11:58:56.433465+00', 1, 1, true, 'csv', NULL, NULL),
	('6089dcea-29e1-4857-af65-cba5459b1a8e', 'e340b8ec-4f2e-4839-b421-d4bc666dc0e0', '139c6002-bdd7-4924-9db4-16f14e283d89', 1, 'BKG10099', '{"adults": "2", "children": "0", "room_seq": "1", "guest_seq": "1", "guest_name": "Ajit Kumar Singh", "hotel_slug": "TENANT1", "guest_email": "ajitkumarpes@gmail.com", "guest_phone": "", "room_number": "401", "checkin_date": "2026-03-18", "checkout_date": "2026-03-20", "booking_status": "CONFIRMED", "room_type_name": "Deluxe", "booking_reference": "BKG10099", "primary_guest_flag": "true"}', 'imported', 'null value in column "hotel_id" of relation "precheckin_tokens" violates not-null constraint', '2026-02-15 22:07:09.356812+00', '2026-02-15 22:20:12.567122+00', '2026-02-15 22:20:12.567122+00', 1, 1, true, 'csv', NULL, NULL),
	('4fb0cc2e-c137-4ae6-b5a5-6ba6fec79c80', '285f4241-a3ff-427e-8212-8dc7f10d0b64', 'e10eca3b-3102-41fc-8006-c1b4b70e00e6', 1, 'WLK-MNIS0OIS', '{"adults": "1", "children": "0", "guest_name": "Test", "hotel_slug": "hotel-kafal-inn", "guest_email": "kbisht786@gmail.com", "guest_phone": "", "room_number": "", "checkin_date": "2026-04-03", "checkout_date": "2026-04-05", "booking_status": "CONFIRMED", "room_type_name": "", "special_requests": "", "booking_reference": "WLK-MNIS0OIS", "primary_guest_flag": "true"}', 'error', 'null value in column "room_type_id" of relation "booking_rooms" violates not-null constraint', '2026-04-03 10:45:12.174171+00', '2026-04-03 10:45:13.000336+00', '2026-04-03 10:45:13.132654+00', 1, 1, true, 'csv', NULL, NULL),
	('b54693d9-59aa-4f4b-ba64-3022c9e1965a', '8f0fba1a-f374-4886-a0b4-a4e26a67acfc', '139c6002-bdd7-4924-9db4-16f14e283d89', 1, 'BKG100105', '{"adults": "2", "children": "0", "room_seq": "1", "guest_seq": "1", "guest_name": "Ajit Kumar Singh", "hotel_slug": "TENANT1", "guest_email": "ajitkumarpes@gmail.com", "guest_phone": "", "room_number": "401", "checkin_date": "2026-02-22", "checkout_date": "2026-02-25", "booking_status": "CONFIRMED", "room_type_name": "Deluxe", "booking_reference": "BKG100105", "primary_guest_flag": "true"}', 'imported', NULL, '2026-02-19 12:36:59.077749+00', '2026-02-19 12:37:01.615266+00', '2026-02-19 12:37:01.615266+00', 1, 1, true, 'csv', NULL, NULL),
	('f89aa8d6-6bec-4156-beb3-156c7936cd9b', 'c532ab14-eea8-4e07-972d-8eccae332248', '139c6002-bdd7-4924-9db4-16f14e283d89', 1, 'BKG100109', '{"adults": "2", "children": "0", "room_seq": "1", "guest_seq": "1", "guest_name": "Ajit Kumar Singh", "hotel_slug": "TENANT1", "guest_email": "ajitkumarpes@gmail.com", "guest_phone": "", "room_number": "401", "checkin_date": "2026-02-22", "checkout_date": "2026-02-25", "booking_status": "CONFIRMED", "room_type_name": "Deluxe", "booking_reference": "BKG100109", "primary_guest_flag": "true"}', 'imported', NULL, '2026-02-20 18:55:26.975142+00', '2026-02-20 18:55:27.990793+00', '2026-02-20 18:55:27.990793+00', 1, 1, true, 'csv', NULL, NULL),
	('ab983faa-d3ed-49e3-b927-660f9d4fb8b0', '459fc85b-b1b5-447f-95f6-553cebba1abc', '139c6002-bdd7-4924-9db4-16f14e283d89', 1, 'WLK-MNKKEH84', '{"adults": "2", "children": "1", "guest_name": "Ajit Kumar Singh", "hotel_slug": "tenant1", "guest_email": "ajitkumarpes@gmail.com", "guest_phone": "9019959870", "room_number": "", "checkin_date": "2026-04-04", "checkout_date": "2026-04-05", "booking_status": "CONFIRMED", "room_type_name": "Standard", "special_requests": "", "booking_reference": "WLK-MNKKEH84", "primary_guest_flag": "true"}', 'imported', NULL, '2026-04-04 16:47:47.282857+00', '2026-04-04 16:47:48.214425+00', '2026-04-04 16:47:48.214425+00', 1, 1, true, 'csv', NULL, NULL),
	('b592793c-a9f3-44c0-ad58-8e3441baa4d2', 'fe2ae500-98d3-4b62-938d-36ff96408622', '139c6002-bdd7-4924-9db4-16f14e283d89', 1, 'WLK-MMIS87GO', '{"adults": "2", "children": "0", "guest_name": "Ajit Kumar Singh", "hotel_slug": "tenant1", "guest_email": "ajitkumarpes@gmail.com", "guest_phone": "", "room_number": "", "checkin_date": "2026-03-09", "checkout_date": "2026-03-10", "booking_status": "CONFIRMED", "room_type_name": "Deluxe", "special_requests": "", "booking_reference": "WLK-MMIS87GO", "primary_guest_flag": "true"}', 'imported', NULL, '2026-03-09 06:12:48.819303+00', '2026-03-09 06:12:49.921772+00', '2026-03-09 06:12:49.921772+00', 1, 1, true, 'csv', NULL, NULL),
	('b3b330fb-70db-4c7d-982f-7cd09b3ae26c', '5bb1ea2d-ac7a-4fd7-800a-0eb6999386ee', '139c6002-bdd7-4924-9db4-16f14e283d89', 2, 'BKG10021', '{"adults": "2", "children": "0", "room_seq": "1", "guest_seq": "2", "guest_name": "Rahul Singh", "hotel_slug": "TENANT1", "guest_email": "", "guest_phone": "", "room_number": "401", "checkin_date": "2026-03-10", "checkout_date": "2026-03-12", "booking_status": "CONFIRMED", "room_type_name": "Deluxe", "booking_reference": "BKG10021", "primary_guest_flag": ""}', 'imported', NULL, '2026-02-15 18:51:51.58117+00', '2026-02-15 19:16:19.45117+00', '2026-02-15 19:16:19.45117+00', 1, 2, false, 'csv', NULL, NULL),
	('dc8869e5-0945-41a1-bd0b-e83df8cfddf6', '5bb1ea2d-ac7a-4fd7-800a-0eb6999386ee', '139c6002-bdd7-4924-9db4-16f14e283d89', 3, 'BKG10021', '{"adults": "2", "children": "1", "room_seq": "2", "guest_seq": "1", "guest_name": "Priya Singh", "hotel_slug": "TENANT1", "guest_email": "", "guest_phone": "", "room_number": "601", "checkin_date": "2026-03-10", "checkout_date": "2026-03-12", "booking_status": "CONFIRMED", "room_type_name": "Suite", "booking_reference": "BKG10021", "primary_guest_flag": ""}', 'imported', NULL, '2026-02-15 18:51:51.58117+00', '2026-02-15 19:16:19.45117+00', '2026-02-15 19:16:19.45117+00', 2, 1, false, 'csv', NULL, NULL),
	('2f5f2a86-f86d-40d3-9114-750870b1d7b9', '5803988d-3b7e-4ae3-a70e-6b9b01179db4', '5d697b97-4336-4318-af21-53fc78a406ad', 1, 'WLK-MNTX9HX2', '{"adults": "2", "children": "2", "guest_name": "Kapil", "hotel_slug": "hotel1arti", "guest_email": "bistkapil1988@gmail.com", "guest_phone": "8899776644", "room_number": "", "checkin_date": "2026-04-11", "checkout_date": "2026-04-12", "booking_status": "CONFIRMED", "room_type_name": "Family", "special_requests": "", "booking_reference": "WLK-MNTX9HX2", "primary_guest_flag": "true"}', 'imported', NULL, '2026-04-11 05:58:59.307008+00', '2026-04-11 05:59:00.29406+00', '2026-04-11 05:59:00.29406+00', 1, 1, true, 'csv', NULL, NULL),
	('1b232c10-71a3-46e9-be8f-e2406072c8a5', '57801485-db80-4717-9db2-d8ca6123a8f5', 'e10eca3b-3102-41fc-8006-c1b4b70e00e6', 1, 'WLK-MMTI7623', '{"adults": "1", "children": "0", "guest_name": "Vaiyu New entry", "hotel_slug": "hotel-kafal-inn", "guest_email": "hr.vaiyu@gmail.com", "guest_phone": "", "room_number": "304", "checkin_date": "2026-03-16", "checkout_date": "2026-03-17", "booking_status": "CONFIRMED", "room_type_name": "Deluxe", "special_requests": "", "booking_reference": "WLK-MMTI7623", "primary_guest_flag": "true"}', 'imported', NULL, '2026-03-16 18:15:30.249914+00', '2026-03-16 18:15:31.155465+00', '2026-03-16 18:15:31.155465+00', 1, 1, true, 'csv', NULL, NULL),
	('052ef9c0-d668-4898-9608-dde9e63b50a7', '78b856de-c080-465f-b3b1-40cb6b6941c9', '139c6002-bdd7-4924-9db4-16f14e283d89', 1, 'BKG100100', '{"adults": "2", "children": "0", "room_seq": "1", "guest_seq": "1", "guest_name": "Ajit Kumar Singh", "hotel_slug": "TENANT1", "guest_email": "ajitkumarpes@gmail.com", "guest_phone": "", "room_number": "401", "checkin_date": "2026-03-18", "checkout_date": "2026-03-20", "booking_status": "CONFIRMED", "room_type_name": "Deluxe", "booking_reference": "BKG100100", "primary_guest_flag": "true"}', 'imported', NULL, '2026-02-16 09:39:37.077114+00', '2026-02-16 09:39:38.544988+00', '2026-02-16 09:39:38.544988+00', 1, 1, true, 'csv', NULL, NULL),
	('941d5a64-0a9a-4cfd-a5e2-8023e33b0b66', '0b02140a-13b3-488f-9fd7-89b22e8b4f67', 'e10eca3b-3102-41fc-8006-c1b4b70e00e6', 1, 'WLK-MNC1FZSY', '{"adults": "1", "children": "0", "guest_name": "Art", "hotel_slug": "hotel-kafal-inn", "guest_email": "artijaraut711@gmail.com", "guest_phone": "9901384009", "room_number": "", "checkin_date": "2026-03-29", "checkout_date": "2026-03-30", "booking_status": "CONFIRMED", "room_type_name": "Deluxe", "special_requests": "", "booking_reference": "WLK-MNC1FZSY", "primary_guest_flag": "true"}', 'imported', NULL, '2026-03-29 17:34:19.92472+00', '2026-03-29 17:34:21.242472+00', '2026-03-29 17:34:21.242472+00', 1, 1, true, 'csv', NULL, NULL),
	('e3225d43-0d14-4679-81f4-8b73db04748a', '8721a7fb-7b84-4e21-902d-7e7ebbcfa35e', '139c6002-bdd7-4924-9db4-16f14e283d89', 1, 'BKG100106', '{"adults": "2", "children": "0", "room_seq": "1", "guest_seq": "1", "guest_name": "Ajit Kumar Singh", "hotel_slug": "TENANT1", "guest_email": "ajitkumarpes@gmail.com", "guest_phone": "", "room_number": "401", "checkin_date": "2026-02-22", "checkout_date": "2026-02-25", "booking_status": "CONFIRMED", "room_type_name": "Deluxe", "booking_reference": "BKG100106", "primary_guest_flag": "true"}', 'imported', NULL, '2026-02-19 12:41:55.183957+00', '2026-02-19 12:42:02.234713+00', '2026-02-19 12:42:02.234713+00', 1, 1, true, 'csv', NULL, NULL),
	('dba07781-1fd7-4119-88e4-76b90055bb62', '6d182fbc-7d73-4297-ab47-2bf3de82977a', 'e10eca3b-3102-41fc-8006-c1b4b70e00e6', 1, 'WLK-MNIS2KM5', '{"adults": "1", "children": "0", "guest_name": "Test", "hotel_slug": "hotel-kafal-inn", "guest_email": "kbisht786@gmail.com", "guest_phone": "", "room_number": "", "checkin_date": "2026-04-03", "checkout_date": "2026-04-05", "booking_status": "CONFIRMED", "room_type_name": "Deluxe", "special_requests": "", "booking_reference": "WLK-MNIS2KM5", "primary_guest_flag": "true"}', 'imported', NULL, '2026-04-03 10:47:41.309634+00', '2026-04-03 10:47:42.030385+00', '2026-04-03 10:47:42.030385+00', 1, 1, true, 'csv', NULL, NULL),
	('0f22c3a7-ddbf-474b-9992-abfc29bc8c37', '7f788ad5-3738-422e-8ced-25cd5a2bd600', '139c6002-bdd7-4924-9db4-16f14e283d89', 1, 'WLK-MMT3LBDU', '{"adults": "3", "children": "1", "guest_name": "Ajit Kumar Singh", "hotel_slug": "tenant1", "guest_email": "ajitkumarpes@gmail.com", "guest_phone": "", "room_number": "", "checkin_date": "2026-03-19", "checkout_date": "2026-03-22", "booking_status": "CONFIRMED", "room_type_name": "Standard", "special_requests": "", "booking_reference": "WLK-MMT3LBDU", "primary_guest_flag": "true"}', 'imported', NULL, '2026-03-16 11:27:30.064836+00', '2026-03-16 11:27:30.942082+00', '2026-03-16 11:27:30.942082+00', 1, 1, true, 'csv', NULL, NULL),
	('a8dce826-96a7-4188-8dd8-1710fbecdd17', '15e12ab9-4c3c-42bc-8108-ca69861d3266', '139c6002-bdd7-4924-9db4-16f14e283d89', 1, 'BKG100111', '{"adults": "2", "children": "0", "room_seq": "1", "guest_seq": "1", "guest_name": "Ajit Kumar Singh", "hotel_slug": "TENANT1", "guest_email": "singhajit.br@gmail.com", "guest_phone": "", "room_number": "401", "checkin_date": "2026-03-01", "checkout_date": "2026-03-03", "booking_status": "CONFIRMED", "room_type_name": "Deluxe", "booking_reference": "BKG100111", "primary_guest_flag": "true"}', 'imported', 'ON CONFLICT does not support deferrable unique constraints/exclusion constraints as arbiters', '2026-03-01 05:35:11.339955+00', '2026-03-01 05:55:59.50951+00', '2026-03-01 05:55:59.50951+00', 1, 1, true, 'csv', NULL, NULL),
	('633331bc-8ad1-4538-a5e0-91d3078977b8', 'bea7f1ba-a92f-4aaf-ac51-267529beb035', '139c6002-bdd7-4924-9db4-16f14e283d89', 1, 'WLK-MMWB4DZJ', '{"adults": "2", "children": "1", "guest_name": "Ajit Kumar Singh", "hotel_slug": "tenant1", "guest_email": "ajitkumarpes@gmail.com", "guest_phone": "", "room_number": "", "checkin_date": "2026-03-26", "checkout_date": "2026-03-29", "booking_status": "CONFIRMED", "room_type_name": "Standard", "special_requests": "", "booking_reference": "WLK-MMWB4DZJ", "primary_guest_flag": "true"}', 'imported', NULL, '2026-03-18 17:22:11.401734+00', '2026-03-18 17:22:12.406683+00', '2026-03-18 17:22:12.406683+00', 1, 1, true, 'csv', NULL, NULL),
	('9c3aa7db-c50f-4c91-b9ad-90252cc6872a', '62255d37-02ba-440f-b9f7-d16b05178671', '139c6002-bdd7-4924-9db4-16f14e283d89', 1, 'BKG100101', '{"adults": "2", "children": "0", "room_seq": "1", "guest_seq": "1", "guest_name": "Ajit Kumar Singh", "hotel_slug": "TENANT1", "guest_email": "ajitkumarpes@gmail.com", "guest_phone": "", "room_number": "401", "checkin_date": "2026-02-18", "checkout_date": "2026-02-20", "booking_status": "CONFIRMED", "room_type_name": "Deluxe", "booking_reference": "BKG100101", "primary_guest_flag": "true"}', 'imported', NULL, '2026-02-17 16:45:13.158174+00', '2026-02-17 16:45:13.98276+00', '2026-02-17 16:45:13.98276+00', 1, 1, true, 'csv', NULL, NULL),
	('bd9ba1b3-605e-4877-b71a-8cc42a85bc87', '57a4eb79-7a42-4436-b9b3-8e9cc65cee96', 'e10eca3b-3102-41fc-8006-c1b4b70e00e6', 1, 'WLK-MNC1OYH5', '{"adults": "1", "children": "0", "guest_name": "Test Arti", "hotel_slug": "hotel-kafal-inn", "guest_email": "artijaraut711@gmail.com", "guest_phone": "", "room_number": "", "checkin_date": "2026-03-29", "checkout_date": "2026-03-31", "booking_status": "CONFIRMED", "room_type_name": "Deluxe", "special_requests": "", "booking_reference": "WLK-MNC1OYH5", "primary_guest_flag": "true"}', 'imported', NULL, '2026-03-29 17:41:42.589822+00', '2026-03-29 17:41:43.234913+00', '2026-03-29 17:41:43.234913+00', 1, 1, true, 'csv', NULL, NULL),
	('26e5b40f-0252-4e4f-b7cb-fb7ce1f5760d', '7fcb2b19-a540-4e38-ab61-5d987be4fa0d', '139c6002-bdd7-4924-9db4-16f14e283d89', 1, 'BKG100107', '{"adults": "2", "children": "0", "room_seq": "1", "guest_seq": "1", "guest_name": "Ajit Kumar Singh", "hotel_slug": "TENANT1", "guest_email": "ajitkumarpes@gmail.com", "guest_phone": "", "room_number": "401", "checkin_date": "2026-02-22", "checkout_date": "2026-02-25", "booking_status": "CONFIRMED", "room_type_name": "Deluxe", "booking_reference": "BKG100107", "primary_guest_flag": "true"}', 'imported', NULL, '2026-02-19 12:52:12.862956+00', '2026-02-19 12:52:13.779425+00', '2026-02-19 12:52:13.779425+00', 1, 1, true, 'csv', NULL, NULL),
	('3b300052-10db-4156-b425-b4e58a869aa3', '4e17e7eb-84ea-441e-834c-b7cde02ce0ae', '139c6002-bdd7-4924-9db4-16f14e283d89', 1, 'WLK-MNK8C29D', '{"adults": "2", "children": "0", "guest_name": "Ajit Kumar Singh", "hotel_slug": "tenant1", "guest_email": "ajitkumarpes@gmail.com", "guest_phone": "", "room_number": "", "checkin_date": "2026-04-04", "checkout_date": "2026-04-05", "booking_status": "CONFIRMED", "room_type_name": "Standard", "special_requests": "", "booking_reference": "WLK-MNK8C29D", "primary_guest_flag": "true"}', 'imported', NULL, '2026-04-04 11:09:43.532844+00', '2026-04-04 11:09:44.611038+00', '2026-04-04 11:09:44.611038+00', 1, 1, true, 'csv', NULL, NULL),
	('541dffc3-0f99-45e9-ac6c-5717f6598419', '146883cd-9414-4a6e-8067-f2651f77a1a9', '139c6002-bdd7-4924-9db4-16f14e283d89', 1, 'BKG100209', '{"adults": "2", "children": "0", "room_seq": "1", "guest_seq": "1", "guest_name": "Ajit Kumar Singh", "hotel_slug": "TENANT1", "guest_email": "ajitkumarpes@gmail.com", "guest_phone": "", "room_number": "401", "checkin_date": "2026-02-22", "checkout_date": "2026-02-25", "booking_status": "CONFIRMED", "room_type_name": "Deluxe", "booking_reference": "BKG100209", "primary_guest_flag": "true"}', 'imported', 'new row for relation "booking_rooms" violates check constraint "booking_rooms_status_check"', '2026-03-07 20:08:32.270677+00', '2026-03-07 20:22:24.923272+00', '2026-03-07 20:22:24.923272+00', 1, 1, true, 'csv', NULL, NULL),
	('8774e180-d823-40f0-9987-6ce44ee9b185', '96d7f1f6-2e38-4647-835a-85381e1220e3', 'e10eca3b-3102-41fc-8006-c1b4b70e00e6', 1, 'WLK-MMTH6S36', '{"adults": "2", "children": "2", "guest_name": "Kamal", "hotel_slug": "hotel-kafal-inn", "guest_email": "kbisht786@gmail.com", "guest_phone": "", "room_number": "205", "checkin_date": "2026-03-16", "checkout_date": "2026-03-17", "booking_status": "CONFIRMED", "room_type_name": "Deluxe", "special_requests": "", "booking_reference": "WLK-MMTH6S36", "primary_guest_flag": "true"}', 'imported', NULL, '2026-03-16 17:48:03.965537+00', '2026-03-16 17:48:05.310292+00', '2026-03-16 17:48:05.310292+00', 1, 1, true, 'csv', NULL, NULL),
	('b0c79c28-c58e-458e-b8cc-878c002b2d1f', 'c3b2033a-7263-4f39-83a0-e43c2823adcb', '139c6002-bdd7-4924-9db4-16f14e283d89', 1, 'WLK-MNDJSSCW', '{"adults": "2", "children": "1", "guest_name": "Ajit Singh", "hotel_slug": "tenant1", "guest_email": "singhajit.br@gmail.com", "guest_phone": "", "room_number": "104", "checkin_date": "2026-04-01", "checkout_date": "2026-04-04", "booking_status": "CONFIRMED", "room_type_name": "Standard", "special_requests": "", "booking_reference": "WLK-MNDJSSCW", "primary_guest_flag": "true"}', 'imported', NULL, '2026-03-30 18:56:32.260962+00', '2026-03-30 18:56:33.242426+00', '2026-03-30 18:56:33.242426+00', 1, 1, true, 'csv', NULL, NULL),
	('a4d28272-db4e-41ce-873b-ec0b1f61e47f', 'a3fbb971-6e43-4ed3-991a-d1b58f21820a', '139c6002-bdd7-4924-9db4-16f14e283d89', 1, 'BKG100103', '{"adults": "2", "children": "0", "room_seq": "1", "guest_seq": "1", "guest_name": "Ajit Kumar Singh", "hotel_slug": "TENANT1", "guest_email": "ajitkumarpes@gmail.com", "guest_phone": "", "room_number": "401", "checkin_date": "2026-02-22", "checkout_date": "2026-02-25", "booking_status": "CONFIRMED", "room_type_name": "Deluxe", "booking_reference": "BKG100103", "primary_guest_flag": "true"}', 'imported', NULL, '2026-02-19 12:21:24.793648+00', '2026-02-19 12:35:13.465492+00', '2026-02-19 12:35:13.465492+00', 1, 1, true, 'csv', NULL, NULL),
	('d630595d-8170-4b54-8857-9c84e036228f', '35a4ff63-831a-4f1f-97ae-6edbedcb705c', '139c6002-bdd7-4924-9db4-16f14e283d89', 1, 'WLK-MNKA3GAW', '{"adults": "2", "children": "0", "guest_name": "Ajit Kumar Singh", "hotel_slug": "tenant1", "guest_email": "ajitkumarpes@gmail.com", "guest_phone": "9019959870", "room_number": "", "checkin_date": "2026-04-04", "checkout_date": "2026-04-05", "booking_status": "CONFIRMED", "room_type_name": "Standard", "special_requests": "", "booking_reference": "WLK-MNKA3GAW", "primary_guest_flag": "true"}', 'imported', NULL, '2026-04-04 12:00:58.540221+00', '2026-04-04 12:00:59.598522+00', '2026-04-04 12:00:59.598522+00', 1, 1, true, 'csv', NULL, NULL),
	('9b83d3a8-78a9-48a7-b26a-c447e01b3d10', 'f9835696-ce4b-42c2-9329-64ae18672663', '139c6002-bdd7-4924-9db4-16f14e283d89', 1, 'BKG100108', '{"adults": "2", "children": "0", "room_seq": "1", "guest_seq": "1", "guest_name": "Ajit Kumar Singh", "hotel_slug": "TENANT1", "guest_email": "ajitkumarpes@gmail.com", "guest_phone": "", "room_number": "401", "checkin_date": "2026-02-22", "checkout_date": "2026-02-25", "booking_status": "CONFIRMED", "room_type_name": "Deluxe", "booking_reference": "BKG100108", "primary_guest_flag": "true"}', 'imported', NULL, '2026-02-19 13:13:01.534489+00', '2026-02-19 13:13:02.284389+00', '2026-02-19 13:13:02.284389+00', 1, 1, true, 'csv', NULL, NULL),
	('faf113bf-85fb-41ba-ac2a-834d3ee2a5e8', '03b68ee1-359f-4479-a2ec-c5d433f2c7a0', '139c6002-bdd7-4924-9db4-16f14e283d89', 1, 'BKG100309', '{"adults": "2", "children": "0", "room_seq": "1", "guest_seq": "1", "guest_name": "Ajit Kumar Singh", "hotel_slug": "TENANT1", "guest_email": "ajitkumarpes@gmail.com", "guest_phone": "", "room_number": "401", "checkin_date": "2026-03-22", "checkout_date": "2026-03-25", "booking_status": "CONFIRMED", "room_type_name": "Deluxe", "booking_reference": "BKG100309", "primary_guest_flag": "true"}', 'imported', NULL, '2026-03-07 20:25:06.925738+00', '2026-03-07 20:25:07.539512+00', '2026-03-07 20:25:07.539512+00', 1, 1, true, 'csv', NULL, NULL),
	('3b5f45d4-1cfa-473a-8132-8eab4aefa43d', '67b5dc8d-2ca3-4a1f-a469-6dbd7120e0b6', 'e10eca3b-3102-41fc-8006-c1b4b70e00e6', 1, 'WLK-MMTI1Y7O', '{"adults": "1", "children": "0", "guest_name": "Vaiyu guest", "hotel_slug": "hotel-kafal-inn", "guest_email": "hr.vaiyu@gmail.com", "guest_phone": "6767688788", "room_number": "304", "checkin_date": "2026-03-16", "checkout_date": "2026-03-17", "booking_status": "CONFIRMED", "room_type_name": "Deluxe", "special_requests": "", "booking_reference": "WLK-MMTI1Y7O", "primary_guest_flag": "true"}', 'imported', NULL, '2026-03-16 18:12:03.823175+00', '2026-03-16 18:12:04.730274+00', '2026-03-16 18:12:04.730274+00', 1, 1, true, 'csv', NULL, NULL),
	('88f70c32-3fdf-4667-8025-5b8c371bb8d7', '0022b4c7-6f09-4a2f-a2ae-19ba87478250', '139c6002-bdd7-4924-9db4-16f14e283d89', 5, 'BKG10046', '{"adults": "1", "children": "0", "room_seq": "1", "guest_seq": "1", "guest_name": "Sneha Sharma", "hotel_slug": "TENANT1", "guest_email": "", "guest_phone": "", "room_number": "305", "checkin_date": "2026-03-20", "checkout_date": "2026-03-21", "booking_status": "CANCELLED", "room_type_name": "Standard", "booking_reference": "BKG10046", "primary_guest_flag": "true"}', 'imported', NULL, '2026-02-15 18:51:51.58117+00', '2026-02-15 18:54:37.449522+00', '2026-02-15 18:54:37.449522+00', 1, 1, true, 'csv', NULL, NULL),
	('ce2e6941-51da-4657-8696-550607848b95', '5bb1ea2d-ac7a-4fd7-800a-0eb6999386ee', '139c6002-bdd7-4924-9db4-16f14e283d89', 1, 'BKG10021', '{"adults": "2", "children": "0", "room_seq": "1", "guest_seq": "1", "guest_name": "Ajit Kumar Singh", "hotel_slug": "TENANT1", "guest_email": "ajitkumarpes@gmail.com", "guest_phone": "", "room_number": "401", "checkin_date": "2026-03-10", "checkout_date": "2026-03-12", "booking_status": "CONFIRMED", "room_type_name": "Deluxe", "booking_reference": "BKG10021", "primary_guest_flag": "true"}', 'imported', NULL, '2026-02-15 18:51:51.58117+00', '2026-02-15 19:16:19.45117+00', '2026-02-15 19:16:19.45117+00', 1, 1, true, 'csv', NULL, NULL),
	('165f3de0-4911-4b2f-9331-380c1f14085b', '5bb1ea2d-ac7a-4fd7-800a-0eb6999386ee', '139c6002-bdd7-4924-9db4-16f14e283d89', 4, 'BKG10045', '{"adults": "1", "children": "0", "room_seq": "1", "guest_seq": "1", "guest_name": "Ramesh Patel", "hotel_slug": "TENANT1", "guest_email": "ajitkumarpes@gmail.com", "guest_phone": "", "room_number": "405", "checkin_date": "2026-03-15", "checkout_date": "2026-03-17", "booking_status": "CONFIRMED", "room_type_name": "Deluxe", "booking_reference": "BKG10045", "primary_guest_flag": "true"}', 'imported', NULL, '2026-02-15 18:51:51.58117+00', '2026-02-15 19:16:19.490024+00', '2026-02-15 19:16:19.490024+00', 1, 1, true, 'csv', NULL, NULL);


--
-- Data for Name: leave_requests; Type: TABLE DATA; Schema: public; Owner: postgres
--



--
-- Data for Name: leaves; Type: TABLE DATA; Schema: public; Owner: postgres
--



--
-- Data for Name: menu_categories; Type: TABLE DATA; Schema: public; Owner: postgres
--

INSERT INTO "public"."menu_categories" ("id", "hotel_id", "key", "name", "display_order", "active", "created_at", "updated_at") VALUES
	('32e35e5e-95d3-4cfc-aa4c-bb5a8a5316fd', '139c6002-bdd7-4924-9db4-16f14e283d89', 'BREAKFAST', 'Breakfast', 2, true, '2026-01-31 17:55:44.740802', '2026-01-31 17:55:44.740802'),
	('d61d61f9-9881-496d-9db3-45073c0fd979', '139c6002-bdd7-4924-9db4-16f14e283d89', 'LUNCH', 'Lunch', 3, true, '2026-01-31 17:55:44.740802', '2026-01-31 17:55:44.740802'),
	('62cf4b1b-e8dd-4941-839d-1ef820e5378f', '139c6002-bdd7-4924-9db4-16f14e283d89', 'DINNER', 'Dinner', 4, true, '2026-01-31 17:55:44.740802', '2026-01-31 17:55:44.740802'),
	('cd320132-937f-40c7-bf28-6164b9fefd33', '139c6002-bdd7-4924-9db4-16f14e283d89', 'BEVERAGES', 'Beverages', 5, true, '2026-01-31 17:55:44.740802', '2026-01-31 17:55:44.740802'),
	('9af893fb-e571-4a2c-a3b0-99ae75f010a8', '139c6002-bdd7-4924-9db4-16f14e283d89', 'SNACKS', 'Snacks', 6, true, '2026-01-31 17:55:44.740802', '2026-01-31 17:55:44.740802'),
	('51d95aaa-3a94-4fb4-9414-ffc31b776303', '139c6002-bdd7-4924-9db4-16f14e283d89', 'DESSERTS', 'Desserts', 7, true, '2026-01-31 17:55:44.740802', '2026-01-31 17:55:44.740802'),
	('bc8c5770-42ec-474d-a441-0d854e9be6db', '139c6002-bdd7-4924-9db4-16f14e283d89', 'KIDS', 'Kids Menu', 8, true, '2026-01-31 17:55:44.740802', '2026-01-31 17:55:44.740802'),
	('a2990ac1-139f-418a-8e82-d36717fc5924', '139c6002-bdd7-4924-9db4-16f14e283d89', 'ALL_DAY', 'All-day', 1, true, '2026-01-31 17:20:22.960229', '2026-01-31 17:20:22.960229'),
	('2ee821f2-00ce-4c3d-93a6-5286bd0734f4', 'e10eca3b-3102-41fc-8006-c1b4b70e00e6', 'ALL_DAY', 'All Day', 1, true, '2026-04-03 11:16:24.746133', '2026-04-03 11:16:24.746133'),
	('f8b8624e-6276-4523-983a-5986f1c498bd', 'e10eca3b-3102-41fc-8006-c1b4b70e00e6', 'BREAKFAST', 'Breakfast', 2, true, '2026-04-03 11:16:24.746133', '2026-04-03 11:16:24.746133'),
	('b3afe54f-a870-411f-9f35-04bb89d65fa7', 'e10eca3b-3102-41fc-8006-c1b4b70e00e6', 'LUNCH', 'Lunch', 3, true, '2026-04-03 11:16:24.746133', '2026-04-03 11:16:24.746133'),
	('f229c6bd-3e7e-42a2-af33-b472c8e708f4', 'e10eca3b-3102-41fc-8006-c1b4b70e00e6', 'DINNER', 'Dinner', 4, true, '2026-04-03 11:16:24.746133', '2026-04-03 11:16:24.746133'),
	('c88f84b8-abe5-4362-b710-58f88a250a03', 'e10eca3b-3102-41fc-8006-c1b4b70e00e6', 'BEVERAGES', 'Beverages', 5, true, '2026-04-03 11:16:24.746133', '2026-04-03 11:16:24.746133'),
	('d3f3264e-1faa-451a-8b9b-ca0c7d085529', '5d697b97-4336-4318-af21-53fc78a406ad', 'ALL_DAY', 'All Day', 1, true, '2026-04-11 06:13:42.767446', '2026-04-11 06:13:42.767446'),
	('60d9c080-1cbc-41d6-a71d-1084ae2ad86a', '5d697b97-4336-4318-af21-53fc78a406ad', 'BREAKFAST', 'Breakfast', 2, true, '2026-04-11 06:13:42.767446', '2026-04-11 06:13:42.767446'),
	('db40b7e4-a2ed-4623-9e23-0ca6956f81d7', '5d697b97-4336-4318-af21-53fc78a406ad', 'LUNCH', 'Lunch', 3, true, '2026-04-11 06:13:42.767446', '2026-04-11 06:13:42.767446'),
	('86f888c5-bc8a-4ef2-95fc-86ebd2d22331', '5d697b97-4336-4318-af21-53fc78a406ad', 'DINNER', 'Dinner', 4, true, '2026-04-11 06:13:42.767446', '2026-04-11 06:13:42.767446'),
	('bf6caa5a-fc03-43e7-8eee-a28af2cd35e9', '5d697b97-4336-4318-af21-53fc78a406ad', 'BEVERAGES', 'Beverages', 5, true, '2026-04-11 06:13:42.767446', '2026-04-11 06:13:42.767446');


--
-- Data for Name: menu_items; Type: TABLE DATA; Schema: public; Owner: postgres
--

INSERT INTO "public"."menu_items" ("id", "hotel_id", "item_key", "name", "active", "price", "is_veg", "category_id", "metadata", "internal_notes", "display_order", "created_at", "updated_at") VALUES
	('26e8f16a-4b7b-4cb5-9743-67169498ddec', '139c6002-bdd7-4924-9db4-16f14e283d89', 'BUTTER_CHICKEN', 'butter chicken', true, 300.00, false, '62cf4b1b-e8dd-4941-839d-1ef820e5378f', '{"veg": false, "jain": false, "vegan": false, "allergens": [], "image_url": "https://vsqiuwbmawygkxxjrxnt.supabase.co/storage/v1/object/public/menu-images/hotels/139c6002-bdd7-4924-9db4-16f14e283d89/menu/1769888520085.jpeg", "spice_level": "Medium"}', 'creamy butter chicken', 0, '2026-01-31 19:15:55.931306+00', '2026-04-04 20:08:54.291959+00'),
	('63b6e025-9253-4b95-91a9-06824510b595', '139c6002-bdd7-4924-9db4-16f14e283d89', 'CHICKEN-MASALA', 'Chicken Masala', true, 250.00, false, 'a2990ac1-139f-418a-8e82-d36717fc5924', '{"veg": false, "jain": false, "vegan": false}', '', 0, '2026-01-31 19:15:55.931306+00', '2026-04-04 20:08:54.433002+00'),
	('e349be39-2020-4a8a-9641-f88a972f6cdb', '139c6002-bdd7-4924-9db4-16f14e283d89', 'CLUB-SANDWICH', 'Club Sandwich', true, 60.00, true, 'a2990ac1-139f-418a-8e82-d36717fc5924', '{"veg": true, "jain": false, "vegan": false}', '', 0, '2026-01-31 19:15:55.931306+00', '2026-04-04 20:08:54.536385+00'),
	('52483881-cbf4-42de-9808-7c103c372561', '139c6002-bdd7-4924-9db4-16f14e283d89', 'COFFEE', 'Coffee', true, 120.00, true, 'a2990ac1-139f-418a-8e82-d36717fc5924', '{"veg": true, "jain": false, "vegan": false}', '', 0, '2026-01-31 19:15:55.931306+00', '2026-04-04 20:08:54.630268+00'),
	('43f3e9c4-9101-43e1-9e14-9b5d165cadc8', '139c6002-bdd7-4924-9db4-16f14e283d89', 'MASALA-TEA', 'Masala Tea', true, 30.00, false, 'a2990ac1-139f-418a-8e82-d36717fc5924', '{"veg": false, "jain": false, "vegan": false}', '', 0, '2026-01-31 19:15:55.931306+00', '2026-04-04 20:08:54.719526+00'),
	('cbce4b5b-7420-4afb-92ad-3c7a62c1ebf8', '139c6002-bdd7-4924-9db4-16f14e283d89', 'VEG-SANDWICH', 'Veg Sandwich', true, 180.00, false, 'a2990ac1-139f-418a-8e82-d36717fc5924', '{"veg": false, "jain": false, "vegan": false}', '', 0, '2026-01-31 19:15:55.931306+00', '2026-04-04 20:08:54.795332+00'),
	('4665123b-4bf9-44ca-8676-b5fb0a14766d', '5d697b97-4336-4318-af21-53fc78a406ad', 'EGG', 'egg', true, 50.00, false, 'd3f3264e-1faa-451a-8b9b-ca0c7d085529', '{"veg": false, "jain": false, "vegan": false, "allergens": [], "image_url": null, "spice_level": null}', '', 0, '2026-04-11 06:15:50.629529+00', '2026-04-11 06:15:53.957356+00'),
	('8f30c31d-b444-4330-b34f-a9c80238c8b0', '5d697b97-4336-4318-af21-53fc78a406ad', 'KHICHDI', 'khichdi', true, 100.00, true, 'd3f3264e-1faa-451a-8b9b-ca0c7d085529', '{"veg": true, "jain": false, "vegan": false, "allergens": [], "image_url": null, "spice_level": null}', '', 0, '2026-04-11 06:15:50.74+00', '2026-04-11 06:15:54.046878+00'),
	('ac2c8776-154c-4dc2-97b6-c4a0c8702469', '5d697b97-4336-4318-af21-53fc78a406ad', 'PASTA', 'pasta', true, 250.00, true, 'd3f3264e-1faa-451a-8b9b-ca0c7d085529', '{"veg": true, "jain": false, "vegan": false, "allergens": ["Dairy"], "image_url": null, "spice_level": "Medium"}', '', 0, '2026-04-11 06:15:50.507627+00', '2026-04-11 06:15:54.132056+00'),
	('243b62a3-c008-4879-9d58-c193fd8b8db1', 'e10eca3b-3102-41fc-8006-c1b4b70e00e6', 'OMLETE', 'Omlete', true, 50.00, false, '2ee821f2-00ce-4c3d-93a6-5286bd0734f4', '{"veg": false, "jain": false, "vegan": false, "allergens": ["Eggs"], "image_url": null, "spice_level": "Medium"}', '', 0, '2026-04-03 11:22:12.898219+00', '2026-04-03 11:22:12.898219+00');


--
-- Data for Name: menu_item_availability; Type: TABLE DATA; Schema: public; Owner: postgres
--

INSERT INTO "public"."menu_item_availability" ("id", "menu_item_id", "day_of_week", "start_time", "end_time", "hide_outside_window", "created_at") VALUES
	('f1745048-58bd-4969-8035-8a80df9dfb7c', '243b62a3-c008-4879-9d58-c193fd8b8db1', 2, '06:00:00', '23:00:00', true, '2026-04-03 11:22:12.898219'),
	('04d84806-6f93-4354-989a-7d2c463fb42d', '243b62a3-c008-4879-9d58-c193fd8b8db1', 1, '06:00:00', '23:00:00', true, '2026-04-03 11:22:12.898219'),
	('f49f657f-daff-4060-aad6-0719f997adc2', '243b62a3-c008-4879-9d58-c193fd8b8db1', 3, '06:00:00', '23:00:00', true, '2026-04-03 11:22:12.898219'),
	('0de1b9c7-b4ea-42b2-92db-bdbdcd944993', '243b62a3-c008-4879-9d58-c193fd8b8db1', 4, '06:00:00', '23:00:00', true, '2026-04-03 11:22:12.898219'),
	('990015a9-fc12-44b5-acde-77f01503e134', '243b62a3-c008-4879-9d58-c193fd8b8db1', 6, '06:00:00', '23:00:00', true, '2026-04-03 11:22:12.898219'),
	('b0b05dfc-0839-4b17-b1e1-8d1869a0de82', '243b62a3-c008-4879-9d58-c193fd8b8db1', 7, '06:00:00', '23:00:00', true, '2026-04-03 11:22:12.898219'),
	('55c71a3e-f8f4-4f67-aef6-bd027c612421', '243b62a3-c008-4879-9d58-c193fd8b8db1', 5, '06:00:00', '23:00:00', true, '2026-04-03 11:22:12.898219'),
	('422e0dc8-c2c7-4e68-8076-5efc407a20fa', '26e8f16a-4b7b-4cb5-9743-67169498ddec', 1, '06:00:00', '23:00:00', false, '2026-04-04 20:08:54.291959'),
	('0ab0509c-d742-4ebc-b35c-7942875d2be3', '26e8f16a-4b7b-4cb5-9743-67169498ddec', 2, '06:00:00', '23:00:00', false, '2026-04-04 20:08:54.291959'),
	('a6d0d170-b5ec-43da-bd62-7991dd8dc265', '26e8f16a-4b7b-4cb5-9743-67169498ddec', 3, '06:00:00', '23:00:00', false, '2026-04-04 20:08:54.291959'),
	('2f436872-5fa5-426e-8268-4f09115ad94f', '26e8f16a-4b7b-4cb5-9743-67169498ddec', 4, '06:00:00', '23:00:00', false, '2026-04-04 20:08:54.291959'),
	('66f7e6e2-f7bd-4f36-9b3b-6ef3d09e0772', '26e8f16a-4b7b-4cb5-9743-67169498ddec', 5, '06:00:00', '23:00:00', false, '2026-04-04 20:08:54.291959'),
	('5e948edd-8473-48f4-a098-8a0683a7aae4', '26e8f16a-4b7b-4cb5-9743-67169498ddec', 6, '06:00:00', '23:00:00', false, '2026-04-04 20:08:54.291959'),
	('9a5808f9-e90b-4db9-bd3d-fe951f19f7ef', '4665123b-4bf9-44ca-8676-b5fb0a14766d', 1, '06:00:00', '23:00:00', true, '2026-04-11 06:15:53.957356'),
	('24b3f198-ab90-4cbf-84bb-886298c23f60', '4665123b-4bf9-44ca-8676-b5fb0a14766d', 2, '06:00:00', '23:00:00', true, '2026-04-11 06:15:53.957356'),
	('2444bd8e-d49d-4ef9-8753-822db11ea927', '4665123b-4bf9-44ca-8676-b5fb0a14766d', 3, '06:00:00', '23:00:00', true, '2026-04-11 06:15:53.957356'),
	('39382947-69ca-4efb-9805-8617f4d7e128', '4665123b-4bf9-44ca-8676-b5fb0a14766d', 4, '06:00:00', '23:00:00', true, '2026-04-11 06:15:53.957356'),
	('eadbe607-dfff-4732-97af-9782427abd6b', '4665123b-4bf9-44ca-8676-b5fb0a14766d', 5, '06:00:00', '23:00:00', true, '2026-04-11 06:15:53.957356'),
	('8ade6454-8e80-49d2-a9ee-18140114c5c3', '4665123b-4bf9-44ca-8676-b5fb0a14766d', 6, '06:00:00', '23:00:00', true, '2026-04-11 06:15:53.957356'),
	('82aa587a-f513-46d7-8cb4-a06487d12c71', '4665123b-4bf9-44ca-8676-b5fb0a14766d', 7, '06:00:00', '23:00:00', true, '2026-04-11 06:15:53.957356'),
	('bba7f33c-59fa-47a8-9875-d7c197764799', '8f30c31d-b444-4330-b34f-a9c80238c8b0', 1, '06:00:00', '23:00:00', true, '2026-04-11 06:15:54.046878'),
	('75ab11b4-9bf5-4d7d-a79b-0b69ed164235', '8f30c31d-b444-4330-b34f-a9c80238c8b0', 2, '06:00:00', '23:00:00', true, '2026-04-11 06:15:54.046878'),
	('cc891a56-6f3d-4619-b309-20672d32e1de', '8f30c31d-b444-4330-b34f-a9c80238c8b0', 3, '06:00:00', '23:00:00', true, '2026-04-11 06:15:54.046878'),
	('873ac380-9566-411e-8aee-2256756f4c8c', '8f30c31d-b444-4330-b34f-a9c80238c8b0', 4, '06:00:00', '23:00:00', true, '2026-04-11 06:15:54.046878'),
	('8d24874a-3387-4106-9f27-31b50f3efe62', '8f30c31d-b444-4330-b34f-a9c80238c8b0', 5, '06:00:00', '23:00:00', true, '2026-04-11 06:15:54.046878'),
	('fd5e3df3-fb5d-4e6d-bd90-e7bbe1e4afaf', '8f30c31d-b444-4330-b34f-a9c80238c8b0', 6, '06:00:00', '23:00:00', true, '2026-04-11 06:15:54.046878'),
	('500ae139-2bf2-4f24-9bed-20115199eaef', '8f30c31d-b444-4330-b34f-a9c80238c8b0', 7, '06:00:00', '23:00:00', true, '2026-04-11 06:15:54.046878'),
	('6ef8527d-2c22-45e0-abc6-54be2fc8f0d5', 'ac2c8776-154c-4dc2-97b6-c4a0c8702469', 1, '06:00:00', '23:00:00', true, '2026-04-11 06:15:54.132056'),
	('bd3467b1-2465-47e8-8aea-be276b06d82d', 'ac2c8776-154c-4dc2-97b6-c4a0c8702469', 2, '06:00:00', '23:00:00', true, '2026-04-11 06:15:54.132056'),
	('ac146168-1d13-4176-b649-d0ea30ae0b7f', 'ac2c8776-154c-4dc2-97b6-c4a0c8702469', 3, '06:00:00', '23:00:00', true, '2026-04-11 06:15:54.132056'),
	('ae453991-87bc-4022-bfbe-e66fa477351b', 'ac2c8776-154c-4dc2-97b6-c4a0c8702469', 4, '06:00:00', '23:00:00', true, '2026-04-11 06:15:54.132056'),
	('27db29cf-ff16-47c5-abe3-0da55d6ffcdb', 'ac2c8776-154c-4dc2-97b6-c4a0c8702469', 5, '06:00:00', '23:00:00', true, '2026-04-11 06:15:54.132056'),
	('7862c3ff-fb4c-42b0-b30e-9aad4bc4d8c4', 'ac2c8776-154c-4dc2-97b6-c4a0c8702469', 6, '06:00:00', '23:00:00', true, '2026-04-11 06:15:54.132056'),
	('0d543ec5-bc0a-4425-98bb-844821c3decd', 'ac2c8776-154c-4dc2-97b6-c4a0c8702469', 7, '06:00:00', '23:00:00', true, '2026-04-11 06:15:54.132056');


--
-- Data for Name: nightly_revenue; Type: TABLE DATA; Schema: public; Owner: postgres
--

INSERT INTO "public"."nightly_revenue" ("hotel_id", "d", "revenue", "created_at") VALUES
	('139c6002-bdd7-4924-9db4-16f14e283d89', '2025-10-20', 17500, '2025-10-20 06:12:10.782257+00'),
	('5710bfe1-7590-4361-aebe-4335ac31ac1e', '2025-10-20', 8049, '2025-10-20 10:18:16.436812+00'),
	('5710bfe1-7590-4361-aebe-4335ac31ac1e', '2025-10-13', 9304, '2025-10-20 10:18:16.436812+00'),
	('ce30b5a6-a0f0-4238-b213-397216edf1d8', '2025-10-11', 8991, '2025-10-20 10:18:16.436812+00'),
	('ce30b5a6-a0f0-4238-b213-397216edf1d8', '2025-10-10', 8684, '2025-10-20 10:18:16.436812+00'),
	('5710bfe1-7590-4361-aebe-4335ac31ac1e', '2025-10-12', 8832, '2025-10-20 10:18:16.436812+00'),
	('ce30b5a6-a0f0-4238-b213-397216edf1d8', '2025-10-27', 9252, '2025-10-20 10:18:16.436812+00'),
	('5710bfe1-7590-4361-aebe-4335ac31ac1e', '2025-10-09', 8220, '2025-10-20 10:18:16.436812+00'),
	('5710bfe1-7590-4361-aebe-4335ac31ac1e', '2025-10-14', 8558, '2025-10-20 10:18:16.436812+00'),
	('5710bfe1-7590-4361-aebe-4335ac31ac1e', '2025-10-21', 8404, '2025-10-20 10:18:16.436812+00'),
	('5710bfe1-7590-4361-aebe-4335ac31ac1e', '2025-10-18', 8184, '2025-10-20 10:18:16.436812+00'),
	('ce30b5a6-a0f0-4238-b213-397216edf1d8', '2025-10-15', 9695, '2025-10-20 10:18:16.436812+00'),
	('ce30b5a6-a0f0-4238-b213-397216edf1d8', '2025-10-16', 9933, '2025-10-20 10:18:16.436812+00'),
	('ce30b5a6-a0f0-4238-b213-397216edf1d8', '2025-10-08', 8690, '2025-10-20 10:18:16.436812+00'),
	('5710bfe1-7590-4361-aebe-4335ac31ac1e', '2025-10-25', 8658, '2025-10-20 10:18:16.436812+00'),
	('5710bfe1-7590-4361-aebe-4335ac31ac1e', '2025-10-26', 9009, '2025-10-20 10:18:16.436812+00'),
	('ce30b5a6-a0f0-4238-b213-397216edf1d8', '2025-10-17', 9100, '2025-10-20 10:18:16.436812+00'),
	('ce30b5a6-a0f0-4238-b213-397216edf1d8', '2025-10-23', 8041, '2025-10-20 10:18:16.436812+00'),
	('ce30b5a6-a0f0-4238-b213-397216edf1d8', '2025-10-24', 8359, '2025-10-20 10:18:16.436812+00'),
	('ce30b5a6-a0f0-4238-b213-397216edf1d8', '2025-10-06', 8317, '2025-10-20 10:18:16.436812+00'),
	('ce30b5a6-a0f0-4238-b213-397216edf1d8', '2025-10-19', 8604, '2025-10-20 10:18:16.436812+00'),
	('5710bfe1-7590-4361-aebe-4335ac31ac1e', '2025-10-22', 9410, '2025-10-20 10:18:16.436812+00'),
	('5710bfe1-7590-4361-aebe-4335ac31ac1e', '2025-10-07', 8945, '2025-10-20 10:18:16.436812+00'),
	('5710bfe1-7590-4361-aebe-4335ac31ac1e', '2025-10-08', 9331, '2025-10-20 10:18:16.436812+00'),
	('ce30b5a6-a0f0-4238-b213-397216edf1d8', '2025-10-25', 9086, '2025-10-20 10:18:16.436812+00'),
	('ce30b5a6-a0f0-4238-b213-397216edf1d8', '2025-10-26', 9448, '2025-10-20 10:18:16.436812+00'),
	('5710bfe1-7590-4361-aebe-4335ac31ac1e', '2025-10-17', 9650, '2025-10-20 10:18:16.436812+00'),
	('5710bfe1-7590-4361-aebe-4335ac31ac1e', '2025-10-23', 8417, '2025-10-20 10:18:16.436812+00'),
	('5710bfe1-7590-4361-aebe-4335ac31ac1e', '2025-10-24', 8937, '2025-10-20 10:18:16.436812+00'),
	('5710bfe1-7590-4361-aebe-4335ac31ac1e', '2025-10-06', 9379, '2025-10-20 10:18:16.436812+00'),
	('5710bfe1-7590-4361-aebe-4335ac31ac1e', '2025-10-19', 9434, '2025-10-20 10:18:16.436812+00'),
	('ce30b5a6-a0f0-4238-b213-397216edf1d8', '2025-10-07', 8802, '2025-10-20 10:18:16.436812+00'),
	('ce30b5a6-a0f0-4238-b213-397216edf1d8', '2025-10-22', 8571, '2025-10-20 10:18:16.436812+00'),
	('ce30b5a6-a0f0-4238-b213-397216edf1d8', '2025-10-20', 9468, '2025-10-20 10:18:16.436812+00'),
	('ce30b5a6-a0f0-4238-b213-397216edf1d8', '2025-10-13', 8648, '2025-10-20 10:18:16.436812+00'),
	('5710bfe1-7590-4361-aebe-4335ac31ac1e', '2025-10-11', 8947, '2025-10-20 10:18:16.436812+00'),
	('5710bfe1-7590-4361-aebe-4335ac31ac1e', '2025-10-10', 8846, '2025-10-20 10:18:16.436812+00'),
	('ce30b5a6-a0f0-4238-b213-397216edf1d8', '2025-10-12', 9642, '2025-10-20 10:18:16.436812+00'),
	('5710bfe1-7590-4361-aebe-4335ac31ac1e', '2025-10-27', 8848, '2025-10-20 10:18:16.436812+00'),
	('ce30b5a6-a0f0-4238-b213-397216edf1d8', '2025-10-09', 8110, '2025-10-20 10:18:16.436812+00'),
	('ce30b5a6-a0f0-4238-b213-397216edf1d8', '2025-10-14', 9641, '2025-10-20 10:18:16.436812+00'),
	('5710bfe1-7590-4361-aebe-4335ac31ac1e', '2025-10-15', 8162, '2025-10-20 10:18:16.436812+00'),
	('ce30b5a6-a0f0-4238-b213-397216edf1d8', '2025-10-18', 8518, '2025-10-20 10:18:16.436812+00'),
	('ce30b5a6-a0f0-4238-b213-397216edf1d8', '2025-10-21', 8496, '2025-10-20 10:18:16.436812+00'),
	('5710bfe1-7590-4361-aebe-4335ac31ac1e', '2025-10-16', 8453, '2025-10-20 10:18:16.436812+00');


--
-- Data for Name: notification_queue; Type: TABLE DATA; Schema: public; Owner: postgres
--

INSERT INTO "public"."notification_queue" ("id", "booking_id", "channel", "template_code", "payload", "status", "error_message", "created_at", "sent_at", "retry_count", "next_attempt_at") VALUES
	('045f16dd-69af-4c51-a617-7953c8dba4eb', NULL, 'email', 'staff_invite', '{"email": "singhajit.br@gmail.com", "role_id": "5b33152b-d0a6-4b0f-8581-825a8f5a8953", "hotel_id": "e10eca3b-3102-41fc-8006-c1b4b70e00e6", "invite_token": "b82b4ecb-b119-4c13-afd0-b7eac29e0e1d"}', 'sent', NULL, '2026-03-10 18:53:33.442244+00', '2026-03-10 18:54:02.470648+00', 0, '2026-03-10 18:59:01.91342+00'),
	('530f66ae-fa40-4090-9d12-2533b584b0c0', 'bea34f8d-73d9-4a63-8f87-6bd55e8ff7f5', 'email', 'precheckin_link', '{"link": "https://vaiyu.co.in/precheckin/bdcc4c00c41b43898786512fe4b2e5cb1912a07b40bd4f5e90088191f0bad3dd", "token": "bdcc4c00c41b43898786512fe4b2e5cb1912a07b40bd4f5e90088191f0bad3dd", "guest_name": "Ajit Kumar Singh"}', 'sent', NULL, '2026-02-17 16:45:13.98276+00', '2026-02-17 16:46:02.193981+00', 0, '2026-02-17 16:51:01.697183+00'),
	('e102d2d5-3f24-48c3-9b0b-285573eb41bc', 'e8095442-4059-4253-9fd4-e1719d23e7e2', 'email', 'precheckin_link', '{"link": "https://vaiyu.co.in/precheckin/f78aaf8a3f3843d38a924957f9dd72be56cbf50a94dc43cda3f440e89533753a", "token": "f78aaf8a3f3843d38a924957f9dd72be56cbf50a94dc43cda3f440e89533753a", "guest_name": "Ajit Kumar Singh"}', 'failed', 'Resend Error: {"statusCode":403,"name":"validation_error","message":"You can only send testing emails to your own email address (ajitkumarpes@gmail.com). To send emails to other recipients, please verify a domain at resend.com/domains, and change the `from` address to an email using this domain."}', '2026-03-01 05:55:59.50951+00', NULL, 11, '2026-03-01 08:14:03.812449+00'),
	('8cf82486-b385-4e7a-a380-5e3320ba2671', 'f2827920-2228-4c0b-b29c-e57f97b5022a', 'email', 'precheckin_link', '{"link": "https://vaiyu.co.in/precheckin/f3b52a3afe904ddd882eabcd56906a590317d6993420488f9d9c23491c27fd1f", "token": "f3b52a3afe904ddd882eabcd56906a590317d6993420488f9d9c23491c27fd1f", "guest_name": "Ajit Kumar Singh"}', 'sent', NULL, '2026-02-15 18:54:37.292115+00', '2026-02-15 18:55:02.189189+00', 0, '2026-02-15 19:00:01.826599+00'),
	('50a9f82e-adb4-4a02-b981-4d4d53b4fecc', 'cee74ff8-26c2-4f85-9328-d0e7329cfac0', 'email', 'precheckin_link', '{"link": "https://vaiyu.co.in/precheckin/fe8d542de620469db85f1faf8eb4453243febe24ef8b49889820c8d8a70040c1", "token": "fe8d542de620469db85f1faf8eb4453243febe24ef8b49889820c8d8a70040c1", "guest_name": "Ajit Kumar Singh"}', 'sent', NULL, '2026-03-07 20:22:24.923272+00', '2026-03-07 20:23:02.233098+00', 0, '2026-03-07 20:28:01.665781+00'),
	('b3415819-5c17-47f7-849f-a68f60d4d34d', 'ce33ec92-6684-4100-992b-c12377fb928f', 'email', 'precheckin_link', '{"link": "https://vaiyu.co.in/precheckin/2d28a480ae494b81a54d9f486960522cf15f249d83034caeadb48f91c97d0b7f", "token": "2d28a480ae494b81a54d9f486960522cf15f249d83034caeadb48f91c97d0b7f", "guest_name": "Ramesh Patel"}', 'sent', NULL, '2026-02-15 18:54:37.409287+00', '2026-02-15 18:55:03.096358+00', 0, '2026-02-15 19:00:01.826599+00'),
	('a944b662-4190-4a91-84d3-bb9c546a4953', 'c48b9709-c15c-4002-bef1-664549f2378f', 'email', 'precheckin_link', '{"link": "https://vaiyu.co.in/precheckin/80223dbf2d614353acb1c6d4a7c2bee7292c34f121224ce38696f97c7396ae8d", "token": "80223dbf2d614353acb1c6d4a7c2bee7292c34f121224ce38696f97c7396ae8d", "guest_name": "Ajit Kumar Singh"}', 'sent', NULL, '2026-03-07 20:25:07.539512+00', '2026-03-07 20:26:01.693838+00', 0, '2026-03-07 20:31:01.185478+00'),
	('14422f28-01b9-44e3-8d3d-5024eb2fcd43', '2c8ff15e-4081-458f-9be0-a3a4fbeebbfe', 'email', 'precheckin_link', '{"link": "https://vaiyu.co.in/precheckin/2f5dc33033e74ceca956c5dbf7d5e8d4302039c1faab45c695e15158c4af3342", "token": "2f5dc33033e74ceca956c5dbf7d5e8d4302039c1faab45c695e15158c4af3342", "guest_name": "Ajit Kumar Singh"}', 'sent', NULL, '2026-02-15 22:20:12.567122+00', '2026-02-15 22:21:02.014122+00', 0, '2026-02-15 22:26:01.040957+00'),
	('99823f37-64fb-43cf-ab0e-87f0d8f1db40', 'c48b9709-c15c-4002-bef1-664549f2378f', 'email', 'precheckin_completed_access', '{"email": "ajitkumarpes@gmail.com", "booking_id": "c48b9709-c15c-4002-bef1-664549f2378f", "guest_name": "Ajit Kumar Singh"}', 'sent', NULL, '2026-03-07 21:11:06.294444+00', '2026-03-07 21:12:01.217201+00', 0, '2026-03-07 21:17:00.647121+00'),
	('1072d6b5-2972-4750-88b3-20147015d639', 'fda3477e-ff36-402f-b2bc-fbcb3ca04d81', 'email', 'precheckin_link', '{"link": "https://vaiyu.co.in/precheckin/bcbedd5ef56e4464a7b5682d48b6431d7e2f75c43a6a4a6aae9a2b1d239925b1", "token": "bcbedd5ef56e4464a7b5682d48b6431d7e2f75c43a6a4a6aae9a2b1d239925b1", "guest_name": "Ajit Kumar Singh"}', 'sent', NULL, '2026-02-16 09:39:38.544988+00', '2026-02-16 09:40:02.80349+00', 0, '2026-02-16 09:45:01.69432+00'),
	('5fe7062c-24df-44d3-8412-1ce7958f35ce', '2cd47a2f-50ce-4250-9add-2217ecd50681', 'email', 'precheckin_link', '{"link": "https://vaiyu.co.in/precheckin/240d8442a4cd406a907df15d3e6cd0771611a855543045c98dd406e06a23b807", "token": "240d8442a4cd406a907df15d3e6cd0771611a855543045c98dd406e06a23b807", "guest_name": "Ajit Kumar Singh"}', 'sent', NULL, '2026-03-09 06:12:49.921772+00', '2026-03-09 06:13:01.233042+00', 0, '2026-03-09 06:18:00.736818+00'),
	('4a371902-32bb-461b-a486-d280a2e8208a', '3712ae7d-9808-4c87-811e-b60d699e88e6', 'email', 'precheckin_link', '{"link": "https://vaiyu.co.in/precheckin/ec75d846ece740cf97d3803df2e0ea1845a057391d644af0b1d550aec49be1bb", "token": "ec75d846ece740cf97d3803df2e0ea1845a057391d644af0b1d550aec49be1bb", "guest_name": "Ajit Kumar Singh"}', 'sent', NULL, '2026-02-19 12:21:27.137511+00', '2026-02-19 12:22:01.935884+00', 0, '2026-02-19 12:27:01.474377+00'),
	('72c019ba-2276-4ab0-9199-de96ff4b257f', '731fd275-b0dc-4498-a59d-25e9b070a544', 'email', 'precheckin_link', '{"link": "https://vaiyu.co.in/precheckin/cb8f1b0f361642399f1c280abc9e8ebd73547038b28741998232a62a60a252cf", "token": "cb8f1b0f361642399f1c280abc9e8ebd73547038b28741998232a62a60a252cf", "guest_name": "Ajit Kumar Singh"}', 'sent', NULL, '2026-02-19 12:37:01.615266+00', '2026-02-19 12:37:04.160308+00', 0, '2026-02-19 12:42:03.75091+00'),
	('d952240d-ec7d-4814-b249-d187104c0bbe', '7c30573e-52eb-42b3-b69f-910900564fd4', 'email', 'precheckin_link', '{"link": "https://vaiyu.co.in/precheckin/a193f4c3e3644c259d139ebb93b392090357f45c7f40437286078e18349b040a", "token": "a193f4c3e3644c259d139ebb93b392090357f45c7f40437286078e18349b040a", "guest_name": "Ajit Kumar Singh"}', 'sent', NULL, '2026-02-19 12:42:02.234713+00', '2026-02-19 12:42:10.033739+00', 0, '2026-02-19 12:47:09.559673+00'),
	('b69c9091-5d18-4cbd-a2e4-3930a63bdf85', '7c30573e-52eb-42b3-b69f-910900564fd4', 'email', 'precheckin_completed_access', '{"email": "ajitkumarpes@gmail.com", "booking_id": "7c30573e-52eb-42b3-b69f-910900564fd4", "guest_name": "Ajit Kumar Singh"}', 'sent', NULL, '2026-02-19 12:42:49.471782+00', '2026-02-19 12:43:02.599742+00', 0, '2026-02-19 12:48:01.930356+00'),
	('8a7b3448-2099-4f86-9c8f-dc3fa0ffdb43', 'dcafb22d-4872-48ec-9460-f5384c9fe440', 'email', 'precheckin_link', '{"link": "https://vaiyu.co.in/precheckin/9e9fb69d1bb74ceaa3154674de8480582727a8aee2e54f15b97a181912d9994c", "token": "9e9fb69d1bb74ceaa3154674de8480582727a8aee2e54f15b97a181912d9994c", "guest_name": "Ajit Kumar Singh"}', 'sent', NULL, '2026-02-19 12:52:13.779425+00', '2026-02-19 12:53:01.66924+00', 0, '2026-02-19 12:58:00.529461+00'),
	('cef91ee0-2728-46ef-af2a-7d86adf919d6', 'dcafb22d-4872-48ec-9460-f5384c9fe440', 'email', 'precheckin_completed_access', '{"email": "ajitkumarpes@gmail.com", "booking_id": "dcafb22d-4872-48ec-9460-f5384c9fe440", "guest_name": "Ajit Kumar Singh"}', 'sent', NULL, '2026-02-19 13:03:42.198692+00', '2026-02-19 13:04:03.485156+00', 0, '2026-02-19 13:09:02.306568+00'),
	('b61c9f96-e98e-4a92-8ff9-051e5b825fad', 'a14061fe-3b38-41e9-9fef-0a64af888110', 'email', 'precheckin_link', '{"link": "https://vaiyu.co.in/precheckin/b42fffd89d83406ba7bdfa6b57b2067d30719de66a0a4e02a2b8f5e86e9cbcdf", "token": "b42fffd89d83406ba7bdfa6b57b2067d30719de66a0a4e02a2b8f5e86e9cbcdf", "guest_name": "Ajit Kumar Singh"}', 'sent', NULL, '2026-02-19 13:13:02.284389+00', '2026-02-19 13:14:03.130219+00', 0, '2026-02-19 13:19:02.427562+00'),
	('c32f8c12-e3ee-434d-a73d-f135fbbcdda7', 'a14061fe-3b38-41e9-9fef-0a64af888110', 'email', 'precheckin_completed_access', '{"email": "ajitkumarpes@gmail.com", "booking_id": "a14061fe-3b38-41e9-9fef-0a64af888110", "guest_name": "Ajit Kumar Singh"}', 'sent', NULL, '2026-02-19 13:15:48.18775+00', '2026-02-19 13:16:03.276741+00', 0, '2026-02-19 13:21:02.680657+00'),
	('238dba06-296f-4247-9360-a5218beeed0b', '2bec8fce-3da6-49d7-b842-25d47abc8498', 'email', 'precheckin_link', '{"link": "https://vaiyu.co.in/precheckin/b67c75ee5d3c47c59160abb3637e88aa26dc62b2e1eb4ba28d9dbe94b7b5c125", "token": "b67c75ee5d3c47c59160abb3637e88aa26dc62b2e1eb4ba28d9dbe94b7b5c125", "guest_name": "Ajit Kumar Singh"}', 'sent', NULL, '2026-02-20 18:55:27.990793+00', '2026-02-20 18:56:01.475642+00', 0, '2026-02-20 19:01:00.966762+00'),
	('cfd3f43f-28b3-4e68-9051-ef6b5f5dcdbb', '2bec8fce-3da6-49d7-b842-25d47abc8498', 'email', 'precheckin_completed_access', '{"email": "ajitkumarpes@gmail.com", "booking_id": "2bec8fce-3da6-49d7-b842-25d47abc8498", "guest_name": "Ajit Kumar Singh"}', 'sent', NULL, '2026-02-20 18:57:20.684795+00', '2026-02-20 18:58:02.173423+00', 0, '2026-02-20 19:03:01.641838+00'),
	('31468fe1-0a1b-4051-abb4-ff6cc7b6bd84', NULL, 'email', 'staff_invite', '{"email": "staff@example.com", "role_id": "d9eeeb2f-0847-46c6-8fb1-5a9aa4d32f48", "hotel_id": "def83e54-817d-46fd-a886-85a21137dc5b", "invite_token": "c87ff898-43d1-4b1a-b1ce-c2b66bcef923"}', 'sent', NULL, '2026-03-29 17:28:00.464177+00', '2026-03-29 17:28:01.443606+00', 0, '2026-03-29 17:33:00.90431+00'),
	('0984a2c7-6562-4224-aec5-a222f0503b83', NULL, 'email', 'staff_invite', '{"email": "singhajit.br@gmail.com", "role_id": "fb3ef4be-c41c-4712-9086-8bb5ef3c04ac", "hotel_id": "e10eca3b-3102-41fc-8006-c1b4b70e00e6", "invite_token": "51e3a80c-0f22-4efe-a40a-c75c70c918b1"}', 'sent', NULL, '2026-03-10 16:02:30.315757+00', '2026-03-10 16:18:01.631185+00', 3, '2026-03-10 16:23:00.912324+00'),
	('df6dc8f2-abf3-4f36-8d66-6bd38c573202', NULL, 'email', 'staff_invite', '{"email": "artijaraut711@gmail.com", "role_id": "c893103a-ffee-4bfe-b9b0-2655bbd3dffd", "hotel_id": "5d697b97-4336-4318-af21-53fc78a406ad", "invite_token": "50a52292-7017-4a95-b40a-d12e0ee9193d"}', 'sent', NULL, '2026-04-11 05:46:11.23128+00', '2026-04-11 05:47:01.591427+00', 0, '2026-04-11 05:52:00.972663+00'),
	('97240d69-0280-4391-9bd4-6ad4ab482d4a', NULL, 'email', 'staff_invite', '{"email": "singhajit.br@gmail.com", "role_id": "157b503d-b991-4779-8b6c-67a8d9dfcad8", "hotel_id": "e10eca3b-3102-41fc-8006-c1b4b70e00e6", "invite_token": "41ddcdcb-836c-44b5-9632-0a2ef9494dbe"}', 'sent', NULL, '2026-03-10 19:21:38.021892+00', '2026-03-10 19:22:02.474775+00', 0, '2026-03-10 19:27:02.104107+00'),
	('891179e5-3ee1-4239-b81b-336bb2f0ea4e', NULL, 'email', 'staff_invite', '{"email": "ajitkumarpes@gmail.com", "role_id": "43d211f1-1d5c-4396-bb1f-4fe9bf3ced3c", "hotel_id": "e10eca3b-3102-41fc-8006-c1b4b70e00e6", "invite_token": "37433b29-1a10-4864-8b73-1281a4cc56a5"}', 'sent', NULL, '2026-03-11 16:43:34.557708+00', '2026-03-11 16:44:01.35061+00', 0, '2026-03-11 16:49:00.807774+00'),
	('35e5cc1a-8013-422c-812f-60f8462c8983', NULL, 'email', 'staff_invite', '{"email": "kbisht786@gmail.com", "role_id": "504f7746-72eb-48ab-b7e4-2105220d4689", "hotel_id": "e10eca3b-3102-41fc-8006-c1b4b70e00e6", "invite_token": "6b4c0123-6f97-4187-91b9-aa24cdca2f01"}', 'sent', NULL, '2026-03-11 17:37:22.621331+00', '2026-03-11 17:38:01.428818+00', 0, '2026-03-11 17:43:00.864754+00'),
	('33646fe2-36d0-4b02-951a-49785307a465', 'bb329635-eb67-48a3-ae19-8de6a9ec01bb', 'email', 'precheckin_link', '{"link": "https://vaiyu.co.in/precheckin/8f6b19fcddb549a4b95ac7d2ebd31a3bea649a8d9e7347698ca4de349422741b", "token": "8f6b19fcddb549a4b95ac7d2ebd31a3bea649a8d9e7347698ca4de349422741b", "guest_name": "Test Arti"}', 'sent', NULL, '2026-03-29 17:41:43.234913+00', '2026-03-29 17:42:01.446057+00', 0, '2026-03-29 17:47:00.941706+00'),
	('75fffacf-444b-4d77-92cd-a5d9382761c5', '95a766ad-5cb8-433c-b322-098b53b15ae4', 'email', 'precheckin_link', '{"link": "https://vaiyu.co.in/precheckin/db11541b940f4066819ee050220532d3b429e9a94815426b9d9f53e5744ec60b", "token": "db11541b940f4066819ee050220532d3b429e9a94815426b9d9f53e5744ec60b", "guest_name": "Ajit Kumar Singh"}', 'sent', NULL, '2026-03-16 11:27:30.942082+00', '2026-03-16 11:28:03.077628+00', 0, '2026-03-16 11:33:02.618663+00'),
	('7f1caa82-95ad-4f52-9870-8deda70ab413', '95a766ad-5cb8-433c-b322-098b53b15ae4', 'email', 'precheckin_completed_access', '{"email": "ajitkumarpes@gmail.com", "booking_id": "95a766ad-5cb8-433c-b322-098b53b15ae4", "guest_name": "Ajit Kumar Singh"}', 'sent', NULL, '2026-03-16 13:39:38.498193+00', '2026-03-16 13:40:02.879425+00', 0, '2026-03-16 13:45:02.0391+00'),
	('30ce70e9-01ca-49c8-990e-ddf1e5f5303d', 'bb329635-eb67-48a3-ae19-8de6a9ec01bb', 'email', 'precheckin_completed_access', '{"email": "artijaraut711@gmail.com", "booking_id": "bb329635-eb67-48a3-ae19-8de6a9ec01bb", "guest_name": "Test Arti"}', 'sent', NULL, '2026-03-29 17:44:21.431061+00', '2026-03-29 17:45:04.062386+00', 0, '2026-03-29 17:50:03.103351+00'),
	('22006edb-31f8-41da-85cb-99c870fe24ce', NULL, 'email', 'staff_invite', '{"email": "singhajit.br@gmail.com", "role_id": "157b503d-b991-4779-8b6c-67a8d9dfcad8", "hotel_id": "e10eca3b-3102-41fc-8006-c1b4b70e00e6", "invite_token": "0a77e793-aec2-48d6-959c-f02226500f8b"}', 'sent', NULL, '2026-03-16 17:33:36.631359+00', '2026-03-16 17:34:03.099603+00', 0, '2026-03-16 17:39:02.667298+00'),
	('ec516514-bf23-4232-b8f5-e10f4c1b7e6b', NULL, 'email', 'staff_invite', '{"email": "ajitkumarpes@gmail.com", "role_id": "8750f483-b5b6-45d4-afd6-6ae94c3c82ef", "hotel_id": "e10eca3b-3102-41fc-8006-c1b4b70e00e6", "invite_token": "6cf2ce9b-dc43-43d2-a2e4-b3fe31729478"}', 'sent', NULL, '2026-03-16 17:33:36.888926+00', '2026-03-16 17:34:03.698095+00', 0, '2026-03-16 17:39:02.667298+00'),
	('b8cfb5f1-1b2f-4fc4-88f0-b1b4340d0251', NULL, 'email', 'staff_invite', '{"email": "bistkapil1988@gmail.com", "role_id": "8750f483-b5b6-45d4-afd6-6ae94c3c82ef", "hotel_id": "e10eca3b-3102-41fc-8006-c1b4b70e00e6", "invite_token": "5ac36a0c-e2cb-4446-ac42-38167854b2d3"}', 'sent', NULL, '2026-03-16 17:33:37.05467+00', '2026-03-16 17:34:04.040375+00', 0, '2026-03-16 17:39:02.667298+00'),
	('b4e667a9-5e71-4b97-b756-36a7e73b66c8', '652b5015-3015-4438-ae1f-057454cea662', 'email', 'precheckin_link', '{"link": "https://vaiyu.co.in/precheckin/31c4aeff68c64d35806b4ba64a4a6d0fd4adcd99050b42e2b004b2f82fd424ee", "token": "31c4aeff68c64d35806b4ba64a4a6d0fd4adcd99050b42e2b004b2f82fd424ee", "guest_name": "Kamal"}', 'sent', NULL, '2026-03-16 17:48:05.310292+00', '2026-03-16 17:49:02.008674+00', 0, '2026-03-16 17:54:01.264756+00'),
	('3d515895-41cd-4d11-a76c-3b665752b26f', '652b5015-3015-4438-ae1f-057454cea662', 'email', 'precheckin_completed_access', '{"email": "kbisht786@gmail.com", "booking_id": "652b5015-3015-4438-ae1f-057454cea662", "guest_name": "Kamal"}', 'sent', NULL, '2026-03-16 17:51:06.741774+00', '2026-03-16 17:52:01.756988+00', 0, '2026-03-16 17:57:01.283631+00'),
	('698529ac-fdef-436c-99f1-1a5d4d6ddbc2', '3af871cb-b64f-4cd5-bf10-598ddb785115', 'whatsapp', 'precheckin_link', '{"link": "https://vaiyu.co.in/precheckin/fee02abdcefa4a1fa16656f9bc60d15ef3d7c05ef8b440559978ec2bf706affd", "token": "fee02abdcefa4a1fa16656f9bc60d15ef3d7c05ef8b440559978ec2bf706affd", "guest_name": "Art"}', 'failed', 'Hotel WhatsApp ID not configured', '2026-03-29 17:34:21.242472+00', NULL, 11, '2026-03-29 19:52:02.612447+00'),
	('a98b1bd3-06bd-47ee-b9db-e51654b936ac', '5e1b18bb-fd0a-4646-b577-6177cae64383', 'email', 'precheckin_link', '{"link": "https://vaiyu.co.in/precheckin/a2dc890aadc44687a098b2e5871e61bba69618c204ae4ecea4e3d87f10c179f1", "token": "a2dc890aadc44687a098b2e5871e61bba69618c204ae4ecea4e3d87f10c179f1", "guest_name": "Vaiyu New entry"}', 'sent', NULL, '2026-03-16 18:15:31.155465+00', '2026-03-16 18:16:02.511839+00', 0, '2026-03-16 18:21:01.961878+00'),
	('88c9c7dd-0b0c-49a0-9e41-c1d71ae3518f', '5e1b18bb-fd0a-4646-b577-6177cae64383', 'email', 'precheckin_completed_access', '{"email": "hr.vaiyu@gmail.com", "booking_id": "5e1b18bb-fd0a-4646-b577-6177cae64383", "guest_name": "Vaiyu New entry"}', 'sent', NULL, '2026-03-16 18:17:31.897081+00', '2026-03-16 18:18:02.704288+00', 0, '2026-03-16 18:23:02.06107+00'),
	('2ef36c5a-254a-4a60-84b9-bdea2cbb0f77', 'e70ef715-4eb4-410b-bd08-23d874c65c43', 'email', 'precheckin_completed_access', '{"email": "ajitkumarpes@gmail.com", "booking_id": "e70ef715-4eb4-410b-bd08-23d874c65c43", "guest_name": "Ajit Kumar Singh"}', 'sent', NULL, '2026-04-04 11:11:16.150898+00', '2026-04-04 11:12:03.054205+00', 0, '2026-04-04 11:17:02.476635+00'),
	('143e78e8-8ae1-4e53-bb93-23bf1dc2ad09', '6a0272fb-59db-49f3-a648-ffe525406ae1', 'email', 'precheckin_completed_access', '{"email": "ajitkumarpes@gmail.com", "booking_id": "6a0272fb-59db-49f3-a648-ffe525406ae1", "guest_name": "Ajit Kumar Singh"}', 'sent', NULL, '2026-04-04 16:48:55.050995+00', '2026-04-04 16:49:01.75479+00', 0, '2026-04-04 16:54:00.977843+00'),
	('e494f5b2-e852-422e-add4-2fbbd5459112', '8a1cc230-8c18-4088-a95f-b0bfc050ebb8', 'whatsapp', 'precheckin_link', '{"link": "https://vaiyu.co.in/precheckin/05d7dd7c16114395a6cf848dac480cd33cb1a19857c4403a9153cac9bedc60d0", "token": "05d7dd7c16114395a6cf848dac480cd33cb1a19857c4403a9153cac9bedc60d0", "guest_name": "Vaiyu guest"}', 'failed', 'Hotel WhatsApp ID not configured', '2026-03-16 18:12:04.730274+00', NULL, 11, '2026-03-16 20:31:01.818019+00'),
	('0570b40c-ff5e-42dc-9506-d024af00d26f', '2b3bd858-6f1d-405f-957b-1b909adc4eff', 'email', 'precheckin_link', '{"link": "https://vaiyu.co.in/precheckin/5019d54915f94775bfa3ad59ab651ec27d6b8a1fdc2f4564a393917f1f9b560b", "token": "5019d54915f94775bfa3ad59ab651ec27d6b8a1fdc2f4564a393917f1f9b560b", "guest_name": "Ajit Kumar Singh"}', 'sent', NULL, '2026-03-18 17:22:12.406683+00', '2026-03-18 17:23:02.627864+00', 0, '2026-03-18 17:28:02.018878+00'),
	('80a1eff3-c648-40ad-a61a-f2b3731c6f7d', NULL, 'email', 'staff_invite', '{"email": "bistkapil1988@gmail.com", "role_id": "4613e741-b5a0-47a1-a930-2d71e47fcf79", "hotel_id": "5780fa80-3e6b-44d0-b87e-2b4015f78c8b", "invite_token": "ebcb263a-1cce-4920-9228-efa3401a84d2"}', 'sent', NULL, '2026-03-23 11:44:41.504527+00', '2026-03-23 11:45:02.032219+00', 0, '2026-03-23 11:50:01.456432+00'),
	('aad710fc-26c5-4ac3-9313-2e840d31f30a', 'f4ea76ed-34ec-46e7-a2f1-631c8b05825c', 'email', 'precheckin_link', '{"link": "https://vaiyu.co.in/precheckin/eec525d777da4706909723d318c6f6f2354849ec52814d54b9c4b4ea66c6c9a2", "token": "eec525d777da4706909723d318c6f6f2354849ec52814d54b9c4b4ea66c6c9a2", "guest_name": "Kamal"}', 'sent', NULL, '2026-03-23 11:58:56.433465+00', '2026-03-23 11:59:01.05759+00', 0, '2026-03-23 12:04:00.617647+00'),
	('9d6c28ef-885d-4574-a561-2b880799bd40', 'f4ea76ed-34ec-46e7-a2f1-631c8b05825c', 'email', 'precheckin_completed_access', '{"email": "artijaraut711@gmail.com", "booking_id": "f4ea76ed-34ec-46e7-a2f1-631c8b05825c", "guest_name": "Kamal"}', 'sent', NULL, '2026-03-23 12:04:24.095536+00', '2026-03-23 12:05:02.652275+00', 0, '2026-03-23 12:10:01.708844+00'),
	('5878e6c6-eca4-43f0-bc5f-514b65a33395', 'ede4d26a-e6cc-4ab7-941c-247391359b75', 'email', 'precheckin_link', '{"link": "https://vaiyu.co.in/precheckin/8acd1b42f51a48f68f99186758dab8d905966150802c446ba34e5b0060f6935b", "token": "8acd1b42f51a48f68f99186758dab8d905966150802c446ba34e5b0060f6935b", "guest_name": "Test"}', 'sent', NULL, '2026-04-03 10:47:42.030385+00', '2026-04-03 10:48:01.250146+00', 0, '2026-04-03 10:53:00.686596+00'),
	('1a00d8bb-5e7a-4a6d-ac49-ea0c881e7708', 'ede4d26a-e6cc-4ab7-941c-247391359b75', 'email', 'precheckin_completed_access', '{"email": "kbisht786@gmail.com", "booking_id": "ede4d26a-e6cc-4ab7-941c-247391359b75", "guest_name": "Test"}', 'sent', NULL, '2026-04-03 10:48:56.412663+00', '2026-04-03 10:49:02.289186+00', 0, '2026-04-03 10:54:01.188603+00'),
	('194b5da7-3a76-4392-9035-43be8bff3182', NULL, 'email', 'staff_invite', '{"email": "artijaraut711@gmail.com", "role_id": "c893103a-ffee-4bfe-b9b0-2655bbd3dffd", "hotel_id": "5d697b97-4336-4318-af21-53fc78a406ad", "invite_token": "29c0b35c-adb8-494c-9f2e-83cd7525d048"}', 'sent', NULL, '2026-04-11 05:52:08.848265+00', '2026-04-11 05:53:02.633886+00', 0, '2026-04-11 05:58:01.612614+00'),
	('4d8f45a3-d724-4989-bf2d-f94818bd932a', NULL, 'email', 'staff_invite', '{"email": "kbisht786@gmail.com", "role_id": "0705e4e2-f044-4e6e-b5f5-af0e2a63ca72", "hotel_id": "5d697b97-4336-4318-af21-53fc78a406ad", "invite_token": "25313e27-8127-4fa2-b8da-ccaee532716b"}', 'sent', NULL, '2026-04-11 05:53:43.024506+00', '2026-04-11 05:54:01.443278+00', 0, '2026-04-11 05:59:00.964739+00'),
	('425657d8-327e-4335-bbd2-afec80d7825c', NULL, 'email', 'staff_invite', '{"email": "ajitkumarpes@gmail.com", "role_id": "9c702df3-e50b-4882-b7a2-8168641378ba", "hotel_id": "e10eca3b-3102-41fc-8006-c1b4b70e00e6", "invite_token": "e839977f-c520-425c-a0f1-160e151f43fb"}', 'sent', NULL, '2026-04-03 12:04:27.300524+00', '2026-04-03 12:05:01.528325+00', 0, '2026-04-03 12:10:01.140451+00'),
	('ef2721a5-9257-46a4-bd82-63514fb09fe6', NULL, 'email', 'staff_invite', '{"email": "singhajit.br@gmail.com", "role_id": "157b503d-b991-4779-8b6c-67a8d9dfcad8", "hotel_id": "e10eca3b-3102-41fc-8006-c1b4b70e00e6", "invite_token": "03b7553d-da39-4bf5-8e21-03e9f71d7162"}', 'sent', NULL, '2026-04-03 12:04:27.484639+00', '2026-04-03 12:05:01.871424+00', 0, '2026-04-03 12:10:01.140451+00'),
	('cd10b78a-55c7-4a2b-91d3-775d9fbcc7a2', NULL, 'email', 'staff_invite', '{"email": "kbisht786@gmail.com", "role_id": "157b503d-b991-4779-8b6c-67a8d9dfcad8", "hotel_id": "e10eca3b-3102-41fc-8006-c1b4b70e00e6", "invite_token": "2af8136c-f5ff-4775-bd93-a3d7f83c2185"}', 'sent', NULL, '2026-04-03 12:04:27.597991+00', '2026-04-03 12:05:02.210793+00', 0, '2026-04-03 12:10:01.140451+00'),
	('ffa0c125-e820-42ca-bb23-6f64f225909d', '6f333cd6-d449-406c-9dd8-4b8c76115168', 'email', 'precheckin_link', '{"link": "https://vaiyu.co.in/precheckin/f084248e8dec4424ac6bc5b27f9b2fb111e916b22ffb4a1290639888d6ab9388", "token": "f084248e8dec4424ac6bc5b27f9b2fb111e916b22ffb4a1290639888d6ab9388", "guest_name": "Kapil"}', 'sent', NULL, '2026-04-11 05:59:00.29406+00', '2026-04-11 05:59:01.008389+00', 0, '2026-04-11 06:04:00.536604+00'),
	('4e0e266f-52c5-4eec-92a7-312fd5e8310a', NULL, 'email', 'staff_invite', '{"email": "ajitkumarpes@gmail.com", "role_id": "6a1b651e-9dbf-4b73-9283-dba446ce3738", "hotel_id": "ec3551da-fc3d-4c34-9344-fb13c2e20af6", "invite_token": "b733ba80-5c82-443d-ad0d-baaefaa8f518"}', 'sent', NULL, '2026-04-03 12:37:11.536958+00', '2026-04-03 12:38:01.978812+00', 0, '2026-04-03 12:43:01.491083+00'),
	('fbd26563-afe9-4e8e-9cc9-04cbcedf5f52', 'e70ef715-4eb4-410b-bd08-23d874c65c43', 'email', 'precheckin_link', '{"link": "https://vaiyu.co.in/precheckin/4c5b20f95a084b2f982729411f520b7630c93cdfacdd4f31bd1de035343afc51", "token": "4c5b20f95a084b2f982729411f520b7630c93cdfacdd4f31bd1de035343afc51", "guest_name": "Ajit Kumar Singh"}', 'sent', NULL, '2026-04-04 11:09:44.611038+00', '2026-04-04 11:10:01.689395+00', 0, '2026-04-04 11:15:01.172857+00'),
	('180ee562-72f1-447e-bcd7-20e0ad3ccbbb', 'e7f619c2-9e82-449c-b3d6-9cd0dbb205b9', 'whatsapp', 'precheckin_link', '{"link": "https://vaiyu.co.in/precheckin/b018384dc3ba48dfb26b4e39d9f6fdaf39dda80e43e44359ab3fd7d6bdd0a514", "token": "b018384dc3ba48dfb26b4e39d9f6fdaf39dda80e43e44359ab3fd7d6bdd0a514", "guest_name": "Ajit Kumar Singh"}', 'sent', NULL, '2026-04-04 12:00:59.598522+00', '2026-04-04 12:01:01.492276+00', 0, '2026-04-04 12:06:01.382952+00'),
	('7cbdb5ea-409f-41ee-bc22-43ab40ed9eb7', '6f333cd6-d449-406c-9dd8-4b8c76115168', 'email', 'precheckin_completed_access', '{"email": "bistkapil1988@gmail.com", "booking_id": "6f333cd6-d449-406c-9dd8-4b8c76115168", "guest_name": "Kapil"}', 'sent', NULL, '2026-04-11 06:02:12.53152+00', '2026-04-11 06:03:01.863836+00', 0, '2026-04-11 06:08:01.159901+00'),
	('0812f13c-d47c-41df-a3c6-d3230a0adc2e', '6a0272fb-59db-49f3-a648-ffe525406ae1', 'email', 'precheckin_link', '{"link": "https://vaiyu.co.in/precheckin/568b416088af4269861b244c07a2f6e8272bc1eb888348e59f334d8b22115dab", "token": "568b416088af4269861b244c07a2f6e8272bc1eb888348e59f334d8b22115dab", "guest_name": "Ajit Kumar Singh"}', 'sent', NULL, '2026-04-04 16:47:48.214425+00', '2026-04-04 16:48:01.528956+00', 0, '2026-04-04 16:53:00.885985+00'),
	('da02296c-e4df-4877-95bf-4f1f9b8d3bae', '6a0272fb-59db-49f3-a648-ffe525406ae1', 'whatsapp', 'precheckin_link', '{"link": "https://vaiyu.co.in/precheckin/568b416088af4269861b244c07a2f6e8272bc1eb888348e59f334d8b22115dab", "token": "568b416088af4269861b244c07a2f6e8272bc1eb888348e59f334d8b22115dab", "guest_name": "Ajit Kumar Singh"}', 'sent', NULL, '2026-04-04 16:47:48.214425+00', '2026-04-04 16:48:01.640904+00', 0, '2026-04-04 16:53:00.885985+00'),
	('23aa0669-bf81-4a47-9a11-10bd78a39a9a', 'e7f619c2-9e82-449c-b3d6-9cd0dbb205b9', 'whatsapp', 'post_checkout_thankyou', '{"phone": "9019959870", "booking_id": "e7f619c2-9e82-449c-b3d6-9cd0dbb205b9", "guest_name": "Ajit Kumar Singh", "hotel_name": "Hotel Demo One", "feedback_token": "7e76ab9fb3c9c60c0a1a16d17bf87a3a49ab0c04db618c5bfaa83343d6901391"}', 'sent', NULL, '2026-04-04 19:51:27.548586+00', '2026-04-04 20:52:01.649141+00', 0, '2026-04-04 20:57:01.200249+00'),
	('54588aef-55ce-4308-b158-5e2c0e6051f8', 'e7f619c2-9e82-449c-b3d6-9cd0dbb205b9', 'email', 'post_checkout_thankyou', '{"email": "ajitkumarpes@gmail.com", "booking_id": "e7f619c2-9e82-449c-b3d6-9cd0dbb205b9", "guest_name": "Ajit Kumar Singh", "hotel_name": "Hotel Demo One", "feedback_token": "7e76ab9fb3c9c60c0a1a16d17bf87a3a49ab0c04db618c5bfaa83343d6901391"}', 'sent', NULL, '2026-04-04 19:51:27.548586+00', '2026-04-04 20:52:02.686695+00', 0, '2026-04-04 20:57:01.200249+00'),
	('b0c0f26d-c483-4e39-a566-dda9ed5a8841', '6f333cd6-d449-406c-9dd8-4b8c76115168', 'whatsapp', 'precheckin_link', '{"link": "https://vaiyu.co.in/precheckin/f084248e8dec4424ac6bc5b27f9b2fb111e916b22ffb4a1290639888d6ab9388", "token": "f084248e8dec4424ac6bc5b27f9b2fb111e916b22ffb4a1290639888d6ab9388", "guest_name": "Kapil"}', 'failed', 'Hotel WhatsApp ID not configured', '2026-04-11 05:59:00.29406+00', NULL, 11, '2026-04-11 08:19:00.932955+00'),
	('bd06aaca-cef1-4e14-98f3-89c1de4949ee', NULL, 'email', 'staff_invite', '{"email": "kbisht786@gmail.com", "role_id": "43d211f1-1d5c-4396-bb1f-4fe9bf3ced3c", "hotel_id": "e10eca3b-3102-41fc-8006-c1b4b70e00e6", "invite_token": "b9cb197e-13f0-4a5c-b71a-8f287ea3b44d"}', 'sent', NULL, '2026-04-16 17:45:55.500503+00', '2026-04-16 17:46:01.450049+00', 0, '2026-04-16 17:51:00.919271+00');


--
-- Data for Name: ops_events; Type: TABLE DATA; Schema: public; Owner: postgres
--

INSERT INTO "public"."ops_events" ("id", "hotel_id", "kind", "title", "detail", "room", "created_by", "created_at", "meta") VALUES
	('a59bf3d3-a6d3-4df5-a9be-fc250dccb8cd', '139c6002-bdd7-4924-9db4-16f14e283d89', 'demo_event', 'Demo event created', 'Testing ops_events wiring', '201', NULL, '2025-11-25 10:27:24.552261+00', '{"source": "manual-test"}');


--
-- Data for Name: orders; Type: TABLE DATA; Schema: public; Owner: postgres
--

INSERT INTO "public"."orders" ("id", "hotel_id", "booking_code", "item_key", "qty", "price", "status", "created_at", "closed_at", "created_by", "room", "booking_id") VALUES
	('706694ee-068e-4860-a776-f931c9bb69f3', '139c6002-bdd7-4924-9db4-16f14e283d89', NULL, 'masala_tea', 1, 0.00, 'delivered', '2025-10-15 05:08:38.972681+00', '2025-10-15 07:01:15.722+00', NULL, NULL, NULL),
	('04c6ebe4-7a37-4786-953e-2b8fe6290387', '139c6002-bdd7-4924-9db4-16f14e283d89', NULL, 'ORD-TENANT1-20251013-001-411', 1, 1982.00, 'delivered', '2025-10-13 15:00:00+00', NULL, NULL, NULL, NULL),
	('e9ffd2e9-6bc5-456b-90d0-a4db13dbe52a', '139c6002-bdd7-4924-9db4-16f14e283d89', NULL, 'ORD-TENANT1-20251013-002-524', 1, 707.00, 'delivered', '2025-10-13 09:00:00+00', NULL, NULL, NULL, NULL),
	('e39a352f-3367-48c9-b303-42994c6b2762', '139c6002-bdd7-4924-9db4-16f14e283d89', NULL, 'ORD-TENANT1-20251013-003-844', 1, 1056.00, 'delivered', '2025-10-13 21:00:00+00', NULL, NULL, NULL, NULL),
	('33c658ea-537b-4cff-9b81-1523b548d504', '139c6002-bdd7-4924-9db4-16f14e283d89', NULL, 'ORD-TENANT1-20251013-004-069', 1, 1617.00, 'delivered', '2025-10-13 12:00:00+00', NULL, NULL, NULL, NULL),
	('80ace5d5-a2e4-4d58-9586-ff695bb51600', '139c6002-bdd7-4924-9db4-16f14e283d89', NULL, 'ORD-TENANT1-20251013-005-200', 1, 1772.00, 'delivered', '2025-10-13 18:00:00+00', NULL, NULL, NULL, NULL),
	('ce3662f8-8eae-43d1-a0d2-0cbae6e15468', '139c6002-bdd7-4924-9db4-16f14e283d89', NULL, 'ORD-TENANT1-20251014-001-316', 1, 1725.00, 'delivered', '2025-10-14 15:00:00+00', NULL, NULL, NULL, NULL),
	('53caa888-8b2a-41ab-b1ca-1fbbdfc1953a', '139c6002-bdd7-4924-9db4-16f14e283d89', NULL, 'ORD-TENANT1-20251014-002-037', 1, 1811.00, 'delivered', '2025-10-14 09:00:00+00', NULL, NULL, NULL, NULL),
	('5025cc4c-5d5c-495a-b493-39e6d51ede95', '139c6002-bdd7-4924-9db4-16f14e283d89', NULL, 'ORD-TENANT1-20251014-003-018', 1, 633.00, 'delivered', '2025-10-14 21:00:00+00', NULL, NULL, NULL, NULL),
	('dfe4924d-4873-4987-8bb3-05a7c328c2eb', '139c6002-bdd7-4924-9db4-16f14e283d89', NULL, 'ORD-TENANT1-20251014-004-674', 1, 670.00, 'delivered', '2025-10-14 12:00:00+00', NULL, NULL, NULL, NULL),
	('97ce514e-37c8-4187-b6bc-77c2e1d3c890', '139c6002-bdd7-4924-9db4-16f14e283d89', NULL, 'ORD-TENANT1-20251014-005-427', 1, 1041.00, 'delivered', '2025-10-14 18:00:00+00', NULL, NULL, NULL, NULL),
	('ca9c3cb3-4a37-459b-bbbf-803ad3a8025e', '139c6002-bdd7-4924-9db4-16f14e283d89', NULL, 'ORD-TENANT1-20251015-001-130', 1, 1585.00, 'delivered', '2025-10-15 21:00:00+00', NULL, NULL, NULL, NULL),
	('4633bdb0-7e4b-48cc-90df-308060ed61ab', '139c6002-bdd7-4924-9db4-16f14e283d89', NULL, 'ORD-TENANT1-20251015-002-054', 1, 674.00, 'delivered', '2025-10-15 18:00:00+00', NULL, NULL, NULL, NULL),
	('72c0053e-8e8b-4910-aebf-8bddf948bdc9', '139c6002-bdd7-4924-9db4-16f14e283d89', NULL, 'ORD-TENANT1-20251015-003-823', 1, 739.00, 'delivered', '2025-10-15 15:00:00+00', NULL, NULL, NULL, NULL),
	('82828b2e-a978-48a9-88d7-471eb80c462f', '139c6002-bdd7-4924-9db4-16f14e283d89', NULL, 'ORD-TENANT1-20251015-004-585', 1, 578.00, 'delivered', '2025-10-15 12:00:00+00', NULL, NULL, NULL, NULL),
	('4835e249-7389-464d-b1c3-8a3fc1268b83', '139c6002-bdd7-4924-9db4-16f14e283d89', NULL, 'ORD-TENANT1-20251015-005-868', 1, 705.00, 'delivered', '2025-10-15 09:00:00+00', NULL, NULL, NULL, NULL),
	('9fc175e4-b6fb-43c5-959e-6e797cac9f98', '139c6002-bdd7-4924-9db4-16f14e283d89', NULL, 'ORD-TENANT1-20251016-001-432', 1, 1679.00, 'delivered', '2025-10-16 18:00:00+00', NULL, NULL, NULL, NULL),
	('341dfc8c-53ee-4f4b-8111-ebdc0410d078', '139c6002-bdd7-4924-9db4-16f14e283d89', NULL, 'ORD-TENANT1-20251016-002-845', 1, 823.00, 'delivered', '2025-10-16 15:00:00+00', NULL, NULL, NULL, NULL),
	('de7be0ad-c6f2-4c35-934b-e11fbfbafb93', '139c6002-bdd7-4924-9db4-16f14e283d89', NULL, 'ORD-TENANT1-20251016-003-722', 1, 1207.00, 'delivered', '2025-10-16 21:00:00+00', NULL, NULL, NULL, NULL),
	('e3542470-b4ed-4e75-a4c6-898fa8755aa3', '139c6002-bdd7-4924-9db4-16f14e283d89', NULL, 'ORD-TENANT1-20251016-004-252', 1, 1009.00, 'delivered', '2025-10-16 12:00:00+00', NULL, NULL, NULL, NULL),
	('0168c89c-d4ce-4395-b63f-c477c7645471', '139c6002-bdd7-4924-9db4-16f14e283d89', NULL, 'ORD-TENANT1-20251016-005-730', 1, 1235.00, 'delivered', '2025-10-16 09:00:00+00', NULL, NULL, NULL, NULL),
	('6fa72aa3-1d33-4954-9126-1a1b03eca01f', '139c6002-bdd7-4924-9db4-16f14e283d89', NULL, 'ORD-TENANT1-20251017-001-417', 1, 1561.00, 'delivered', '2025-10-17 09:00:00+00', NULL, NULL, NULL, NULL),
	('e8a783b3-7df0-4ceb-8c38-c227eae50ac6', '139c6002-bdd7-4924-9db4-16f14e283d89', NULL, 'ORD-TENANT1-20251017-002-337', 1, 1301.00, 'delivered', '2025-10-17 12:00:00+00', NULL, NULL, NULL, NULL),
	('d3768ca8-7507-4a61-a1a0-a8598fd14034', '139c6002-bdd7-4924-9db4-16f14e283d89', NULL, 'ORD-TENANT1-20251017-003-100', 1, 558.00, 'delivered', '2025-10-17 15:00:00+00', NULL, NULL, NULL, NULL),
	('a2e0d592-0c6e-4c0d-8ca2-dbc4f55f53b3', '139c6002-bdd7-4924-9db4-16f14e283d89', NULL, 'ORD-TENANT1-20251017-004-714', 1, 1079.00, 'delivered', '2025-10-17 18:00:00+00', NULL, NULL, NULL, NULL),
	('99b283ae-d371-4deb-acfe-b87ba5b4fc7a', '139c6002-bdd7-4924-9db4-16f14e283d89', NULL, 'ORD-TENANT1-20251017-005-641', 1, 804.00, 'delivered', '2025-10-17 21:00:00+00', NULL, NULL, NULL, NULL),
	('75e5a125-660d-462d-827a-65dea9adb811', '139c6002-bdd7-4924-9db4-16f14e283d89', NULL, 'ORD-TENANT1-20251018-001-445', 1, 954.00, 'delivered', '2025-10-18 09:00:00+00', NULL, NULL, NULL, NULL),
	('c259b24a-2f83-4853-8110-fff6c0f0321c', '139c6002-bdd7-4924-9db4-16f14e283d89', NULL, 'ORD-TENANT1-20251018-002-193', 1, 1315.00, 'delivered', '2025-10-18 12:00:00+00', NULL, NULL, NULL, NULL),
	('db7978ec-d7db-426d-aa33-6762374d5fd4', '139c6002-bdd7-4924-9db4-16f14e283d89', NULL, 'ORD-TENANT1-20251018-003-828', 1, 1306.00, 'delivered', '2025-10-18 15:00:00+00', NULL, NULL, NULL, NULL),
	('8a951ea4-112d-435a-b6e6-c595a173874a', '139c6002-bdd7-4924-9db4-16f14e283d89', NULL, 'ORD-TENANT1-20251018-004-312', 1, 500.00, 'delivered', '2025-10-18 21:00:00+00', NULL, NULL, NULL, NULL),
	('4ee4fead-51ea-4629-89b6-8e738b16a29c', '139c6002-bdd7-4924-9db4-16f14e283d89', NULL, 'ORD-TENANT1-20251018-005-067', 1, 1385.00, 'delivered', '2025-10-18 18:00:00+00', NULL, NULL, NULL, NULL),
	('a9126a5b-5fc9-4c7d-a439-d014092a3072', '139c6002-bdd7-4924-9db4-16f14e283d89', NULL, 'ORD-TENANT1-20251019-001-597', 1, 573.00, 'delivered', '2025-10-19 15:00:00+00', NULL, NULL, NULL, NULL),
	('06ca4795-3141-4473-9b70-25ada319ad7a', '139c6002-bdd7-4924-9db4-16f14e283d89', NULL, 'ORD-TENANT1-20251019-002-056', 1, 1355.00, 'delivered', '2025-10-19 09:00:00+00', NULL, NULL, NULL, NULL),
	('6896c6e8-8439-4ca5-85be-372194425701', '139c6002-bdd7-4924-9db4-16f14e283d89', NULL, 'ORD-TENANT1-20251019-003-915', 1, 1825.00, 'preparing', '2025-10-19 21:00:00+00', NULL, NULL, NULL, NULL),
	('4d2629fa-dbc7-4f8a-96a4-a16d0ab857f0', '139c6002-bdd7-4924-9db4-16f14e283d89', NULL, 'ORD-TENANT1-20251019-004-862', 1, 1948.00, 'preparing', '2025-10-19 18:00:00+00', NULL, NULL, NULL, NULL),
	('13c5c063-a02e-4b96-816d-e8811530823f', '139c6002-bdd7-4924-9db4-16f14e283d89', NULL, 'ORD-TENANT1-20251019-005-609', 1, 968.00, 'delivered', '2025-10-19 12:00:00+00', NULL, NULL, NULL, NULL),
	('f798ea77-8a2e-4878-9fcf-de1125165df4', '139c6002-bdd7-4924-9db4-16f14e283d89', NULL, 'ORD-TENANT1-20251020-001-520', 1, 1369.00, 'open', '2025-10-20 21:00:00+00', NULL, NULL, NULL, NULL),
	('8ee74d90-d181-4f37-87eb-527b0a84f140', '139c6002-bdd7-4924-9db4-16f14e283d89', NULL, 'ORD-TENANT1-20251020-002-261', 1, 1142.00, 'open', '2025-10-20 18:00:00+00', NULL, NULL, NULL, NULL),
	('1f8fa98a-28c0-4afb-accb-8e9ea3dadead', '139c6002-bdd7-4924-9db4-16f14e283d89', NULL, 'ORD-TENANT1-20251020-003-596', 1, 888.00, 'open', '2025-10-20 12:00:00+00', NULL, NULL, NULL, NULL),
	('284602b8-9fbb-4cf5-b069-1a434877b71c', '139c6002-bdd7-4924-9db4-16f14e283d89', NULL, 'ORD-TENANT1-20251020-004-859', 1, 1791.00, 'open', '2025-10-20 15:00:00+00', NULL, NULL, NULL, NULL),
	('2a3bb01b-5753-4494-902c-1efba60c435b', '139c6002-bdd7-4924-9db4-16f14e283d89', NULL, 'ORD-TENANT1-20251020-005-824', 1, 913.00, 'open', '2025-10-20 09:00:00+00', NULL, NULL, NULL, NULL),
	('4226c80a-4760-4e77-85aa-facf2b4ec7c6', '5710bfe1-7590-4361-aebe-4335ac31ac1e', NULL, 'ORD-DEMO1-20251013-001-103', 1, 1549.00, 'delivered', '2025-10-13 21:00:00+00', NULL, NULL, NULL, NULL),
	('b86e92ef-6e38-4ead-b11e-d8c67a0caa8b', '5710bfe1-7590-4361-aebe-4335ac31ac1e', NULL, 'ORD-DEMO1-20251013-002-921', 1, 1520.00, 'delivered', '2025-10-13 15:00:00+00', NULL, NULL, NULL, NULL),
	('a3283832-ae6e-466c-8601-b5c8a9585faa', '5710bfe1-7590-4361-aebe-4335ac31ac1e', NULL, 'ORD-DEMO1-20251013-003-052', 1, 967.00, 'delivered', '2025-10-13 18:00:00+00', NULL, NULL, NULL, NULL),
	('6cee4179-53f0-4c4d-b931-e6242c4d55be', '5710bfe1-7590-4361-aebe-4335ac31ac1e', NULL, 'ORD-DEMO1-20251013-004-235', 1, 1692.00, 'delivered', '2025-10-13 12:00:00+00', NULL, NULL, NULL, NULL),
	('89563aad-1947-4664-8ed0-471ffe668107', '5710bfe1-7590-4361-aebe-4335ac31ac1e', NULL, 'ORD-DEMO1-20251013-005-438', 1, 1073.00, 'delivered', '2025-10-13 09:00:00+00', NULL, NULL, NULL, NULL),
	('1473bced-e1d7-4a6e-9245-7137ebc938b8', '5710bfe1-7590-4361-aebe-4335ac31ac1e', NULL, 'ORD-DEMO1-20251014-001-431', 1, 1018.00, 'delivered', '2025-10-14 18:00:00+00', NULL, NULL, NULL, NULL),
	('94ed3838-e166-409e-86c9-73d6adc8d76b', '5710bfe1-7590-4361-aebe-4335ac31ac1e', NULL, 'ORD-DEMO1-20251014-002-484', 1, 746.00, 'delivered', '2025-10-14 21:00:00+00', NULL, NULL, NULL, NULL),
	('372d735e-46ac-4405-a21b-71fb0c4cb6d7', '5710bfe1-7590-4361-aebe-4335ac31ac1e', NULL, 'ORD-DEMO1-20251014-003-631', 1, 1845.00, 'delivered', '2025-10-14 09:00:00+00', NULL, NULL, NULL, NULL),
	('0db81378-7e11-4672-abaa-eed42e54f4bf', '5710bfe1-7590-4361-aebe-4335ac31ac1e', NULL, 'ORD-DEMO1-20251014-004-092', 1, 1412.00, 'delivered', '2025-10-14 15:00:00+00', NULL, NULL, NULL, NULL),
	('14aeacd0-223a-479c-bbe3-1f7bd3241586', '5710bfe1-7590-4361-aebe-4335ac31ac1e', NULL, 'ORD-DEMO1-20251014-005-321', 1, 765.00, 'delivered', '2025-10-14 12:00:00+00', NULL, NULL, NULL, NULL),
	('c99d4993-16db-406c-b970-3534deef6c0c', '5710bfe1-7590-4361-aebe-4335ac31ac1e', NULL, 'ORD-DEMO1-20251015-001-798', 1, 1704.00, 'delivered', '2025-10-15 15:00:00+00', NULL, NULL, NULL, NULL),
	('006e8cb1-9f9f-40bc-b662-a1f29c5bfeb1', '5710bfe1-7590-4361-aebe-4335ac31ac1e', NULL, 'ORD-DEMO1-20251015-002-035', 1, 1868.00, 'delivered', '2025-10-15 12:00:00+00', NULL, NULL, NULL, NULL),
	('0b5580ef-8156-4cf7-9871-cdc4e76fed8c', '5710bfe1-7590-4361-aebe-4335ac31ac1e', NULL, 'ORD-DEMO1-20251015-003-872', 1, 1167.00, 'delivered', '2025-10-15 18:00:00+00', NULL, NULL, NULL, NULL),
	('8c9abd1b-8801-4b19-a3da-8ffcf9b9e531', '5710bfe1-7590-4361-aebe-4335ac31ac1e', NULL, 'ORD-DEMO1-20251015-004-685', 1, 962.00, 'delivered', '2025-10-15 09:00:00+00', NULL, NULL, NULL, NULL),
	('849a4352-b75e-426b-a1c6-6c5439905794', '5710bfe1-7590-4361-aebe-4335ac31ac1e', NULL, 'ORD-DEMO1-20251015-005-069', 1, 1630.00, 'delivered', '2025-10-15 21:00:00+00', NULL, NULL, NULL, NULL),
	('5a36b9e7-a463-43e2-afad-6f8c979ec80e', '5710bfe1-7590-4361-aebe-4335ac31ac1e', NULL, 'ORD-DEMO1-20251016-001-504', 1, 695.00, 'delivered', '2025-10-16 18:00:00+00', NULL, NULL, NULL, NULL),
	('3c852f43-a0c8-4c90-b1e0-b1e86cfe5ba3', '5710bfe1-7590-4361-aebe-4335ac31ac1e', NULL, 'ORD-DEMO1-20251016-002-052', 1, 1832.00, 'delivered', '2025-10-16 12:00:00+00', NULL, NULL, NULL, NULL),
	('69b9c439-c3db-4a96-9af3-f4f1d4c3aa1a', '5710bfe1-7590-4361-aebe-4335ac31ac1e', NULL, 'ORD-DEMO1-20251016-003-763', 1, 1119.00, 'delivered', '2025-10-16 15:00:00+00', NULL, NULL, NULL, NULL),
	('79593394-7986-4eb5-bffd-e0c918e9567e', '5710bfe1-7590-4361-aebe-4335ac31ac1e', NULL, 'ORD-DEMO1-20251016-004-239', 1, 743.00, 'delivered', '2025-10-16 21:00:00+00', NULL, NULL, NULL, NULL),
	('b7a03fad-24d7-4390-93b9-0123f524512d', '5710bfe1-7590-4361-aebe-4335ac31ac1e', NULL, 'ORD-DEMO1-20251016-005-150', 1, 809.00, 'delivered', '2025-10-16 09:00:00+00', NULL, NULL, NULL, NULL),
	('f6569582-0564-4855-aa1c-24e2558af362', '5710bfe1-7590-4361-aebe-4335ac31ac1e', NULL, 'ORD-DEMO1-20251017-001-630', 1, 1917.00, 'delivered', '2025-10-17 18:00:00+00', NULL, NULL, NULL, NULL),
	('b1c49100-d3e8-401f-a274-96d76288be71', '5710bfe1-7590-4361-aebe-4335ac31ac1e', NULL, 'ORD-DEMO1-20251017-002-894', 1, 1110.00, 'delivered', '2025-10-17 09:00:00+00', NULL, NULL, NULL, NULL),
	('bc01e74a-6e8c-4ce2-aa0b-1a36d958f5b4', '5710bfe1-7590-4361-aebe-4335ac31ac1e', NULL, 'ORD-DEMO1-20251017-003-108', 1, 1994.00, 'delivered', '2025-10-17 12:00:00+00', NULL, NULL, NULL, NULL),
	('0dbf0306-10b9-4d35-b724-4122342ebe88', '5710bfe1-7590-4361-aebe-4335ac31ac1e', NULL, 'ORD-DEMO1-20251017-004-802', 1, 517.00, 'delivered', '2025-10-17 15:00:00+00', NULL, NULL, NULL, NULL),
	('0008460a-245c-4921-bd96-06a38adfb187', '5710bfe1-7590-4361-aebe-4335ac31ac1e', NULL, 'ORD-DEMO1-20251017-005-765', 1, 1385.00, 'delivered', '2025-10-17 21:00:00+00', NULL, NULL, NULL, NULL),
	('03998330-4efb-44a4-a8e7-c346233acec1', '5710bfe1-7590-4361-aebe-4335ac31ac1e', NULL, 'ORD-DEMO1-20251018-001-255', 1, 701.00, 'delivered', '2025-10-18 12:00:00+00', NULL, NULL, NULL, NULL),
	('d4489f6a-ea65-436c-b88d-103dbafdeee3', '5710bfe1-7590-4361-aebe-4335ac31ac1e', NULL, 'ORD-DEMO1-20251018-002-350', 1, 1981.00, 'delivered', '2025-10-18 21:00:00+00', NULL, NULL, NULL, NULL),
	('3050fd07-b73c-4040-97ae-420f1ec475d6', '5710bfe1-7590-4361-aebe-4335ac31ac1e', NULL, 'ORD-DEMO1-20251018-003-638', 1, 577.00, 'delivered', '2025-10-18 15:00:00+00', NULL, NULL, NULL, NULL),
	('ddbf2ae6-05f0-4294-ae1c-30f5cce434ee', '5710bfe1-7590-4361-aebe-4335ac31ac1e', NULL, 'ORD-DEMO1-20251018-004-647', 1, 1369.00, 'delivered', '2025-10-18 09:00:00+00', NULL, NULL, NULL, NULL),
	('979717c6-2a7a-4a11-9135-677f9283b3cc', '5710bfe1-7590-4361-aebe-4335ac31ac1e', NULL, 'ORD-DEMO1-20251018-005-027', 1, 607.00, 'delivered', '2025-10-18 18:00:00+00', NULL, NULL, NULL, NULL),
	('34f61af7-6d0f-4ce2-b73c-6a04a8b46c04', '5710bfe1-7590-4361-aebe-4335ac31ac1e', NULL, 'ORD-DEMO1-20251019-001-192', 1, 832.00, 'preparing', '2025-10-19 18:00:00+00', NULL, NULL, NULL, NULL),
	('f67a05c8-a5a9-41fb-9d2d-0531fb75e586', '5710bfe1-7590-4361-aebe-4335ac31ac1e', NULL, 'ORD-DEMO1-20251019-002-524', 1, 1156.00, 'preparing', '2025-10-19 21:00:00+00', NULL, NULL, NULL, NULL),
	('f95a7bf5-2ab4-416d-86a5-034bb948fb63', '5710bfe1-7590-4361-aebe-4335ac31ac1e', NULL, 'ORD-DEMO1-20251019-003-967', 1, 919.00, 'delivered', '2025-10-19 09:00:00+00', NULL, NULL, NULL, NULL),
	('40f13eff-7c2a-4d35-8370-8788cc8193b3', '5710bfe1-7590-4361-aebe-4335ac31ac1e', NULL, 'ORD-DEMO1-20251019-004-368', 1, 861.00, 'delivered', '2025-10-19 12:00:00+00', NULL, NULL, NULL, NULL),
	('37b473c2-a02a-48ec-b063-0deb88ed5454', '5710bfe1-7590-4361-aebe-4335ac31ac1e', NULL, 'ORD-DEMO1-20251019-005-232', 1, 1996.00, 'delivered', '2025-10-19 15:00:00+00', NULL, NULL, NULL, NULL),
	('8390ef8e-11e5-415d-8c50-e264ef5dce2b', '5710bfe1-7590-4361-aebe-4335ac31ac1e', NULL, 'ORD-DEMO1-20251020-001-015', 1, 587.00, 'open', '2025-10-20 15:00:00+00', NULL, NULL, NULL, NULL),
	('0c9585a3-5bdd-41f1-9169-54366ffc0472', '5710bfe1-7590-4361-aebe-4335ac31ac1e', NULL, 'ORD-DEMO1-20251020-002-910', 1, 784.00, 'open', '2025-10-20 21:00:00+00', NULL, NULL, NULL, NULL),
	('4a3bc274-33f0-4eed-8792-3f24894766d1', '5710bfe1-7590-4361-aebe-4335ac31ac1e', NULL, 'ORD-DEMO1-20251020-003-176', 1, 1054.00, 'open', '2025-10-20 12:00:00+00', NULL, NULL, NULL, NULL),
	('72c7d30d-f774-48c2-8c01-dc4de8621d61', '5710bfe1-7590-4361-aebe-4335ac31ac1e', NULL, 'ORD-DEMO1-20251020-004-141', 1, 894.00, 'open', '2025-10-20 09:00:00+00', NULL, NULL, NULL, NULL),
	('9cd0c41d-20ca-421b-ab1b-38841f628b57', '5710bfe1-7590-4361-aebe-4335ac31ac1e', NULL, 'ORD-DEMO1-20251020-005-718', 1, 725.00, 'open', '2025-10-20 18:00:00+00', NULL, NULL, NULL, NULL),
	('092a56dc-a867-4df1-847b-72ad2dc98bfb', 'ce30b5a6-a0f0-4238-b213-397216edf1d8', NULL, 'ORD-DEMO2-20251013-001-140', 1, 596.00, 'delivered', '2025-10-13 15:00:00+00', NULL, NULL, NULL, NULL),
	('5433d7f3-2993-40f4-9c0f-47b8f51612f7', 'ce30b5a6-a0f0-4238-b213-397216edf1d8', NULL, 'ORD-DEMO2-20251013-002-721', 1, 1890.00, 'delivered', '2025-10-13 21:00:00+00', NULL, NULL, NULL, NULL),
	('fdf5d735-5b29-4009-ae95-fb6c877d4f72', 'ce30b5a6-a0f0-4238-b213-397216edf1d8', NULL, 'ORD-DEMO2-20251013-003-395', 1, 1714.00, 'delivered', '2025-10-13 12:00:00+00', NULL, NULL, NULL, NULL),
	('f9732c06-fc6b-4bbe-b139-98b732885344', 'ce30b5a6-a0f0-4238-b213-397216edf1d8', NULL, 'ORD-DEMO2-20251013-004-562', 1, 646.00, 'delivered', '2025-10-13 18:00:00+00', NULL, NULL, NULL, NULL),
	('73617f71-6ab0-4854-aec7-e1776df99362', 'ce30b5a6-a0f0-4238-b213-397216edf1d8', NULL, 'ORD-DEMO2-20251013-005-047', 1, 1331.00, 'delivered', '2025-10-13 09:00:00+00', NULL, NULL, NULL, NULL),
	('ca18db84-c08a-4eb4-be5e-a5fc81cd1830', 'ce30b5a6-a0f0-4238-b213-397216edf1d8', NULL, 'ORD-DEMO2-20251014-001-310', 1, 1785.00, 'delivered', '2025-10-14 15:00:00+00', NULL, NULL, NULL, NULL),
	('cc6df5d4-ce92-46d5-a043-6e5b115a329e', 'ce30b5a6-a0f0-4238-b213-397216edf1d8', NULL, 'ORD-DEMO2-20251014-002-630', 1, 575.00, 'delivered', '2025-10-14 12:00:00+00', NULL, NULL, NULL, NULL),
	('2fe80d18-e09c-441d-b4f3-86945a248d41', 'ce30b5a6-a0f0-4238-b213-397216edf1d8', NULL, 'ORD-DEMO2-20251014-003-946', 1, 1454.00, 'delivered', '2025-10-14 21:00:00+00', NULL, NULL, NULL, NULL),
	('80aecd01-d0f4-409a-aa5b-6b5029684fec', 'ce30b5a6-a0f0-4238-b213-397216edf1d8', NULL, 'ORD-DEMO2-20251014-004-008', 1, 1078.00, 'delivered', '2025-10-14 09:00:00+00', NULL, NULL, NULL, NULL),
	('43a9d9cb-4720-4016-a099-fbe08eaaed07', 'ce30b5a6-a0f0-4238-b213-397216edf1d8', NULL, 'ORD-DEMO2-20251014-005-459', 1, 1546.00, 'delivered', '2025-10-14 18:00:00+00', NULL, NULL, NULL, NULL),
	('ed4cb4a2-8605-4a15-8144-b7f2545fe7a8', 'ce30b5a6-a0f0-4238-b213-397216edf1d8', NULL, 'ORD-DEMO2-20251015-001-802', 1, 1695.00, 'delivered', '2025-10-15 12:00:00+00', NULL, NULL, NULL, NULL),
	('0f3d2b34-6d4e-4839-8dc3-ca77d66004ff', 'ce30b5a6-a0f0-4238-b213-397216edf1d8', NULL, 'ORD-DEMO2-20251015-002-845', 1, 1867.00, 'delivered', '2025-10-15 21:00:00+00', NULL, NULL, NULL, NULL),
	('42b46a08-a752-4676-ae9b-d4fe1eae3d70', 'ce30b5a6-a0f0-4238-b213-397216edf1d8', NULL, 'ORD-DEMO2-20251015-003-161', 1, 1951.00, 'delivered', '2025-10-15 18:00:00+00', NULL, NULL, NULL, NULL),
	('5362927d-f77c-4c9f-88e0-024b8b5de504', 'ce30b5a6-a0f0-4238-b213-397216edf1d8', NULL, 'ORD-DEMO2-20251015-004-998', 1, 1984.00, 'delivered', '2025-10-15 15:00:00+00', NULL, NULL, NULL, NULL),
	('cf6c98bd-e495-42ef-94ac-06474f1c8e5a', 'ce30b5a6-a0f0-4238-b213-397216edf1d8', NULL, 'ORD-DEMO2-20251015-005-996', 1, 1563.00, 'delivered', '2025-10-15 09:00:00+00', NULL, NULL, NULL, NULL),
	('46095833-8014-40dd-b4ff-4f31f799de28', 'ce30b5a6-a0f0-4238-b213-397216edf1d8', NULL, 'ORD-DEMO2-20251016-001-042', 1, 1967.00, 'delivered', '2025-10-16 18:00:00+00', NULL, NULL, NULL, NULL),
	('8e91a873-ab2e-4e55-b481-bc6b72717221', 'ce30b5a6-a0f0-4238-b213-397216edf1d8', NULL, 'ORD-DEMO2-20251016-002-280', 1, 834.00, 'delivered', '2025-10-16 21:00:00+00', NULL, NULL, NULL, NULL),
	('125a2783-2131-4922-9bf8-449b0ca91db1', 'ce30b5a6-a0f0-4238-b213-397216edf1d8', NULL, 'ORD-DEMO2-20251016-003-676', 1, 1303.00, 'delivered', '2025-10-16 15:00:00+00', NULL, NULL, NULL, NULL),
	('e032295f-841d-4569-8eee-bbe92c87bd9d', 'ce30b5a6-a0f0-4238-b213-397216edf1d8', NULL, 'ORD-DEMO2-20251016-004-737', 1, 644.00, 'delivered', '2025-10-16 12:00:00+00', NULL, NULL, NULL, NULL),
	('3582ff17-afdf-47bb-bbbd-fa09ad240268', 'ce30b5a6-a0f0-4238-b213-397216edf1d8', NULL, 'ORD-DEMO2-20251016-005-682', 1, 1988.00, 'delivered', '2025-10-16 09:00:00+00', NULL, NULL, NULL, NULL),
	('f213cd44-7d89-4909-a2fb-d5a7237c9664', 'ce30b5a6-a0f0-4238-b213-397216edf1d8', NULL, 'ORD-DEMO2-20251017-001-762', 1, 827.00, 'delivered', '2025-10-17 18:00:00+00', NULL, NULL, NULL, NULL),
	('8244dd64-88a0-4671-bcfe-5fb5d3923993', 'ce30b5a6-a0f0-4238-b213-397216edf1d8', NULL, 'ORD-DEMO2-20251017-002-965', 1, 1823.00, 'delivered', '2025-10-17 15:00:00+00', NULL, NULL, NULL, NULL),
	('c60e0f10-530e-4067-a8e5-9fe0bfae643f', 'ce30b5a6-a0f0-4238-b213-397216edf1d8', NULL, 'ORD-DEMO2-20251017-003-325', 1, 890.00, 'delivered', '2025-10-17 12:00:00+00', NULL, NULL, NULL, NULL),
	('6f1789df-50b0-4b62-832a-5a0d75bc7205', 'ce30b5a6-a0f0-4238-b213-397216edf1d8', NULL, 'ORD-DEMO2-20251017-004-228', 1, 1633.00, 'delivered', '2025-10-17 21:00:00+00', NULL, NULL, NULL, NULL),
	('54ae1d82-3f3f-4976-88f6-dab8da328b85', 'ce30b5a6-a0f0-4238-b213-397216edf1d8', NULL, 'ORD-DEMO2-20251017-005-947', 1, 1884.00, 'delivered', '2025-10-17 09:00:00+00', NULL, NULL, NULL, NULL),
	('d8f33541-553d-432f-8033-0e5d546f4e5c', 'ce30b5a6-a0f0-4238-b213-397216edf1d8', NULL, 'ORD-DEMO2-20251018-001-527', 1, 1557.00, 'delivered', '2025-10-18 09:00:00+00', NULL, NULL, NULL, NULL),
	('cbca6c44-20d8-4df2-ba52-cbc5252ac7f1', 'ce30b5a6-a0f0-4238-b213-397216edf1d8', NULL, 'ORD-DEMO2-20251018-002-933', 1, 1914.00, 'delivered', '2025-10-18 21:00:00+00', NULL, NULL, NULL, NULL),
	('eaa43cd9-b34a-4493-84b5-1230aaa0214f', 'ce30b5a6-a0f0-4238-b213-397216edf1d8', NULL, 'ORD-DEMO2-20251018-003-165', 1, 1613.00, 'delivered', '2025-10-18 12:00:00+00', NULL, NULL, NULL, NULL),
	('0c046e86-7810-43f8-be47-8d3f4450b76b', 'ce30b5a6-a0f0-4238-b213-397216edf1d8', NULL, 'ORD-DEMO2-20251018-004-976', 1, 1356.00, 'delivered', '2025-10-18 18:00:00+00', NULL, NULL, NULL, NULL),
	('44a3c972-b632-4539-b71d-cabaa53062ed', 'ce30b5a6-a0f0-4238-b213-397216edf1d8', NULL, 'ORD-DEMO2-20251018-005-326', 1, 875.00, 'delivered', '2025-10-18 15:00:00+00', NULL, NULL, NULL, NULL),
	('de0159e3-620d-47fe-9091-c08f02b36239', 'ce30b5a6-a0f0-4238-b213-397216edf1d8', NULL, 'ORD-DEMO2-20251019-001-215', 1, 1143.00, 'delivered', '2025-10-19 12:00:00+00', NULL, NULL, NULL, NULL),
	('a89a7014-07cd-4a09-8d90-691a201fdaae', 'ce30b5a6-a0f0-4238-b213-397216edf1d8', NULL, 'ORD-DEMO2-20251019-002-900', 1, 1966.00, 'delivered', '2025-10-19 09:00:00+00', NULL, NULL, NULL, NULL),
	('ff25ee24-7367-484c-8478-237800c0cb32', 'ce30b5a6-a0f0-4238-b213-397216edf1d8', NULL, 'ORD-DEMO2-20251019-003-108', 1, 871.00, 'delivered', '2025-10-19 15:00:00+00', NULL, NULL, NULL, NULL),
	('dc1db7a4-a1e3-4ddd-8bfb-0f01bbd43429', 'ce30b5a6-a0f0-4238-b213-397216edf1d8', NULL, 'ORD-DEMO2-20251019-004-329', 1, 948.00, 'preparing', '2025-10-19 18:00:00+00', NULL, NULL, NULL, NULL),
	('82497a31-3195-461e-8da7-916aa38ce327', 'ce30b5a6-a0f0-4238-b213-397216edf1d8', NULL, 'ORD-DEMO2-20251019-005-443', 1, 967.00, 'preparing', '2025-10-19 21:00:00+00', NULL, NULL, NULL, NULL),
	('af0d4689-4d52-4b4c-b437-41c111bf4a57', 'ce30b5a6-a0f0-4238-b213-397216edf1d8', NULL, 'ORD-DEMO2-20251020-001-055', 1, 1897.00, 'open', '2025-10-20 18:00:00+00', NULL, NULL, NULL, NULL),
	('ee30a31d-5a69-407e-a4bf-16a8a50d18cb', 'ce30b5a6-a0f0-4238-b213-397216edf1d8', NULL, 'ORD-DEMO2-20251020-002-392', 1, 1875.00, 'open', '2025-10-20 15:00:00+00', NULL, NULL, NULL, NULL),
	('ac2be914-f9de-4fee-a67e-486ad3408b38', 'ce30b5a6-a0f0-4238-b213-397216edf1d8', NULL, 'ORD-DEMO2-20251020-003-637', 1, 904.00, 'open', '2025-10-20 12:00:00+00', NULL, NULL, NULL, NULL),
	('66884198-8fc5-42ec-aef2-c20df121009c', 'ce30b5a6-a0f0-4238-b213-397216edf1d8', NULL, 'ORD-DEMO2-20251020-004-521', 1, 911.00, 'open', '2025-10-20 21:00:00+00', NULL, NULL, NULL, NULL),
	('ddfc60f6-cd0e-4408-b96d-80cc1b2af0ff', 'ce30b5a6-a0f0-4238-b213-397216edf1d8', NULL, 'ORD-DEMO2-20251020-005-763', 1, 1580.00, 'open', '2025-10-20 09:00:00+00', NULL, NULL, NULL, NULL),
	('ecdf67db-7563-4886-8cd0-acc680535c36', '139c6002-bdd7-4924-9db4-16f14e283d89', NULL, 'COFFEE', 1, 120.00, 'open', '2025-12-02 04:27:08.478669+00', NULL, NULL, NULL, NULL),
	('548a2dc4-0004-4a31-bd6e-331a08590f38', '139c6002-bdd7-4924-9db4-16f14e283d89', NULL, 'SANDWICH', 1, 180.00, 'open', '2025-12-02 04:27:12.777178+00', NULL, NULL, NULL, NULL),
	('95d3772b-0818-4e26-9f95-46a09abc19a2', '139c6002-bdd7-4924-9db4-16f14e283d89', NULL, 'COFFEE', 1, 120.00, 'open', '2025-12-02 04:27:28.594391+00', NULL, NULL, NULL, NULL),
	('0243c0d0-e969-4db1-bdc5-8b1a296bba6f', '139c6002-bdd7-4924-9db4-16f14e283d89', NULL, 'TEA', 1, 80.00, 'open', '2025-12-02 08:10:08.62221+00', NULL, NULL, NULL, NULL),
	('47e20471-02c0-40fa-8ca1-e52fbcd640bf', '139c6002-bdd7-4924-9db4-16f14e283d89', NULL, 'COFFEE', 1, 120.00, 'open', '2025-12-02 08:10:24.755045+00', NULL, NULL, NULL, NULL),
	('35410aeb-cc5a-4ffb-b3e4-70089ac9f2b4', '139c6002-bdd7-4924-9db4-16f14e283d89', NULL, 'COFFEE', 1, 120.00, 'open', '2025-12-02 08:39:22.667842+00', NULL, NULL, NULL, NULL),
	('12456762-99f8-4718-ba68-60a52727c879', '139c6002-bdd7-4924-9db4-16f14e283d89', NULL, 'SANDWICH', 1, 180.00, 'open', '2025-12-02 08:39:27.995431+00', NULL, NULL, NULL, NULL),
	('7edb1b7e-dc7a-417c-ba84-8617f3cadaf3', '139c6002-bdd7-4924-9db4-16f14e283d89', NULL, 'SANDWICH', 1, 180.00, 'open', '2025-12-02 18:58:26.454394+00', NULL, NULL, NULL, NULL),
	('2da5b6f4-0f51-4a6e-80a6-ad30597a184d', '139c6002-bdd7-4924-9db4-16f14e283d89', NULL, 'TEA', 1, 80.00, 'open', '2025-12-03 06:07:12.132403+00', NULL, NULL, NULL, NULL),
	('767a984d-5770-4ea1-872a-803b853d39e6', '139c6002-bdd7-4924-9db4-16f14e283d89', NULL, 'TEA', 1, 80.00, 'open', '2025-12-09 11:00:29.031022+00', NULL, NULL, NULL, NULL),
	('5458149b-aba9-4654-b3f6-946a56d435c0', '139c6002-bdd7-4924-9db4-16f14e283d89', NULL, 'COFFEE', 1, 120.00, 'open', '2025-12-09 12:01:43.835627+00', NULL, NULL, NULL, NULL),
	('b275ea68-edde-4445-aacf-78bdba91ee95', '139c6002-bdd7-4924-9db4-16f14e283d89', 'TESTSTAY1', 'CHICKEN-MASALA', 1, 250.00, 'open', '2026-01-23 18:12:41.103687+00', NULL, NULL, NULL, '9ca6aca5-2f19-4ff4-9bcc-3b1cea02e09f'),
	('e256c931-8347-46ae-9a5a-72de28a62505', '139c6002-bdd7-4924-9db4-16f14e283d89', 'TESTSTAY1', 'CHICKEN-MASALA', 1, 250.00, 'open', '2025-12-15 14:47:09.689777+00', NULL, NULL, NULL, '9ca6aca5-2f19-4ff4-9bcc-3b1cea02e09f');


--
-- Data for Name: owner_applications; Type: TABLE DATA; Schema: public; Owner: postgres
--



--
-- Data for Name: owner_settings; Type: TABLE DATA; Schema: public; Owner: postgres
--

INSERT INTO "public"."owner_settings" ("id", "hotel_id", "brand_color", "logo_url", "contact_email", "contact_phone", "whatsapp_number", "website_url", "review_policy", "service_slas", "extra", "created_at", "updated_at") VALUES
	('760b9b7c-b5cd-4ad1-9584-107243e6cecf', '139c6002-bdd7-4924-9db4-16f14e283d89', '#145AF2', NULL, NULL, NULL, NULL, NULL, NULL, NULL, NULL, '2025-11-24 19:30:04.237102+00', '2025-11-24 19:30:04.237102+00');


--
-- Data for Name: payments; Type: TABLE DATA; Schema: public; Owner: postgres
--

INSERT INTO "public"."payments" ("id", "hotel_id", "booking_id", "folio_id", "amount", "currency", "method", "status", "reference_id", "notes", "collected_by", "created_at", "updated_at") VALUES
	('f75500e9-8822-4399-8e01-132f843552a3', '139c6002-bdd7-4924-9db4-16f14e283d89', '9ca6aca5-2f19-4ff4-9bcc-3b1cea02e09f', '0e300158-5e78-4f58-b6b5-6c5f3a16c10c', 3000.00, 'INR', 'CASH', 'COMPLETED', NULL, NULL, '73904179-cca9-40ab-a2c4-e509dadbbbbb', '2026-02-27 14:18:50.536853+00', '2026-02-27 14:18:50.536853+00'),
	('9f9d3686-d308-4798-ad52-f7075c4a779e', '139c6002-bdd7-4924-9db4-16f14e283d89', '9ca6aca5-2f19-4ff4-9bcc-3b1cea02e09f', '0e300158-5e78-4f58-b6b5-6c5f3a16c10c', 510.00, 'INR', 'CASH', 'COMPLETED', NULL, NULL, '73904179-cca9-40ab-a2c4-e509dadbbbbb', '2026-02-28 06:28:23.262559+00', '2026-02-28 06:28:23.262559+00'),
	('2e5f5921-ab7c-4d22-874c-b9f3c95c3765', '139c6002-bdd7-4924-9db4-16f14e283d89', '9ca6aca5-2f19-4ff4-9bcc-3b1cea02e09f', '0e300158-5e78-4f58-b6b5-6c5f3a16c10c', 1060.00, 'INR', 'CASH', 'COMPLETED', NULL, NULL, '73904179-cca9-40ab-a2c4-e509dadbbbbb', '2026-02-28 09:45:53.276054+00', '2026-02-28 09:45:53.276054+00'),
	('ef86e48b-708e-4b97-af4f-6375fc703e1c', '139c6002-bdd7-4924-9db4-16f14e283d89', '2c8ff15e-4081-458f-9be0-a3a4fbeebbfe', '8396fafa-9a1f-41a8-9beb-e19e03163f62', 660.00, 'INR', 'CASH', 'COMPLETED', NULL, NULL, '73904179-cca9-40ab-a2c4-e509dadbbbbb', '2026-03-13 17:55:34.337732+00', '2026-03-13 17:55:34.337732+00'),
	('8a006ed5-96ef-4f81-a3ec-ad8aecd47bbb', 'e10eca3b-3102-41fc-8006-c1b4b70e00e6', 'ede4d26a-e6cc-4ab7-941c-247391359b75', '1bdc4dce-2560-4a3c-8862-3b2926247a24', 100.00, 'INR', 'CASH', 'COMPLETED', NULL, NULL, '64847cf8-136b-445d-b34b-fe6e18a6d020', '2026-04-03 11:39:48.338021+00', '2026-04-03 11:39:48.338021+00');


--
-- Data for Name: platform_admins; Type: TABLE DATA; Schema: public; Owner: postgres
--

INSERT INTO "public"."platform_admins" ("user_id", "created_at", "role", "is_active", "granted_by", "granted_at", "revoked_at") VALUES
	('d1e40c02-9978-46fd-875e-3989537af942', '2025-10-19 18:58:07.355906+00', 'super_admin', true, NULL, '2025-10-19 18:58:07.355906+00', NULL),
	('73904179-cca9-40ab-a2c4-e509dadbbbbb', '2026-03-02 19:12:46.460843+00', 'super_admin', true, NULL, '2026-03-02 19:12:46.460843+00', NULL);


--
-- Data for Name: pms_sync_state; Type: TABLE DATA; Schema: public; Owner: postgres
--



--
-- Data for Name: precheckin_tokens; Type: TABLE DATA; Schema: public; Owner: postgres
--

INSERT INTO "public"."precheckin_tokens" ("id", "booking_id", "token", "expires_at", "used_at", "precheckin_data", "created_at", "updated_at", "hotel_id") VALUES
	('001f0020-5c09-46f5-9867-ae3ab870c45f', '2c8ff15e-4081-458f-9be0-a3a4fbeebbfe', '2f5dc33033e74ceca956c5dbf7d5e8d4302039c1faab45c695e15158c4af3342', '2026-03-18 23:59:59+00', '2026-02-15 22:23:32.017264+00', '{"email": "", "phone": "9019959870", "address": "", "id_type": "aadhaar", "id_number": "999999999999", "guest_name": "Ajit Kumar Singh", "nationality": "Indian", "back_uploaded": false, "front_captured": true, "additional_guests": []}', '2026-02-15 22:20:12.567122+00', '2026-02-15 22:23:32.017264+00', '139c6002-bdd7-4924-9db4-16f14e283d89'),
	('2b819874-57ec-4d85-90e2-98c6f506079f', 'bea34f8d-73d9-4a63-8f87-6bd55e8ff7f5', 'bdcc4c00c41b43898786512fe4b2e5cb1912a07b40bd4f5e90088191f0bad3dd', '2026-02-18 23:59:59+00', '2026-02-17 17:18:41.530693+00', '{"email": "ajitkumarpes@gmail.com", "phone": "9019959870", "address": "beml layout", "id_type": "aadhaar", "id_number": "901995987099", "guest_name": "Ajit Kumar Singh", "nationality": "Indian", "back_uploaded": false, "back_image_url": "", "front_captured": true, "front_image_url": "fda3477e-ff36-402f-b2bc-fbcb3ca04d81/front_1771238333382.png", "additional_guests": []}', '2026-02-17 16:45:13.98276+00', '2026-02-17 17:18:41.530693+00', '139c6002-bdd7-4924-9db4-16f14e283d89'),
	('0e70bcdf-4d03-461c-a97b-997d09e38d2c', '731fd275-b0dc-4498-a59d-25e9b070a544', 'cb8f1b0f361642399f1c280abc9e8ebd73547038b28741998232a62a60a252cf', '2026-02-22 23:59:59+00', '2026-02-19 12:37:54.900707+00', '{"email": "ajitkumarpes@gmail.com", "phone": "9019959870", "address": "beml layout", "id_type": "aadhaar", "id_number": "901995987099", "guest_name": "Ajit Kumar Singh", "nationality": "Indian", "back_uploaded": false, "back_image_url": "", "front_captured": true, "front_image_url": "fda3477e-ff36-402f-b2bc-fbcb3ca04d81/front_1771238333382.png", "additional_guests": []}', '2026-02-19 12:37:01.615266+00', '2026-02-19 12:37:54.900707+00', '139c6002-bdd7-4924-9db4-16f14e283d89'),
	('2511978c-b703-484b-ba98-029cfefbb76c', 'dcafb22d-4872-48ec-9460-f5384c9fe440', '9e9fb69d1bb74ceaa3154674de8480582727a8aee2e54f15b97a181912d9994c', '2026-02-22 23:59:59+00', '2026-02-19 13:03:42.198692+00', '{"email": "ajitkumarpes@gmail.com", "phone": "9019959870", "address": "beml layout", "id_type": "aadhaar", "id_number": "901995987099", "guest_name": "Ajit Kumar Singh", "nationality": "Indian", "back_uploaded": false, "back_image_url": "", "front_captured": true, "front_image_url": "fda3477e-ff36-402f-b2bc-fbcb3ca04d81/front_1771238333382.png", "additional_guests": []}', '2026-02-19 12:52:13.779425+00', '2026-02-19 13:03:42.198692+00', '139c6002-bdd7-4924-9db4-16f14e283d89'),
	('a22f9bb9-3b48-4e68-9737-4bb5006a1616', '2bec8fce-3da6-49d7-b842-25d47abc8498', 'b67c75ee5d3c47c59160abb3637e88aa26dc62b2e1eb4ba28d9dbe94b7b5c125', '2026-02-22 23:59:59+00', '2026-02-20 18:57:20.684795+00', '{"email": "ajitkumarpes@gmail.com", "phone": "9019959870", "address": "beml layout", "id_type": "aadhaar", "id_number": "901995987099", "guest_name": "Ajit Kumar Singh", "nationality": "Indian", "back_uploaded": false, "back_image_url": "", "front_captured": true, "front_image_url": "fda3477e-ff36-402f-b2bc-fbcb3ca04d81/front_1771238333382.png", "additional_guests": []}', '2026-02-20 18:55:27.990793+00', '2026-02-20 18:57:20.684795+00', '139c6002-bdd7-4924-9db4-16f14e283d89'),
	('f3c5e303-7c0d-463e-9606-22a9d3573599', 'cee74ff8-26c2-4f85-9328-d0e7329cfac0', 'fe8d542de620469db85f1faf8eb4453243febe24ef8b49889820c8d8a70040c1', '2026-02-22 23:59:59+00', NULL, NULL, '2026-03-07 20:22:24.923272+00', '2026-03-07 20:22:24.923272+00', '139c6002-bdd7-4924-9db4-16f14e283d89'),
	('496d07e1-7881-48d1-8ca5-9fea5b01a676', '2cd47a2f-50ce-4250-9add-2217ecd50681', '240d8442a4cd406a907df15d3e6cd0771611a855543045c98dd406e06a23b807', '2026-03-09 23:59:59+00', NULL, NULL, '2026-03-09 06:12:49.921772+00', '2026-03-09 06:12:49.921772+00', '139c6002-bdd7-4924-9db4-16f14e283d89'),
	('1cf6f6e2-4182-4530-8a86-3a88bacb0000', '652b5015-3015-4438-ae1f-057454cea662', '31c4aeff68c64d35806b4ba64a4a6d0fd4adcd99050b42e2b004b2f82fd424ee', '2026-03-16 23:59:59+00', '2026-03-16 17:51:06.741774+00', '{"email": "kbisht786@gmail.com", "phone": "9901384009", "address": "Haldwani", "id_type": "aadhaar", "back_hash": "efbe59bad304b612e871ef4c5f88015b588f0fa8e12d1e744b9377c3b8cd9b43", "id_number": "454667687864", "front_hash": "efbe59bad304b612e871ef4c5f88015b588f0fa8e12d1e744b9377c3b8cd9b43", "guest_name": "Kamal", "nationality": "Indian", "storage_key": "f8e161aa-b8e1-496d-b218-44029f210e11", "back_uploaded": true, "back_image_url": "f8e161aa-b8e1-496d-b218-44029f210e11/back_1773683464837_b6544e0f.png", "front_captured": true, "front_image_url": "f8e161aa-b8e1-496d-b218-44029f210e11/front_1773683464837_b6544e0f.png", "additional_guests": []}', '2026-03-16 17:48:05.310292+00', '2026-03-16 17:51:06.741774+00', 'e10eca3b-3102-41fc-8006-c1b4b70e00e6'),
	('35ceb8be-dcf6-40d8-bcac-59e0b84ad454', '5e1b18bb-fd0a-4646-b577-6177cae64383', 'a2dc890aadc44687a098b2e5871e61bba69618c204ae4ecea4e3d87f10c179f1', '2026-03-16 23:59:59+00', '2026-03-16 18:17:31.897081+00', '{"email": "hr.vaiyu@gmail.com", "phone": "6767688788", "address": "Haldwani", "id_type": "aadhaar", "back_hash": "154bad3e0eae82adad1700e897226e1d0e036e47b555dc4174168a00ffdd610e", "id_number": "454545454545", "front_hash": "154bad3e0eae82adad1700e897226e1d0e036e47b555dc4174168a00ffdd610e", "guest_name": "Vaiyu New entry", "nationality": "Indian", "storage_key": "24cf62b2-2a8a-49df-83d1-d40ce69b5ea8", "back_uploaded": true, "back_image_url": "24cf62b2-2a8a-49df-83d1-d40ce69b5ea8/back_1773685048702_eeff1f4f.jpg", "front_captured": true, "front_image_url": "24cf62b2-2a8a-49df-83d1-d40ce69b5ea8/front_1773685048702_eeff1f4f.jpg", "additional_guests": []}', '2026-03-16 18:15:31.155465+00', '2026-03-16 18:17:31.897081+00', 'e10eca3b-3102-41fc-8006-c1b4b70e00e6'),
	('965f0b87-a913-49ac-890b-b8d933efbc61', '3af871cb-b64f-4cd5-bf10-598ddb785115', 'fee02abdcefa4a1fa16656f9bc60d15ef3d7c05ef8b440559978ec2bf706affd', '2026-03-29 23:59:59+00', NULL, NULL, '2026-03-29 17:34:21.242472+00', '2026-03-29 17:34:21.242472+00', 'e10eca3b-3102-41fc-8006-c1b4b70e00e6'),
	('ed25cfc6-3a03-4d69-9f79-fe6989d3220b', 'e7f619c2-9e82-449c-b3d6-9cd0dbb205b9', 'b018384dc3ba48dfb26b4e39d9f6fdaf39dda80e43e44359ab3fd7d6bdd0a514', '2026-04-04 23:59:59+00', NULL, NULL, '2026-04-04 12:00:59.598522+00', '2026-04-04 12:00:59.598522+00', '139c6002-bdd7-4924-9db4-16f14e283d89'),
	('389d9e04-1126-4135-9ce8-e8d2b28cf498', '9ca6aca5-2f19-4ff4-9bcc-3b1cea02e09f', '18b71f5a32db2c2ead877b0600997f2b8fafaa6be0ecbf8ebef31ed17fced9d7', '2026-02-19 16:22:29.26326+00', NULL, NULL, '2026-02-12 16:22:09.293416+00', '2026-02-12 16:22:09.293416+00', '139c6002-bdd7-4924-9db4-16f14e283d89'),
	('a687664b-6342-4b0c-8f9e-5526a005a417', 'cf45b64f-51c0-43be-a0f8-7e5721e57050', '2418736408fe4f1cf565f8e9b68c90307f8857e47202aa7410c0cf489ee43e32', '2026-03-25 23:00:00+00', NULL, NULL, '2026-02-13 19:26:23.891472+00', '2026-02-13 19:26:23.891472+00', '139c6002-bdd7-4924-9db4-16f14e283d89'),
	('135bc26f-dbcd-4d2c-935a-bf33220e4a55', '5f1072b9-bb14-48e2-840d-e588d32e434b', 'aba4277af60533d1ed8431f2a709209743734e77c88755b6b7bf374e09df4e93', '2026-03-25 23:00:00+00', NULL, NULL, '2026-02-13 19:45:49.661201+00', '2026-02-13 19:45:49.661201+00', '139c6002-bdd7-4924-9db4-16f14e283d89'),
	('0ed95a3e-a7d9-4906-94bb-274ec35ca8f6', 'c38036f8-d2b2-4c4c-ab75-9f2a1afd2a1e', '6ec8e85ea7b5897b3aae18fef65df26b7481a1171554d57f71d8411b45b5882a', '2026-03-19 23:00:00+00', NULL, NULL, '2026-02-13 20:03:34.200889+00', '2026-02-13 20:03:34.200889+00', '139c6002-bdd7-4924-9db4-16f14e283d89'),
	('5b4ec3cb-a73a-4c2f-88b4-855ff80763d1', 'f05fcc6c-fcc3-4c51-93cf-48587bc38d9d', '1041a0ec804a77861da6c72600f25bb6fd8027d0f2dfbaa27d9975850d00113b', '2026-03-19 23:00:00+00', NULL, NULL, '2026-02-13 20:17:03.777628+00', '2026-02-13 20:17:03.777628+00', '139c6002-bdd7-4924-9db4-16f14e283d89'),
	('b5e2008e-4a30-464f-9b2d-25829a6742bf', '5393878f-8cca-4f0d-b9b3-3903d7ffa57d', 'cff3eb1d0126c36522c9b0dd9092aca0d2fc1435dfa609d2168771e2c63d0b5b', '2026-03-19 23:00:00+00', NULL, NULL, '2026-02-13 20:19:43.572005+00', '2026-02-13 20:19:43.572005+00', '139c6002-bdd7-4924-9db4-16f14e283d89'),
	('e1c44903-9513-4ea3-851c-c70f399ff013', 'b23d046d-6eae-4269-b562-fdfcd998569f', '49fa7c34d9ccc1408ca3d311da91a678a17165e6ff8c5d417ae6a70a0ee2e38a', '2026-03-19 23:00:00+00', '2026-02-14 19:20:14.454406+00', '{"email": "ajitkumarpes@gmail.com", "phone": "6565675646", "address": "", "id_type": "aadhaar", "id_number": "324444444444", "guest_name": "Ajit Kumar Singh", "nationality": "Indian", "back_uploaded": false, "front_captured": true, "additional_guests": [{"name": "pallo", "type": "Adult"}, {"name": "vikash", "type": "Adult"}]}', '2026-02-14 18:12:32.191365+00', '2026-02-14 19:20:14.454406+00', '139c6002-bdd7-4924-9db4-16f14e283d89'),
	('48afe696-1d36-4fe9-944c-7208f26d973f', 'c9439904-c0df-4e8e-b755-c2ad1894e5b9', '9779fa3815f94bc0b0af290ea7853c7b92a8faf5d8e544328dcaee98e7db2d81', '2026-03-20 23:59:59+00', NULL, NULL, '2026-02-15 18:54:37.449522+00', '2026-02-15 18:54:37.449522+00', '139c6002-bdd7-4924-9db4-16f14e283d89'),
	('64723ad6-bf82-41cb-9e52-c5a653d1fc09', 'f2827920-2228-4c0b-b29c-e57f97b5022a', 'f3b52a3afe904ddd882eabcd56906a590317d6993420488f9d9c23491c27fd1f', '2026-03-10 23:59:59+00', '2026-02-15 20:51:30.036334+00', '{"email": "ajitkumarpes@gmail.com", "phone": "9019959870", "address": "beml layout", "id_type": "aadhaar", "id_number": "787898988989", "guest_name": "Ajit Kumar Singh", "nationality": "Indian", "back_uploaded": false, "front_captured": true, "additional_guests": [{"name": "pallo", "type": "Adult"}]}', '2026-02-15 18:54:37.292115+00', '2026-02-15 20:51:30.036334+00', '139c6002-bdd7-4924-9db4-16f14e283d89'),
	('3eaa8b5b-1f26-4322-93b6-5bfebac4e833', 'ce33ec92-6684-4100-992b-c12377fb928f', '2d28a480ae494b81a54d9f486960522cf15f249d83034caeadb48f91c97d0b7f', '2026-03-15 23:59:59+00', '2026-02-15 21:21:14.728072+00', '{"email": "ajitkumarpes@gmail.com", "phone": "8888888888", "address": "df", "id_type": "aadhaar", "id_number": "324324234234", "guest_name": "Ramesh Patel", "nationality": "Indian", "back_uploaded": false, "front_captured": true, "additional_guests": []}', '2026-02-15 18:54:37.409287+00', '2026-02-15 21:21:14.728072+00', '139c6002-bdd7-4924-9db4-16f14e283d89'),
	('2d7c03f5-e700-490c-9302-57dcfe021f30', 'fda3477e-ff36-402f-b2bc-fbcb3ca04d81', 'bcbedd5ef56e4464a7b5682d48b6431d7e2f75c43a6a4a6aae9a2b1d239925b1', '2026-03-18 23:59:59+00', '2026-02-16 10:38:54.555806+00', '{"email": "ajitkumarpes@gmail.com", "phone": "9019959870", "address": "beml layout", "id_type": "aadhaar", "id_number": "901995987099", "guest_name": "Ajit Kumar Singh", "nationality": "Indian", "back_uploaded": false, "back_image_url": "", "front_captured": true, "front_image_url": "fda3477e-ff36-402f-b2bc-fbcb3ca04d81/front_1771238333382.png", "additional_guests": []}', '2026-02-16 09:39:38.544988+00', '2026-02-16 10:38:54.555806+00', '139c6002-bdd7-4924-9db4-16f14e283d89'),
	('4b6eea7f-6ea1-4c16-ae5b-c91cd7e9d2c5', '3712ae7d-9808-4c87-811e-b60d699e88e6', 'ec75d846ece740cf97d3803df2e0ea1845a057391d644af0b1d550aec49be1bb', '2026-02-18 23:59:59+00', NULL, NULL, '2026-02-19 12:21:27.137511+00', '2026-02-19 12:21:27.137511+00', '139c6002-bdd7-4924-9db4-16f14e283d89'),
	('dc0c7c3e-73e7-4212-9d25-382af20c40dd', '7c30573e-52eb-42b3-b69f-910900564fd4', 'a193f4c3e3644c259d139ebb93b392090357f45c7f40437286078e18349b040a', '2026-02-22 23:59:59+00', '2026-02-19 12:42:49.471782+00', '{"email": "ajitkumarpes@gmail.com", "phone": "9019959870", "address": "beml layout", "id_type": "aadhaar", "id_number": "901995987099", "guest_name": "Ajit Kumar Singh", "nationality": "Indian", "back_uploaded": false, "back_image_url": "", "front_captured": true, "front_image_url": "fda3477e-ff36-402f-b2bc-fbcb3ca04d81/front_1771238333382.png", "additional_guests": []}', '2026-02-19 12:42:02.234713+00', '2026-02-19 12:42:49.471782+00', '139c6002-bdd7-4924-9db4-16f14e283d89'),
	('5ec55a99-737b-440e-a7b1-3a3b18cf9467', 'a14061fe-3b38-41e9-9fef-0a64af888110', 'b42fffd89d83406ba7bdfa6b57b2067d30719de66a0a4e02a2b8f5e86e9cbcdf', '2026-02-22 23:59:59+00', '2026-02-19 13:15:48.18775+00', '{"email": "ajitkumarpes@gmail.com", "phone": "9019959870", "address": "beml layout", "id_type": "aadhaar", "id_number": "901995987099", "guest_name": "Ajit Kumar Singh", "nationality": "Indian", "back_uploaded": false, "back_image_url": "", "front_captured": true, "front_image_url": "fda3477e-ff36-402f-b2bc-fbcb3ca04d81/front_1771238333382.png", "additional_guests": []}', '2026-02-19 13:13:02.284389+00', '2026-02-19 13:15:48.18775+00', '139c6002-bdd7-4924-9db4-16f14e283d89'),
	('e622315a-018e-4078-894e-51203ae111c7', 'e8095442-4059-4253-9fd4-e1719d23e7e2', 'f78aaf8a3f3843d38a924957f9dd72be56cbf50a94dc43cda3f440e89533753a', '2026-03-01 23:59:59+00', NULL, NULL, '2026-03-01 05:55:59.50951+00', '2026-03-01 05:55:59.50951+00', '139c6002-bdd7-4924-9db4-16f14e283d89'),
	('21436a16-4cbd-441e-9746-cfbfefa5b00b', 'c48b9709-c15c-4002-bef1-664549f2378f', '80223dbf2d614353acb1c6d4a7c2bee7292c34f121224ce38696f97c7396ae8d', '2026-03-22 23:59:59+00', '2026-03-07 21:11:06.294444+00', '{"email": "ajitkumarpes@gmail.com", "phone": "9019959870", "address": "beml layout", "id_type": "aadhaar", "id_number": "901995987099", "guest_name": "Ajit Kumar Singh", "nationality": "Indian", "back_uploaded": false, "back_image_url": "", "front_captured": true, "front_image_url": "139c6002-bdd7-4924-9db4-16f14e283d89/kiosk/undefined/front_1772909367704_IMG_4097.JPG", "additional_guests": []}', '2026-03-07 20:25:07.539512+00', '2026-03-07 21:11:06.294444+00', '139c6002-bdd7-4924-9db4-16f14e283d89'),
	('3cf8a049-a0c4-40ac-a00c-f4d5fe83a57b', '95a766ad-5cb8-433c-b322-098b53b15ae4', 'db11541b940f4066819ee050220532d3b429e9a94815426b9d9f53e5744ec60b', '2026-03-19 23:59:59+00', '2026-03-16 13:39:38.498193+00', '{"email": "ajitkumarpes@gmail.com", "phone": "9019959870", "address": "Bangalore, karnataka", "id_type": "aadhaar", "back_hash": "f80a35fcc13fac04f9551e03c5149a3742750f81593569ad261840ee28885a6a", "id_number": "XXXXXXXX9988", "front_hash": "84c41847334710756de9d02f142db84cd9ad73144850c645d552e8e2d53aaab0", "guest_name": "Ajit Kumar Singh", "nationality": "Indian", "storage_key": "5cdcd571-fa55-46b8-a07e-03d8c69afd34", "back_uploaded": true, "back_image_url": "5cdcd571-fa55-46b8-a07e-03d8c69afd34/back_1773668376400_297368f4.jpg", "front_captured": true, "front_image_url": "5cdcd571-fa55-46b8-a07e-03d8c69afd34/front_1773668376400_297368f4.png", "additional_guests": []}', '2026-03-16 11:27:30.942082+00', '2026-03-16 13:39:38.498193+00', '139c6002-bdd7-4924-9db4-16f14e283d89'),
	('14ed3c55-e2f0-4c46-bdd5-86563d963930', '8a1cc230-8c18-4088-a95f-b0bfc050ebb8', '05d7dd7c16114395a6cf848dac480cd33cb1a19857c4403a9153cac9bedc60d0', '2026-03-16 23:59:59+00', NULL, NULL, '2026-03-16 18:12:04.730274+00', '2026-03-16 18:12:04.730274+00', 'e10eca3b-3102-41fc-8006-c1b4b70e00e6'),
	('01ef998b-0721-4de3-82d5-a43a0d39373e', '2b3bd858-6f1d-405f-957b-1b909adc4eff', '5019d54915f94775bfa3ad59ab651ec27d6b8a1fdc2f4564a393917f1f9b560b', '2026-03-26 23:59:59+00', NULL, NULL, '2026-03-18 17:22:12.406683+00', '2026-03-18 17:22:12.406683+00', '139c6002-bdd7-4924-9db4-16f14e283d89'),
	('ccfae124-3b87-497c-8cf4-ff7261f58f0a', 'f4ea76ed-34ec-46e7-a2f1-631c8b05825c', 'eec525d777da4706909723d318c6f6f2354849ec52814d54b9c4b4ea66c6c9a2', '2026-03-23 23:59:59+00', '2026-03-23 12:04:24.095536+00', '{"email": "artijaraut711@gmail.com", "phone": "8747475848", "address": "", "id_type": "aadhaar", "back_hash": "49066c942cfb99ea7ce6aa7c7991561c62eb91a07170991c897a2276615b87e3", "id_number": "747485858393", "front_hash": "154bad3e0eae82adad1700e897226e1d0e036e47b555dc4174168a00ffdd610e", "guest_name": "Kamal", "nationality": "Indian", "storage_key": "915606ea-ab6d-4539-bdcc-2d450989cff9", "back_uploaded": true, "back_image_url": "915606ea-ab6d-4539-bdcc-2d450989cff9/back_1774267460219_6b2baad3.jpg", "front_captured": true, "front_image_url": "915606ea-ab6d-4539-bdcc-2d450989cff9/front_1774267460219_6b2baad3.jpg", "additional_guests": [{"name": "Lokaksh", "type": "Adult"}]}', '2026-03-23 11:58:56.433465+00', '2026-03-23 12:04:24.095536+00', '5780fa80-3e6b-44d0-b87e-2b4015f78c8b'),
	('5257fb89-44ec-4c43-b4cd-00fc72327010', 'bb329635-eb67-48a3-ae19-8de6a9ec01bb', '8f6b19fcddb549a4b95ac7d2ebd31a3bea649a8d9e7347698ca4de349422741b', '2026-03-29 23:59:59+00', '2026-03-29 17:44:21.431061+00', '{"email": "artijaraut711@gmail.com", "phone": "8747475848", "address": "", "id_type": "aadhaar", "back_hash": null, "id_number": "XXXXXXXX8393", "front_hash": null, "guest_name": "Test Arti", "nationality": "Indian", "storage_key": "af31ee4b-ae10-48c8-a3e6-b1b1ca9642e7", "back_uploaded": true, "back_image_url": "915606ea-ab6d-4539-bdcc-2d450989cff9/back_1774267460219_6b2baad3.jpg", "front_captured": true, "front_image_url": "915606ea-ab6d-4539-bdcc-2d450989cff9/front_1774267460219_6b2baad3.jpg", "additional_guests": []}', '2026-03-29 17:41:43.234913+00', '2026-03-29 17:44:21.431061+00', 'e10eca3b-3102-41fc-8006-c1b4b70e00e6'),
	('98db17c3-6b2e-42cd-b179-5c737ee08de2', 'ede4d26a-e6cc-4ab7-941c-247391359b75', '8acd1b42f51a48f68f99186758dab8d905966150802c446ba34e5b0060f6935b', '2026-04-03 23:59:59+00', '2026-04-03 10:48:56.412663+00', '{"email": "kbisht786@gmail.com", "phone": "9901384009", "address": "Haldwani", "id_type": "aadhaar", "back_hash": null, "id_number": "XXXXXXXX7864", "front_hash": null, "guest_name": "Test", "nationality": "Indian", "storage_key": "d6381e8a-f34e-4dbb-a157-4b60a168064f", "back_uploaded": true, "back_image_url": "f8e161aa-b8e1-496d-b218-44029f210e11/back_1773683464837_b6544e0f.png", "front_captured": true, "front_image_url": "f8e161aa-b8e1-496d-b218-44029f210e11/front_1773683464837_b6544e0f.png", "additional_guests": []}', '2026-04-03 10:47:42.030385+00', '2026-04-03 10:48:56.412663+00', 'e10eca3b-3102-41fc-8006-c1b4b70e00e6'),
	('38b3538a-0204-42a7-8664-a2ebe554835c', 'e70ef715-4eb4-410b-bd08-23d874c65c43', '4c5b20f95a084b2f982729411f520b7630c93cdfacdd4f31bd1de035343afc51', '2026-04-04 23:59:59+00', '2026-04-04 11:11:16.150898+00', '{"email": "ajitkumarpes@gmail.com", "phone": "9019959870", "address": "Bangalore, karnataka", "id_type": "aadhaar", "back_hash": null, "id_number": "XXXXXXXX9988", "front_hash": null, "guest_name": "Ajit Kumar Singh", "nationality": "Indian", "storage_key": "4b7a6d70-0bfe-46a2-bba9-521b83d87985", "back_uploaded": true, "back_image_url": "7f187c70-ee87-46eb-a207-ea5760b28972/back_1773659926984_51ec796a.png", "front_captured": true, "front_image_url": "7f187c70-ee87-46eb-a207-ea5760b28972/front_1773659926984_51ec796a.png", "additional_guests": []}', '2026-04-04 11:09:44.611038+00', '2026-04-04 11:11:16.150898+00', '139c6002-bdd7-4924-9db4-16f14e283d89'),
	('f153a594-00f5-44fa-8110-9d518cc464c2', '6a0272fb-59db-49f3-a648-ffe525406ae1', '568b416088af4269861b244c07a2f6e8272bc1eb888348e59f334d8b22115dab', '2026-04-04 23:59:59+00', '2026-04-04 16:48:55.050995+00', '{"email": "ajitkumarpes@gmail.com", "phone": "9019959870", "address": "Bangalore, karnataka", "id_type": "aadhaar", "back_hash": null, "id_number": "XXXXXXXX9988", "front_hash": null, "guest_name": "Ajit Kumar Singh", "nationality": "Indian", "storage_key": "8e827181-66bf-4974-b416-fb7278296eff", "back_uploaded": true, "back_image_url": "5cdcd571-fa55-46b8-a07e-03d8c69afd34/back_1773668376400_297368f4.jpg", "front_captured": true, "front_image_url": "5cdcd571-fa55-46b8-a07e-03d8c69afd34/front_1773668376400_297368f4.png", "additional_guests": []}', '2026-04-04 16:47:48.214425+00', '2026-04-04 16:48:55.050995+00', '139c6002-bdd7-4924-9db4-16f14e283d89'),
	('e4a89314-ebdb-4756-8a18-076144f82970', '6f333cd6-d449-406c-9dd8-4b8c76115168', 'f084248e8dec4424ac6bc5b27f9b2fb111e916b22ffb4a1290639888d6ab9388', '2026-04-11 23:59:59+00', '2026-04-11 06:02:12.53152+00', '{"email": "bistkapil1988@gmail.com", "phone": "8899776644", "address": "delhi", "id_type": "aadhaar", "back_hash": "885262e28a89a7f3792e4cb9d1132f56cc52cc9054388d8fe08222cece049b7b", "id_number": "123456789012", "front_hash": "2e642de3bd4c60f52c7f6a840a6e16e567d3f2f9550e5957e32025dcf4352065", "guest_name": "Kapil", "nationality": "Indian", "storage_key": "b4401a26-f270-45d2-ab9e-1a7ab33014d2", "back_uploaded": true, "back_image_url": "b4401a26-f270-45d2-ab9e-1a7ab33014d2/back_1775887325125_a7ea2a2a.jpg", "front_captured": true, "front_image_url": "b4401a26-f270-45d2-ab9e-1a7ab33014d2/front_1775887325125_a7ea2a2a.jpg", "additional_guests": []}', '2026-04-11 05:59:00.29406+00', '2026-04-11 06:02:12.53152+00', '5d697b97-4336-4318-af21-53fc78a406ad');


--
-- Data for Name: properties; Type: TABLE DATA; Schema: public; Owner: postgres
--



--
-- Data for Name: rate_plan_prices; Type: TABLE DATA; Schema: public; Owner: postgres
--



--
-- Data for Name: referrals; Type: TABLE DATA; Schema: public; Owner: postgres
--

INSERT INTO "public"."referrals" ("id", "user_id", "code", "created_at", "clicks", "signups", "status") VALUES
	('4cc865a2-134a-4077-a7c3-91afcb94849c', 'd1e40c02-9978-46fd-875e-3989537af942', 'Q2YVMAYN', '2025-11-04 11:12:30.004695+00', 0, 0, 'active');


--
-- Data for Name: review_categories; Type: TABLE DATA; Schema: public; Owner: postgres
--

INSERT INTO "public"."review_categories" ("id", "hotel_id", "code", "label", "display_order", "is_active", "created_at") VALUES
	('711ecc97-c4ff-4dac-9cf7-0d9528a69536', '5710bfe1-7590-4361-aebe-4335ac31ac1e', 'cleanliness', 'Cleanliness', 10, true, '2026-02-28 10:48:44.003083+00'),
	('1a44e48d-62db-4411-8d1c-53ee1274f06d', '5710bfe1-7590-4361-aebe-4335ac31ac1e', 'staff', 'Staff Service', 20, true, '2026-02-28 10:48:44.003083+00'),
	('972012a5-d7c1-469d-a9cc-fa87e76e3124', '5710bfe1-7590-4361-aebe-4335ac31ac1e', 'room', 'Room Comfort', 30, true, '2026-02-28 10:48:44.003083+00'),
	('46143e24-3eb4-4449-9f9f-220777e1487e', '5710bfe1-7590-4361-aebe-4335ac31ac1e', 'service', 'Service Quality', 40, true, '2026-02-28 10:48:44.003083+00'),
	('b8e2e8c9-d4f4-450c-a606-da5a47ac5b19', '5710bfe1-7590-4361-aebe-4335ac31ac1e', 'location', 'Location', 50, true, '2026-02-28 10:48:44.003083+00'),
	('61009468-6ff8-45ad-8403-719b9596c20c', 'ce30b5a6-a0f0-4238-b213-397216edf1d8', 'cleanliness', 'Cleanliness', 10, true, '2026-02-28 10:48:44.003083+00'),
	('d71fd14a-9bcb-4b22-a836-43efc737251f', 'ce30b5a6-a0f0-4238-b213-397216edf1d8', 'staff', 'Staff Service', 20, true, '2026-02-28 10:48:44.003083+00'),
	('7e848376-e8ec-492c-a5c1-a32ba086b191', 'ce30b5a6-a0f0-4238-b213-397216edf1d8', 'room', 'Room Comfort', 30, true, '2026-02-28 10:48:44.003083+00'),
	('94cc19e4-bcd0-489b-9297-f5ee897a2928', 'ce30b5a6-a0f0-4238-b213-397216edf1d8', 'service', 'Service Quality', 40, true, '2026-02-28 10:48:44.003083+00'),
	('b4ee2c63-99c9-4b2e-b412-4eaa5047d861', 'ce30b5a6-a0f0-4238-b213-397216edf1d8', 'location', 'Location', 50, true, '2026-02-28 10:48:44.003083+00'),
	('bed25cd7-a479-40b1-b94d-dd7d8ddc12ed', '139c6002-bdd7-4924-9db4-16f14e283d89', 'cleanliness', 'Cleanliness', 10, true, '2026-02-28 10:48:44.003083+00'),
	('a96a30f9-9bb9-4f54-93d4-4127b8ffd49c', '139c6002-bdd7-4924-9db4-16f14e283d89', 'staff', 'Staff Service', 20, true, '2026-02-28 10:48:44.003083+00'),
	('ccae35d5-ec86-4ff0-a7d3-ecb65407408f', '139c6002-bdd7-4924-9db4-16f14e283d89', 'room', 'Room Comfort', 30, true, '2026-02-28 10:48:44.003083+00'),
	('7879ea05-1b51-4169-9603-3530649f3056', '139c6002-bdd7-4924-9db4-16f14e283d89', 'service', 'Service Quality', 40, true, '2026-02-28 10:48:44.003083+00'),
	('10f3ec08-6c26-4d99-bc2b-8f8341b53ba2', '139c6002-bdd7-4924-9db4-16f14e283d89', 'location', 'Location', 50, true, '2026-02-28 10:48:44.003083+00'),
	('89cf81df-73c3-465d-baea-bc50bc7e062f', 'e10eca3b-3102-41fc-8006-c1b4b70e00e6', 'cleanliness', 'Cleanliness', 10, true, '2026-03-09 18:18:40.36253+00'),
	('b8d447fe-b338-4b04-8c98-6d1daae12b07', 'e10eca3b-3102-41fc-8006-c1b4b70e00e6', 'staff', 'Staff Service', 20, true, '2026-03-09 18:18:40.36253+00'),
	('3df78cd6-82d2-41d9-b5e2-1ab5b2c5ab60', 'e10eca3b-3102-41fc-8006-c1b4b70e00e6', 'room', 'Room Comfort', 30, true, '2026-03-09 18:18:40.36253+00'),
	('6ec56cf0-06ab-44c1-a695-3bc915343131', 'e10eca3b-3102-41fc-8006-c1b4b70e00e6', 'service', 'Service Quality', 40, true, '2026-03-09 18:18:40.36253+00'),
	('a0a96688-62e3-48cd-9d0d-de6dbc36982a', 'e10eca3b-3102-41fc-8006-c1b4b70e00e6', 'location', 'Location', 50, true, '2026-03-09 18:18:40.36253+00'),
	('43700ae7-1e94-4072-a466-23646eac4b88', '5780fa80-3e6b-44d0-b87e-2b4015f78c8b', 'cleanliness', 'Cleanliness', 10, true, '2026-03-23 11:32:18.056766+00'),
	('ab926902-5a53-464b-9c05-c2bde7b10e2c', '5780fa80-3e6b-44d0-b87e-2b4015f78c8b', 'staff', 'Staff Service', 20, true, '2026-03-23 11:32:18.056766+00'),
	('a93e8389-d1ca-4ac0-8f3c-ad259bd30dbe', '5780fa80-3e6b-44d0-b87e-2b4015f78c8b', 'room', 'Room Comfort', 30, true, '2026-03-23 11:32:18.056766+00'),
	('f9b70576-d683-414d-a786-d49d7e9ee1c0', '5780fa80-3e6b-44d0-b87e-2b4015f78c8b', 'service', 'Service Quality', 40, true, '2026-03-23 11:32:18.056766+00'),
	('8c6a0d3d-01fd-4588-9903-4585af063967', '5780fa80-3e6b-44d0-b87e-2b4015f78c8b', 'location', 'Location', 50, true, '2026-03-23 11:32:18.056766+00'),
	('8ee80f95-8e7d-4835-836e-315375c69e46', '34fc8954-1f82-41cf-ae34-877aeff1eb76', 'cleanliness', 'Cleanliness', 10, true, '2026-03-24 18:26:21.961279+00'),
	('bb3ae251-f376-4adb-bb15-daadfd3f9c11', '34fc8954-1f82-41cf-ae34-877aeff1eb76', 'staff', 'Staff Service', 20, true, '2026-03-24 18:26:21.961279+00'),
	('103f8dc6-c0f8-495c-9e1c-db525b2c12f2', '34fc8954-1f82-41cf-ae34-877aeff1eb76', 'room', 'Room Comfort', 30, true, '2026-03-24 18:26:21.961279+00'),
	('107b6e04-0e4d-40a2-a006-5a1a4a9b9ff9', '34fc8954-1f82-41cf-ae34-877aeff1eb76', 'service', 'Service Quality', 40, true, '2026-03-24 18:26:21.961279+00'),
	('9643e063-4cf2-452a-aebb-baa73a6b5b38', '34fc8954-1f82-41cf-ae34-877aeff1eb76', 'location', 'Location', 50, true, '2026-03-24 18:26:21.961279+00'),
	('6de9e5a2-8f21-4441-8737-08123da16090', 'def83e54-817d-46fd-a886-85a21137dc5b', 'cleanliness', 'Cleanliness', 10, true, '2026-03-29 17:11:47.403277+00'),
	('428b6d46-546f-41a9-98f0-a2a8ac7dad68', 'def83e54-817d-46fd-a886-85a21137dc5b', 'staff', 'Staff Service', 20, true, '2026-03-29 17:11:47.403277+00'),
	('0817db05-14b3-414c-86b2-ddde4b289b0b', 'def83e54-817d-46fd-a886-85a21137dc5b', 'room', 'Room Comfort', 30, true, '2026-03-29 17:11:47.403277+00'),
	('9d790cdf-ddf8-4b27-a58b-29b953e3b55b', 'def83e54-817d-46fd-a886-85a21137dc5b', 'service', 'Service Quality', 40, true, '2026-03-29 17:11:47.403277+00'),
	('444ab4c7-fd24-420d-8511-02dcea04fdbf', 'def83e54-817d-46fd-a886-85a21137dc5b', 'location', 'Location', 50, true, '2026-03-29 17:11:47.403277+00'),
	('613303ee-0dd6-4c97-97d2-ff9614352b8b', 'f646136a-a5e4-4f0c-95e7-d81bc3bed8b0', 'cleanliness', 'Cleanliness', 10, true, '2026-04-03 10:34:48.597806+00'),
	('ca7c27fa-bfab-4159-b189-917f2fd635ad', 'f646136a-a5e4-4f0c-95e7-d81bc3bed8b0', 'staff', 'Staff Service', 20, true, '2026-04-03 10:34:48.597806+00'),
	('578de33b-0138-46e8-b477-cbfc62037987', 'f646136a-a5e4-4f0c-95e7-d81bc3bed8b0', 'room', 'Room Comfort', 30, true, '2026-04-03 10:34:48.597806+00'),
	('1483cc06-20dd-4e61-8955-2fb20a728cc6', 'f646136a-a5e4-4f0c-95e7-d81bc3bed8b0', 'service', 'Service Quality', 40, true, '2026-04-03 10:34:48.597806+00'),
	('6cf76215-c792-4097-a4a1-f659b851deab', 'f646136a-a5e4-4f0c-95e7-d81bc3bed8b0', 'location', 'Location', 50, true, '2026-04-03 10:34:48.597806+00'),
	('7196f8ef-c801-4ddd-aae6-7d26ced9e5e1', '4e32e918-d98d-4231-aa8d-fed3d37346ef', 'cleanliness', 'Cleanliness', 10, true, '2026-04-03 12:16:51.063515+00'),
	('87f4848b-4554-47c3-a638-a47a9743de58', '4e32e918-d98d-4231-aa8d-fed3d37346ef', 'staff', 'Staff Service', 20, true, '2026-04-03 12:16:51.063515+00'),
	('afd8359d-3fb8-4862-8594-27df41d700f5', '4e32e918-d98d-4231-aa8d-fed3d37346ef', 'room', 'Room Comfort', 30, true, '2026-04-03 12:16:51.063515+00'),
	('ffe2f5e3-0ef9-4cf3-ab96-4a48816b122b', '4e32e918-d98d-4231-aa8d-fed3d37346ef', 'service', 'Service Quality', 40, true, '2026-04-03 12:16:51.063515+00'),
	('01d7daac-5e12-4e93-be41-0577cd1dd0d5', '4e32e918-d98d-4231-aa8d-fed3d37346ef', 'location', 'Location', 50, true, '2026-04-03 12:16:51.063515+00'),
	('efd0c4ff-11f0-4b97-ba24-f3c67b852a67', '5d697b97-4336-4318-af21-53fc78a406ad', 'cleanliness', 'Cleanliness', 10, true, '2026-04-11 05:32:22.452162+00'),
	('4d412465-b50a-43c8-a019-a27fd41a5c59', '5d697b97-4336-4318-af21-53fc78a406ad', 'staff', 'Staff Service', 20, true, '2026-04-11 05:32:22.452162+00'),
	('20eec888-2a21-4f8c-88f3-c7034a9be64f', '5d697b97-4336-4318-af21-53fc78a406ad', 'room', 'Room Comfort', 30, true, '2026-04-11 05:32:22.452162+00'),
	('49118018-6834-4d6f-bc80-00ef8937e01e', '5d697b97-4336-4318-af21-53fc78a406ad', 'service', 'Service Quality', 40, true, '2026-04-11 05:32:22.452162+00'),
	('2095e605-814d-436a-b417-2bfc3c2e275a', '5d697b97-4336-4318-af21-53fc78a406ad', 'location', 'Location', 50, true, '2026-04-11 05:32:22.452162+00');


--
-- Data for Name: review_events; Type: TABLE DATA; Schema: public; Owner: postgres
--

INSERT INTO "public"."review_events" ("id", "hotel_id", "review_id", "event_type", "actor_type", "actor_id", "metadata", "created_at") VALUES
	('11cc4dd5-87dd-4e95-a7e5-09a4eaa62cfb', '139c6002-bdd7-4924-9db4-16f14e283d89', '9d54665b-5b07-440e-be80-552909918ced', 'REVIEW_CREATED', 'GUEST', '73904179-cca9-40ab-a2c4-e509dadbbbbb', NULL, '2026-02-28 10:55:01.225832+00'),
	('70148671-7340-4875-ac91-d4f0e7ec67a2', '139c6002-bdd7-4924-9db4-16f14e283d89', 'b0a25c84-a57b-46ef-b634-c788e7b2ad58', 'REVIEW_CREATED', 'GUEST', '73904179-cca9-40ab-a2c4-e509dadbbbbb', NULL, '2026-03-13 18:20:29.355249+00'),
	('0d7b7ab6-0f01-46b3-a62a-3f5b4c95d7fe', '139c6002-bdd7-4924-9db4-16f14e283d89', 'eb5b95d6-13c4-4c4d-abc8-88cb41fcce9b', 'REVIEW_CREATED', 'GUEST', '73904179-cca9-40ab-a2c4-e509dadbbbbb', NULL, '2026-04-04 19:54:14.153574+00');


--
-- Data for Name: review_flags; Type: TABLE DATA; Schema: public; Owner: postgres
--



--
-- Data for Name: review_publications; Type: TABLE DATA; Schema: public; Owner: postgres
--



--
-- Data for Name: review_ratings; Type: TABLE DATA; Schema: public; Owner: postgres
--

INSERT INTO "public"."review_ratings" ("id", "hotel_id", "review_id", "category_id", "rating", "created_at") VALUES
	('d33f2472-f7d5-476b-b5bb-1df595445ea9', '139c6002-bdd7-4924-9db4-16f14e283d89', '9d54665b-5b07-440e-be80-552909918ced', 'bed25cd7-a479-40b1-b94d-dd7d8ddc12ed', 4, '2026-02-28 10:55:02.114672+00'),
	('8d843538-0ab4-4f9c-af59-9074c1458c0b', '139c6002-bdd7-4924-9db4-16f14e283d89', '9d54665b-5b07-440e-be80-552909918ced', 'a96a30f9-9bb9-4f54-93d4-4127b8ffd49c', 4, '2026-02-28 10:55:02.114672+00'),
	('f705c151-e709-44ca-844a-9c205e614185', '139c6002-bdd7-4924-9db4-16f14e283d89', '9d54665b-5b07-440e-be80-552909918ced', 'ccae35d5-ec86-4ff0-a7d3-ecb65407408f', 4, '2026-02-28 10:55:02.114672+00'),
	('e09cfe56-a47d-42da-bbbd-0328894bf633', '139c6002-bdd7-4924-9db4-16f14e283d89', '9d54665b-5b07-440e-be80-552909918ced', '7879ea05-1b51-4169-9603-3530649f3056', 4, '2026-02-28 10:55:02.114672+00'),
	('b56c383d-b151-4df6-9388-9cc9c6ceef50', '139c6002-bdd7-4924-9db4-16f14e283d89', '9d54665b-5b07-440e-be80-552909918ced', '10f3ec08-6c26-4d99-bc2b-8f8341b53ba2', 4, '2026-02-28 10:55:02.114672+00'),
	('6dd6730f-d08b-48d2-a894-7203241db027', '139c6002-bdd7-4924-9db4-16f14e283d89', 'b0a25c84-a57b-46ef-b634-c788e7b2ad58', 'bed25cd7-a479-40b1-b94d-dd7d8ddc12ed', 4, '2026-03-13 18:20:29.52093+00'),
	('89a234ce-78f1-42b6-b961-a77b1ad196ce', '139c6002-bdd7-4924-9db4-16f14e283d89', 'b0a25c84-a57b-46ef-b634-c788e7b2ad58', 'a96a30f9-9bb9-4f54-93d4-4127b8ffd49c', 4, '2026-03-13 18:20:29.52093+00'),
	('e899de79-fcdf-4e49-ac43-3c6adecb477e', '139c6002-bdd7-4924-9db4-16f14e283d89', 'b0a25c84-a57b-46ef-b634-c788e7b2ad58', 'ccae35d5-ec86-4ff0-a7d3-ecb65407408f', 4, '2026-03-13 18:20:29.52093+00'),
	('e705da9a-40ca-4f59-98f2-352c74be8436', '139c6002-bdd7-4924-9db4-16f14e283d89', 'b0a25c84-a57b-46ef-b634-c788e7b2ad58', '7879ea05-1b51-4169-9603-3530649f3056', 4, '2026-03-13 18:20:29.52093+00'),
	('1db4e931-f43e-4bb1-af6f-002bd3721d59', '139c6002-bdd7-4924-9db4-16f14e283d89', 'b0a25c84-a57b-46ef-b634-c788e7b2ad58', '10f3ec08-6c26-4d99-bc2b-8f8341b53ba2', 4, '2026-03-13 18:20:29.52093+00'),
	('27cf1c1d-2464-4d14-a953-7136bbe7de65', '139c6002-bdd7-4924-9db4-16f14e283d89', 'eb5b95d6-13c4-4c4d-abc8-88cb41fcce9b', 'bed25cd7-a479-40b1-b94d-dd7d8ddc12ed', 4, '2026-04-04 19:54:14.332915+00'),
	('7ba70f88-d6f7-43c1-8215-a19948096371', '139c6002-bdd7-4924-9db4-16f14e283d89', 'eb5b95d6-13c4-4c4d-abc8-88cb41fcce9b', 'a96a30f9-9bb9-4f54-93d4-4127b8ffd49c', 4, '2026-04-04 19:54:14.332915+00'),
	('96d84818-ad59-4920-93f0-3e85815002d6', '139c6002-bdd7-4924-9db4-16f14e283d89', 'eb5b95d6-13c4-4c4d-abc8-88cb41fcce9b', 'ccae35d5-ec86-4ff0-a7d3-ecb65407408f', 4, '2026-04-04 19:54:14.332915+00'),
	('c37706d7-662a-4f16-b635-402ed57e7648', '139c6002-bdd7-4924-9db4-16f14e283d89', 'eb5b95d6-13c4-4c4d-abc8-88cb41fcce9b', '7879ea05-1b51-4169-9603-3530649f3056', 4, '2026-04-04 19:54:14.332915+00'),
	('5300d365-5e2e-4126-bac1-de99cd894584', '139c6002-bdd7-4924-9db4-16f14e283d89', 'eb5b95d6-13c4-4c4d-abc8-88cb41fcce9b', '10f3ec08-6c26-4d99-bc2b-8f8341b53ba2', 4, '2026-04-04 19:54:14.332915+00');


--
-- Data for Name: review_responses; Type: TABLE DATA; Schema: public; Owner: postgres
--



--
-- Data for Name: review_targets; Type: TABLE DATA; Schema: public; Owner: postgres
--



--
-- Data for Name: reviews; Type: TABLE DATA; Schema: public; Owner: postgres
--

INSERT INTO "public"."reviews" ("id", "hotel_id", "booking_code", "rating", "title", "body", "status", "created_at", "published_at", "created_by", "nps_score", "booking_id") VALUES
	('32f7b482-f74f-46a2-a338-c9d699e41465', '139c6002-bdd7-4924-9db4-16f14e283d89', NULL, 5, 'Stay review draft', 'Stay period: last 30 days. We handled 3/3 requests; 0% on time (avg 123 mins). Late closures: 3. We’re improving peak-hour flow.', 'pending', '2025-10-15 15:20:32.390547+00', NULL, NULL, NULL, NULL),
	('65d98703-79f7-4678-93c4-c2df329b0fbc', '139c6002-bdd7-4924-9db4-16f14e283d89', NULL, 5, 'Stay review draft', 'Stay period: last 30 days. We handled 3/3 requests; 0% on time (avg 123 mins). Late closures: 3. We’re improving peak-hour flow.', 'pending', '2025-10-15 15:20:33.238736+00', NULL, NULL, NULL, NULL);


--
-- Data for Name: reward_credits; Type: TABLE DATA; Schema: public; Owner: postgres
--

INSERT INTO "public"."reward_credits" ("id", "user_id", "hotel_id", "amount_paise", "source", "status", "created_at", "voucher_id") VALUES
	('7747bff6-22b0-411c-bcc8-41d1574866a1', 'd1e40c02-9978-46fd-875e-3989537af942', '139c6002-bdd7-4924-9db4-16f14e283d89', 25000, 'manual_seed', 'confirmed', '2025-11-05 07:33:22.916468+00', NULL),
	('c97166eb-c67d-4c33-85cb-d4026fc0c180', 'd1e40c02-9978-46fd-875e-3989537af942', '139c6002-bdd7-4924-9db4-16f14e283d89', 15000, 'manual_seed', 'pending', '2025-11-05 07:33:36.209107+00', NULL);


--
-- Data for Name: reward_vouchers; Type: TABLE DATA; Schema: public; Owner: postgres
--

INSERT INTO "public"."reward_vouchers" ("id", "code", "user_id", "hotel_id", "amount_paise", "status", "expires_at", "created_at") VALUES
	('d982acc4-6beb-4edd-a80b-034b9b214522', 'TEST-99e24484', 'd1e40c02-9978-46fd-875e-3989537af942', '139c6002-bdd7-4924-9db4-16f14e283d89', 10000, 'active', '2025-12-05 07:33:44.362759+00', '2025-11-05 07:33:44.362759+00'),
	('0842a97a-7af3-43d6-8f61-3427f1b6e644', 'DFD7519A91FA', 'd1e40c02-9978-46fd-875e-3989537af942', '139c6002-bdd7-4924-9db4-16f14e283d89', 15000, 'active', NULL, '2025-11-05 09:46:53.656156+00');


--
-- Data for Name: services_restore_test; Type: TABLE DATA; Schema: public; Owner: postgres
--

INSERT INTO "public"."services_restore_test" ("id", "hotel_id", "key", "label", "sla_minutes", "active") VALUES
	('fa7f52d1-ce12-42cf-825c-a6b9566a1595', '139c6002-bdd7-4924-9db4-16f14e283d89', 'LAUNDRY', 'Laundry', 60, true),
	('8149dbc7-f358-455d-877c-73470da96c0a', '139c6002-bdd7-4924-9db4-16f14e283d89', 'ROOM_SERVICE', 'Room Service', 30, true),
	('2322b579-6c73-4f49-9d76-ec0e750eb21d', '139c6002-bdd7-4924-9db4-16f14e283d89', 'room_cleaning', 'Room cleaning', 30, true),
	('0d227251-2104-4335-8f0d-ec01b85bd93c', '139c6002-bdd7-4924-9db4-16f14e283d89', 'extra_pillow', 'Extra pillow', 10, true),
	('fad83850-4d2c-404b-8e6d-3cef0711df82', '139c6002-bdd7-4924-9db4-16f14e283d89', 'HOUSEKEEPING', 'Housekeeping', 25, true);


--
-- Data for Name: shift_audit_log; Type: TABLE DATA; Schema: public; Owner: postgres
--

INSERT INTO "public"."shift_audit_log" ("id", "hotel_id", "shift_id", "staff_id", "action", "diff", "action_reason", "changed_by", "changed_at", "explanation") VALUES
	('b20bb6ff-34d4-453d-a223-f35bf96fec0b', '139c6002-bdd7-4924-9db4-16f14e283d89', '61d38f82-c5c7-4a6c-ac50-22efac468740', '18ced61e-1508-47f0-bb6d-a3e39e5fdb7d', 'created', '{"status": {"new": "scheduled"}, "zone_id": {"new": null}, "staff_id": {"new": "18ced61e-1508-47f0-bb6d-a3e39e5fdb7d"}, "shift_end": {"new": "2026-03-22T11:30:00+00:00"}, "shift_type": {"new": "morning"}, "shift_start": {"new": "2026-03-22T03:30:00+00:00"}, "department_id": {"new": "c0b8d66d-31c5-4942-9e36-e8ceb1c3bc88"}}', 'Manual assignment', '73904179-cca9-40ab-a2c4-e509dadbbbbb', '2026-03-22 19:51:16.119085+00', NULL),
	('e3c78e03-58a2-4225-9f23-295db30e126e', '139c6002-bdd7-4924-9db4-16f14e283d89', 'db433107-7884-4732-b114-2a63e7748dc8', '18ced61e-1508-47f0-bb6d-a3e39e5fdb7d', 'created', '{"status": {"new": "scheduled"}, "zone_id": {"new": null}, "staff_id": {"new": "18ced61e-1508-47f0-bb6d-a3e39e5fdb7d"}, "shift_end": {"new": "2026-03-23T11:30:00+00:00"}, "shift_type": {"new": "morning"}, "shift_start": {"new": "2026-03-23T03:30:00+00:00"}, "department_id": {"new": "c0b8d66d-31c5-4942-9e36-e8ceb1c3bc88"}}', 'Manual assignment', '73904179-cca9-40ab-a2c4-e509dadbbbbb', '2026-03-22 19:51:16.119085+00', NULL),
	('0dcf69da-21c0-4dcc-8076-008b4e8bd3e6', '139c6002-bdd7-4924-9db4-16f14e283d89', 'c3625502-9c54-48ea-b183-cd85412ceb85', '18ced61e-1508-47f0-bb6d-a3e39e5fdb7d', 'created', '{"status": {"new": "scheduled"}, "zone_id": {"new": null}, "staff_id": {"new": "18ced61e-1508-47f0-bb6d-a3e39e5fdb7d"}, "shift_end": {"new": "2026-03-24T11:30:00+00:00"}, "shift_type": {"new": "morning"}, "shift_start": {"new": "2026-03-24T03:30:00+00:00"}, "department_id": {"new": "c0b8d66d-31c5-4942-9e36-e8ceb1c3bc88"}}', 'Manual assignment', '73904179-cca9-40ab-a2c4-e509dadbbbbb', '2026-03-22 19:51:16.119085+00', NULL),
	('2d8c9e90-7077-4bcf-b30c-7042eea6bb1d', '139c6002-bdd7-4924-9db4-16f14e283d89', '6fe24745-bcd3-4bea-a0cb-20c32351d86b', '18ced61e-1508-47f0-bb6d-a3e39e5fdb7d', 'created', '{"status": {"new": "scheduled"}, "zone_id": {"new": null}, "staff_id": {"new": "18ced61e-1508-47f0-bb6d-a3e39e5fdb7d"}, "shift_end": {"new": "2026-03-25T11:30:00+00:00"}, "shift_type": {"new": "morning"}, "shift_start": {"new": "2026-03-25T03:30:00+00:00"}, "department_id": {"new": "c0b8d66d-31c5-4942-9e36-e8ceb1c3bc88"}}', 'Manual assignment', '73904179-cca9-40ab-a2c4-e509dadbbbbb', '2026-03-22 19:51:16.119085+00', NULL),
	('df692584-7bc8-4e7d-a2fe-4368034981b8', '139c6002-bdd7-4924-9db4-16f14e283d89', '2e2b51b8-2b3a-4d02-be2c-b2e380e86144', '18ced61e-1508-47f0-bb6d-a3e39e5fdb7d', 'created', '{"status": {"new": "scheduled"}, "zone_id": {"new": null}, "staff_id": {"new": "18ced61e-1508-47f0-bb6d-a3e39e5fdb7d"}, "shift_end": {"new": "2026-03-26T11:30:00+00:00"}, "shift_type": {"new": "morning"}, "shift_start": {"new": "2026-03-26T03:30:00+00:00"}, "department_id": {"new": "c0b8d66d-31c5-4942-9e36-e8ceb1c3bc88"}}', 'Manual assignment', '73904179-cca9-40ab-a2c4-e509dadbbbbb', '2026-03-22 19:51:16.119085+00', NULL),
	('54f94668-8204-4f94-8e44-a8a89743eddf', '139c6002-bdd7-4924-9db4-16f14e283d89', '922ba2e1-4049-4b2b-9ccb-f2a920af9268', '18ced61e-1508-47f0-bb6d-a3e39e5fdb7d', 'created', '{"status": {"new": "scheduled"}, "zone_id": {"new": null}, "staff_id": {"new": "18ced61e-1508-47f0-bb6d-a3e39e5fdb7d"}, "shift_end": {"new": "2026-03-27T11:30:00+00:00"}, "shift_type": {"new": "morning"}, "shift_start": {"new": "2026-03-27T03:30:00+00:00"}, "department_id": {"new": "c0b8d66d-31c5-4942-9e36-e8ceb1c3bc88"}}', 'Manual assignment', '73904179-cca9-40ab-a2c4-e509dadbbbbb', '2026-03-22 19:51:16.119085+00', NULL),
	('2f971c54-47b3-4776-b51f-7923e39f2f90', '139c6002-bdd7-4924-9db4-16f14e283d89', '446fc73c-d561-46d2-b773-3176293b52c8', '18ced61e-1508-47f0-bb6d-a3e39e5fdb7d', 'created', '{"status": {"new": "scheduled"}, "zone_id": {"new": null}, "staff_id": {"new": "18ced61e-1508-47f0-bb6d-a3e39e5fdb7d"}, "shift_end": {"new": "2026-03-29T11:30:00+00:00"}, "shift_type": {"new": "morning"}, "shift_start": {"new": "2026-03-29T03:30:00+00:00"}, "department_id": {"new": "c0b8d66d-31c5-4942-9e36-e8ceb1c3bc88"}}', 'Manual assignment', '73904179-cca9-40ab-a2c4-e509dadbbbbb', '2026-03-22 19:51:16.119085+00', NULL),
	('5f4e4bfd-4267-4587-88e9-51cecbb04930', '139c6002-bdd7-4924-9db4-16f14e283d89', 'db433107-7884-4732-b114-2a63e7748dc8', 'f0a60133-439f-4ea2-9236-bde74feee105', 'updated', '{"shift_end": {"new": "2026-03-23T16:06:06.101+00:00", "old": "2026-03-23T11:30:00+00:00"}, "shift_start": {"new": "2026-03-23T08:06:06.101+00:00", "old": "2026-03-23T03:30:00+00:00"}}', NULL, '73904179-cca9-40ab-a2c4-e509dadbbbbb', '2026-03-22 20:36:51.8383+00', NULL),
	('d3f5a4f2-d0d0-4dd8-8441-ed15cd05ff46', '139c6002-bdd7-4924-9db4-16f14e283d89', 'e911c63c-b1cb-4a0c-9bd9-519f115c2125', '18ced61e-1508-47f0-bb6d-a3e39e5fdb7d', 'deleted', '{"deleted": true, "staff_id": "18ced61e-1508-47f0-bb6d-a3e39e5fdb7d", "shift_end": "2025-12-24T00:10:59.818693+00:00", "shift_start": "2025-12-23T16:10:59.818693+00:00", "department_id": "c0b8d66d-31c5-4942-9e36-e8ceb1c3bc88"}', NULL, NULL, '2026-03-23 12:19:33.721466+00', NULL),
	('87ab92f1-7a1e-4136-aa8f-9ab6fca2d32e', '139c6002-bdd7-4924-9db4-16f14e283d89', '7c1a242b-062e-49ba-a59e-c281f5991763', '18ced61e-1508-47f0-bb6d-a3e39e5fdb7d', 'created', '{"status": {"new": "scheduled"}, "zone_id": {"new": null}, "staff_id": {"new": "18ced61e-1508-47f0-bb6d-a3e39e5fdb7d"}, "shift_end": {"new": "2026-03-23T16:30:00+00:00"}, "shift_type": {"new": "morning"}, "shift_start": {"new": "2026-03-22T18:30:00+00:00"}, "department_id": {"new": "330736d8-f31a-468c-bb08-47af45461005"}}', 'Manual assignment', '73904179-cca9-40ab-a2c4-e509dadbbbbb', '2026-03-22 20:45:16.119313+00', NULL),
	('4b90c188-0ada-477e-aebe-3e1872e83d36', '5780fa80-3e6b-44d0-b87e-2b4015f78c8b', '4139000d-2b14-4397-bc0e-7f4f6636a6f1', '3e53a808-f4ec-49f4-968e-37ae694e9367', 'created', '{"status": {"new": "scheduled"}, "zone_id": {"new": null}, "staff_id": {"new": "3e53a808-f4ec-49f4-968e-37ae694e9367"}, "shift_end": {"new": "2026-03-24T06:30:00+00:00"}, "shift_type": {"new": "morning"}, "shift_start": {"new": "2026-03-23T06:30:00+00:00"}, "department_id": {"new": "e1ab229e-4426-4af1-9a7b-93f59ba35e6e"}}', 'Manual assignment', '64847cf8-136b-445d-b34b-fe6e18a6d020', '2026-03-23 12:14:44.902827+00', NULL),
	('9124dc3c-58b4-487d-8b6e-c9a7f60e9197', '5780fa80-3e6b-44d0-b87e-2b4015f78c8b', 'c8051c10-e8cd-40be-b222-fc6f6fba5376', '3e53a808-f4ec-49f4-968e-37ae694e9367', 'created', '{"status": {"new": "scheduled"}, "zone_id": {"new": null}, "staff_id": {"new": "3e53a808-f4ec-49f4-968e-37ae694e9367"}, "shift_end": {"new": "2026-03-25T06:30:00+00:00"}, "shift_type": {"new": "morning"}, "shift_start": {"new": "2026-03-24T06:30:00+00:00"}, "department_id": {"new": "e1ab229e-4426-4af1-9a7b-93f59ba35e6e"}}', 'Manual assignment', '64847cf8-136b-445d-b34b-fe6e18a6d020', '2026-03-23 12:14:44.902827+00', NULL),
	('d708ca20-de82-477c-911e-f8c165228e2d', '5780fa80-3e6b-44d0-b87e-2b4015f78c8b', 'ea2b354f-5336-4f20-aa52-2517fb3096d8', '3e53a808-f4ec-49f4-968e-37ae694e9367', 'created', '{"status": {"new": "scheduled"}, "zone_id": {"new": null}, "staff_id": {"new": "3e53a808-f4ec-49f4-968e-37ae694e9367"}, "shift_end": {"new": "2026-03-26T06:30:00+00:00"}, "shift_type": {"new": "morning"}, "shift_start": {"new": "2026-03-25T06:30:00+00:00"}, "department_id": {"new": "e1ab229e-4426-4af1-9a7b-93f59ba35e6e"}}', 'Manual assignment', '64847cf8-136b-445d-b34b-fe6e18a6d020', '2026-03-23 12:14:44.902827+00', NULL),
	('47aff479-fff8-4245-b10f-aa22745bc90f', '5780fa80-3e6b-44d0-b87e-2b4015f78c8b', '0308b708-a1cb-4140-999c-7a524e3e2de9', '3e53a808-f4ec-49f4-968e-37ae694e9367', 'created', '{"status": {"new": "scheduled"}, "zone_id": {"new": null}, "staff_id": {"new": "3e53a808-f4ec-49f4-968e-37ae694e9367"}, "shift_end": {"new": "2026-03-27T06:30:00+00:00"}, "shift_type": {"new": "morning"}, "shift_start": {"new": "2026-03-26T06:30:00+00:00"}, "department_id": {"new": "e1ab229e-4426-4af1-9a7b-93f59ba35e6e"}}', 'Manual assignment', '64847cf8-136b-445d-b34b-fe6e18a6d020', '2026-03-23 12:14:44.902827+00', NULL),
	('ab2fe881-06e1-4af0-8b93-9e68ec9ea4fc', '5780fa80-3e6b-44d0-b87e-2b4015f78c8b', '5fdb4a54-1ae3-46ed-a5b6-88d8cb786f9b', '3e53a808-f4ec-49f4-968e-37ae694e9367', 'created', '{"status": {"new": "scheduled"}, "zone_id": {"new": null}, "staff_id": {"new": "3e53a808-f4ec-49f4-968e-37ae694e9367"}, "shift_end": {"new": "2026-03-28T06:30:00+00:00"}, "shift_type": {"new": "morning"}, "shift_start": {"new": "2026-03-27T06:30:00+00:00"}, "department_id": {"new": "e1ab229e-4426-4af1-9a7b-93f59ba35e6e"}}', 'Manual assignment', '64847cf8-136b-445d-b34b-fe6e18a6d020', '2026-03-23 12:14:44.902827+00', NULL),
	('55df81ad-20a1-4b0e-b496-6f6767d256bd', '5780fa80-3e6b-44d0-b87e-2b4015f78c8b', '5ef0447e-f9f6-4393-828e-f38ca0593d2c', '3e53a808-f4ec-49f4-968e-37ae694e9367', 'created', '{"status": {"new": "scheduled"}, "zone_id": {"new": null}, "staff_id": {"new": "3e53a808-f4ec-49f4-968e-37ae694e9367"}, "shift_end": {"new": "2026-03-29T06:30:00+00:00"}, "shift_type": {"new": "morning"}, "shift_start": {"new": "2026-03-28T06:30:00+00:00"}, "department_id": {"new": "e1ab229e-4426-4af1-9a7b-93f59ba35e6e"}}', 'Manual assignment', '64847cf8-136b-445d-b34b-fe6e18a6d020', '2026-03-23 12:14:44.902827+00', NULL),
	('72e6380b-9f23-40d5-8c24-3838fd336d0f', '5780fa80-3e6b-44d0-b87e-2b4015f78c8b', 'cf200bc6-9f9d-4f4b-991d-29dfdab673cd', '3e53a808-f4ec-49f4-968e-37ae694e9367', 'created', '{"status": {"new": "scheduled"}, "zone_id": {"new": null}, "staff_id": {"new": "3e53a808-f4ec-49f4-968e-37ae694e9367"}, "shift_end": {"new": "2026-03-31T06:30:00+00:00"}, "shift_type": {"new": "morning"}, "shift_start": {"new": "2026-03-30T06:30:00+00:00"}, "department_id": {"new": "e1ab229e-4426-4af1-9a7b-93f59ba35e6e"}}', 'Manual assignment', '64847cf8-136b-445d-b34b-fe6e18a6d020', '2026-03-23 12:14:44.902827+00', NULL),
	('a56cc24b-c983-48a6-a68d-2b219b9450da', 'ce30b5a6-a0f0-4238-b213-397216edf1d8', '3e380403-43f3-4f66-b78a-f01c8191a460', '8e593253-ca12-40cc-9f35-53bb1146dfba', 'deleted', '{"deleted": true, "staff_id": "8e593253-ca12-40cc-9f35-53bb1146dfba", "shift_end": "2025-12-24T00:10:59.818693+00:00", "shift_start": "2025-12-23T16:10:59.818693+00:00", "department_id": "c0b8d66d-31c5-4942-9e36-e8ceb1c3bc88"}', NULL, NULL, '2026-03-23 12:19:33.721466+00', NULL),
	('886b7c19-614a-4673-805d-da8d36e88660', '5710bfe1-7590-4361-aebe-4335ac31ac1e', 'bc649c1a-4554-44af-aff0-2b9077747f2a', 'dde18a07-fccd-4255-805f-9ab03704c046', 'deleted', '{"deleted": true, "staff_id": "dde18a07-fccd-4255-805f-9ab03704c046", "shift_end": "2025-12-24T00:10:59.818693+00:00", "shift_start": "2025-12-23T16:10:59.818693+00:00", "department_id": "c0b8d66d-31c5-4942-9e36-e8ceb1c3bc88"}', NULL, NULL, '2026-03-23 12:19:33.721466+00', NULL),
	('4852ccb4-f75a-4121-a680-4c9403ba5f19', '139c6002-bdd7-4924-9db4-16f14e283d89', 'bb70accd-9e99-455b-b06c-9d4ed6de83c8', 'f0a60133-439f-4ea2-9236-bde74feee105', 'deleted', '{"deleted": true, "staff_id": "f0a60133-439f-4ea2-9236-bde74feee105", "shift_end": "2026-03-21T11:30:00+00:00", "shift_start": "2026-03-21T03:30:00+00:00", "department_id": "c0b8d66d-31c5-4942-9e36-e8ceb1c3bc88"}', NULL, '18ced61e-1508-47f0-bb6d-a3e39e5fdb7d', '2026-03-23 12:19:33.721466+00', NULL),
	('d83c16e6-711d-4e7b-a662-a182927c1d21', '139c6002-bdd7-4924-9db4-16f14e283d89', '6fc631c1-a48d-463e-8816-8817edff182b', 'f0a60133-439f-4ea2-9236-bde74feee105', 'deleted', '{"deleted": true, "staff_id": "f0a60133-439f-4ea2-9236-bde74feee105", "shift_end": "2026-03-22T12:26:26.44+00:00", "shift_start": "2026-03-22T04:26:26.44+00:00", "department_id": "c0b8d66d-31c5-4942-9e36-e8ceb1c3bc88"}', NULL, NULL, '2026-03-23 12:19:33.721466+00', NULL),
	('d92977f0-f8ce-48c7-9b68-8da9e10eb2e9', '139c6002-bdd7-4924-9db4-16f14e283d89', '7c1a242b-062e-49ba-a59e-c281f5991763', '18ced61e-1508-47f0-bb6d-a3e39e5fdb7d', 'deleted', '{"deleted": true, "staff_id": "18ced61e-1508-47f0-bb6d-a3e39e5fdb7d", "shift_end": "2026-03-23T16:30:00+00:00", "shift_start": "2026-03-22T18:30:00+00:00", "department_id": "330736d8-f31a-468c-bb08-47af45461005"}', NULL, '18ced61e-1508-47f0-bb6d-a3e39e5fdb7d', '2026-03-23 12:19:33.721466+00', NULL),
	('f87110ce-e316-4913-879f-d81fc3d71803', '5780fa80-3e6b-44d0-b87e-2b4015f78c8b', '4139000d-2b14-4397-bc0e-7f4f6636a6f1', '3e53a808-f4ec-49f4-968e-37ae694e9367', 'deleted', '{"deleted": true, "staff_id": "3e53a808-f4ec-49f4-968e-37ae694e9367", "shift_end": "2026-03-24T06:30:00+00:00", "shift_start": "2026-03-23T06:30:00+00:00", "department_id": "e1ab229e-4426-4af1-9a7b-93f59ba35e6e"}', NULL, '3e53a808-f4ec-49f4-968e-37ae694e9367', '2026-03-23 12:19:33.721466+00', NULL),
	('b20447a2-cd36-4b0a-8aad-d36f2414f839', '5780fa80-3e6b-44d0-b87e-2b4015f78c8b', 'c8051c10-e8cd-40be-b222-fc6f6fba5376', '3e53a808-f4ec-49f4-968e-37ae694e9367', 'deleted', '{"deleted": true, "staff_id": "3e53a808-f4ec-49f4-968e-37ae694e9367", "shift_end": "2026-03-25T06:30:00+00:00", "shift_start": "2026-03-24T06:30:00+00:00", "department_id": "e1ab229e-4426-4af1-9a7b-93f59ba35e6e"}', NULL, '3e53a808-f4ec-49f4-968e-37ae694e9367', '2026-03-23 12:19:33.721466+00', NULL),
	('5f8ce848-aaf0-431c-aff3-284001b82379', '5780fa80-3e6b-44d0-b87e-2b4015f78c8b', 'ea2b354f-5336-4f20-aa52-2517fb3096d8', '3e53a808-f4ec-49f4-968e-37ae694e9367', 'deleted', '{"deleted": true, "staff_id": "3e53a808-f4ec-49f4-968e-37ae694e9367", "shift_end": "2026-03-26T06:30:00+00:00", "shift_start": "2026-03-25T06:30:00+00:00", "department_id": "e1ab229e-4426-4af1-9a7b-93f59ba35e6e"}', NULL, '3e53a808-f4ec-49f4-968e-37ae694e9367', '2026-03-23 12:19:33.721466+00', NULL),
	('77117808-284a-4498-bbfd-6acd6676ad1a', '5780fa80-3e6b-44d0-b87e-2b4015f78c8b', '0308b708-a1cb-4140-999c-7a524e3e2de9', '3e53a808-f4ec-49f4-968e-37ae694e9367', 'deleted', '{"deleted": true, "staff_id": "3e53a808-f4ec-49f4-968e-37ae694e9367", "shift_end": "2026-03-27T06:30:00+00:00", "shift_start": "2026-03-26T06:30:00+00:00", "department_id": "e1ab229e-4426-4af1-9a7b-93f59ba35e6e"}', NULL, '3e53a808-f4ec-49f4-968e-37ae694e9367', '2026-03-23 12:19:33.721466+00', NULL),
	('46f84990-727f-48fb-88b3-cf212c9d81e7', '5780fa80-3e6b-44d0-b87e-2b4015f78c8b', '5fdb4a54-1ae3-46ed-a5b6-88d8cb786f9b', '3e53a808-f4ec-49f4-968e-37ae694e9367', 'deleted', '{"deleted": true, "staff_id": "3e53a808-f4ec-49f4-968e-37ae694e9367", "shift_end": "2026-03-28T06:30:00+00:00", "shift_start": "2026-03-27T06:30:00+00:00", "department_id": "e1ab229e-4426-4af1-9a7b-93f59ba35e6e"}', NULL, '3e53a808-f4ec-49f4-968e-37ae694e9367', '2026-03-23 12:19:33.721466+00', NULL),
	('866c6d4e-19fc-4eae-86a0-d96f985c3a70', '5780fa80-3e6b-44d0-b87e-2b4015f78c8b', '5ef0447e-f9f6-4393-828e-f38ca0593d2c', '3e53a808-f4ec-49f4-968e-37ae694e9367', 'deleted', '{"deleted": true, "staff_id": "3e53a808-f4ec-49f4-968e-37ae694e9367", "shift_end": "2026-03-29T06:30:00+00:00", "shift_start": "2026-03-28T06:30:00+00:00", "department_id": "e1ab229e-4426-4af1-9a7b-93f59ba35e6e"}', NULL, '3e53a808-f4ec-49f4-968e-37ae694e9367', '2026-03-23 12:19:33.721466+00', NULL),
	('62517a28-39c9-4ee5-9a5c-e24c162173cf', '139c6002-bdd7-4924-9db4-16f14e283d89', '61d38f82-c5c7-4a6c-ac50-22efac468740', '18ced61e-1508-47f0-bb6d-a3e39e5fdb7d', 'deleted', '{"deleted": true, "staff_id": "18ced61e-1508-47f0-bb6d-a3e39e5fdb7d", "shift_end": "2026-03-22T11:30:00+00:00", "shift_start": "2026-03-22T03:30:00+00:00", "department_id": "c0b8d66d-31c5-4942-9e36-e8ceb1c3bc88"}', NULL, '18ced61e-1508-47f0-bb6d-a3e39e5fdb7d', '2026-03-23 12:19:33.721466+00', NULL),
	('3c578633-59aa-4fd1-8baa-a77d42fa01eb', '5780fa80-3e6b-44d0-b87e-2b4015f78c8b', 'cf200bc6-9f9d-4f4b-991d-29dfdab673cd', '3e53a808-f4ec-49f4-968e-37ae694e9367', 'deleted', '{"deleted": true, "staff_id": "3e53a808-f4ec-49f4-968e-37ae694e9367", "shift_end": "2026-03-31T06:30:00+00:00", "shift_start": "2026-03-30T06:30:00+00:00", "department_id": "e1ab229e-4426-4af1-9a7b-93f59ba35e6e"}', NULL, '3e53a808-f4ec-49f4-968e-37ae694e9367', '2026-03-23 12:19:33.721466+00', NULL),
	('b7cf6f54-d7ab-4ee5-b047-fee306044cc4', '139c6002-bdd7-4924-9db4-16f14e283d89', 'c3625502-9c54-48ea-b183-cd85412ceb85', '18ced61e-1508-47f0-bb6d-a3e39e5fdb7d', 'deleted', '{"deleted": true, "staff_id": "18ced61e-1508-47f0-bb6d-a3e39e5fdb7d", "shift_end": "2026-03-24T11:30:00+00:00", "shift_start": "2026-03-24T03:30:00+00:00", "department_id": "c0b8d66d-31c5-4942-9e36-e8ceb1c3bc88"}', NULL, '18ced61e-1508-47f0-bb6d-a3e39e5fdb7d', '2026-03-23 12:19:33.721466+00', NULL),
	('981067b2-0c9c-4f12-bfa1-3ebf76a4ea0e', '139c6002-bdd7-4924-9db4-16f14e283d89', '6fe24745-bcd3-4bea-a0cb-20c32351d86b', '18ced61e-1508-47f0-bb6d-a3e39e5fdb7d', 'deleted', '{"deleted": true, "staff_id": "18ced61e-1508-47f0-bb6d-a3e39e5fdb7d", "shift_end": "2026-03-25T11:30:00+00:00", "shift_start": "2026-03-25T03:30:00+00:00", "department_id": "c0b8d66d-31c5-4942-9e36-e8ceb1c3bc88"}', NULL, '18ced61e-1508-47f0-bb6d-a3e39e5fdb7d', '2026-03-23 12:19:33.721466+00', NULL),
	('68d1c1ee-47b7-4668-a234-e16e98f0c19e', '139c6002-bdd7-4924-9db4-16f14e283d89', '2e2b51b8-2b3a-4d02-be2c-b2e380e86144', '18ced61e-1508-47f0-bb6d-a3e39e5fdb7d', 'deleted', '{"deleted": true, "staff_id": "18ced61e-1508-47f0-bb6d-a3e39e5fdb7d", "shift_end": "2026-03-26T11:30:00+00:00", "shift_start": "2026-03-26T03:30:00+00:00", "department_id": "c0b8d66d-31c5-4942-9e36-e8ceb1c3bc88"}', NULL, '18ced61e-1508-47f0-bb6d-a3e39e5fdb7d', '2026-03-23 12:19:33.721466+00', NULL),
	('dea0a279-9aef-4819-8cc4-5104c42ffb14', '139c6002-bdd7-4924-9db4-16f14e283d89', '922ba2e1-4049-4b2b-9ccb-f2a920af9268', '18ced61e-1508-47f0-bb6d-a3e39e5fdb7d', 'deleted', '{"deleted": true, "staff_id": "18ced61e-1508-47f0-bb6d-a3e39e5fdb7d", "shift_end": "2026-03-27T11:30:00+00:00", "shift_start": "2026-03-27T03:30:00+00:00", "department_id": "c0b8d66d-31c5-4942-9e36-e8ceb1c3bc88"}', NULL, '18ced61e-1508-47f0-bb6d-a3e39e5fdb7d', '2026-03-23 12:19:33.721466+00', NULL),
	('38d65f0e-2c64-48da-918e-34c3a92029f4', '139c6002-bdd7-4924-9db4-16f14e283d89', '446fc73c-d561-46d2-b773-3176293b52c8', '18ced61e-1508-47f0-bb6d-a3e39e5fdb7d', 'deleted', '{"deleted": true, "staff_id": "18ced61e-1508-47f0-bb6d-a3e39e5fdb7d", "shift_end": "2026-03-29T11:30:00+00:00", "shift_start": "2026-03-29T03:30:00+00:00", "department_id": "c0b8d66d-31c5-4942-9e36-e8ceb1c3bc88"}', NULL, '18ced61e-1508-47f0-bb6d-a3e39e5fdb7d', '2026-03-23 12:19:33.721466+00', NULL),
	('0b41d84c-8446-49a3-a019-313cec500906', '139c6002-bdd7-4924-9db4-16f14e283d89', 'db433107-7884-4732-b114-2a63e7748dc8', 'f0a60133-439f-4ea2-9236-bde74feee105', 'deleted', '{"deleted": true, "staff_id": "f0a60133-439f-4ea2-9236-bde74feee105", "shift_end": "2026-03-23T16:06:06.101+00:00", "shift_start": "2026-03-23T08:06:06.101+00:00", "department_id": "c0b8d66d-31c5-4942-9e36-e8ceb1c3bc88"}', NULL, '18ced61e-1508-47f0-bb6d-a3e39e5fdb7d', '2026-03-23 12:19:33.721466+00', NULL),
	('89c95c6b-2620-4328-91da-4d7d01ea1ded', '5710bfe1-7590-4361-aebe-4335ac31ac1e', '51b4c362-6153-4bc3-85e6-4f9746929d0d', 'dde18a07-fccd-4255-805f-9ab03704c046', 'updated', '{"shift_end": {"new": "2026-03-24T23:15:15.254+00:00", "old": "2026-03-25T03:17:47.796+00:00"}, "shift_start": {"new": "2026-03-24T07:24:54.915+00:00", "old": "2026-03-24T11:27:27.457+00:00"}}', NULL, '73904179-cca9-40ab-a2c4-e509dadbbbbb', '2026-03-24 13:59:39.758446+00', NULL),
	('3c105134-c2fb-4a7b-95c7-db3b7bead68c', '5780fa80-3e6b-44d0-b87e-2b4015f78c8b', '750aa567-f0b5-4080-95ea-0872c578ea47', '3e53a808-f4ec-49f4-968e-37ae694e9367', 'created', '{"status": {"new": "scheduled"}, "zone_id": {"new": null}, "staff_id": {"new": "3e53a808-f4ec-49f4-968e-37ae694e9367"}, "shift_end": {"new": "2026-03-23T11:30:00+00:00"}, "shift_type": {"new": "morning"}, "shift_start": {"new": "2026-03-23T03:30:00+00:00"}, "department_id": {"new": "e1ab229e-4426-4af1-9a7b-93f59ba35e6e"}}', 'Manual assignment', '64847cf8-136b-445d-b34b-fe6e18a6d020', '2026-03-23 12:20:52.417708+00', NULL),
	('55f3fe1d-f31d-4ef7-964c-524839d19f4e', '5780fa80-3e6b-44d0-b87e-2b4015f78c8b', '73a75b58-156c-4a85-9b7c-56f2ae0044c8', '3e53a808-f4ec-49f4-968e-37ae694e9367', 'created', '{"status": {"new": "scheduled"}, "zone_id": {"new": null}, "staff_id": {"new": "3e53a808-f4ec-49f4-968e-37ae694e9367"}, "shift_end": {"new": "2026-03-24T11:30:00+00:00"}, "shift_type": {"new": "morning"}, "shift_start": {"new": "2026-03-24T03:30:00+00:00"}, "department_id": {"new": "e1ab229e-4426-4af1-9a7b-93f59ba35e6e"}}', 'Manual assignment', '64847cf8-136b-445d-b34b-fe6e18a6d020', '2026-03-23 12:20:52.417708+00', NULL),
	('cb928890-0207-4017-840c-d3c38cd7722f', '5780fa80-3e6b-44d0-b87e-2b4015f78c8b', '89f4b7cc-5e75-4174-8d84-65776135a316', '3e53a808-f4ec-49f4-968e-37ae694e9367', 'created', '{"status": {"new": "scheduled"}, "zone_id": {"new": null}, "staff_id": {"new": "3e53a808-f4ec-49f4-968e-37ae694e9367"}, "shift_end": {"new": "2026-03-25T11:30:00+00:00"}, "shift_type": {"new": "morning"}, "shift_start": {"new": "2026-03-25T03:30:00+00:00"}, "department_id": {"new": "e1ab229e-4426-4af1-9a7b-93f59ba35e6e"}}', 'Manual assignment', '64847cf8-136b-445d-b34b-fe6e18a6d020', '2026-03-23 12:20:52.417708+00', NULL),
	('16b16fa4-d2f2-4cd1-967c-6dd6ffd6c6f1', '5780fa80-3e6b-44d0-b87e-2b4015f78c8b', 'cd3aea58-33fe-453e-ba8e-9553a78da0d5', '3e53a808-f4ec-49f4-968e-37ae694e9367', 'created', '{"status": {"new": "scheduled"}, "zone_id": {"new": null}, "staff_id": {"new": "3e53a808-f4ec-49f4-968e-37ae694e9367"}, "shift_end": {"new": "2026-03-26T11:30:00+00:00"}, "shift_type": {"new": "morning"}, "shift_start": {"new": "2026-03-26T03:30:00+00:00"}, "department_id": {"new": "e1ab229e-4426-4af1-9a7b-93f59ba35e6e"}}', 'Manual assignment', '64847cf8-136b-445d-b34b-fe6e18a6d020', '2026-03-23 12:20:52.417708+00', NULL),
	('effbffc7-ed53-4017-bede-83aeb62ce5d5', '5780fa80-3e6b-44d0-b87e-2b4015f78c8b', '68456e33-1f56-402d-b701-83d0d41c9197', '3e53a808-f4ec-49f4-968e-37ae694e9367', 'created', '{"status": {"new": "scheduled"}, "zone_id": {"new": null}, "staff_id": {"new": "3e53a808-f4ec-49f4-968e-37ae694e9367"}, "shift_end": {"new": "2026-03-27T11:30:00+00:00"}, "shift_type": {"new": "morning"}, "shift_start": {"new": "2026-03-27T03:30:00+00:00"}, "department_id": {"new": "e1ab229e-4426-4af1-9a7b-93f59ba35e6e"}}', 'Manual assignment', '64847cf8-136b-445d-b34b-fe6e18a6d020', '2026-03-23 12:20:52.417708+00', NULL),
	('e70e2f5d-4cc2-47d9-ada0-ac62bf9b69d7', '5780fa80-3e6b-44d0-b87e-2b4015f78c8b', '571a0a31-e326-4291-ac2c-c2f136fb055b', '3e53a808-f4ec-49f4-968e-37ae694e9367', 'created', '{"status": {"new": "scheduled"}, "zone_id": {"new": null}, "staff_id": {"new": "3e53a808-f4ec-49f4-968e-37ae694e9367"}, "shift_end": {"new": "2026-03-30T11:30:00+00:00"}, "shift_type": {"new": "morning"}, "shift_start": {"new": "2026-03-30T03:30:00+00:00"}, "department_id": {"new": "e1ab229e-4426-4af1-9a7b-93f59ba35e6e"}}', 'Manual assignment', '64847cf8-136b-445d-b34b-fe6e18a6d020', '2026-03-23 12:20:52.417708+00', NULL),
	('65e2c883-b096-4621-826c-a26786247f12', '5780fa80-3e6b-44d0-b87e-2b4015f78c8b', '750aa567-f0b5-4080-95ea-0872c578ea47', '3e53a808-f4ec-49f4-968e-37ae694e9367', 'updated', '{"shift_start": {"new": "2026-03-23T01:30:00+00:00", "old": "2026-03-23T03:30:00+00:00"}}', NULL, '3e53a808-f4ec-49f4-968e-37ae694e9367', '2026-03-23 12:23:34.198699+00', NULL),
	('4a2495af-82d7-4a7e-af70-1d905d28bc7f', '5780fa80-3e6b-44d0-b87e-2b4015f78c8b', '750aa567-f0b5-4080-95ea-0872c578ea47', '3e53a808-f4ec-49f4-968e-37ae694e9367', 'updated', '{"shift_end": {"new": "2026-03-23T16:30:00+00:00", "old": "2026-03-23T11:30:00+00:00"}}', NULL, '3e53a808-f4ec-49f4-968e-37ae694e9367', '2026-03-23 12:49:38.605906+00', NULL),
	('57e3ef16-d21b-4201-a335-2ea98f712f75', '5710bfe1-7590-4361-aebe-4335ac31ac1e', 'be964533-0732-464a-ab32-35d1451d1fba', 'dde18a07-fccd-4255-805f-9ab03704c046', 'created', '{"status": {"new": "scheduled"}, "zone_id": {"new": null}, "staff_id": {"new": "dde18a07-fccd-4255-805f-9ab03704c046"}, "shift_end": {"new": "2026-03-23T16:30:00+00:00"}, "shift_type": {"new": "morning"}, "shift_start": {"new": "2026-03-23T03:30:00+00:00"}, "department_id": {"new": "c0b8d66d-31c5-4942-9e36-e8ceb1c3bc88"}}', 'Manual assignment', '73904179-cca9-40ab-a2c4-e509dadbbbbb', '2026-03-23 19:32:54.07495+00', NULL),
	('b3916219-f0d0-47bb-81cd-d7843eb15765', '5710bfe1-7590-4361-aebe-4335ac31ac1e', '51b4c362-6153-4bc3-85e6-4f9746929d0d', 'dde18a07-fccd-4255-805f-9ab03704c046', 'created', '{"status": {"new": "scheduled"}, "zone_id": {"new": null}, "staff_id": {"new": "dde18a07-fccd-4255-805f-9ab03704c046"}, "shift_end": {"new": "2026-03-24T16:30:00+00:00"}, "shift_type": {"new": "morning"}, "shift_start": {"new": "2026-03-24T03:30:00+00:00"}, "department_id": {"new": "c0b8d66d-31c5-4942-9e36-e8ceb1c3bc88"}}', 'Manual assignment', '73904179-cca9-40ab-a2c4-e509dadbbbbb', '2026-03-23 19:32:54.07495+00', NULL),
	('0cb9b643-6d36-4830-8496-e64fdfac2786', '5710bfe1-7590-4361-aebe-4335ac31ac1e', '54ef9626-5a67-406a-97cb-fb0f67ae28ad', 'dde18a07-fccd-4255-805f-9ab03704c046', 'created', '{"status": {"new": "scheduled"}, "zone_id": {"new": null}, "staff_id": {"new": "dde18a07-fccd-4255-805f-9ab03704c046"}, "shift_end": {"new": "2026-03-25T16:30:00+00:00"}, "shift_type": {"new": "morning"}, "shift_start": {"new": "2026-03-25T03:30:00+00:00"}, "department_id": {"new": "c0b8d66d-31c5-4942-9e36-e8ceb1c3bc88"}}', 'Manual assignment', '73904179-cca9-40ab-a2c4-e509dadbbbbb', '2026-03-23 19:32:54.07495+00', NULL),
	('9fe18aaa-8ce1-4b14-a56d-1c4c6df90ed4', '5710bfe1-7590-4361-aebe-4335ac31ac1e', '386221f2-c078-405d-84be-434ac5758255', 'dde18a07-fccd-4255-805f-9ab03704c046', 'created', '{"status": {"new": "scheduled"}, "zone_id": {"new": null}, "staff_id": {"new": "dde18a07-fccd-4255-805f-9ab03704c046"}, "shift_end": {"new": "2026-03-26T16:30:00+00:00"}, "shift_type": {"new": "morning"}, "shift_start": {"new": "2026-03-26T03:30:00+00:00"}, "department_id": {"new": "c0b8d66d-31c5-4942-9e36-e8ceb1c3bc88"}}', 'Manual assignment', '73904179-cca9-40ab-a2c4-e509dadbbbbb', '2026-03-23 19:32:54.07495+00', NULL),
	('0eb023a4-5210-45a4-ab5f-1d640928291e', '5710bfe1-7590-4361-aebe-4335ac31ac1e', '8dffcd31-f0d7-49ef-b02b-a991fb5422f6', 'dde18a07-fccd-4255-805f-9ab03704c046', 'created', '{"status": {"new": "scheduled"}, "zone_id": {"new": null}, "staff_id": {"new": "dde18a07-fccd-4255-805f-9ab03704c046"}, "shift_end": {"new": "2026-03-27T16:30:00+00:00"}, "shift_type": {"new": "morning"}, "shift_start": {"new": "2026-03-27T03:30:00+00:00"}, "department_id": {"new": "c0b8d66d-31c5-4942-9e36-e8ceb1c3bc88"}}', 'Manual assignment', '73904179-cca9-40ab-a2c4-e509dadbbbbb', '2026-03-23 19:32:54.07495+00', NULL),
	('2f700f88-a1b7-40d1-a775-9aac0b40dca3', '5710bfe1-7590-4361-aebe-4335ac31ac1e', 'a217a43f-592d-41e4-87d1-ed70ddd5da09', 'dde18a07-fccd-4255-805f-9ab03704c046', 'created', '{"status": {"new": "scheduled"}, "zone_id": {"new": null}, "staff_id": {"new": "dde18a07-fccd-4255-805f-9ab03704c046"}, "shift_end": {"new": "2026-03-30T16:30:00+00:00"}, "shift_type": {"new": "morning"}, "shift_start": {"new": "2026-03-30T03:30:00+00:00"}, "department_id": {"new": "c0b8d66d-31c5-4942-9e36-e8ceb1c3bc88"}}', 'Manual assignment', '73904179-cca9-40ab-a2c4-e509dadbbbbb', '2026-03-23 19:32:54.07495+00', NULL),
	('cd4780e3-4e9b-47ad-ba99-8073396e0481', '5710bfe1-7590-4361-aebe-4335ac31ac1e', '51b4c362-6153-4bc3-85e6-4f9746929d0d', 'dde18a07-fccd-4255-805f-9ab03704c046', 'updated', '{"shift_end": {"new": "2026-03-24T19:49:49.83+00:00", "old": "2026-03-24T16:30:00+00:00"}, "shift_start": {"new": "2026-03-24T06:49:49.83+00:00", "old": "2026-03-24T03:30:00+00:00"}}', NULL, '73904179-cca9-40ab-a2c4-e509dadbbbbb', '2026-03-23 19:35:39.941885+00', NULL),
	('fc51c9db-7cb6-43b6-83e9-b69297d57f08', '5710bfe1-7590-4361-aebe-4335ac31ac1e', '51b4c362-6153-4bc3-85e6-4f9746929d0d', 'dde18a07-fccd-4255-805f-9ab03704c046', 'updated', '{"shift_end": {"new": "2026-03-24T19:02:32.542+00:00", "old": "2026-03-24T19:49:49.83+00:00"}, "shift_start": {"new": "2026-03-24T06:02:32.542+00:00", "old": "2026-03-24T06:49:49.83+00:00"}}', NULL, '73904179-cca9-40ab-a2c4-e509dadbbbbb', '2026-03-23 19:35:42.495511+00', NULL),
	('48dd54dc-5fda-4927-ae01-73950bc3bcd2', '5710bfe1-7590-4361-aebe-4335ac31ac1e', '51b4c362-6153-4bc3-85e6-4f9746929d0d', 'dde18a07-fccd-4255-805f-9ab03704c046', 'updated', '{"shift_end": {"new": "2026-03-24T18:04:34.576+00:00", "old": "2026-03-24T19:02:32.542+00:00"}, "shift_start": {"new": "2026-03-24T05:04:34.576+00:00", "old": "2026-03-24T06:02:32.542+00:00"}}', NULL, '73904179-cca9-40ab-a2c4-e509dadbbbbb', '2026-03-23 19:35:44.254935+00', NULL),
	('a023b123-1433-4c89-be66-07b386217232', '5710bfe1-7590-4361-aebe-4335ac31ac1e', '51b4c362-6153-4bc3-85e6-4f9746929d0d', 'dde18a07-fccd-4255-805f-9ab03704c046', 'updated', '{"shift_end": {"new": "2026-03-24T17:43:13.22+00:00", "old": "2026-03-24T18:04:34.576+00:00"}, "shift_start": {"new": "2026-03-24T04:43:13.22+00:00", "old": "2026-03-24T05:04:34.576+00:00"}}', NULL, '73904179-cca9-40ab-a2c4-e509dadbbbbb', '2026-03-23 19:35:48.049188+00', NULL),
	('ccf3b309-212e-460d-9795-9eb6be782986', '5710bfe1-7590-4361-aebe-4335ac31ac1e', '51b4c362-6153-4bc3-85e6-4f9746929d0d', 'dde18a07-fccd-4255-805f-9ab03704c046', 'updated', '{"shift_end": {"new": "2026-03-24T17:14:14.237+00:00", "old": "2026-03-24T17:43:13.22+00:00"}, "shift_start": {"new": "2026-03-24T04:14:14.237+00:00", "old": "2026-03-24T04:43:13.22+00:00"}}', NULL, '73904179-cca9-40ab-a2c4-e509dadbbbbb', '2026-03-23 19:35:52.620056+00', NULL),
	('9ed35017-1b65-4b58-a5e6-d3f1f5086dae', '5710bfe1-7590-4361-aebe-4335ac31ac1e', '51b4c362-6153-4bc3-85e6-4f9746929d0d', 'dde18a07-fccd-4255-805f-9ab03704c046', 'updated', '{"shift_end": {"new": "2026-03-24T16:58:58.983+00:00", "old": "2026-03-24T17:14:14.237+00:00"}, "shift_start": {"new": "2026-03-24T03:58:58.983+00:00", "old": "2026-03-24T04:14:14.237+00:00"}}', NULL, '73904179-cca9-40ab-a2c4-e509dadbbbbb', '2026-03-23 19:35:58.556662+00', NULL),
	('ff412e56-04a6-4d17-9905-a336b0ce475c', '5710bfe1-7590-4361-aebe-4335ac31ac1e', '51b4c362-6153-4bc3-85e6-4f9746929d0d', 'dde18a07-fccd-4255-805f-9ab03704c046', 'updated', '{"shift_end": {"new": "2026-03-24T19:49:19.322+00:00", "old": "2026-03-24T16:58:58.983+00:00"}}', NULL, '73904179-cca9-40ab-a2c4-e509dadbbbbb', '2026-03-23 19:56:17.765826+00', NULL),
	('7437bdfa-efb7-454d-ac25-f4df18205fe6', '5710bfe1-7590-4361-aebe-4335ac31ac1e', '51b4c362-6153-4bc3-85e6-4f9746929d0d', '9f9b8b4f-2b06-4c80-8a05-dd34ac89c451', 'updated', '{"shift_end": {"new": "2026-03-24T21:49:49.83+00:00", "old": "2026-03-24T19:49:19.322+00:00"}, "shift_start": {"new": "2026-03-24T05:59:29.491+00:00", "old": "2026-03-24T03:58:58.983+00:00"}}', NULL, '73904179-cca9-40ab-a2c4-e509dadbbbbb', '2026-03-24 13:59:11.751864+00', NULL),
	('39131ded-676b-408c-84da-47c97c0db470', '5710bfe1-7590-4361-aebe-4335ac31ac1e', '51b4c362-6153-4bc3-85e6-4f9746929d0d', 'dde18a07-fccd-4255-805f-9ab03704c046', 'updated', '{"shift_end": {"new": "2026-03-24T22:17:17.288+00:00", "old": "2026-03-24T21:49:49.83+00:00"}, "shift_start": {"new": "2026-03-24T06:26:56.949+00:00", "old": "2026-03-24T05:59:29.491+00:00"}}', NULL, '73904179-cca9-40ab-a2c4-e509dadbbbbb', '2026-03-24 13:59:16.426692+00', NULL),
	('75d4b90f-8451-4f67-9b3a-4dbf1431f42f', '5710bfe1-7590-4361-aebe-4335ac31ac1e', '51b4c362-6153-4bc3-85e6-4f9746929d0d', '9f9b8b4f-2b06-4c80-8a05-dd34ac89c451', 'updated', '{"shift_end": {"new": "2026-03-24T23:44:14.237+00:00", "old": "2026-03-24T22:17:17.288+00:00"}, "shift_start": {"new": "2026-03-24T07:53:53.898+00:00", "old": "2026-03-24T06:26:56.949+00:00"}}', NULL, '73904179-cca9-40ab-a2c4-e509dadbbbbb', '2026-03-24 13:59:27.729668+00', NULL),
	('77eb0293-cb47-4b85-82c4-38b87c2150fd', '5710bfe1-7590-4361-aebe-4335ac31ac1e', '51b4c362-6153-4bc3-85e6-4f9746929d0d', 'dde18a07-fccd-4255-805f-9ab03704c046', 'updated', '{"shift_end": {"new": "2026-03-25T03:17:47.796+00:00", "old": "2026-03-24T23:44:14.237+00:00"}, "shift_start": {"new": "2026-03-24T11:27:27.457+00:00", "old": "2026-03-24T07:53:53.898+00:00"}}', NULL, '73904179-cca9-40ab-a2c4-e509dadbbbbb', '2026-03-24 13:59:37.287484+00', NULL),
	('5a7e4fe5-367c-4dc4-9400-0c5182135750', '5710bfe1-7590-4361-aebe-4335ac31ac1e', '8294bfc1-3c80-4ec6-bd27-b86539bc7311', '9f9b8b4f-2b06-4c80-8a05-dd34ac89c451', 'created', '{"status": {"new": "scheduled"}, "zone_id": {"new": null}, "staff_id": {"new": "9f9b8b4f-2b06-4c80-8a05-dd34ac89c451"}, "shift_end": {"new": "2026-03-24T09:30:00+00:00"}, "shift_type": {"new": "morning"}, "shift_start": {"new": "2026-03-24T01:30:00+00:00"}, "department_id": {"new": "c0b8d66d-31c5-4942-9e36-e8ceb1c3bc88"}}', 'Manual assignment', '73904179-cca9-40ab-a2c4-e509dadbbbbb', '2026-03-24 16:44:46.323658+00', NULL),
	('d6b46882-ec74-4e2f-b2c1-9753429fa4fb', '5710bfe1-7590-4361-aebe-4335ac31ac1e', '9b6f9595-1386-45af-896d-c903f57541d6', '9f9b8b4f-2b06-4c80-8a05-dd34ac89c451', 'created', '{"status": {"new": "scheduled"}, "zone_id": {"new": null}, "staff_id": {"new": "9f9b8b4f-2b06-4c80-8a05-dd34ac89c451"}, "shift_end": {"new": "2026-03-24T17:30:00+00:00"}, "shift_type": {"new": "evening"}, "shift_start": {"new": "2026-03-24T09:30:00+00:00"}, "department_id": {"new": "c0b8d66d-31c5-4942-9e36-e8ceb1c3bc88"}}', 'Manual assignment', '73904179-cca9-40ab-a2c4-e509dadbbbbb', '2026-03-24 16:45:09.385713+00', NULL),
	('e4aa7c3c-77f6-4796-a9f9-d88670be34f0', '5710bfe1-7590-4361-aebe-4335ac31ac1e', '7e79af94-b089-47a2-b6d9-4665df4a869f', '9f9b8b4f-2b06-4c80-8a05-dd34ac89c451', 'created', '{"status": {"new": "scheduled"}, "zone_id": {"new": null}, "staff_id": {"new": "9f9b8b4f-2b06-4c80-8a05-dd34ac89c451"}, "shift_end": {"new": "2026-03-25T01:30:00+00:00"}, "shift_type": {"new": "night"}, "shift_start": {"new": "2026-03-24T17:30:00+00:00"}, "department_id": {"new": "c0b8d66d-31c5-4942-9e36-e8ceb1c3bc88"}}', 'Manual assignment', '73904179-cca9-40ab-a2c4-e509dadbbbbb', '2026-03-24 16:49:25.966775+00', NULL),
	('a0b3e2a0-3a28-4154-ba73-7bd58c2af5c2', 'e10eca3b-3102-41fc-8006-c1b4b70e00e6', '03e139dd-589d-41fb-8cbd-3c0da6eabde6', '853d3da3-03b8-49fd-826e-c4b9364f35b5', 'created', '{"status": {"new": "scheduled"}, "zone_id": {"new": null}, "staff_id": {"new": "853d3da3-03b8-49fd-826e-c4b9364f35b5"}, "shift_end": {"new": "2026-04-03T18:29:00+00:00"}, "shift_type": {"new": "morning"}, "shift_start": {"new": "2026-04-03T03:30:00+00:00"}, "department_id": {"new": "960c2d75-c8d8-43c6-b4d1-3b683158022e"}}', 'Manual assignment', '64847cf8-136b-445d-b34b-fe6e18a6d020', '2026-04-03 11:29:58.727109+00', NULL),
	('7ab56169-c755-4f71-902b-9da1f35ce43d', 'e10eca3b-3102-41fc-8006-c1b4b70e00e6', 'f5027f9e-6c24-419f-b16f-10529d8e882b', '853d3da3-03b8-49fd-826e-c4b9364f35b5', 'created', '{"status": {"new": "scheduled"}, "zone_id": {"new": null}, "staff_id": {"new": "853d3da3-03b8-49fd-826e-c4b9364f35b5"}, "shift_end": {"new": "2026-04-04T18:29:00+00:00"}, "shift_type": {"new": "morning"}, "shift_start": {"new": "2026-04-04T03:30:00+00:00"}, "department_id": {"new": "960c2d75-c8d8-43c6-b4d1-3b683158022e"}}', 'Manual assignment', '64847cf8-136b-445d-b34b-fe6e18a6d020', '2026-04-03 11:29:58.727109+00', NULL),
	('29caf675-5924-4a95-b5e9-30d0a948b50d', 'e10eca3b-3102-41fc-8006-c1b4b70e00e6', 'e641e9f0-dd9a-4767-977a-e58c0322241e', '853d3da3-03b8-49fd-826e-c4b9364f35b5', 'created', '{"status": {"new": "scheduled"}, "zone_id": {"new": null}, "staff_id": {"new": "853d3da3-03b8-49fd-826e-c4b9364f35b5"}, "shift_end": {"new": "2026-04-05T18:29:00+00:00"}, "shift_type": {"new": "morning"}, "shift_start": {"new": "2026-04-05T03:30:00+00:00"}, "department_id": {"new": "960c2d75-c8d8-43c6-b4d1-3b683158022e"}}', 'Manual assignment', '64847cf8-136b-445d-b34b-fe6e18a6d020', '2026-04-03 11:29:58.727109+00', NULL),
	('c17fbd89-2881-49d4-be59-ca87c00ff604', 'e10eca3b-3102-41fc-8006-c1b4b70e00e6', '61171968-8283-40c8-a307-6d82b7d5f3f4', '853d3da3-03b8-49fd-826e-c4b9364f35b5', 'created', '{"status": {"new": "scheduled"}, "zone_id": {"new": null}, "staff_id": {"new": "853d3da3-03b8-49fd-826e-c4b9364f35b5"}, "shift_end": {"new": "2026-04-06T18:29:00+00:00"}, "shift_type": {"new": "morning"}, "shift_start": {"new": "2026-04-06T03:30:00+00:00"}, "department_id": {"new": "960c2d75-c8d8-43c6-b4d1-3b683158022e"}}', 'Manual assignment', '64847cf8-136b-445d-b34b-fe6e18a6d020', '2026-04-03 11:29:58.727109+00', NULL),
	('5f8dac2c-aaf4-44db-a30c-9f1c9f8dacd7', 'e10eca3b-3102-41fc-8006-c1b4b70e00e6', '4863ae94-ca92-4564-8d8c-193b1aa67150', '853d3da3-03b8-49fd-826e-c4b9364f35b5', 'created', '{"status": {"new": "scheduled"}, "zone_id": {"new": null}, "staff_id": {"new": "853d3da3-03b8-49fd-826e-c4b9364f35b5"}, "shift_end": {"new": "2026-04-07T18:29:00+00:00"}, "shift_type": {"new": "morning"}, "shift_start": {"new": "2026-04-07T03:30:00+00:00"}, "department_id": {"new": "960c2d75-c8d8-43c6-b4d1-3b683158022e"}}', 'Manual assignment', '64847cf8-136b-445d-b34b-fe6e18a6d020', '2026-04-03 11:29:58.727109+00', NULL),
	('424b9ff6-9a62-416b-b90a-6eb31df8cacb', 'e10eca3b-3102-41fc-8006-c1b4b70e00e6', '1d452335-aaa9-4eaf-86f3-395cb19611eb', '853d3da3-03b8-49fd-826e-c4b9364f35b5', 'created', '{"status": {"new": "scheduled"}, "zone_id": {"new": null}, "staff_id": {"new": "853d3da3-03b8-49fd-826e-c4b9364f35b5"}, "shift_end": {"new": "2026-04-08T18:29:00+00:00"}, "shift_type": {"new": "morning"}, "shift_start": {"new": "2026-04-08T03:30:00+00:00"}, "department_id": {"new": "960c2d75-c8d8-43c6-b4d1-3b683158022e"}}', 'Manual assignment', '64847cf8-136b-445d-b34b-fe6e18a6d020', '2026-04-03 11:29:58.727109+00', NULL),
	('0db80b48-4c73-4089-bdf1-1276e6da41e6', 'e10eca3b-3102-41fc-8006-c1b4b70e00e6', '8823f0df-5cfe-4310-b229-0a6a2d784f87', '853d3da3-03b8-49fd-826e-c4b9364f35b5', 'created', '{"status": {"new": "scheduled"}, "zone_id": {"new": null}, "staff_id": {"new": "853d3da3-03b8-49fd-826e-c4b9364f35b5"}, "shift_end": {"new": "2026-04-09T18:29:00+00:00"}, "shift_type": {"new": "morning"}, "shift_start": {"new": "2026-04-09T03:30:00+00:00"}, "department_id": {"new": "960c2d75-c8d8-43c6-b4d1-3b683158022e"}}', 'Manual assignment', '64847cf8-136b-445d-b34b-fe6e18a6d020', '2026-04-03 11:29:58.727109+00', NULL),
	('c562893d-a277-43ba-914a-6dbb91114794', 'e10eca3b-3102-41fc-8006-c1b4b70e00e6', 'e547728b-44aa-430c-96cf-89911b579709', '853d3da3-03b8-49fd-826e-c4b9364f35b5', 'created', '{"status": {"new": "scheduled"}, "zone_id": {"new": null}, "staff_id": {"new": "853d3da3-03b8-49fd-826e-c4b9364f35b5"}, "shift_end": {"new": "2026-04-10T18:29:00+00:00"}, "shift_type": {"new": "morning"}, "shift_start": {"new": "2026-04-10T03:30:00+00:00"}, "department_id": {"new": "960c2d75-c8d8-43c6-b4d1-3b683158022e"}}', 'Manual assignment', '64847cf8-136b-445d-b34b-fe6e18a6d020', '2026-04-03 11:29:58.727109+00', NULL),
	('9fdc5192-8182-4f85-b966-2d40105f4ba0', '139c6002-bdd7-4924-9db4-16f14e283d89', '796f1785-b01f-4c52-8f22-6226d2daeba1', '18ced61e-1508-47f0-bb6d-a3e39e5fdb7d', 'created', '{"status": {"new": "scheduled"}, "zone_id": {"new": null}, "staff_id": {"new": "18ced61e-1508-47f0-bb6d-a3e39e5fdb7d"}, "shift_end": {"new": "2026-04-03T17:30:00+00:00"}, "shift_type": {"new": "morning"}, "shift_start": {"new": "2026-04-03T03:30:00+00:00"}, "department_id": {"new": "330736d8-f31a-468c-bb08-47af45461005"}}', 'Manual assignment', '73904179-cca9-40ab-a2c4-e509dadbbbbb', '2026-04-03 13:12:08.905203+00', NULL),
	('319f2f37-8f25-49d3-ad75-e0af5b82b2e9', '139c6002-bdd7-4924-9db4-16f14e283d89', 'e971f4ce-c7b9-4e99-ab20-5c248323f617', '18ced61e-1508-47f0-bb6d-a3e39e5fdb7d', 'created', '{"status": {"new": "scheduled"}, "zone_id": {"new": null}, "staff_id": {"new": "18ced61e-1508-47f0-bb6d-a3e39e5fdb7d"}, "shift_end": {"new": "2026-04-04T17:30:00+00:00"}, "shift_type": {"new": "morning"}, "shift_start": {"new": "2026-04-04T03:30:00+00:00"}, "department_id": {"new": "330736d8-f31a-468c-bb08-47af45461005"}}', 'Manual assignment', '73904179-cca9-40ab-a2c4-e509dadbbbbb', '2026-04-03 13:12:08.905203+00', NULL),
	('b496b453-6e17-4e31-9636-32aabbcc9a38', '139c6002-bdd7-4924-9db4-16f14e283d89', '2de14988-bcd6-4b58-834d-e999c0dded4a', '18ced61e-1508-47f0-bb6d-a3e39e5fdb7d', 'created', '{"status": {"new": "scheduled"}, "zone_id": {"new": null}, "staff_id": {"new": "18ced61e-1508-47f0-bb6d-a3e39e5fdb7d"}, "shift_end": {"new": "2026-04-05T17:30:00+00:00"}, "shift_type": {"new": "morning"}, "shift_start": {"new": "2026-04-05T03:30:00+00:00"}, "department_id": {"new": "330736d8-f31a-468c-bb08-47af45461005"}}', 'Manual assignment', '73904179-cca9-40ab-a2c4-e509dadbbbbb', '2026-04-03 13:12:08.905203+00', NULL),
	('5084e367-4380-448b-a807-9c1f5c0ae1d6', '139c6002-bdd7-4924-9db4-16f14e283d89', 'a9675948-f98f-47bb-b17a-5b1fbec9b4fd', '18ced61e-1508-47f0-bb6d-a3e39e5fdb7d', 'created', '{"status": {"new": "scheduled"}, "zone_id": {"new": null}, "staff_id": {"new": "18ced61e-1508-47f0-bb6d-a3e39e5fdb7d"}, "shift_end": {"new": "2026-04-06T17:30:00+00:00"}, "shift_type": {"new": "morning"}, "shift_start": {"new": "2026-04-06T03:30:00+00:00"}, "department_id": {"new": "330736d8-f31a-468c-bb08-47af45461005"}}', 'Manual assignment', '73904179-cca9-40ab-a2c4-e509dadbbbbb', '2026-04-03 13:12:08.905203+00', NULL),
	('8257b0d8-c241-4d9d-939a-89c6b065cd53', '139c6002-bdd7-4924-9db4-16f14e283d89', 'b7f8d217-93aa-4552-bcc5-2f6d363f9ee7', '18ced61e-1508-47f0-bb6d-a3e39e5fdb7d', 'created', '{"status": {"new": "scheduled"}, "zone_id": {"new": null}, "staff_id": {"new": "18ced61e-1508-47f0-bb6d-a3e39e5fdb7d"}, "shift_end": {"new": "2026-04-07T17:30:00+00:00"}, "shift_type": {"new": "morning"}, "shift_start": {"new": "2026-04-07T03:30:00+00:00"}, "department_id": {"new": "330736d8-f31a-468c-bb08-47af45461005"}}', 'Manual assignment', '73904179-cca9-40ab-a2c4-e509dadbbbbb', '2026-04-03 13:12:08.905203+00', NULL),
	('273234de-e8cf-444d-8428-0b7dbe0c2495', '139c6002-bdd7-4924-9db4-16f14e283d89', '9584f35d-24a2-4344-a870-db38cefe4f3c', '18ced61e-1508-47f0-bb6d-a3e39e5fdb7d', 'created', '{"status": {"new": "scheduled"}, "zone_id": {"new": null}, "staff_id": {"new": "18ced61e-1508-47f0-bb6d-a3e39e5fdb7d"}, "shift_end": {"new": "2026-04-08T17:30:00+00:00"}, "shift_type": {"new": "morning"}, "shift_start": {"new": "2026-04-08T03:30:00+00:00"}, "department_id": {"new": "330736d8-f31a-468c-bb08-47af45461005"}}', 'Manual assignment', '73904179-cca9-40ab-a2c4-e509dadbbbbb', '2026-04-03 13:12:08.905203+00', NULL),
	('1286ea7b-77e9-4461-9703-874a9e8bc546', '139c6002-bdd7-4924-9db4-16f14e283d89', 'a57ffe0d-ea80-4194-9ed9-a00ee70adf65', '18ced61e-1508-47f0-bb6d-a3e39e5fdb7d', 'created', '{"status": {"new": "scheduled"}, "zone_id": {"new": null}, "staff_id": {"new": "18ced61e-1508-47f0-bb6d-a3e39e5fdb7d"}, "shift_end": {"new": "2026-04-09T17:30:00+00:00"}, "shift_type": {"new": "morning"}, "shift_start": {"new": "2026-04-09T03:30:00+00:00"}, "department_id": {"new": "330736d8-f31a-468c-bb08-47af45461005"}}', 'Manual assignment', '73904179-cca9-40ab-a2c4-e509dadbbbbb', '2026-04-03 13:12:08.905203+00', NULL),
	('68a04066-b330-43b1-97c4-ca20325910ed', '139c6002-bdd7-4924-9db4-16f14e283d89', '4c503fb3-b072-47a5-a52d-2a23220f3aee', '18ced61e-1508-47f0-bb6d-a3e39e5fdb7d', 'created', '{"status": {"new": "scheduled"}, "zone_id": {"new": null}, "staff_id": {"new": "18ced61e-1508-47f0-bb6d-a3e39e5fdb7d"}, "shift_end": {"new": "2026-04-10T17:30:00+00:00"}, "shift_type": {"new": "morning"}, "shift_start": {"new": "2026-04-10T03:30:00+00:00"}, "department_id": {"new": "330736d8-f31a-468c-bb08-47af45461005"}}', 'Manual assignment', '73904179-cca9-40ab-a2c4-e509dadbbbbb', '2026-04-03 13:12:08.905203+00', NULL),
	('535db625-2ea5-4d5e-b3f1-97f1fff02291', 'e10eca3b-3102-41fc-8006-c1b4b70e00e6', '03e139dd-589d-41fb-8cbd-3c0da6eabde6', '853d3da3-03b8-49fd-826e-c4b9364f35b5', 'deleted', '{"deleted": true, "staff_id": "853d3da3-03b8-49fd-826e-c4b9364f35b5", "shift_end": "2026-04-03T18:29:00+00:00", "shift_start": "2026-04-03T03:30:00+00:00", "department_id": "960c2d75-c8d8-43c6-b4d1-3b683158022e"}', NULL, '853d3da3-03b8-49fd-826e-c4b9364f35b5', '2026-04-18 11:57:24.260654+00', NULL),
	('81f65b50-1386-4587-811a-a05105eb3c77', 'e10eca3b-3102-41fc-8006-c1b4b70e00e6', 'f5027f9e-6c24-419f-b16f-10529d8e882b', '853d3da3-03b8-49fd-826e-c4b9364f35b5', 'deleted', '{"deleted": true, "staff_id": "853d3da3-03b8-49fd-826e-c4b9364f35b5", "shift_end": "2026-04-04T18:29:00+00:00", "shift_start": "2026-04-04T03:30:00+00:00", "department_id": "960c2d75-c8d8-43c6-b4d1-3b683158022e"}', NULL, '853d3da3-03b8-49fd-826e-c4b9364f35b5', '2026-04-18 11:57:24.260654+00', NULL),
	('16154d09-1f8c-4add-abfe-ca7132624b7c', 'e10eca3b-3102-41fc-8006-c1b4b70e00e6', 'e641e9f0-dd9a-4767-977a-e58c0322241e', '853d3da3-03b8-49fd-826e-c4b9364f35b5', 'deleted', '{"deleted": true, "staff_id": "853d3da3-03b8-49fd-826e-c4b9364f35b5", "shift_end": "2026-04-05T18:29:00+00:00", "shift_start": "2026-04-05T03:30:00+00:00", "department_id": "960c2d75-c8d8-43c6-b4d1-3b683158022e"}', NULL, '853d3da3-03b8-49fd-826e-c4b9364f35b5', '2026-04-18 11:57:24.260654+00', NULL),
	('f2c64f50-db28-49d4-88f7-74920db2269b', 'e10eca3b-3102-41fc-8006-c1b4b70e00e6', '61171968-8283-40c8-a307-6d82b7d5f3f4', '853d3da3-03b8-49fd-826e-c4b9364f35b5', 'deleted', '{"deleted": true, "staff_id": "853d3da3-03b8-49fd-826e-c4b9364f35b5", "shift_end": "2026-04-06T18:29:00+00:00", "shift_start": "2026-04-06T03:30:00+00:00", "department_id": "960c2d75-c8d8-43c6-b4d1-3b683158022e"}', NULL, '853d3da3-03b8-49fd-826e-c4b9364f35b5', '2026-04-18 11:57:24.260654+00', NULL),
	('ae751c86-be7c-482d-8110-e663a362d5db', 'e10eca3b-3102-41fc-8006-c1b4b70e00e6', '4863ae94-ca92-4564-8d8c-193b1aa67150', '853d3da3-03b8-49fd-826e-c4b9364f35b5', 'deleted', '{"deleted": true, "staff_id": "853d3da3-03b8-49fd-826e-c4b9364f35b5", "shift_end": "2026-04-07T18:29:00+00:00", "shift_start": "2026-04-07T03:30:00+00:00", "department_id": "960c2d75-c8d8-43c6-b4d1-3b683158022e"}', NULL, '853d3da3-03b8-49fd-826e-c4b9364f35b5', '2026-04-18 11:57:24.260654+00', NULL),
	('e1e1808f-d56f-430c-89f6-e56dd7943e59', 'e10eca3b-3102-41fc-8006-c1b4b70e00e6', '1d452335-aaa9-4eaf-86f3-395cb19611eb', '853d3da3-03b8-49fd-826e-c4b9364f35b5', 'deleted', '{"deleted": true, "staff_id": "853d3da3-03b8-49fd-826e-c4b9364f35b5", "shift_end": "2026-04-08T18:29:00+00:00", "shift_start": "2026-04-08T03:30:00+00:00", "department_id": "960c2d75-c8d8-43c6-b4d1-3b683158022e"}', NULL, '853d3da3-03b8-49fd-826e-c4b9364f35b5', '2026-04-18 11:57:24.260654+00', NULL),
	('34f97495-bcf7-447d-995a-3260d8b68c1a', 'e10eca3b-3102-41fc-8006-c1b4b70e00e6', '8823f0df-5cfe-4310-b229-0a6a2d784f87', '853d3da3-03b8-49fd-826e-c4b9364f35b5', 'deleted', '{"deleted": true, "staff_id": "853d3da3-03b8-49fd-826e-c4b9364f35b5", "shift_end": "2026-04-09T18:29:00+00:00", "shift_start": "2026-04-09T03:30:00+00:00", "department_id": "960c2d75-c8d8-43c6-b4d1-3b683158022e"}', NULL, '853d3da3-03b8-49fd-826e-c4b9364f35b5', '2026-04-18 11:57:24.260654+00', NULL),
	('75a92fe1-b0b7-4fb5-b8df-1710a6a1f33d', 'e10eca3b-3102-41fc-8006-c1b4b70e00e6', 'e547728b-44aa-430c-96cf-89911b579709', '853d3da3-03b8-49fd-826e-c4b9364f35b5', 'deleted', '{"deleted": true, "staff_id": "853d3da3-03b8-49fd-826e-c4b9364f35b5", "shift_end": "2026-04-10T18:29:00+00:00", "shift_start": "2026-04-10T03:30:00+00:00", "department_id": "960c2d75-c8d8-43c6-b4d1-3b683158022e"}', NULL, '853d3da3-03b8-49fd-826e-c4b9364f35b5', '2026-04-18 11:57:24.260654+00', NULL);


--
-- Data for Name: staff_shifts; Type: TABLE DATA; Schema: public; Owner: postgres
--

INSERT INTO "public"."staff_shifts" ("id", "staff_id", "shift_start", "shift_end", "is_active", "created_at", "updated_at", "zone_id", "shift_type", "status", "created_by", "cancelled_at", "version", "locked_at", "locked_by", "department_id") VALUES
	('8294bfc1-3c80-4ec6-bd27-b86539bc7311', '9f9b8b4f-2b06-4c80-8a05-dd34ac89c451', '2026-03-24 01:30:00+00', '2026-03-24 09:30:00+00', true, '2026-03-24 16:44:46.323658+00', '2026-03-24 16:44:46.323658+00', NULL, 'morning', 'scheduled', 'dde18a07-fccd-4255-805f-9ab03704c046', NULL, 1, NULL, NULL, 'c0b8d66d-31c5-4942-9e36-e8ceb1c3bc88'),
	('9b6f9595-1386-45af-896d-c903f57541d6', '9f9b8b4f-2b06-4c80-8a05-dd34ac89c451', '2026-03-24 09:30:00+00', '2026-03-24 17:30:00+00', true, '2026-03-24 16:45:09.385713+00', '2026-03-24 16:45:09.385713+00', NULL, 'evening', 'scheduled', 'dde18a07-fccd-4255-805f-9ab03704c046', NULL, 1, NULL, NULL, 'c0b8d66d-31c5-4942-9e36-e8ceb1c3bc88'),
	('7e79af94-b089-47a2-b6d9-4665df4a869f', '9f9b8b4f-2b06-4c80-8a05-dd34ac89c451', '2026-03-24 17:30:00+00', '2026-03-25 01:30:00+00', true, '2026-03-24 16:49:25.966775+00', '2026-03-24 16:49:25.966775+00', NULL, 'night', 'scheduled', 'dde18a07-fccd-4255-805f-9ab03704c046', NULL, 1, NULL, NULL, 'c0b8d66d-31c5-4942-9e36-e8ceb1c3bc88'),
	('796f1785-b01f-4c52-8f22-6226d2daeba1', '18ced61e-1508-47f0-bb6d-a3e39e5fdb7d', '2026-04-03 03:30:00+00', '2026-04-03 17:30:00+00', true, '2026-04-03 13:12:08.905203+00', '2026-04-03 13:12:08.905203+00', NULL, 'morning', 'scheduled', '18ced61e-1508-47f0-bb6d-a3e39e5fdb7d', NULL, 1, NULL, NULL, '330736d8-f31a-468c-bb08-47af45461005'),
	('e971f4ce-c7b9-4e99-ab20-5c248323f617', '18ced61e-1508-47f0-bb6d-a3e39e5fdb7d', '2026-04-04 03:30:00+00', '2026-04-04 17:30:00+00', true, '2026-04-03 13:12:08.905203+00', '2026-04-03 13:12:08.905203+00', NULL, 'morning', 'scheduled', '18ced61e-1508-47f0-bb6d-a3e39e5fdb7d', NULL, 1, NULL, NULL, '330736d8-f31a-468c-bb08-47af45461005'),
	('2de14988-bcd6-4b58-834d-e999c0dded4a', '18ced61e-1508-47f0-bb6d-a3e39e5fdb7d', '2026-04-05 03:30:00+00', '2026-04-05 17:30:00+00', true, '2026-04-03 13:12:08.905203+00', '2026-04-03 13:12:08.905203+00', NULL, 'morning', 'scheduled', '18ced61e-1508-47f0-bb6d-a3e39e5fdb7d', NULL, 1, NULL, NULL, '330736d8-f31a-468c-bb08-47af45461005'),
	('a9675948-f98f-47bb-b17a-5b1fbec9b4fd', '18ced61e-1508-47f0-bb6d-a3e39e5fdb7d', '2026-04-06 03:30:00+00', '2026-04-06 17:30:00+00', true, '2026-04-03 13:12:08.905203+00', '2026-04-03 13:12:08.905203+00', NULL, 'morning', 'scheduled', '18ced61e-1508-47f0-bb6d-a3e39e5fdb7d', NULL, 1, NULL, NULL, '330736d8-f31a-468c-bb08-47af45461005'),
	('b7f8d217-93aa-4552-bcc5-2f6d363f9ee7', '18ced61e-1508-47f0-bb6d-a3e39e5fdb7d', '2026-04-07 03:30:00+00', '2026-04-07 17:30:00+00', true, '2026-04-03 13:12:08.905203+00', '2026-04-03 13:12:08.905203+00', NULL, 'morning', 'scheduled', '18ced61e-1508-47f0-bb6d-a3e39e5fdb7d', NULL, 1, NULL, NULL, '330736d8-f31a-468c-bb08-47af45461005'),
	('73a75b58-156c-4a85-9b7c-56f2ae0044c8', '3e53a808-f4ec-49f4-968e-37ae694e9367', '2026-03-24 03:30:00+00', '2026-03-24 11:30:00+00', true, '2026-03-23 12:20:52.417708+00', '2026-03-23 12:20:52.417708+00', NULL, 'morning', 'scheduled', '3e53a808-f4ec-49f4-968e-37ae694e9367', NULL, 1, NULL, NULL, 'e1ab229e-4426-4af1-9a7b-93f59ba35e6e'),
	('89f4b7cc-5e75-4174-8d84-65776135a316', '3e53a808-f4ec-49f4-968e-37ae694e9367', '2026-03-25 03:30:00+00', '2026-03-25 11:30:00+00', true, '2026-03-23 12:20:52.417708+00', '2026-03-23 12:20:52.417708+00', NULL, 'morning', 'scheduled', '3e53a808-f4ec-49f4-968e-37ae694e9367', NULL, 1, NULL, NULL, 'e1ab229e-4426-4af1-9a7b-93f59ba35e6e'),
	('cd3aea58-33fe-453e-ba8e-9553a78da0d5', '3e53a808-f4ec-49f4-968e-37ae694e9367', '2026-03-26 03:30:00+00', '2026-03-26 11:30:00+00', true, '2026-03-23 12:20:52.417708+00', '2026-03-23 12:20:52.417708+00', NULL, 'morning', 'scheduled', '3e53a808-f4ec-49f4-968e-37ae694e9367', NULL, 1, NULL, NULL, 'e1ab229e-4426-4af1-9a7b-93f59ba35e6e'),
	('68456e33-1f56-402d-b701-83d0d41c9197', '3e53a808-f4ec-49f4-968e-37ae694e9367', '2026-03-27 03:30:00+00', '2026-03-27 11:30:00+00', true, '2026-03-23 12:20:52.417708+00', '2026-03-23 12:20:52.417708+00', NULL, 'morning', 'scheduled', '3e53a808-f4ec-49f4-968e-37ae694e9367', NULL, 1, NULL, NULL, 'e1ab229e-4426-4af1-9a7b-93f59ba35e6e'),
	('571a0a31-e326-4291-ac2c-c2f136fb055b', '3e53a808-f4ec-49f4-968e-37ae694e9367', '2026-03-30 03:30:00+00', '2026-03-30 11:30:00+00', true, '2026-03-23 12:20:52.417708+00', '2026-03-23 12:20:52.417708+00', NULL, 'morning', 'scheduled', '3e53a808-f4ec-49f4-968e-37ae694e9367', NULL, 1, NULL, NULL, 'e1ab229e-4426-4af1-9a7b-93f59ba35e6e'),
	('9584f35d-24a2-4344-a870-db38cefe4f3c', '18ced61e-1508-47f0-bb6d-a3e39e5fdb7d', '2026-04-08 03:30:00+00', '2026-04-08 17:30:00+00', true, '2026-04-03 13:12:08.905203+00', '2026-04-03 13:12:08.905203+00', NULL, 'morning', 'scheduled', '18ced61e-1508-47f0-bb6d-a3e39e5fdb7d', NULL, 1, NULL, NULL, '330736d8-f31a-468c-bb08-47af45461005'),
	('750aa567-f0b5-4080-95ea-0872c578ea47', '3e53a808-f4ec-49f4-968e-37ae694e9367', '2026-03-23 01:30:00+00', '2026-03-23 16:30:00+00', true, '2026-03-23 12:20:52.417708+00', '2026-03-23 12:49:38.605906+00', NULL, 'morning', 'scheduled', '3e53a808-f4ec-49f4-968e-37ae694e9367', NULL, 3, NULL, NULL, 'e1ab229e-4426-4af1-9a7b-93f59ba35e6e'),
	('a57ffe0d-ea80-4194-9ed9-a00ee70adf65', '18ced61e-1508-47f0-bb6d-a3e39e5fdb7d', '2026-04-09 03:30:00+00', '2026-04-09 17:30:00+00', true, '2026-04-03 13:12:08.905203+00', '2026-04-03 13:12:08.905203+00', NULL, 'morning', 'scheduled', '18ced61e-1508-47f0-bb6d-a3e39e5fdb7d', NULL, 1, NULL, NULL, '330736d8-f31a-468c-bb08-47af45461005'),
	('4c503fb3-b072-47a5-a52d-2a23220f3aee', '18ced61e-1508-47f0-bb6d-a3e39e5fdb7d', '2026-04-10 03:30:00+00', '2026-04-10 17:30:00+00', true, '2026-04-03 13:12:08.905203+00', '2026-04-03 13:12:08.905203+00', NULL, 'morning', 'scheduled', '18ced61e-1508-47f0-bb6d-a3e39e5fdb7d', NULL, 1, NULL, NULL, '330736d8-f31a-468c-bb08-47af45461005'),
	('be964533-0732-464a-ab32-35d1451d1fba', 'dde18a07-fccd-4255-805f-9ab03704c046', '2026-03-23 03:30:00+00', '2026-03-23 16:30:00+00', true, '2026-03-23 19:32:54.07495+00', '2026-03-23 19:32:54.07495+00', NULL, 'morning', 'scheduled', 'dde18a07-fccd-4255-805f-9ab03704c046', NULL, 1, NULL, NULL, 'c0b8d66d-31c5-4942-9e36-e8ceb1c3bc88'),
	('54ef9626-5a67-406a-97cb-fb0f67ae28ad', 'dde18a07-fccd-4255-805f-9ab03704c046', '2026-03-25 03:30:00+00', '2026-03-25 16:30:00+00', true, '2026-03-23 19:32:54.07495+00', '2026-03-23 19:32:54.07495+00', NULL, 'morning', 'scheduled', 'dde18a07-fccd-4255-805f-9ab03704c046', NULL, 1, NULL, NULL, 'c0b8d66d-31c5-4942-9e36-e8ceb1c3bc88'),
	('386221f2-c078-405d-84be-434ac5758255', 'dde18a07-fccd-4255-805f-9ab03704c046', '2026-03-26 03:30:00+00', '2026-03-26 16:30:00+00', true, '2026-03-23 19:32:54.07495+00', '2026-03-23 19:32:54.07495+00', NULL, 'morning', 'scheduled', 'dde18a07-fccd-4255-805f-9ab03704c046', NULL, 1, NULL, NULL, 'c0b8d66d-31c5-4942-9e36-e8ceb1c3bc88'),
	('8dffcd31-f0d7-49ef-b02b-a991fb5422f6', 'dde18a07-fccd-4255-805f-9ab03704c046', '2026-03-27 03:30:00+00', '2026-03-27 16:30:00+00', true, '2026-03-23 19:32:54.07495+00', '2026-03-23 19:32:54.07495+00', NULL, 'morning', 'scheduled', 'dde18a07-fccd-4255-805f-9ab03704c046', NULL, 1, NULL, NULL, 'c0b8d66d-31c5-4942-9e36-e8ceb1c3bc88'),
	('a217a43f-592d-41e4-87d1-ed70ddd5da09', 'dde18a07-fccd-4255-805f-9ab03704c046', '2026-03-30 03:30:00+00', '2026-03-30 16:30:00+00', true, '2026-03-23 19:32:54.07495+00', '2026-03-23 19:32:54.07495+00', NULL, 'morning', 'scheduled', 'dde18a07-fccd-4255-805f-9ab03704c046', NULL, 1, NULL, NULL, 'c0b8d66d-31c5-4942-9e36-e8ceb1c3bc88'),
	('51b4c362-6153-4bc3-85e6-4f9746929d0d', 'dde18a07-fccd-4255-805f-9ab03704c046', '2026-03-24 07:24:54.915+00', '2026-03-24 23:15:15.254+00', true, '2026-03-23 19:32:54.07495+00', '2026-03-24 13:59:39.758446+00', NULL, 'morning', 'scheduled', 'dde18a07-fccd-4255-805f-9ab03704c046', NULL, 13, '2026-03-23 19:48:31.674713+00', 'dde18a07-fccd-4255-805f-9ab03704c046', 'c0b8d66d-31c5-4942-9e36-e8ceb1c3bc88');


--
-- Data for Name: shift_override_requests; Type: TABLE DATA; Schema: public; Owner: postgres
--



--
-- Data for Name: sla_exception_reasons; Type: TABLE DATA; Schema: public; Owner: postgres
--

INSERT INTO "public"."sla_exception_reasons" ("code", "label", "description", "allowed_for_staff", "allowed_for_supervisor", "requires_comment", "category", "is_active") VALUES
	('VENDOR_DELAY', 'Vendor delay', 'External vendor delay outside hotel control', true, true, true, 'EXTERNAL_DEPENDENCY', true),
	('SAFETY_OR_COMPLIANCE', 'Safety or compliance requirement', 'Work delayed due to safety or regulatory constraints', true, true, true, 'POLICY', true),
	('STRUCTURAL_OR_INFRA_ISSUE', 'Structural or infrastructure issue', 'Underlying infrastructure problem caused unavoidable delay', true, true, true, 'INFRASTRUCTURE', true),
	('GUEST_UNAVAILABLE', 'Guest unavailable', 'Guest not available at required time despite follow-up', true, true, true, 'GUEST_DEPENDENCY', true),
	('WEATHER_OR_FORCE_MAJEURE', 'Weather or force majeure', 'Delay caused by weather or uncontrollable external events', true, true, true, 'FORCE_MAJEURE', true),
	('MANAGEMENT_OVERRIDE', 'Management override', 'Supervisor-approved SLA exception for operational reasons', false, true, true, 'MANAGEMENT', true);


--
-- Data for Name: sla_policies; Type: TABLE DATA; Schema: public; Owner: postgres
--

INSERT INTO "public"."sla_policies" ("id", "department_id", "target_minutes", "warn_minutes", "escalate_minutes", "is_active", "created_at", "updated_at", "sla_start_trigger", "valid_from", "valid_to") VALUES
	('cf8bb49d-a397-4cf2-80f5-39348af69bb5', '3a8db737-3c0c-490c-b0bd-f64a3cfab6eb', 30, 20, 25, true, '2025-12-23 16:10:12.632486+00', '2026-01-05 16:57:50.71169+00', 'ON_ASSIGN', '2025-12-23 16:10:12.632486+00', NULL),
	('b52b64b5-8891-4e5c-9fc3-62b40c2c44f7', '9a143d33-1d57-4717-8476-5e09438b315f', 30, 20, 25, true, '2025-12-23 16:10:12.632486+00', '2026-01-05 16:57:50.71169+00', 'ON_ASSIGN', '2025-12-23 16:10:12.632486+00', NULL),
	('da42ae0d-5b9b-4b2d-ba40-5853eb30254f', 'c0b8d66d-31c5-4942-9e36-e8ceb1c3bc88', 30, 20, 25, false, '2025-12-23 16:10:12.632486+00', '2026-01-05 17:20:16.110195+00', 'ON_ASSIGN', '2025-12-23 16:10:12.632486+00', '2026-01-05 17:20:16.110195+00'),
	('ece51d99-3a8c-4b3d-b80c-939b1361d83f', 'c0b8d66d-31c5-4942-9e36-e8ceb1c3bc88', 30, 20, 20, true, '2026-01-05 17:20:16.110195+00', '2026-01-05 17:20:16.110195+00', 'ON_ASSIGN', '2026-01-05 17:20:16.110195+00', NULL),
	('2624cb35-e448-4c34-aa83-f6e01100d70a', '330736d8-f31a-468c-bb08-47af45461005', 10, 8, 20, true, '2025-12-23 16:10:12.632486+00', '2026-01-06 19:53:01.653942+00', 'ON_ASSIGN', '2025-12-23 16:10:12.632486+00', NULL),
	('a8a6e513-3099-41ae-adb1-05f0a239f220', '7a835c8f-9d26-424f-b27e-377748a28f76', 40, 0, 60, true, '2026-01-07 17:34:54.684156+00', '2026-01-07 17:34:54.684156+00', 'ON_ASSIGN', '2026-01-07 17:34:54.44+00', NULL),
	('5a9a8cc7-b6d9-45ef-9c15-73c671fa5767', '32df5cbc-80b4-47d0-84e2-0a33d2fe0aa9', 60, 0, 90, true, '2026-01-07 17:54:00.263284+00', '2026-01-07 17:54:00.263284+00', 'ON_ASSIGN', '2026-01-07 17:54:00.184+00', NULL),
	('5766ca97-5792-448a-84f0-765bde840a45', '64c178b6-937a-4d79-8e95-d2eea361398a', 60, 0, 90, true, '2026-03-16 17:42:42.580638+00', '2026-03-16 17:42:42.580638+00', 'ON_ASSIGN', '2026-03-16 17:42:42.422+00', NULL),
	('2bada386-71aa-4580-8942-f2f2f14a0d00', '960c2d75-c8d8-43c6-b4d1-3b683158022e', 30, 0, 45, true, '2026-03-16 17:42:42.580638+00', '2026-03-16 17:42:42.580638+00', 'ON_ASSIGN', '2026-03-16 17:42:42.422+00', NULL),
	('b9a2b7ac-1d3c-4cf5-9b58-437cb5c3fdc7', '7e73a115-86c1-4042-858d-0df3d0cf8a87', 25, 0, 40, true, '2026-03-23 11:54:32.648629+00', '2026-03-23 11:54:32.648629+00', 'ON_ASSIGN', '2026-03-23 11:54:32.441+00', NULL),
	('3331c008-4f97-4292-af65-d246247d36b0', 'e1ab229e-4426-4af1-9a7b-93f59ba35e6e', 30, 0, 45, true, '2026-03-23 11:55:31.448425+00', '2026-03-23 11:55:31.448425+00', 'ON_ASSIGN', '2026-03-23 11:55:31.274+00', NULL),
	('553368c2-0c2e-400c-b71e-ed79df8dc76c', 'dcf23e73-b8b9-469d-9b27-49406ebc79c6', 40, 0, 60, true, '2026-03-23 19:29:37.852877+00', '2026-03-23 19:29:37.852877+00', 'ON_ASSIGN', '2026-03-23 19:29:37.767+00', NULL),
	('3cd9169e-e8d4-42af-8700-122c5e58103e', '2a3b9bc3-1c15-47ac-9b39-a6dc00ca34e0', 25, 0, 35, true, '2026-04-03 11:14:48.881938+00', '2026-04-03 11:14:48.881938+00', 'ON_ASSIGN', '2026-04-03 11:14:49.331+00', NULL),
	('0fb7b031-e134-40ce-8385-a8e64cebf7de', 'ce98c472-67e4-49a6-aa29-859dec15ae75', 25, 0, 35, true, '2026-04-11 06:13:08.460208+00', '2026-04-11 06:13:08.460208+00', 'ON_ASSIGN', '2026-04-11 06:13:08.573+00', NULL),
	('269775f9-c6df-4ce0-b80e-1bde40cf3f88', '7e10cea3-6181-44d0-bf2b-a78ddca143f2', 30, 0, 45, true, '2026-04-11 06:16:31.697713+00', '2026-04-11 06:16:31.697713+00', 'ON_ASSIGN', '2026-04-11 06:16:31.841+00', NULL),
	('43b27dda-a29f-4bd0-a0c7-976461c3b4f8', '7effc92f-c6cb-4a7a-8c6d-bcf9cd15794e', 40, 0, 60, true, '2026-04-11 06:16:31.697713+00', '2026-04-11 06:16:31.697713+00', 'ON_ASSIGN', '2026-04-11 06:16:31.841+00', NULL),
	('dba398c2-417c-4a36-bb5a-696fadb72d93', 'b9fa9db3-ee72-403b-b048-da0748135635', 45, 0, 70, true, '2026-04-11 06:16:31.697713+00', '2026-04-11 06:16:31.697713+00', 'ON_ASSIGN', '2026-04-11 06:16:31.841+00', NULL);


--
-- Data for Name: sla_risk_policies; Type: TABLE DATA; Schema: public; Owner: postgres
--

INSERT INTO "public"."sla_risk_policies" ("id", "hotel_id", "department_id", "risk_percent", "max_risk_minutes", "min_risk_minutes", "is_active", "created_at", "updated_at") VALUES
	('85762829-779f-42e7-a259-d1f81ecf3cb0', '139c6002-bdd7-4924-9db4-16f14e283d89', '3a8db737-3c0c-490c-b0bd-f64a3cfab6eb', 25, 30, 5, true, '2026-01-24 15:25:45.273962+00', '2026-01-24 15:25:45.273962+00'),
	('e21413e0-fcb7-4d37-b116-217ae8d5539e', '139c6002-bdd7-4924-9db4-16f14e283d89', '9a143d33-1d57-4717-8476-5e09438b315f', 25, 30, 5, true, '2026-01-24 15:25:45.273962+00', '2026-01-24 15:25:45.273962+00'),
	('2ae97d90-1786-455b-b92e-1612c2cea35c', '139c6002-bdd7-4924-9db4-16f14e283d89', 'c0b8d66d-31c5-4942-9e36-e8ceb1c3bc88', 25, 30, 5, true, '2026-01-24 15:25:45.273962+00', '2026-01-24 15:25:45.273962+00'),
	('91cae5f5-01c1-412e-a121-94b5b967ba0c', '139c6002-bdd7-4924-9db4-16f14e283d89', '330736d8-f31a-468c-bb08-47af45461005', 25, 30, 5, true, '2026-01-24 15:25:45.273962+00', '2026-01-24 15:25:45.273962+00'),
	('f892416f-7789-435a-a711-77a3b21fd8ee', '139c6002-bdd7-4924-9db4-16f14e283d89', '32df5cbc-80b4-47d0-84e2-0a33d2fe0aa9', 25, 30, 5, true, '2026-01-24 15:29:26.474338+00', '2026-01-24 15:29:26.474338+00'),
	('aee09fe9-a940-489a-9654-870decccf774', '139c6002-bdd7-4924-9db4-16f14e283d89', '7a835c8f-9d26-424f-b27e-377748a28f76', 25, 30, 5, true, '2026-01-24 15:29:26.474338+00', '2026-01-24 15:29:26.474338+00'),
	('23f8dcfb-8e69-4ccc-bdeb-2f24ef442aaa', 'e10eca3b-3102-41fc-8006-c1b4b70e00e6', '64c178b6-937a-4d79-8e95-d2eea361398a', 25, 30, 5, true, '2026-03-16 17:42:42.413739+00', '2026-03-16 17:42:42.413739+00'),
	('3013898b-f48b-460a-8599-44518b8309ae', 'e10eca3b-3102-41fc-8006-c1b4b70e00e6', '960c2d75-c8d8-43c6-b4d1-3b683158022e', 25, 30, 5, true, '2026-03-16 17:42:42.413739+00', '2026-03-16 17:42:42.413739+00'),
	('8cbb2b8c-0a63-47cb-98a5-b5c46e79d154', '5780fa80-3e6b-44d0-b87e-2b4015f78c8b', '7e73a115-86c1-4042-858d-0df3d0cf8a87', 25, 30, 5, true, '2026-03-23 11:54:32.505291+00', '2026-03-23 11:54:32.505291+00'),
	('6dc9efb4-ccf9-4dfc-978a-9f049f3c9a7a', '5780fa80-3e6b-44d0-b87e-2b4015f78c8b', 'e1ab229e-4426-4af1-9a7b-93f59ba35e6e', 25, 30, 5, true, '2026-03-23 11:55:31.303279+00', '2026-03-23 11:55:31.303279+00'),
	('f2676dde-dab5-4245-ab8f-2c6a32799ba4', '5710bfe1-7590-4361-aebe-4335ac31ac1e', '00854a39-b88b-4dc5-ac56-9274adced0c8', 25, 30, 5, true, '2026-03-23 19:03:43.201766+00', '2026-03-23 19:03:43.201766+00'),
	('18f5e7f3-b195-423b-bcc5-4e3584e71cd7', '5710bfe1-7590-4361-aebe-4335ac31ac1e', '3b3cf08c-9667-487f-95b4-3ab3088146fe', 25, 30, 5, true, '2026-03-23 19:12:43.284594+00', '2026-03-23 19:12:43.284594+00'),
	('bd571df3-b29d-49b4-9fe8-dae3e678ac46', '5710bfe1-7590-4361-aebe-4335ac31ac1e', 'dcf23e73-b8b9-469d-9b27-49406ebc79c6', 25, 30, 5, true, '2026-03-23 19:29:37.760465+00', '2026-03-23 19:29:37.760465+00'),
	('56bee6cb-0650-4660-bef7-040ba6e16d8a', 'e10eca3b-3102-41fc-8006-c1b4b70e00e6', '2a3b9bc3-1c15-47ac-9b39-a6dc00ca34e0', 25, 30, 5, true, '2026-04-03 11:14:48.685284+00', '2026-04-03 11:14:48.685284+00'),
	('e027ee52-820b-4984-971e-769e3e26ece3', '5d697b97-4336-4318-af21-53fc78a406ad', 'ce98c472-67e4-49a6-aa29-859dec15ae75', 25, 30, 5, true, '2026-04-11 06:13:08.283769+00', '2026-04-11 06:13:08.283769+00'),
	('e2ed4bde-3353-449e-a509-13c24debc3f9', '5d697b97-4336-4318-af21-53fc78a406ad', '7e10cea3-6181-44d0-bf2b-a78ddca143f2', 25, 30, 5, true, '2026-04-11 06:16:31.586984+00', '2026-04-11 06:16:31.586984+00'),
	('2fbbfb11-eb1e-48c7-ad47-b99e8cbea96e', '5d697b97-4336-4318-af21-53fc78a406ad', '7effc92f-c6cb-4a7a-8c6d-bcf9cd15794e', 25, 30, 5, true, '2026-04-11 06:16:31.586984+00', '2026-04-11 06:16:31.586984+00'),
	('05eeeaaa-7a49-44b7-8be0-d814785212b7', '5d697b97-4336-4318-af21-53fc78a406ad', 'b9fa9db3-ee72-403b-b048-da0748135635', 25, 30, 5, true, '2026-04-11 06:16:31.586984+00', '2026-04-11 06:16:31.586984+00');


--
-- Data for Name: sla_targets; Type: TABLE DATA; Schema: public; Owner: postgres
--

INSERT INTO "public"."sla_targets" ("hotel_id", "key", "target_minutes") VALUES
	('139c6002-bdd7-4924-9db4-16f14e283d89', 'order_delivery_min', 20),
	('5710bfe1-7590-4361-aebe-4335ac31ac1e', 'order_delivery_min', 20),
	('ce30b5a6-a0f0-4238-b213-397216edf1d8', 'order_delivery_min', 20),
	('139c6002-bdd7-4924-9db4-16f14e283d89', 'clean_before_checkin_min', 0),
	('5710bfe1-7590-4361-aebe-4335ac31ac1e', 'clean_before_checkin_min', 0),
	('ce30b5a6-a0f0-4238-b213-397216edf1d8', 'clean_before_checkin_min', 0);


--
-- Data for Name: staff_departments; Type: TABLE DATA; Schema: public; Owner: postgres
--

INSERT INTO "public"."staff_departments" ("staff_id", "department_id", "is_primary", "priority", "is_active", "created_at", "effective_from") VALUES
	('147b6e57-ce3c-483b-8b19-d2b1bb5fdb58', 'c0b8d66d-31c5-4942-9e36-e8ceb1c3bc88', false, 1, true, '2026-03-22 16:38:05.033183+00', '2026-03-22 18:09:38.004494+00'),
	('8e593253-ca12-40cc-9f35-53bb1146dfba', 'c0b8d66d-31c5-4942-9e36-e8ceb1c3bc88', false, 1, true, '2026-03-22 16:38:05.033183+00', '2026-03-22 18:09:38.004494+00'),
	('9f9b8b4f-2b06-4c80-8a05-dd34ac89c451', 'c0b8d66d-31c5-4942-9e36-e8ceb1c3bc88', false, 1, true, '2026-03-22 16:38:05.033183+00', '2026-03-22 18:09:38.004494+00'),
	('f0a60133-439f-4ea2-9236-bde74feee105', 'c0b8d66d-31c5-4942-9e36-e8ceb1c3bc88', false, 1, true, '2026-03-22 16:38:05.033183+00', '2026-03-22 18:09:38.004494+00'),
	('18ced61e-1508-47f0-bb6d-a3e39e5fdb7d', 'c0b8d66d-31c5-4942-9e36-e8ceb1c3bc88', false, 1, true, '2026-03-22 16:38:05.033183+00', '2026-03-22 18:09:38.004494+00'),
	('18ced61e-1508-47f0-bb6d-a3e39e5fdb7d', '7a835c8f-9d26-424f-b27e-377748a28f76', false, 2, true, '2026-03-22 20:27:36.631303+00', '2026-03-22 20:27:36.631303+00'),
	('18ced61e-1508-47f0-bb6d-a3e39e5fdb7d', '32df5cbc-80b4-47d0-84e2-0a33d2fe0aa9', false, 2, true, '2026-03-22 20:27:40.155356+00', '2026-03-22 20:27:40.155356+00'),
	('18ced61e-1508-47f0-bb6d-a3e39e5fdb7d', '330736d8-f31a-468c-bb08-47af45461005', false, 4, true, '2026-03-22 20:35:57.247566+00', '2026-03-22 20:35:57.247566+00'),
	('3e53a808-f4ec-49f4-968e-37ae694e9367', 'e1ab229e-4426-4af1-9a7b-93f59ba35e6e', false, 1, true, '2026-03-23 12:13:24.845729+00', '2026-03-23 12:13:24.845729+00'),
	('dde18a07-fccd-4255-805f-9ab03704c046', 'c0b8d66d-31c5-4942-9e36-e8ceb1c3bc88', true, 1, true, '2026-03-22 16:38:05.033183+00', '2026-03-22 18:09:38.004494+00'),
	('dde18a07-fccd-4255-805f-9ab03704c046', 'dcf23e73-b8b9-469d-9b27-49406ebc79c6', false, 2, true, '2026-03-23 20:32:10.54633+00', '2026-03-23 20:32:10.54633+00'),
	('18ced61e-1508-47f0-bb6d-a3e39e5fdb7d', '9a143d33-1d57-4717-8476-5e09438b315f', false, 5, true, '2026-04-03 13:26:20.350524+00', '2026-04-03 13:26:20.350524+00'),
	('18ced61e-1508-47f0-bb6d-a3e39e5fdb7d', '3a8db737-3c0c-490c-b0bd-f64a3cfab6eb', false, 6, true, '2026-04-03 13:26:34.656508+00', '2026-04-03 13:26:34.656508+00');


--
-- Data for Name: staff_shift_notes; Type: TABLE DATA; Schema: public; Owner: postgres
--



--
-- Data for Name: staff_zone_assignments; Type: TABLE DATA; Schema: public; Owner: postgres
--

INSERT INTO "public"."staff_zone_assignments" ("id", "staff_id", "zone_id", "effective_from", "effective_to", "assigned_by", "created_at") VALUES
	('1fb104ed-05ba-4a73-a1bf-eca2f03bf8f0', '18ced61e-1508-47f0-bb6d-a3e39e5fdb7d', 'e98b3542-2022-4386-a8e6-c0d7758a8034', '2025-12-23 16:09:52.257379+00', NULL, '18ced61e-1508-47f0-bb6d-a3e39e5fdb7d', '2025-12-23 16:09:52.257379+00');


--
-- Data for Name: stay_guests; Type: TABLE DATA; Schema: public; Owner: postgres
--



--
-- Data for Name: system_role_templates; Type: TABLE DATA; Schema: public; Owner: postgres
--

INSERT INTO "public"."system_role_templates" ("id", "code", "name", "description", "category", "is_default", "is_active", "created_at", "updated_at") VALUES
	('97a43693-fb6c-434e-b826-3c6b4397feab', 'OWNER', 'Owner', 'Full property control', 'GOVERNANCE', true, true, '2026-03-02 12:23:41.636836+00', '2026-03-02 12:23:41.636836+00'),
	('735fbcfd-ada8-47a6-a323-738917a35e0a', 'ADMIN', 'Administrator', 'Administrative control across departments', 'GOVERNANCE', true, true, '2026-03-02 12:23:41.636836+00', '2026-03-02 12:23:41.636836+00'),
	('d372934d-6a6b-4229-af71-66dcc5ed82f4', 'GENERAL_MANAGER', 'General Manager', 'Oversees entire property operations', 'GOVERNANCE', true, true, '2026-03-02 12:23:41.636836+00', '2026-03-02 12:23:41.636836+00'),
	('4cf062c8-5cd4-4ce5-a9e9-33b0953f4033', 'FRONT_DESK_EXECUTIVE', 'Front Desk Executive', 'Handles check-in/out and guest requests', 'FRONT_OFFICE', true, true, '2026-03-02 12:23:41.636836+00', '2026-03-02 12:23:41.636836+00'),
	('b115d349-69d3-4f50-8cbf-931b09ca5ed4', 'FRONT_DESK_MANAGER', 'Front Desk Manager', 'Supervises front office operations', 'FRONT_OFFICE', true, true, '2026-03-02 12:23:41.636836+00', '2026-03-02 12:23:41.636836+00'),
	('28f16713-7834-43bc-9b5e-e12007e63b0a', 'CONCIERGE', 'Concierge', 'Handles guest coordination and requests', 'FRONT_OFFICE', true, true, '2026-03-02 12:23:41.636836+00', '2026-03-02 12:23:41.636836+00'),
	('bddf238a-4575-442f-9849-fdbeb7158822', 'NIGHT_AUDITOR', 'Night Auditor', 'Handles night reconciliation and reports', 'FRONT_OFFICE', true, true, '2026-03-02 12:23:41.636836+00', '2026-03-02 12:23:41.636836+00'),
	('bfb9252d-cf80-484f-84f7-eb4d60eb8367', 'HOUSEKEEPING_SUPERVISOR', 'Housekeeping Supervisor', 'Approves inspections and escalations', 'HOUSEKEEPING', true, true, '2026-03-02 12:23:41.636836+00', '2026-03-02 12:23:41.636836+00'),
	('7784cf8d-7341-445e-bbd3-cb5befebf6e1', 'HOUSEKEEPING_MANAGER', 'Housekeeping Manager', 'Oversees housekeeping department', 'HOUSEKEEPING', true, true, '2026-03-02 12:23:41.636836+00', '2026-03-02 12:23:41.636836+00'),
	('7cf15e04-1c6e-4662-928d-b317abfca9d8', 'KITCHEN_MANAGER', 'Kitchen Manager', 'Oversees kitchen operations', 'FNB', true, true, '2026-03-02 12:23:41.636836+00', '2026-03-02 12:23:41.636836+00'),
	('80117389-9cce-4b44-b775-3e87a21a4d97', 'FNB_MANAGER', 'F&B Manager', 'Oversees food & beverage operations', 'FNB', true, true, '2026-03-02 12:23:41.636836+00', '2026-03-02 12:23:41.636836+00'),
	('a035d62b-10c4-4fe7-8548-807fab9a692e', 'MAINTENANCE_STAFF', 'Maintenance Staff', 'Handles repair tasks', 'MAINTENANCE', true, true, '2026-03-02 12:23:41.636836+00', '2026-03-02 12:23:41.636836+00'),
	('57846b18-e5b5-483c-be4d-ddfea8b2567e', 'MAINTENANCE_SUPERVISOR', 'Maintenance Supervisor', 'Supervises maintenance operations', 'MAINTENANCE', true, true, '2026-03-02 12:23:41.636836+00', '2026-03-02 12:23:41.636836+00'),
	('91e07758-7788-4009-ac92-80e11cdac5f3', 'FINANCE_MANAGER', 'Finance Manager', 'Oversees billing and refunds', 'FINANCE', true, true, '2026-03-02 12:23:41.636836+00', '2026-03-02 12:23:41.636836+00'),
	('145e6a35-9a86-442c-8cb5-944e4f7a0ae1', 'ACCOUNTS_EXECUTIVE', 'Accounts Executive', 'Handles daily financial entries', 'FINANCE', true, true, '2026-03-02 12:23:41.636836+00', '2026-03-02 12:23:41.636836+00'),
	('10e11b05-b02f-4201-beb8-4031d24bffb7', 'SECURITY_GUARD', 'Security Guard', 'Monitors property security', 'SECURITY', true, true, '2026-03-02 12:23:41.636836+00', '2026-03-02 12:23:41.636836+00'),
	('4038b7c4-6a56-4faa-be05-1a86b458d863', 'SECURITY_SUPERVISOR', 'Security Supervisor', 'Supervises security operations', 'SECURITY', true, true, '2026-03-02 12:23:41.636836+00', '2026-03-02 12:23:41.636836+00'),
	('ec10ba54-9ded-4392-9cd0-a6a7458b7b36', 'IT_ADMIN', 'IT Administrator', 'Manages integrations and system configuration', 'ADVANCED', true, true, '2026-03-02 12:23:41.636836+00', '2026-03-02 12:23:41.636836+00'),
	('c30662a9-c762-4b67-bf32-b43604bca6c9', 'AUDIT_OFFICER', 'Audit Officer', 'Access to audit logs and compliance tools', 'ADVANCED', true, true, '2026-03-02 12:23:41.636836+00', '2026-03-02 12:23:41.636836+00'),
	('180f1d92-1ae4-4327-9040-c0d324ae7f8a', 'COMPLIANCE_OFFICER', 'Compliance Officer', 'Ensures regulatory compliance', 'ADVANCED', true, true, '2026-03-02 12:23:41.636836+00', '2026-03-02 12:23:41.636836+00'),
	('a77e7f18-0792-4a24-8d8e-6a546a18cc3b', 'RUNNER', 'Food Runner', 'Delivers food to guest rooms', 'FNB', true, true, '2026-03-02 12:23:41.636836+00', '2026-03-02 12:23:41.636836+00'),
	('10e6a7e8-85de-40ee-97bc-8be0cbd1fd84', 'SUPERVISOR', 'Shift Supervisor', 'Supervises operational shift', 'GOVERNANCE', true, true, '2026-03-02 12:23:41.636836+00', '2026-03-09 16:47:39.282837+00'),
	('1bdbd387-a7bc-4e11-8f2a-6cd368b318a9', 'KITCHEN', 'Kitchen Staff', 'Prepares food orders', 'FNB', true, true, '2026-03-02 12:23:41.636836+00', '2026-03-09 16:47:39.282837+00'),
	('f868632e-d584-4e51-ac3e-8e8adb5c3ad2', 'STAFF', 'Staff', 'General operational staff', 'HOUSEKEEPING', true, true, '2026-03-09 16:47:39.282837+00', '2026-03-09 16:47:39.282837+00');


--
-- Data for Name: system_role_template_permissions; Type: TABLE DATA; Schema: public; Owner: postgres
--

INSERT INTO "public"."system_role_template_permissions" ("id", "template_id", "module", "action", "scope_type", "is_critical_allowed", "requires_approval", "created_at") VALUES
	('a6fc3bfb-e959-44cf-a279-1686aeff6b52', '97a43693-fb6c-434e-b826-3c6b4397feab', 'HOUSEKEEPING', 'start_cleaning', 'GLOBAL', true, false, '2026-03-02 12:23:54.758178+00'),
	('280731f5-c8e7-42a5-8c5a-8fc940c2e653', '97a43693-fb6c-434e-b826-3c6b4397feab', 'HOUSEKEEPING', 'bulk_assign', 'GLOBAL', true, false, '2026-03-02 12:23:54.758178+00'),
	('7650e9d5-6e30-46c0-be6e-22b281da3097', '97a43693-fb6c-434e-b826-3c6b4397feab', 'SLA', 'override_sla', 'GLOBAL', true, false, '2026-03-02 12:23:54.758178+00'),
	('017a2501-d95a-4987-aed8-98746206d012', '97a43693-fb6c-434e-b826-3c6b4397feab', 'FINANCIAL', 'issue_refund', 'GLOBAL', true, false, '2026-03-02 12:23:54.758178+00'),
	('39ea0acb-74d9-456e-a45c-2b6dcf1839c5', '97a43693-fb6c-434e-b826-3c6b4397feab', 'TICKET', 'reopen_ticket', 'GLOBAL', true, false, '2026-03-02 12:23:54.758178+00');


--
-- Data for Name: task_events; Type: TABLE DATA; Schema: public; Owner: postgres
--



--
-- Data for Name: ticket_attachments; Type: TABLE DATA; Schema: public; Owner: postgres
--

INSERT INTO "public"."ticket_attachments" ("id", "ticket_id", "file_path", "file_type", "file_size", "uploaded_by", "created_at", "uploaded_by_type") VALUES
	('b3ffb596-2e5a-493f-9f74-1188e7dea773', 'df54b7d9-ad2d-4aa9-aa79-6f91185369b8', 'https://vsqiuwbmawygkxxjrxnt.supabase.co/storage/v1/object/public/ticket-attachments/temp/1768851214481_jhrmn6ifqdi.jpeg', NULL, NULL, '73904179-cca9-40ab-a2c4-e509dadbbbbb', '2026-01-19 19:33:37.315704+00', NULL),
	('1a44a03c-62c7-440f-9f99-5419657e0bde', '98d6a08a-5b03-4f89-8107-85f4570f0939', 'https://vsqiuwbmawygkxxjrxnt.supabase.co/storage/v1/object/public/ticket-attachments/temp/1774268940778_nm2s50ddbzp.png', NULL, NULL, 'e50f31d7-b7aa-4bc5-b311-36ea3d5a45db', '2026-03-23 12:29:06.23871+00', NULL);


--
-- Data for Name: ticket_events; Type: TABLE DATA; Schema: public; Owner: postgres
--

INSERT INTO "public"."ticket_events" ("id", "ticket_id", "event_type", "previous_status", "new_status", "reason_code", "comment", "actor_type", "actor_id", "created_at", "resume_after") VALUES
	('40813b1f-1ceb-4975-a519-f87170a36299', '7f821bed-9411-4e15-bf5b-1175fd98b41b', 'SLA_EXCEPTION_REQUESTED', NULL, NULL, 'GUEST_UNAVAILABLE', 'asfag', 'STAFF', '18ced61e-1508-47f0-bb6d-a3e39e5fdb7d', '2026-01-16 20:54:23.086957+00', NULL),
	('1302cb2f-64c2-40ca-88be-e7d40e09fdca', '0a3d474a-e885-4b73-a5a5-26c284deb104', 'BLOCKED', 'IN_PROGRESS', 'BLOCKED', 'supervisor_approval', '', 'STAFF', '18ced61e-1508-47f0-bb6d-a3e39e5fdb7d', '2026-01-16 21:05:51.75902+00', NULL),
	('a97632de-2809-4731-8bc7-60d78aaa2895', '49f54b9c-a6ed-4fc8-b1f8-304e435a9c75', 'BLOCKED', 'IN_PROGRESS', 'BLOCKED', 'waiting_maintenance', '', 'STAFF', '18ced61e-1508-47f0-bb6d-a3e39e5fdb7d', '2026-01-16 21:11:16.958656+00', NULL),
	('edbf3f7d-8929-41d3-bba3-803edc1740eb', 'd125c12e-a200-4867-b83c-f7a71902dbb9', 'BLOCKED', 'IN_PROGRESS', 'BLOCKED', 'supervisor_approval', '', 'STAFF', '18ced61e-1508-47f0-bb6d-a3e39e5fdb7d', '2026-01-16 21:41:19.941143+00', NULL),
	('ba969846-dd60-47af-935c-e6a8f6853622', 'b03d9b3b-4cc2-4757-887e-99594ce88d27', 'ASSIGNED', NULL, NULL, NULL, 'Auto-assigned by scheduler', 'SYSTEM', '18ced61e-1508-47f0-bb6d-a3e39e5fdb7d', '2026-01-17 14:52:00.035358+00', NULL),
	('4be4c6df-cc7b-4cbb-8f8a-e327bb4b2f90', 'd125c12e-a200-4867-b83c-f7a71902dbb9', 'UNBLOCKED', 'BLOCKED', 'IN_PROGRESS', 'OTHER', 'dsgdag', 'STAFF', '18ced61e-1508-47f0-bb6d-a3e39e5fdb7d', '2026-01-17 16:36:16.334189+00', NULL),
	('c613c63d-b22f-4188-ba15-76be89728ea3', '0a3d474a-e885-4b73-a5a5-26c284deb104', 'SLA_EXCEPTION_REQUESTED', NULL, NULL, 'STRUCTURAL_OR_INFRA_ISSUE', 'structural issue', 'STAFF', '18ced61e-1508-47f0-bb6d-a3e39e5fdb7d', '2026-01-17 18:44:33.823118+00', NULL),
	('cc2772a5-7bed-48e8-b12c-0142de41e6c0', '0a3d474a-e885-4b73-a5a5-26c284deb104', 'SLA_EXCEPTION_REJECTED', NULL, NULL, 'sla_exception', 'agdfgdsfg', 'STAFF', '18ced61e-1508-47f0-bb6d-a3e39e5fdb7d', '2026-01-17 19:45:15.187153+00', NULL),
	('849bfa27-f973-45e8-a855-7a941c0d2149', '1c1e4b5e-96a7-414e-b8e7-dd24a0d87217', 'CREATED', NULL, 'NEW', NULL, 'Service request created: Room Cleaning', 'GUEST', NULL, '2026-01-18 10:53:13.118148+00', NULL),
	('4a2ecc31-02a9-4fff-9496-48d8d9b49cb5', '1c1e4b5e-96a7-414e-b8e7-dd24a0d87217', 'ASSIGNED', NULL, NULL, NULL, 'Auto-assigned by scheduler', 'SYSTEM', '18ced61e-1508-47f0-bb6d-a3e39e5fdb7d', '2026-01-18 10:54:00.225248+00', NULL),
	('0759780b-8d96-41de-89ac-054b7f18bec7', '56f3ee05-5319-44c2-b345-917841ccb226', 'ASSIGNED', NULL, NULL, NULL, 'Auto-assigned by scheduler', 'SYSTEM', '18ced61e-1508-47f0-bb6d-a3e39e5fdb7d', '2026-01-18 10:54:00.225248+00', NULL),
	('445f7e1d-c26c-4f55-ad76-e2187bef39dc', '19375e2d-c027-4e28-92e4-a34c4cac2715', 'ASSIGNED', NULL, NULL, NULL, 'Auto-assigned by scheduler', 'SYSTEM', '18ced61e-1508-47f0-bb6d-a3e39e5fdb7d', '2026-01-18 10:54:00.225248+00', NULL),
	('fb201cc1-2da7-4839-b088-da30a5c91d26', '56f3ee05-5319-44c2-b345-917841ccb226', 'SLA_EXCEPTION_REQUESTED', NULL, NULL, 'GUEST_UNAVAILABLE', 'guest was not available', 'STAFF', '18ced61e-1508-47f0-bb6d-a3e39e5fdb7d', '2026-01-18 10:55:23.64458+00', NULL),
	('efdcd9c0-8ded-4c31-ad3b-0c6c735b52e2', '1af0acdc-18b6-4831-bf85-77e2213df06e', 'CREATED', NULL, 'NEW', NULL, 'Service request created: Room Cleaning', 'GUEST', NULL, '2026-01-18 19:02:53.229171+00', NULL),
	('65185079-49a0-4611-bcce-a12f86423a26', 'be0f98b1-c51e-49d2-9960-545253aec1cf', 'CREATED', NULL, 'NEW', NULL, 'Service request created', 'GUEST', NULL, '2026-01-03 10:14:55.39846+00', NULL),
	('42629d25-932c-4b47-b686-7b3ce4c01c6e', 'be0f98b1-c51e-49d2-9960-545253aec1cf', 'ASSIGNED', NULL, NULL, NULL, 'Auto-assigned based on shift and workload', 'SYSTEM', NULL, '2026-01-03 10:14:55.39846+00', NULL),
	('57eba3f0-1437-42c6-aec4-ada75b26f1c9', '1af0acdc-18b6-4831-bf85-77e2213df06e', 'COMPLETED', 'IN_PROGRESS', 'COMPLETED', NULL, '', 'STAFF', '18ced61e-1508-47f0-bb6d-a3e39e5fdb7d', '2026-01-18 19:03:45.986849+00', NULL),
	('f02ee344-30d7-4524-bd22-3ad4dc439f72', '5a6fc0c4-cd22-4200-ac4f-335c77e92704', 'ASSIGNED', NULL, NULL, NULL, 'Auto-assigned by scheduler', 'SYSTEM', '18ced61e-1508-47f0-bb6d-a3e39e5fdb7d', '2026-01-19 19:21:00.427563+00', NULL),
	('c1e9b815-2f78-47b0-86c7-5a3ea0b9d4e7', '75c5da3c-b0e0-40a2-ad1e-94090bdffdd2', 'ASSIGNED', NULL, NULL, NULL, 'Auto-assigned by scheduler', 'SYSTEM', '18ced61e-1508-47f0-bb6d-a3e39e5fdb7d', '2026-01-19 19:27:00.10919+00', NULL),
	('c6eca2ce-e5f0-42b8-9e04-bca12492b23b', '547de76f-39d9-47c8-b0f7-97d79e4a6ef8', 'CREATED', NULL, 'NEW', NULL, 'Service request created: Turn Down Service', 'GUEST', NULL, '2026-01-19 19:31:26.188944+00', NULL),
	('17fbd347-8ee3-4f02-81e5-f519ab185fe4', 'be0f98b1-c51e-49d2-9960-545253aec1cf', 'STARTED', 'NEW', 'IN_PROGRESS', NULL, '', 'STAFF', '18ced61e-1508-47f0-bb6d-a3e39e5fdb7d', '2026-01-08 15:00:33.93385+00', NULL),
	('df6ed67f-00bd-43db-94db-f7cf5d49fbf2', 'df54b7d9-ad2d-4aa9-aa79-6f91185369b8', 'ASSIGNED', NULL, NULL, NULL, 'Auto-assigned by scheduler', 'SYSTEM', '18ced61e-1508-47f0-bb6d-a3e39e5fdb7d', '2026-01-19 19:34:00.095491+00', NULL),
	('7727a4d7-b700-463b-bb72-889de2559a06', '2d738de3-fce8-4ae6-991d-5c12248a1b27', 'CREATED', NULL, 'NEW', NULL, 'Service request created: Room Cleaning', 'GUEST', NULL, '2026-01-21 15:09:35.310987+00', NULL),
	('e9b655e3-a5f7-41bf-bc70-536cf1800053', '2d738de3-fce8-4ae6-991d-5c12248a1b27', 'STARTED', 'NEW', 'IN_PROGRESS', NULL, '', 'STAFF', '18ced61e-1508-47f0-bb6d-a3e39e5fdb7d', '2026-01-21 15:30:51.686639+00', NULL),
	('5d44f191-c0a6-48c0-9998-ed919199f0e0', 'f104cefa-d106-4f8d-b6c8-d8d76bfaf2d5', 'ASSIGNED', NULL, NULL, NULL, 'Auto-assigned by scheduler', 'SYSTEM', '18ced61e-1508-47f0-bb6d-a3e39e5fdb7d', '2026-01-21 16:22:00.123555+00', NULL),
	('52503bee-6080-47c4-aa26-0a3bdd4c7221', 'b76ae30b-dc0e-4490-99a6-4ef232e9e89c', 'CREATED', NULL, 'NEW', NULL, 'Service request created: Room Cleaning', 'GUEST', NULL, '2026-01-22 19:58:18.836742+00', NULL),
	('ebf97ca4-6234-40b6-bea7-470ebdf2fa82', '5d15c03b-65c5-4517-b7fb-9e53a71df54b', 'CREATED', NULL, 'NEW', NULL, 'Service request created: Room Cleaning', 'GUEST', NULL, '2026-01-24 11:53:50.267563+00', NULL),
	('e56b9cc5-0aab-4b12-bb54-733104469a21', '547de76f-39d9-47c8-b0f7-97d79e4a6ef8', 'STARTED', 'NEW', 'IN_PROGRESS', NULL, '', 'STAFF', '18ced61e-1508-47f0-bb6d-a3e39e5fdb7d', '2026-01-24 11:54:54.129981+00', NULL),
	('f94913e6-fd8c-49d6-b009-462c61891be7', 'df54b7d9-ad2d-4aa9-aa79-6f91185369b8', 'STARTED', 'NEW', 'IN_PROGRESS', NULL, '', 'STAFF', '18ced61e-1508-47f0-bb6d-a3e39e5fdb7d', '2026-01-24 11:55:01.564793+00', NULL),
	('e9aea843-3263-4a81-a6b2-b6c257db0152', 'b3c854ae-1f17-4eec-ae09-b9158dff072e', 'CREATED', NULL, 'NEW', NULL, 'Service request created: Turn Down Service', 'GUEST', NULL, '2026-01-24 13:04:36.08827+00', NULL),
	('5a56df6f-e5ce-464b-9379-938351bd9d2a', 'b3c854ae-1f17-4eec-ae09-b9158dff072e', 'STARTED', 'NEW', 'IN_PROGRESS', NULL, '', 'STAFF', '18ced61e-1508-47f0-bb6d-a3e39e5fdb7d', '2026-01-24 13:12:52.261123+00', NULL),
	('101eb900-4c1a-428b-8d70-57a09eda685c', '93e10f5b-691b-4903-a7af-cc7aa5030a17', 'CREATED', NULL, 'NEW', NULL, 'Service request created: Room Cleaning', 'GUEST', NULL, '2026-01-24 17:03:10.954226+00', NULL),
	('62edd68a-03a4-4b68-a2c8-7d88eeb06f68', '93e10f5b-691b-4903-a7af-cc7aa5030a17', 'COMMENT_ADDED', NULL, NULL, NULL, 'need 2 towel', 'GUEST', '73904179-cca9-40ab-a2c4-e509dadbbbbb', '2026-01-24 17:05:39.333633+00', NULL),
	('5f322d43-6c15-45db-8302-1cdef63f8760', '93e10f5b-691b-4903-a7af-cc7aa5030a17', 'COMMENT_ADDED', NULL, NULL, NULL, 'ok will get back asap', 'STAFF', '18ced61e-1508-47f0-bb6d-a3e39e5fdb7d', '2026-01-24 17:06:05.319023+00', NULL),
	('72d2d4d5-a726-403e-a17f-db1ad3091846', 'e2a210a7-37d8-4289-bd67-990ab2796de9', 'ASSIGNED', NULL, NULL, NULL, 'Auto-assigned by scheduler', 'SYSTEM', '18ced61e-1508-47f0-bb6d-a3e39e5fdb7d', '2026-01-25 09:44:00.156346+00', NULL),
	('93860367-a443-46b4-bd0c-76d8a527ac6c', '3aa4ba2c-a678-4eb7-a30e-55c29cdde1dc', 'ASSIGNED', NULL, NULL, NULL, 'Auto-assigned by scheduler', 'SYSTEM', '18ced61e-1508-47f0-bb6d-a3e39e5fdb7d', '2026-01-25 09:55:00.143987+00', NULL),
	('e294454e-d140-43d3-9868-b2eca4aaaa9b', 'e2a210a7-37d8-4289-bd67-990ab2796de9', 'COMPLETED', 'IN_PROGRESS', 'COMPLETED', NULL, '', 'STAFF', '18ced61e-1508-47f0-bb6d-a3e39e5fdb7d', '2026-01-25 09:57:58.109462+00', NULL),
	('e9529bd5-fd68-429a-ba80-09df3f8d8e9f', '835e32d1-12f2-4c6d-bb08-86d387a83529', 'ASSIGNED', NULL, NULL, NULL, 'Auto-assigned by scheduler', 'SYSTEM', '18ced61e-1508-47f0-bb6d-a3e39e5fdb7d', '2026-01-25 10:00:00.108338+00', NULL),
	('f0b5b0fb-f579-463a-b5ab-f1179b1efbc7', '5b2b1d85-e199-4ef7-aca8-7b91969b9df0', 'ASSIGNED', NULL, NULL, NULL, 'Auto-assigned by scheduler', 'SYSTEM', '18ced61e-1508-47f0-bb6d-a3e39e5fdb7d', '2026-01-25 11:04:00.077668+00', NULL),
	('389ebab1-0e1d-47a5-9bd3-97909805e0b9', '553511d0-0cda-424c-b05f-cda727e43459', 'ASSIGNED', NULL, NULL, NULL, 'Auto-assigned by scheduler', 'SYSTEM', '18ced61e-1508-47f0-bb6d-a3e39e5fdb7d', '2026-01-25 11:10:00.155209+00', NULL),
	('fd1a1bff-3c53-4fb8-9cd3-4aaee1a88822', 'be0f98b1-c51e-49d2-9960-545253aec1cf', 'COMPLETED', 'IN_PROGRESS', 'COMPLETED', NULL, 'complete complete complete', 'STAFF', '18ced61e-1508-47f0-bb6d-a3e39e5fdb7d', '2026-01-09 19:21:59.388231+00', NULL),
	('cfa2afd2-321e-4701-8750-25cd6e25d4bb', '6a1ac8c7-8b2a-462e-9f68-79826eecf340', 'CREATED', NULL, 'NEW', NULL, 'Service request created', 'GUEST', NULL, '2026-01-09 21:36:30.573582+00', NULL),
	('5fd7b4d5-5b7d-457f-bf09-f1b604296066', '6a1ac8c7-8b2a-462e-9f68-79826eecf340', 'ASSIGNED', NULL, NULL, NULL, 'Auto-assigned by scheduler', 'SYSTEM', '18ced61e-1508-47f0-bb6d-a3e39e5fdb7d', '2026-01-10 11:14:00.039755+00', NULL),
	('c1bd3899-c90d-4aa4-b72f-de9f2e863f78', '6a1ac8c7-8b2a-462e-9f68-79826eecf340', 'STARTED', 'NEW', 'IN_PROGRESS', NULL, 'started', 'STAFF', '18ced61e-1508-47f0-bb6d-a3e39e5fdb7d', '2026-01-10 11:15:41.408206+00', NULL),
	('c5cc181e-cf7a-4c2c-ab2e-49a264f08584', '6a1ac8c7-8b2a-462e-9f68-79826eecf340', 'BLOCKED', 'IN_PROGRESS', 'BLOCKED', 'room_locked', '', 'STAFF', '18ced61e-1508-47f0-bb6d-a3e39e5fdb7d', '2026-01-10 11:15:52.580403+00', NULL),
	('a9703571-5776-4061-91e4-07011572c61a', '6a1ac8c7-8b2a-462e-9f68-79826eecf340', 'UNBLOCKED', 'BLOCKED', 'IN_PROGRESS', 'ROOM_UNLOCKED', '', 'STAFF', '18ced61e-1508-47f0-bb6d-a3e39e5fdb7d', '2026-01-10 11:26:54.11916+00', NULL),
	('706d4153-c404-4b85-ac21-9a955b0796db', '6a1ac8c7-8b2a-462e-9f68-79826eecf340', 'BLOCKED', 'IN_PROGRESS', 'BLOCKED', 'GUEST_REQUESTED_LATER', '', 'STAFF', '18ced61e-1508-47f0-bb6d-a3e39e5fdb7d', '2026-01-10 11:27:52.626589+00', '2026-01-10 11:57:51.674+00'),
	('a24f5318-bb8b-45df-bef0-9162ccbc676f', '6a1ac8c7-8b2a-462e-9f68-79826eecf340', 'UNBLOCKED', 'BLOCKED', 'IN_PROGRESS', 'SUPERVISOR_APPROVED', '', 'STAFF', '18ced61e-1508-47f0-bb6d-a3e39e5fdb7d', '2026-01-10 11:36:07.388267+00', NULL),
	('823d2d09-eb04-4f24-8d14-f07d8d70f903', '6a1ac8c7-8b2a-462e-9f68-79826eecf340', 'COMPLETED', 'IN_PROGRESS', 'COMPLETED', NULL, '', 'STAFF', '18ced61e-1508-47f0-bb6d-a3e39e5fdb7d', '2026-01-10 11:44:18.032407+00', NULL),
	('7a2e154f-4bc3-4e72-8c49-7d81aa5b71e2', '18a579e0-4f7b-498b-8267-b30ee7e9e8ba', 'CREATED', NULL, 'NEW', NULL, 'Service request created', 'GUEST', NULL, '2026-01-10 11:44:36.714069+00', NULL),
	('98061b5f-f790-4f0c-ab28-20d631a4d251', '18a579e0-4f7b-498b-8267-b30ee7e9e8ba', 'ASSIGNED', NULL, NULL, NULL, 'Auto-assigned by scheduler', 'SYSTEM', '18ced61e-1508-47f0-bb6d-a3e39e5fdb7d', '2026-01-10 11:45:00.034585+00', NULL),
	('e80b0448-70de-4828-8018-beec6d4e647e', '18a579e0-4f7b-498b-8267-b30ee7e9e8ba', 'STARTED', 'NEW', 'IN_PROGRESS', NULL, '', 'STAFF', '18ced61e-1508-47f0-bb6d-a3e39e5fdb7d', '2026-01-10 11:45:25.342389+00', NULL),
	('49df3290-8f7c-46c4-89db-63728080ed3a', '18a579e0-4f7b-498b-8267-b30ee7e9e8ba', 'BLOCKED', 'IN_PROGRESS', 'BLOCKED', 'waiting_maintenance', '', 'STAFF', '18ced61e-1508-47f0-bb6d-a3e39e5fdb7d', '2026-01-10 11:45:34.558259+00', NULL),
	('13f26c4f-2345-46a7-9e98-90a04fa90678', '18a579e0-4f7b-498b-8267-b30ee7e9e8ba', 'UNBLOCKED', 'BLOCKED', 'IN_PROGRESS', 'OTHER', 'xc', 'STAFF', '18ced61e-1508-47f0-bb6d-a3e39e5fdb7d', '2026-01-10 12:01:40.253941+00', NULL),
	('0d422746-676e-436e-8980-ff040cd88ea5', '18a579e0-4f7b-498b-8267-b30ee7e9e8ba', 'COMPLETED', 'IN_PROGRESS', 'COMPLETED', NULL, '', 'STAFF', '18ced61e-1508-47f0-bb6d-a3e39e5fdb7d', '2026-01-10 12:01:51.799318+00', NULL),
	('2dc61659-00e7-4852-90aa-b280607a4c4f', '022fbf1b-7f23-4ea2-9864-9a9e3f20a7af', 'CREATED', NULL, 'NEW', NULL, 'Service request created', 'GUEST', NULL, '2026-01-10 12:02:04.071602+00', NULL),
	('d596f73c-1965-4c1c-909c-ff93bc0894a2', '022fbf1b-7f23-4ea2-9864-9a9e3f20a7af', 'ASSIGNED', NULL, NULL, NULL, 'Auto-assigned by scheduler', 'SYSTEM', '18ced61e-1508-47f0-bb6d-a3e39e5fdb7d', '2026-01-10 12:03:00.341749+00', NULL),
	('6fac37ce-73d8-4585-b15b-88ffbf9fa477', '022fbf1b-7f23-4ea2-9864-9a9e3f20a7af', 'STARTED', 'NEW', 'IN_PROGRESS', NULL, '', 'STAFF', '18ced61e-1508-47f0-bb6d-a3e39e5fdb7d', '2026-01-10 12:03:56.161458+00', NULL),
	('cd04dd01-fea5-4ff5-bb2b-dcee9798ecdb', '022fbf1b-7f23-4ea2-9864-9a9e3f20a7af', 'BLOCKED', 'IN_PROGRESS', 'BLOCKED', 'supplies_unavailable', '', 'STAFF', '18ced61e-1508-47f0-bb6d-a3e39e5fdb7d', '2026-01-10 12:04:08.106218+00', NULL),
	('eeb0e53b-30dd-4913-aa40-3e89f41305c3', '022fbf1b-7f23-4ea2-9864-9a9e3f20a7af', 'UNBLOCKED', 'BLOCKED', 'IN_PROGRESS', 'WORKAROUND_APPLIED', 'test', 'STAFF', '18ced61e-1508-47f0-bb6d-a3e39e5fdb7d', '2026-01-10 13:42:18.426793+00', NULL),
	('973c1216-d0fc-4555-9c8c-48b68b2e1292', '022fbf1b-7f23-4ea2-9864-9a9e3f20a7af', 'COMPLETED', 'IN_PROGRESS', 'COMPLETED', NULL, '', 'STAFF', '18ced61e-1508-47f0-bb6d-a3e39e5fdb7d', '2026-01-10 15:20:07.978978+00', NULL),
	('503c0660-eb8a-449e-b9cc-ab5077aabea6', '0a3d474a-e885-4b73-a5a5-26c284deb104', 'CREATED', NULL, 'NEW', NULL, 'Service request created: Room Cleaning', 'GUEST', NULL, '2026-01-16 21:03:44.564009+00', NULL),
	('d705dcdf-83bc-488b-8458-17bea5a73907', '47a20834-0758-45ff-adce-0227799bce57', 'CREATED', NULL, 'NEW', NULL, 'Service request created', 'GUEST', NULL, '2026-01-10 15:20:19.508029+00', NULL),
	('a909008e-2fea-4b32-aee7-e53d84d054da', '47a20834-0758-45ff-adce-0227799bce57', 'ASSIGNED', NULL, NULL, NULL, 'Auto-assigned by scheduler', 'SYSTEM', '18ced61e-1508-47f0-bb6d-a3e39e5fdb7d', '2026-01-10 15:21:00.031897+00', NULL),
	('338dfffe-9d04-4c97-942e-f6147316fd5f', '47a20834-0758-45ff-adce-0227799bce57', 'STARTED', 'NEW', 'IN_PROGRESS', NULL, '', 'STAFF', '18ced61e-1508-47f0-bb6d-a3e39e5fdb7d', '2026-01-10 15:22:06.096801+00', NULL),
	('c0fee2b1-114b-45fd-a53e-ecc13a403079', '47a20834-0758-45ff-adce-0227799bce57', 'BLOCKED', 'IN_PROGRESS', 'BLOCKED', 'supplies_unavailable', '', 'STAFF', '18ced61e-1508-47f0-bb6d-a3e39e5fdb7d', '2026-01-10 15:24:07.931304+00', NULL),
	('5fa99af3-5044-41e4-8b7e-6ddf38b6e325', '47a20834-0758-45ff-adce-0227799bce57', 'UNBLOCKED', 'BLOCKED', 'IN_PROGRESS', 'WORKAROUND_APPLIED', 'ss', 'STAFF', '18ced61e-1508-47f0-bb6d-a3e39e5fdb7d', '2026-01-10 15:27:40.883798+00', NULL),
	('8c1a62ee-9ae0-41cc-9ec0-a136d72089d7', '47a20834-0758-45ff-adce-0227799bce57', 'BLOCKED', 'IN_PROGRESS', 'BLOCKED', 'guest_inside', '', 'STAFF', '18ced61e-1508-47f0-bb6d-a3e39e5fdb7d', '2026-01-10 15:46:23.993906+00', '2026-01-10 16:16:20.598+00'),
	('8f0234d7-0464-467e-aa64-5a554b09e3b1', '47a20834-0758-45ff-adce-0227799bce57', 'UNBLOCKED', 'BLOCKED', 'IN_PROGRESS', 'OTHER', 'ss', 'STAFF', '18ced61e-1508-47f0-bb6d-a3e39e5fdb7d', '2026-01-10 15:51:33.279812+00', NULL),
	('181e7e92-ed50-4fcb-9c98-f65920af5cdf', '47a20834-0758-45ff-adce-0227799bce57', 'BLOCKED', 'IN_PROGRESS', 'BLOCKED', 'supplies_unavailable', '', 'STAFF', '18ced61e-1508-47f0-bb6d-a3e39e5fdb7d', '2026-01-10 15:51:46.767386+00', NULL),
	('bf745699-1506-4be0-8b34-759feee37e45', '47a20834-0758-45ff-adce-0227799bce57', 'UNBLOCKED', 'BLOCKED', 'IN_PROGRESS', 'WORKAROUND_APPLIED', 'ddfdsf', 'STAFF', '18ced61e-1508-47f0-bb6d-a3e39e5fdb7d', '2026-01-10 15:53:35.359007+00', NULL),
	('7116ca82-21a6-47b2-a36d-fd1b5496867e', '47a20834-0758-45ff-adce-0227799bce57', 'BLOCKED', 'IN_PROGRESS', 'BLOCKED', 'supplies_unavailable', '', 'STAFF', '18ced61e-1508-47f0-bb6d-a3e39e5fdb7d', '2026-01-10 15:53:46.404004+00', NULL),
	('48e10088-da91-4233-b807-4760f04e7724', '47a20834-0758-45ff-adce-0227799bce57', 'UNBLOCKED', 'BLOCKED', 'IN_PROGRESS', 'WORKAROUND_APPLIED', 'ss', 'STAFF', '18ced61e-1508-47f0-bb6d-a3e39e5fdb7d', '2026-01-10 16:41:32.477973+00', NULL),
	('232ae6bf-5fa5-46c6-b8d7-4adef84c1083', '9490b4d9-b424-4b22-aa31-754294c263e6', 'CREATED', NULL, 'NEW', NULL, 'Service request created', 'GUEST', NULL, '2026-01-10 16:42:42.816174+00', NULL),
	('783e6a42-09ff-4a8c-bcb2-6ec1c04a9940', '9490b4d9-b424-4b22-aa31-754294c263e6', 'ASSIGNED', NULL, NULL, NULL, 'Auto-assigned by scheduler', 'SYSTEM', '18ced61e-1508-47f0-bb6d-a3e39e5fdb7d', '2026-01-10 16:43:00.188745+00', NULL),
	('d23e81d1-13b9-41c3-b72b-4c740987568e', '9490b4d9-b424-4b22-aa31-754294c263e6', 'STARTED', 'NEW', 'IN_PROGRESS', NULL, '', 'STAFF', '18ced61e-1508-47f0-bb6d-a3e39e5fdb7d', '2026-01-10 16:43:38.710231+00', NULL),
	('9627dd9e-fc9a-4f30-adfd-4fd8dd12214e', '9490b4d9-b424-4b22-aa31-754294c263e6', 'BLOCKED', 'IN_PROGRESS', 'BLOCKED', 'room_locked', '', 'STAFF', '18ced61e-1508-47f0-bb6d-a3e39e5fdb7d', '2026-01-10 16:43:57.248313+00', NULL),
	('7eb2456b-cea9-429e-a052-921b1e79f976', '9490b4d9-b424-4b22-aa31-754294c263e6', 'UNBLOCKED', 'BLOCKED', 'IN_PROGRESS', 'SUPERVISOR_APPROVED', '', 'STAFF', '18ced61e-1508-47f0-bb6d-a3e39e5fdb7d', '2026-01-10 17:35:53.791142+00', NULL),
	('c72cd342-a8c5-4d74-8a8a-6f38cf6f779f', '9490b4d9-b424-4b22-aa31-754294c263e6', 'BLOCKED', 'IN_PROGRESS', 'BLOCKED', 'room_locked', '', 'STAFF', '18ced61e-1508-47f0-bb6d-a3e39e5fdb7d', '2026-01-10 17:37:25.708412+00', NULL),
	('6cac2fce-120d-4e95-ba43-45ff22e732b3', '72ee74d2-1844-410e-8988-98670a0d3f5e', 'CREATED', NULL, 'NEW', NULL, 'Service request created', 'GUEST', NULL, '2026-01-10 17:48:18.633423+00', NULL),
	('99722210-f05e-4fd3-ba1f-2b1275e3e1aa', '72ee74d2-1844-410e-8988-98670a0d3f5e', 'ASSIGNED', NULL, NULL, NULL, 'Auto-assigned by scheduler', 'SYSTEM', '18ced61e-1508-47f0-bb6d-a3e39e5fdb7d', '2026-01-10 17:49:00.034816+00', NULL),
	('904199d3-0db6-4a40-922c-9291143967fb', '72ee74d2-1844-410e-8988-98670a0d3f5e', 'STARTED', 'NEW', 'IN_PROGRESS', NULL, '', 'STAFF', '18ced61e-1508-47f0-bb6d-a3e39e5fdb7d', '2026-01-10 17:51:46.639392+00', NULL),
	('4cd9aabf-6ee4-4613-91d0-4dc969a77809', '9490b4d9-b424-4b22-aa31-754294c263e6', 'UNBLOCKED', 'BLOCKED', 'IN_PROGRESS', 'SUPERVISOR_APPROVED', '', 'STAFF', '18ced61e-1508-47f0-bb6d-a3e39e5fdb7d', '2026-01-10 17:52:42.659431+00', NULL),
	('20b68620-4a6e-49e5-a8b3-b8e178a4cd47', '9490b4d9-b424-4b22-aa31-754294c263e6', 'BLOCKED', 'IN_PROGRESS', 'BLOCKED', 'room_locked', '', 'STAFF', '18ced61e-1508-47f0-bb6d-a3e39e5fdb7d', '2026-01-10 17:53:03.036136+00', NULL),
	('adbd38f4-b1c2-46bc-8391-cf12ca9003b2', 'e072ff9c-10a2-4426-bd6f-f3a06c0c5cf1', 'CREATED', NULL, 'NEW', NULL, 'Service request created', 'GUEST', NULL, '2026-01-10 18:01:50.4972+00', NULL),
	('34afeb63-2c4a-4762-9cef-f2b1fca8ebe9', 'e072ff9c-10a2-4426-bd6f-f3a06c0c5cf1', 'ASSIGNED', NULL, NULL, NULL, 'Auto-assigned by scheduler', 'SYSTEM', '18ced61e-1508-47f0-bb6d-a3e39e5fdb7d', '2026-01-10 18:02:00.299693+00', NULL),
	('f55dcdf9-13f7-4f84-872d-9af19e237ab4', '9490b4d9-b424-4b22-aa31-754294c263e6', 'UNBLOCKED', 'BLOCKED', 'IN_PROGRESS', 'SUPERVISOR_APPROVED', '', 'STAFF', '18ced61e-1508-47f0-bb6d-a3e39e5fdb7d', '2026-01-10 18:11:14.37238+00', NULL),
	('5982cdd7-871d-4dc9-a895-daf6cd1702dc', '55295574-1e6d-46e9-82a9-cbd2f6ad7a2b', 'CREATED', NULL, 'NEW', NULL, 'Service request created', 'GUEST', NULL, '2026-01-10 18:17:50.018817+00', NULL),
	('a63b4306-db48-45ff-a315-62035a2e1b66', '55295574-1e6d-46e9-82a9-cbd2f6ad7a2b', 'ASSIGNED', NULL, NULL, NULL, 'Auto-assigned by scheduler', 'SYSTEM', '18ced61e-1508-47f0-bb6d-a3e39e5fdb7d', '2026-01-10 18:18:00.040298+00', NULL),
	('bc7948ef-9b75-451f-8d46-d781f06a8868', '48a8b6d1-65d7-4054-b8d0-84e97fd8e837', 'CREATED', NULL, 'NEW', NULL, 'Service request created', 'GUEST', NULL, '2026-01-10 18:24:20.030628+00', NULL),
	('420b5c9d-6b2e-4b42-8498-806e878d4c89', '48a8b6d1-65d7-4054-b8d0-84e97fd8e837', 'ASSIGNED', NULL, NULL, NULL, 'Auto-assigned by scheduler', 'SYSTEM', '18ced61e-1508-47f0-bb6d-a3e39e5fdb7d', '2026-01-10 18:25:00.036719+00', NULL),
	('5b624f9e-a3f1-46dc-82ce-ed8775b80839', 'ed257095-7732-4851-b2b8-28ebc301b9b1', 'CREATED', NULL, 'NEW', NULL, 'Service request created', 'GUEST', NULL, '2026-01-11 13:27:16.60938+00', NULL),
	('af5d8f61-37eb-41d5-a900-67fa78349d2e', 'ed257095-7732-4851-b2b8-28ebc301b9b1', 'ASSIGNED', NULL, NULL, NULL, 'Auto-assigned by scheduler', 'SYSTEM', '18ced61e-1508-47f0-bb6d-a3e39e5fdb7d', '2026-01-11 13:28:00.037536+00', NULL),
	('b862cf39-801e-4a44-8039-6235a8bd90bf', 'ed257095-7732-4851-b2b8-28ebc301b9b1', 'STARTED', 'NEW', 'IN_PROGRESS', NULL, 'hghjsgajhgaf', 'STAFF', '18ced61e-1508-47f0-bb6d-a3e39e5fdb7d', '2026-01-11 13:47:05.020388+00', NULL),
	('690fd0d8-d5a0-416f-b791-9c6e19f853a2', 'ed257095-7732-4851-b2b8-28ebc301b9b1', 'BLOCKED', 'IN_PROGRESS', 'BLOCKED', 'room_locked', '', 'STAFF', '18ced61e-1508-47f0-bb6d-a3e39e5fdb7d', '2026-01-11 13:50:09.142127+00', NULL),
	('7c9f2186-eac1-4751-9494-49d40e503e8c', 'ed257095-7732-4851-b2b8-28ebc301b9b1', 'UNBLOCKED', 'BLOCKED', 'IN_PROGRESS', 'ROOM_UNLOCKED', '', 'STAFF', '18ced61e-1508-47f0-bb6d-a3e39e5fdb7d', '2026-01-11 13:51:15.684528+00', NULL),
	('47844fcf-bad5-41af-abc8-855adbfc18c4', '72ee74d2-1844-410e-8988-98670a0d3f5e', 'COMPLETED', 'IN_PROGRESS', 'COMPLETED', NULL, '', 'STAFF', '18ced61e-1508-47f0-bb6d-a3e39e5fdb7d', '2026-01-11 13:51:30.744248+00', NULL),
	('5f5310ff-ded5-4227-af35-d398571b12f5', '758588ca-d074-4f6b-ba01-08f302e1237c', 'CREATED', NULL, 'NEW', NULL, 'Service request created', 'GUEST', NULL, '2026-01-11 13:55:37.204358+00', NULL),
	('a16acbd4-c2a6-4dc7-9d6a-0f27b86b8621', '758588ca-d074-4f6b-ba01-08f302e1237c', 'ASSIGNED', NULL, NULL, NULL, 'Auto-assigned by scheduler', 'SYSTEM', '18ced61e-1508-47f0-bb6d-a3e39e5fdb7d', '2026-01-11 13:56:00.035025+00', NULL),
	('415d6831-cc5c-4578-93f1-97e5d9b63338', '7f821bed-9411-4e15-bf5b-1175fd98b41b', 'CREATED', NULL, 'NEW', NULL, 'Service request created', 'GUEST', NULL, '2026-01-11 18:35:38.986029+00', NULL),
	('6c7784c9-c1b7-40dc-9212-d2a685438ed1', '7f821bed-9411-4e15-bf5b-1175fd98b41b', 'ASSIGNED', NULL, NULL, NULL, 'Auto-assigned by scheduler', 'SYSTEM', '18ced61e-1508-47f0-bb6d-a3e39e5fdb7d', '2026-01-11 18:36:00.048386+00', NULL),
	('85edc4e9-276b-427b-bc82-5abf7a75dc2c', '7f821bed-9411-4e15-bf5b-1175fd98b41b', 'STARTED', 'NEW', 'IN_PROGRESS', NULL, '', 'STAFF', '18ced61e-1508-47f0-bb6d-a3e39e5fdb7d', '2026-01-11 19:01:22.657448+00', NULL),
	('c078a01c-0865-456d-9418-302e8c2f52a1', '7f821bed-9411-4e15-bf5b-1175fd98b41b', 'BLOCKED', 'IN_PROGRESS', 'BLOCKED', 'GUEST_REQUESTED_LATER', '', 'STAFF', '18ced61e-1508-47f0-bb6d-a3e39e5fdb7d', '2026-01-11 19:01:27.395939+00', '2026-01-11 19:31:26.241+00'),
	('4c549f11-e5f9-4000-90d8-1b8af0e16512', '49f54b9c-a6ed-4fc8-b1f8-304e435a9c75', 'CREATED', NULL, 'NEW', NULL, 'Service request created: Extra Towels', 'GUEST', NULL, '2026-01-16 21:09:27.148093+00', NULL),
	('3b201637-c3c0-4d4d-9a49-ffbe216c3140', 'd125c12e-a200-4867-b83c-f7a71902dbb9', 'CREATED', NULL, 'NEW', NULL, 'Service request created: Turn Down Service', 'GUEST', NULL, '2026-01-16 21:34:46.028068+00', NULL),
	('9e9aa19f-2add-4134-91c5-6a016f671d4b', 'd125c12e-a200-4867-b83c-f7a71902dbb9', 'UNBLOCKED', 'BLOCKED', 'IN_PROGRESS', 'SUPERVISOR_APPROVED', 'Approved', 'STAFF', '18ced61e-1508-47f0-bb6d-a3e39e5fdb7d', '2026-01-17 12:46:27.510794+00', NULL),
	('dff953f6-e512-4b2e-8d6b-3344f86b109e', 'd125c12e-a200-4867-b83c-f7a71902dbb9', 'BLOCKED', 'IN_PROGRESS', 'BLOCKED', 'supervisor_approval', '', 'STAFF', '18ced61e-1508-47f0-bb6d-a3e39e5fdb7d', '2026-01-17 12:47:10.35965+00', NULL),
	('ce7bc37b-7903-4a72-ae82-94c4287b39ff', '758588ca-d074-4f6b-ba01-08f302e1237c', 'STARTED', 'NEW', 'IN_PROGRESS', NULL, '', 'STAFF', '18ced61e-1508-47f0-bb6d-a3e39e5fdb7d', '2026-01-13 17:21:15.16718+00', NULL),
	('d1468b2c-75c9-4648-af34-9bd0994d9cf2', '48a8b6d1-65d7-4054-b8d0-84e97fd8e837', 'STARTED', 'NEW', 'IN_PROGRESS', NULL, '', 'STAFF', '18ced61e-1508-47f0-bb6d-a3e39e5fdb7d', '2026-01-13 17:21:29.331175+00', NULL),
	('4c26358b-12dd-48d4-b2ba-3f24f0e55b4f', 'b03d9b3b-4cc2-4757-887e-99594ce88d27', 'STARTED', 'NEW', 'IN_PROGRESS', NULL, '', 'STAFF', '18ced61e-1508-47f0-bb6d-a3e39e5fdb7d', '2026-01-17 14:52:07.767528+00', NULL),
	('223e00b5-1f63-401c-bd30-d7a1793c0d2c', '9490b4d9-b424-4b22-aa31-754294c263e6', 'COMPLETED', 'IN_PROGRESS', 'COMPLETED', NULL, '', 'STAFF', '18ced61e-1508-47f0-bb6d-a3e39e5fdb7d', '2026-01-13 17:21:37.473306+00', NULL),
	('2bb404b7-fd49-4e81-b958-6138e91d56ac', '48a8b6d1-65d7-4054-b8d0-84e97fd8e837', 'COMPLETED', 'IN_PROGRESS', 'COMPLETED', NULL, '', 'STAFF', '18ced61e-1508-47f0-bb6d-a3e39e5fdb7d', '2026-01-13 17:21:39.942435+00', NULL),
	('ec0e22dd-eec1-439f-b4df-75ff2fe8a598', 'ed257095-7732-4851-b2b8-28ebc301b9b1', 'COMPLETED', 'IN_PROGRESS', 'COMPLETED', NULL, '', 'STAFF', '18ced61e-1508-47f0-bb6d-a3e39e5fdb7d', '2026-01-13 17:21:42.197322+00', NULL),
	('32866970-50ff-47c3-860f-6c0bf777bd9f', '758588ca-d074-4f6b-ba01-08f302e1237c', 'COMPLETED', 'IN_PROGRESS', 'COMPLETED', NULL, '', 'STAFF', '18ced61e-1508-47f0-bb6d-a3e39e5fdb7d', '2026-01-13 17:21:45.838835+00', NULL),
	('914a0d6c-c9e6-4080-bd44-ae7cc403b48e', '0a3d474a-e885-4b73-a5a5-26c284deb104', 'ASSIGNED', NULL, NULL, NULL, 'Auto-assigned by scheduler', 'SYSTEM', '18ced61e-1508-47f0-bb6d-a3e39e5fdb7d', '2026-01-16 21:04:00.368239+00', NULL),
	('38da9e0f-c9e0-445d-9763-0c43075f311f', '49f54b9c-a6ed-4fc8-b1f8-304e435a9c75', 'ASSIGNED', NULL, NULL, NULL, 'Auto-assigned by scheduler', 'SYSTEM', '18ced61e-1508-47f0-bb6d-a3e39e5fdb7d', '2026-01-16 21:10:00.037483+00', NULL),
	('a55bcb42-8afc-4f75-a485-8fe4038b52a6', 'd125c12e-a200-4867-b83c-f7a71902dbb9', 'ASSIGNED', NULL, NULL, NULL, 'Auto-assigned by scheduler', 'SYSTEM', '18ced61e-1508-47f0-bb6d-a3e39e5fdb7d', '2026-01-16 21:35:00.379293+00', NULL),
	('0c0a61d8-afea-4e83-8b23-0f42708d4445', '49f54b9c-a6ed-4fc8-b1f8-304e435a9c75', 'SLA_EXCEPTION_REQUESTED', NULL, NULL, 'WEATHER_OR_FORCE_MAJEURE', 'scvasdbadff', 'STAFF', '18ced61e-1508-47f0-bb6d-a3e39e5fdb7d', '2026-01-17 12:54:22.860783+00', NULL),
	('1a45d0a5-fa14-4719-a57c-31c9eb3bc6b7', 'b03d9b3b-4cc2-4757-887e-99594ce88d27', 'BLOCKED', 'IN_PROGRESS', 'BLOCKED', 'room_locked', '', 'STAFF', '18ced61e-1508-47f0-bb6d-a3e39e5fdb7d', '2026-01-17 14:52:11.910919+00', NULL),
	('4f3b742f-b969-4b65-9535-3f9ed576a195', '49f54b9c-a6ed-4fc8-b1f8-304e435a9c75', 'SLA_EXCEPTION_REJECTED', NULL, NULL, 'sla_exception', 'not correct reason to exempt sla', 'STAFF', '18ced61e-1508-47f0-bb6d-a3e39e5fdb7d', '2026-01-17 18:42:01.292231+00', NULL),
	('dd91e78b-9f11-45e5-9fd2-91e42f607bea', '49f54b9c-a6ed-4fc8-b1f8-304e435a9c75', 'UNBLOCKED', 'BLOCKED', 'IN_PROGRESS', 'SUPERVISOR_APPROVED', '', 'STAFF', '18ced61e-1508-47f0-bb6d-a3e39e5fdb7d', '2026-01-17 19:33:37.2516+00', NULL),
	('ca16688d-301f-4416-909b-be6de333d0f2', '7f821bed-9411-4e15-bf5b-1175fd98b41b', 'SLA_EXCEPTION_REJECTED', NULL, NULL, 'sla_exception', 'asfasdg', 'STAFF', '18ced61e-1508-47f0-bb6d-a3e39e5fdb7d', '2026-01-17 19:45:31.896926+00', NULL),
	('b6986de3-33f5-4b33-a6b0-3522c4ebef17', 'b03d9b3b-4cc2-4757-887e-99594ce88d27', 'SLA_EXCEPTION_REQUESTED', NULL, NULL, 'SAFETY_OR_COMPLIANCE', 'need exception', 'STAFF', '18ced61e-1508-47f0-bb6d-a3e39e5fdb7d', '2026-01-18 09:22:35.654115+00', NULL),
	('e48f0488-9a2b-4475-b1e6-173d479b73a5', '56f3ee05-5319-44c2-b345-917841ccb226', 'CREATED', NULL, 'NEW', NULL, 'Service request created: Extra Towels', 'GUEST', NULL, '2026-01-18 10:53:16.950639+00', NULL),
	('05dea5a1-c958-4089-8e4c-6ecf1c9bc525', '1c1e4b5e-96a7-414e-b8e7-dd24a0d87217', 'BLOCKED', 'IN_PROGRESS', 'BLOCKED', 'supervisor_approval', '', 'STAFF', '18ced61e-1508-47f0-bb6d-a3e39e5fdb7d', '2026-01-18 10:54:40.793246+00', NULL),
	('87a5b3f2-c7fc-4054-b3dc-52b73b96129e', '369d8919-72b5-4847-9027-ca88d274961e', 'CREATED', NULL, 'NEW', NULL, 'Service request created: Room Cleaning', 'GUEST', NULL, '2026-01-18 12:51:31.39442+00', NULL),
	('7f30d7c1-93ac-4cb0-8567-2e49607ef67c', '1af0acdc-18b6-4831-bf85-77e2213df06e', 'ASSIGNED', NULL, NULL, NULL, 'Auto-assigned by scheduler', 'SYSTEM', '18ced61e-1508-47f0-bb6d-a3e39e5fdb7d', '2026-01-18 19:03:00.375487+00', NULL),
	('a011fae5-5be6-44c4-bf8f-6ee1376a5438', '369d8919-72b5-4847-9027-ca88d274961e', 'STARTED', 'NEW', 'IN_PROGRESS', NULL, '', 'STAFF', '18ced61e-1508-47f0-bb6d-a3e39e5fdb7d', '2026-01-18 19:03:49.24759+00', NULL),
	('d6c2b3b2-2126-4a71-908e-538b513ac0bc', '8eb944e5-9487-447c-8175-3124f79c24c5', 'ASSIGNED', NULL, NULL, NULL, 'Auto-assigned by scheduler', 'SYSTEM', '18ced61e-1508-47f0-bb6d-a3e39e5fdb7d', '2026-01-19 19:24:00.130191+00', NULL),
	('1c20032c-0301-486a-a925-71b53ae322ed', '456bfd4e-1b69-4023-ae17-0fda6770dee8', 'CREATED', NULL, 'NEW', NULL, 'Service request created: Room Cleaning', 'GUEST', NULL, '2026-01-19 19:28:54.858281+00', NULL),
	('9d73be52-2f5f-4f91-817f-9978f6e37e60', '547de76f-39d9-47c8-b0f7-97d79e4a6ef8', 'ASSIGNED', NULL, NULL, NULL, 'Auto-assigned by scheduler', 'SYSTEM', '18ced61e-1508-47f0-bb6d-a3e39e5fdb7d', '2026-01-19 19:32:00.164018+00', NULL),
	('c60e72bb-b93b-41a8-a100-50b92a6d5957', '2d738de3-fce8-4ae6-991d-5c12248a1b27', 'COMPLETED', 'IN_PROGRESS', 'COMPLETED', NULL, '', 'STAFF', '18ced61e-1508-47f0-bb6d-a3e39e5fdb7d', '2026-01-21 15:30:55.67042+00', NULL),
	('15a51616-5980-4778-887f-1e001b10f858', '56f3ee05-5319-44c2-b345-917841ccb226', 'COMPLETED', 'IN_PROGRESS', 'COMPLETED', NULL, '', 'STAFF', '18ced61e-1508-47f0-bb6d-a3e39e5fdb7d', '2026-01-21 16:22:25.69545+00', NULL),
	('c22673e9-2311-4b37-abb6-8eccab58b620', 'b76ae30b-dc0e-4490-99a6-4ef232e9e89c', 'ASSIGNED', NULL, NULL, NULL, 'Auto-assigned by scheduler', 'SYSTEM', '18ced61e-1508-47f0-bb6d-a3e39e5fdb7d', '2026-01-22 19:59:00.148425+00', NULL),
	('76e57312-4382-494f-af65-d5d3b696fc4a', '5d15c03b-65c5-4517-b7fb-9e53a71df54b', 'ASSIGNED', NULL, NULL, NULL, 'Auto-assigned by scheduler', 'SYSTEM', '18ced61e-1508-47f0-bb6d-a3e39e5fdb7d', '2026-01-24 11:54:00.113795+00', NULL),
	('5cca7078-009a-464e-9258-b9881c8ad058', '456bfd4e-1b69-4023-ae17-0fda6770dee8', 'STARTED', 'NEW', 'IN_PROGRESS', NULL, '', 'STAFF', '18ced61e-1508-47f0-bb6d-a3e39e5fdb7d', '2026-01-24 11:54:48.71371+00', NULL),
	('e95d7cf6-bcee-4015-bed8-3c603acadad3', 'b3c854ae-1f17-4eec-ae09-b9158dff072e', 'ASSIGNED', NULL, NULL, NULL, 'Auto-assigned by scheduler', 'SYSTEM', '18ced61e-1508-47f0-bb6d-a3e39e5fdb7d', '2026-01-24 13:05:00.387444+00', NULL),
	('b131a847-d4a4-4c6a-bbb7-12cf27216bee', 'b3c854ae-1f17-4eec-ae09-b9158dff072e', 'BLOCKED', 'IN_PROGRESS', 'BLOCKED', 'supplies_unavailable', '', 'STAFF', '18ced61e-1508-47f0-bb6d-a3e39e5fdb7d', '2026-01-24 13:12:57.758855+00', NULL),
	('c4c28fc2-eff3-4f81-93bd-6c0e9c0a997e', '93e10f5b-691b-4903-a7af-cc7aa5030a17', 'ASSIGNED', NULL, NULL, NULL, 'Auto-assigned by scheduler', 'SYSTEM', '18ced61e-1508-47f0-bb6d-a3e39e5fdb7d', '2026-01-24 17:04:00.112544+00', NULL),
	('be9c9517-edcf-4b3b-9285-0bd358faa512', 'e2a210a7-37d8-4289-bd67-990ab2796de9', 'CREATED', NULL, 'NEW', NULL, 'Service request created: Room Cleaning', 'GUEST', NULL, '2026-01-25 09:43:05.49716+00', NULL),
	('1e4992a9-6546-48ac-ac1b-8285bb22feeb', '3aa4ba2c-a678-4eb7-a30e-55c29cdde1dc', 'CREATED', NULL, 'NEW', NULL, 'Service request created: Extra Towels', 'GUEST', NULL, '2026-01-25 09:54:58.555938+00', NULL),
	('dfdc7c9c-f825-483d-b190-79068f18f7bd', 'e2a210a7-37d8-4289-bd67-990ab2796de9', 'STARTED', 'NEW', 'IN_PROGRESS', NULL, '', 'STAFF', '18ced61e-1508-47f0-bb6d-a3e39e5fdb7d', '2026-01-25 09:57:53.933081+00', NULL),
	('df753836-e6ad-4f24-82a3-57c2f6ad8ce2', '835e32d1-12f2-4c6d-bb08-86d387a83529', 'CREATED', NULL, 'NEW', NULL, 'Service request created: Turn Down Service', 'GUEST', NULL, '2026-01-25 09:59:02.203194+00', NULL),
	('1388560d-71a5-48dd-82f0-16e539986904', '5b2b1d85-e199-4ef7-aca8-7b91969b9df0', 'CREATED', NULL, 'NEW', NULL, 'Service request created: Turn Down Service', 'GUEST', NULL, '2026-01-25 11:03:32.08962+00', NULL),
	('c4c7e5b8-37fc-4731-b178-49f9715092e7', '553511d0-0cda-424c-b05f-cda727e43459', 'CREATED', NULL, 'NEW', NULL, 'Service request created: Room Cleaning', 'GUEST', NULL, '2026-01-25 11:09:02.970784+00', NULL),
	('27a013cf-be87-4fdb-a6d1-c70e07c998e5', '49f54b9c-a6ed-4fc8-b1f8-304e435a9c75', 'COMMENT_ADDED', NULL, NULL, NULL, 'sdasd', 'GUEST', '73904179-cca9-40ab-a2c4-e509dadbbbbb', '2026-01-25 18:24:03.520866+00', NULL),
	('bfd5c2a1-5a10-4fd6-b1db-f77e6bc36028', 'c7bc5937-1bc3-40b2-8c85-52a6da741f01', 'CREATED', NULL, 'NEW', NULL, 'Service request created: Room Cleaning', 'GUEST', NULL, '2026-01-25 18:38:55.063725+00', NULL),
	('785e1810-b33f-4e71-bc4e-2f0b8f1ffe62', 'c7bc5937-1bc3-40b2-8c85-52a6da741f01', 'ASSIGNED', NULL, NULL, NULL, 'Auto-assigned by scheduler', 'SYSTEM', '18ced61e-1508-47f0-bb6d-a3e39e5fdb7d', '2026-01-25 18:39:00.063627+00', NULL),
	('5505d96b-1fd7-4201-ac06-7bdfa094acbe', 'c7bc5937-1bc3-40b2-8c85-52a6da741f01', 'COMMENT_ADDED', NULL, NULL, NULL, 'coming within time started', 'STAFF', '18ced61e-1508-47f0-bb6d-a3e39e5fdb7d', '2026-01-25 18:42:59.182724+00', NULL),
	('eca6f7d5-08c5-4fba-a585-5379249dfd78', 'c7bc5937-1bc3-40b2-8c85-52a6da741f01', 'COMMENT_ADDED', NULL, NULL, NULL, 'ok, thanks', 'GUEST', '73904179-cca9-40ab-a2c4-e509dadbbbbb', '2026-01-25 18:43:30.458195+00', NULL),
	('c3e36237-1224-4076-8d42-821e3f61270a', 'c7bc5937-1bc3-40b2-8c85-52a6da741f01', 'STARTED', 'NEW', 'IN_PROGRESS', NULL, '', 'STAFF', '18ced61e-1508-47f0-bb6d-a3e39e5fdb7d', '2026-01-25 18:44:39.17716+00', NULL),
	('190eb8e7-f405-411a-8625-f8faf1cc6b32', 'c7bc5937-1bc3-40b2-8c85-52a6da741f01', 'COMMENT_ADDED', NULL, NULL, NULL, '2 more pls totak 6', 'GUEST', NULL, '2026-01-25 18:54:03.596784+00', NULL),
	('81ed28f9-1c3c-4a70-a2fa-800f1b711121', 'c7bc5937-1bc3-40b2-8c85-52a6da741f01', 'COMMENT_ADDED', NULL, NULL, NULL, '2 more', 'GUEST', NULL, '2026-01-25 18:54:25.392093+00', NULL),
	('b54ca775-4558-4558-865f-51621dd373e2', 'c7bc5937-1bc3-40b2-8c85-52a6da741f01', 'COMMENT_ADDED', NULL, NULL, NULL, 'ok will get total 6', 'STAFF', '18ced61e-1508-47f0-bb6d-a3e39e5fdb7d', '2026-01-25 18:55:06.122618+00', NULL),
	('bc312f87-17bb-464d-b8b4-48b34cc6572b', 'c7bc5937-1bc3-40b2-8c85-52a6da741f01', 'COMPLETED', 'IN_PROGRESS', 'COMPLETED', NULL, '', 'STAFF', '18ced61e-1508-47f0-bb6d-a3e39e5fdb7d', '2026-01-25 18:55:14.403117+00', NULL),
	('568ea07d-f9ad-4fb6-8e9b-80c31f1eb90b', 'c7bc5937-1bc3-40b2-8c85-52a6da741f01', 'REOPENED', 'COMPLETED', 'NEW', NULL, 'dassasf', 'GUEST', '73904179-cca9-40ab-a2c4-e509dadbbbbb', '2026-01-25 19:20:50.243022+00', NULL),
	('aff796c4-46a3-428c-bc61-2f7e1118ea11', 'c7bc5937-1bc3-40b2-8c85-52a6da741f01', 'ASSIGNED', NULL, NULL, NULL, 'Auto-assigned by scheduler', 'SYSTEM', '18ced61e-1508-47f0-bb6d-a3e39e5fdb7d', '2026-01-25 19:21:00.126538+00', NULL),
	('82ab9ac4-5076-40bb-9972-36ebf09aca61', 'e072ff9c-10a2-4426-bd6f-f3a06c0c5cf1', 'REOPENED', 'COMPLETED', 'NEW', NULL, 'reopening 1243', 'GUEST', '73904179-cca9-40ab-a2c4-e509dadbbbbb', '2026-01-25 19:24:10.218076+00', NULL),
	('bc3322c9-09fc-4354-9c7f-4749b16321f1', 'e072ff9c-10a2-4426-bd6f-f3a06c0c5cf1', 'ASSIGNED', NULL, NULL, NULL, 'Auto-assigned by scheduler', 'SYSTEM', '18ced61e-1508-47f0-bb6d-a3e39e5fdb7d', '2026-01-25 19:25:00.092628+00', NULL),
	('61b2210e-cd2e-4732-ae8a-eefdd84348b6', '456bfd4e-1b69-4023-ae17-0fda6770dee8', 'REOPENED', 'COMPLETED', 'NEW', NULL, 'dsfsad', 'GUEST', NULL, '2026-01-25 19:48:43.810782+00', NULL),
	('e09412da-088f-4e80-b791-ad9ac104f7f6', '5d15c03b-65c5-4517-b7fb-9e53a71df54b', 'STARTED', 'NEW', 'IN_PROGRESS', NULL, '', 'STAFF', '18ced61e-1508-47f0-bb6d-a3e39e5fdb7d', '2026-01-25 19:50:35.420269+00', NULL),
	('f38fda3e-ec5a-4918-b50e-ad0707e7f758', '93e10f5b-691b-4903-a7af-cc7aa5030a17', 'STARTED', 'NEW', 'IN_PROGRESS', NULL, '', 'STAFF', '18ced61e-1508-47f0-bb6d-a3e39e5fdb7d', '2026-01-25 19:50:38.490079+00', NULL),
	('04c25003-067e-40b7-a5c8-5dd88e46d8e8', '835e32d1-12f2-4c6d-bb08-86d387a83529', 'STARTED', 'NEW', 'IN_PROGRESS', NULL, '', 'STAFF', '18ced61e-1508-47f0-bb6d-a3e39e5fdb7d', '2026-01-25 19:50:40.573321+00', NULL),
	('a7c6b75f-e5fc-46a5-810e-c6714997db88', '5d15c03b-65c5-4517-b7fb-9e53a71df54b', 'COMPLETED', 'IN_PROGRESS', 'COMPLETED', NULL, '', 'STAFF', '18ced61e-1508-47f0-bb6d-a3e39e5fdb7d', '2026-01-25 19:50:43.258025+00', NULL),
	('44292e52-387d-4dbd-b01b-10285c733638', '7f821bed-9411-4e15-bf5b-1175fd98b41b', 'BLOCKED', 'BLOCKED', 'BLOCKED', 'supervisor_approval', '', 'STAFF', '18ced61e-1508-47f0-bb6d-a3e39e5fdb7d', '2026-01-13 17:22:00.777801+00', '2026-01-13 17:51:53.992+00'),
	('3587b647-7646-4b9a-8587-dfd0145adcdb', '7f821bed-9411-4e15-bf5b-1175fd98b41b', 'UNBLOCKED', 'BLOCKED', 'IN_PROGRESS', 'SUPERVISOR_APPROVED', 'Approved by supervisor', 'STAFF', '18ced61e-1508-47f0-bb6d-a3e39e5fdb7d', '2026-01-13 17:25:55.307636+00', NULL),
	('933e8e34-23c5-4d33-b97f-f5c7256b6e76', '47a20834-0758-45ff-adce-0227799bce57', 'COMPLETED', 'IN_PROGRESS', 'COMPLETED', NULL, '', 'STAFF', '18ced61e-1508-47f0-bb6d-a3e39e5fdb7d', '2026-01-13 17:26:33.949623+00', NULL),
	('18d921e9-e861-437a-af2c-9ebc77e6b29a', '7f821bed-9411-4e15-bf5b-1175fd98b41b', 'BLOCKED', 'IN_PROGRESS', 'BLOCKED', 'supplies_unavailable', '', 'STAFF', '18ced61e-1508-47f0-bb6d-a3e39e5fdb7d', '2026-01-13 17:26:52.649161+00', NULL),
	('9048bec1-254a-4e2c-95b1-4d19e4ee7e9c', '7f821bed-9411-4e15-bf5b-1175fd98b41b', 'BLOCKED', 'BLOCKED', 'BLOCKED', 'supervisor_approval', '', 'STAFF', '18ced61e-1508-47f0-bb6d-a3e39e5fdb7d', '2026-01-13 17:28:57.475766+00', NULL),
	('d6ddab36-3ed7-4ccc-abb6-79e913c4f162', '0a3d474a-e885-4b73-a5a5-26c284deb104', 'STARTED', 'NEW', 'IN_PROGRESS', NULL, '', 'STAFF', '18ced61e-1508-47f0-bb6d-a3e39e5fdb7d', '2026-01-16 21:05:41.852639+00', NULL),
	('fe5ef54b-a788-4627-899c-7dd3ae5665ea', '49f54b9c-a6ed-4fc8-b1f8-304e435a9c75', 'STARTED', 'NEW', 'IN_PROGRESS', NULL, '', 'STAFF', '18ced61e-1508-47f0-bb6d-a3e39e5fdb7d', '2026-01-16 21:11:05.743942+00', NULL),
	('fbc1b28d-3613-43a5-a047-b7fb098f9081', '7f821bed-9411-4e15-bf5b-1175fd98b41b', 'BLOCKED', 'BLOCKED', 'BLOCKED', 'room_locked', 'room locked bro bro bro', 'STAFF', '18ced61e-1508-47f0-bb6d-a3e39e5fdb7d', '2026-01-14 20:07:18.975134+00', NULL),
	('a0f2fa06-2971-4d4c-a073-d06be36e5a21', '47a20834-0758-45ff-adce-0227799bce57', 'REOPENED', 'COMPLETED', 'NEW', NULL, 'Guest reopened completed request', 'GUEST', '73904179-cca9-40ab-a2c4-e509dadbbbbb', '2026-01-14 20:50:15.662104+00', NULL),
	('c1bcc44c-8db4-4c88-a3cd-16d01bdf59b8', 'e072ff9c-10a2-4426-bd6f-f3a06c0c5cf1', 'STARTED', 'NEW', 'IN_PROGRESS', NULL, '', 'STAFF', '18ced61e-1508-47f0-bb6d-a3e39e5fdb7d', '2026-01-14 20:52:51.738243+00', NULL),
	('b21c7053-bb63-4f61-b046-6d29a70a829e', 'e072ff9c-10a2-4426-bd6f-f3a06c0c5cf1', 'COMPLETED', 'IN_PROGRESS', 'COMPLETED', NULL, '', 'STAFF', '18ced61e-1508-47f0-bb6d-a3e39e5fdb7d', '2026-01-14 20:52:55.210662+00', NULL),
	('f5cd03f8-8685-422c-b1b8-4a50b90610a6', '55295574-1e6d-46e9-82a9-cbd2f6ad7a2b', 'STARTED', 'NEW', 'IN_PROGRESS', NULL, '', 'STAFF', '18ced61e-1508-47f0-bb6d-a3e39e5fdb7d', '2026-01-14 20:53:24.161999+00', NULL),
	('5c3492d3-cb89-4bbd-8442-4599b5b06c94', '55295574-1e6d-46e9-82a9-cbd2f6ad7a2b', 'COMPLETED', 'IN_PROGRESS', 'COMPLETED', NULL, '', 'STAFF', '18ced61e-1508-47f0-bb6d-a3e39e5fdb7d', '2026-01-14 20:53:28.07198+00', NULL),
	('8761c0ab-8018-464d-8214-24d4cccafaa3', '7f821bed-9411-4e15-bf5b-1175fd98b41b', 'COMMENT_ADDED', NULL, NULL, NULL, 'what is the status, when it will be unblock?', 'GUEST', '73904179-cca9-40ab-a2c4-e509dadbbbbb', '2026-01-14 19:35:53.245548+00', NULL),
	('aef07182-3e87-42a6-b3df-294e6b17880e', '7f821bed-9411-4e15-bf5b-1175fd98b41b', 'COMMENT_ADDED', NULL, NULL, NULL, 'adf', 'GUEST', '73904179-cca9-40ab-a2c4-e509dadbbbbb', '2026-01-14 19:46:40.992388+00', NULL),
	('fc57d7d0-020b-49bc-8d29-3588e96236f6', 'd125c12e-a200-4867-b83c-f7a71902dbb9', 'STARTED', 'NEW', 'IN_PROGRESS', NULL, '', 'STAFF', '18ced61e-1508-47f0-bb6d-a3e39e5fdb7d', '2026-01-16 21:35:03.794643+00', NULL),
	('0c257b33-4576-4f06-910b-f682898a6347', '55295574-1e6d-46e9-82a9-cbd2f6ad7a2b', 'REOPENED', 'COMPLETED', 'NEW', NULL, 'reopening to test', 'GUEST', '73904179-cca9-40ab-a2c4-e509dadbbbbb', '2026-01-15 20:47:50.74776+00', NULL),
	('12d6ca05-5911-4668-a75d-0d30891bdb7d', '47a20834-0758-45ff-adce-0227799bce57', 'ASSIGNED', NULL, NULL, NULL, 'Auto-assigned by scheduler', 'SYSTEM', '18ced61e-1508-47f0-bb6d-a3e39e5fdb7d', '2026-01-15 20:58:00.032661+00', NULL),
	('c8be351a-d727-4467-bf93-1188904ad74c', '55295574-1e6d-46e9-82a9-cbd2f6ad7a2b', 'ASSIGNED', NULL, NULL, NULL, 'Auto-assigned by scheduler', 'SYSTEM', '18ced61e-1508-47f0-bb6d-a3e39e5fdb7d', '2026-01-15 20:58:00.032661+00', NULL),
	('4bf0bf8e-80c5-496e-8a4b-798a9a1a3f82', '47a20834-0758-45ff-adce-0227799bce57', 'COMMENT_ADDED', NULL, NULL, NULL, 'hello please look as it is urgent', 'GUEST', '73904179-cca9-40ab-a2c4-e509dadbbbbb', '2026-01-15 20:59:27.592805+00', NULL),
	('6c607ce7-7af0-44af-8c88-1bb7d33be29d', '47a20834-0758-45ff-adce-0227799bce57', 'COMMENT_ADDED', NULL, NULL, NULL, 'ok, let me analyse it', 'STAFF', '18ced61e-1508-47f0-bb6d-a3e39e5fdb7d', '2026-01-15 21:00:14.389617+00', NULL),
	('098cce0b-be62-402f-8ec2-eea67d573b60', '47a20834-0758-45ff-adce-0227799bce57', 'STARTED', 'NEW', 'IN_PROGRESS', NULL, '', 'STAFF', '18ced61e-1508-47f0-bb6d-a3e39e5fdb7d', '2026-01-15 21:03:20.602221+00', NULL),
	('8a827a69-0da1-4a72-8fd1-e5d15911e48d', '47a20834-0758-45ff-adce-0227799bce57', 'COMPLETED', 'IN_PROGRESS', 'COMPLETED', NULL, 'as discuss cleaned the room', 'STAFF', '18ced61e-1508-47f0-bb6d-a3e39e5fdb7d', '2026-01-15 21:04:29.02428+00', NULL),
	('381e618c-32ee-4f2b-bc4f-4d3d66665889', '55295574-1e6d-46e9-82a9-cbd2f6ad7a2b', 'CANCELLED', 'NEW', 'CANCELLED', 'REQUEST_MADE_BY_MISTAKE', 'i did mistake, it is not required', 'GUEST', '73904179-cca9-40ab-a2c4-e509dadbbbbb', '2026-01-16 09:15:06.35277+00', NULL),
	('88ab964d-0ce9-46c7-9fef-752eef53264f', 'd125c12e-a200-4867-b83c-f7a71902dbb9', 'SLA_EXCEPTION_REQUESTED', NULL, NULL, 'STRUCTURAL_OR_INFRA_ISSUE', 'gwege', 'STAFF', '18ced61e-1508-47f0-bb6d-a3e39e5fdb7d', '2026-01-16 21:35:17.623946+00', NULL),
	('2262faa5-2060-4c8b-9eeb-782ec08ac826', '7f821bed-9411-4e15-bf5b-1175fd98b41b', 'UNBLOCKED', 'BLOCKED', 'IN_PROGRESS', 'SUPERVISOR_APPROVED', '', 'STAFF', '18ced61e-1508-47f0-bb6d-a3e39e5fdb7d', '2026-01-16 11:25:54.010423+00', NULL),
	('5e04b8a8-b1a3-4506-b494-b09c29cae676', '7f821bed-9411-4e15-bf5b-1175fd98b41b', 'BLOCKED', 'IN_PROGRESS', 'BLOCKED', 'GUEST_REQUESTED_LATER', '', 'STAFF', '18ced61e-1508-47f0-bb6d-a3e39e5fdb7d', '2026-01-16 11:26:08.335949+00', '2026-01-16 11:56:07.237+00'),
	('10327082-cffe-4c67-9185-1e253fa22928', 'b03d9b3b-4cc2-4757-887e-99594ce88d27', 'CREATED', NULL, 'NEW', NULL, 'Service request created: Turn Down Service', 'GUEST', NULL, '2026-01-17 14:51:15.988442+00', NULL),
	('d28a14fb-e199-438b-b961-b275089c7bd4', 'd125c12e-a200-4867-b83c-f7a71902dbb9', 'SUPERVISOR_REJECTED', NULL, NULL, 'supervisor_approval', 'not correct reason given to approve', 'STAFF', '18ced61e-1508-47f0-bb6d-a3e39e5fdb7d', '2026-01-17 15:45:48.786401+00', NULL),
	('e91778b1-562b-4a66-9887-5e7ff819eb30', '0a3d474a-e885-4b73-a5a5-26c284deb104', 'UNBLOCKED', 'BLOCKED', 'IN_PROGRESS', 'SUPERVISOR_APPROVED', 'Approved', 'STAFF', '18ced61e-1508-47f0-bb6d-a3e39e5fdb7d', '2026-01-17 18:43:39.936093+00', NULL),
	('a47f26a9-d2a6-4bc0-b2bd-b5dbb35badb8', '7f821bed-9411-4e15-bf5b-1175fd98b41b', 'UNBLOCKED', 'BLOCKED', 'IN_PROGRESS', 'OTHER', 'sfsa', 'STAFF', '18ced61e-1508-47f0-bb6d-a3e39e5fdb7d', '2026-01-16 13:10:20.744462+00', NULL),
	('016ae27a-f532-40f3-9686-fb59a97f91e5', '7f821bed-9411-4e15-bf5b-1175fd98b41b', 'BLOCKED', 'IN_PROGRESS', 'BLOCKED', 'room_locked', '', 'STAFF', '18ced61e-1508-47f0-bb6d-a3e39e5fdb7d', '2026-01-16 13:10:46.89904+00', '2026-01-16 13:40:44.264+00'),
	('99491093-49fb-4ae0-9e1b-25d9cd18fc73', 'd125c12e-a200-4867-b83c-f7a71902dbb9', 'SLA_EXCEPTION_GRANTED', NULL, NULL, 'sla_exception', '', 'STAFF', '18ced61e-1508-47f0-bb6d-a3e39e5fdb7d', '2026-01-17 19:41:20.528084+00', NULL),
	('cc5e33f9-6e71-4713-b9d6-36a8c178ca35', 'b03d9b3b-4cc2-4757-887e-99594ce88d27', 'SLA_EXCEPTION_GRANTED', NULL, NULL, 'sla_exception', 'no', 'STAFF', '18ced61e-1508-47f0-bb6d-a3e39e5fdb7d', '2026-01-18 10:39:33.684564+00', NULL),
	('eb10a4e0-ca3a-4170-bcb5-692f4c140771', '19375e2d-c027-4e28-92e4-a34c4cac2715', 'CREATED', NULL, 'NEW', NULL, 'Service request created: Turn Down Service', 'GUEST', NULL, '2026-01-18 10:53:22.025745+00', NULL),
	('63723510-f0cf-495f-a951-23e92a8f7b8e', '1c1e4b5e-96a7-414e-b8e7-dd24a0d87217', 'STARTED', 'NEW', 'IN_PROGRESS', NULL, '', 'STAFF', '18ced61e-1508-47f0-bb6d-a3e39e5fdb7d', '2026-01-18 10:54:29.052985+00', NULL),
	('8ec36c42-2ced-41a7-ac4e-79752f122525', '56f3ee05-5319-44c2-b345-917841ccb226', 'STARTED', 'NEW', 'IN_PROGRESS', NULL, '', 'STAFF', '18ced61e-1508-47f0-bb6d-a3e39e5fdb7d', '2026-01-18 10:54:31.848587+00', NULL),
	('0728323d-5386-4789-b6d3-5614d2519690', '369d8919-72b5-4847-9027-ca88d274961e', 'ASSIGNED', NULL, NULL, NULL, 'Auto-assigned by scheduler', 'SYSTEM', '18ced61e-1508-47f0-bb6d-a3e39e5fdb7d', '2026-01-18 12:52:00.342612+00', NULL),
	('02fc34fa-0522-419d-b8e6-8ff9fd38b0cb', '1af0acdc-18b6-4831-bf85-77e2213df06e', 'STARTED', 'NEW', 'IN_PROGRESS', NULL, '', 'STAFF', '18ced61e-1508-47f0-bb6d-a3e39e5fdb7d', '2026-01-18 19:03:40.62232+00', NULL),
	('06c10751-61dd-40c8-a550-ed9f39127dda', 'd125c12e-a200-4867-b83c-f7a71902dbb9', 'COMPLETED', 'IN_PROGRESS', 'COMPLETED', NULL, '', 'STAFF', '18ced61e-1508-47f0-bb6d-a3e39e5fdb7d', '2026-01-18 19:03:54.262324+00', NULL),
	('bd6db536-1198-45f0-b46b-9d478bb07689', '5a6fc0c4-cd22-4200-ac4f-335c77e92704', 'CREATED', NULL, 'NEW', NULL, 'Service request created: Room Cleaning', 'GUEST', NULL, '2026-01-19 19:20:47.89237+00', NULL),
	('7a7abc26-b423-4700-8b4e-1cbb55ebeeb4', '8eb944e5-9487-447c-8175-3124f79c24c5', 'CREATED', NULL, 'NEW', NULL, 'Service request created: Room Cleaning', 'GUEST', NULL, '2026-01-19 19:23:41.60471+00', NULL),
	('5a43ff8a-412d-488f-a769-0818ca490abb', '75c5da3c-b0e0-40a2-ad1e-94090bdffdd2', 'CREATED', NULL, 'NEW', NULL, 'Service request created: Room Cleaning', 'GUEST', NULL, '2026-01-19 19:26:20.781142+00', NULL),
	('bc59ff59-ce46-434d-b98b-566147af5994', '456bfd4e-1b69-4023-ae17-0fda6770dee8', 'ASSIGNED', NULL, NULL, NULL, 'Auto-assigned by scheduler', 'SYSTEM', '18ced61e-1508-47f0-bb6d-a3e39e5fdb7d', '2026-01-19 19:29:00.160018+00', NULL),
	('1ac7db8f-7867-4b12-9a30-593bd1e26328', 'df54b7d9-ad2d-4aa9-aa79-6f91185369b8', 'CREATED', NULL, 'NEW', NULL, 'Service request created: Extra Towels', 'GUEST', NULL, '2026-01-19 19:33:37.315704+00', NULL),
	('a08a7549-7fbe-4f38-9310-1d354c9d7a3d', '2d738de3-fce8-4ae6-991d-5c12248a1b27', 'ASSIGNED', NULL, NULL, NULL, 'Auto-assigned by scheduler', 'SYSTEM', '18ced61e-1508-47f0-bb6d-a3e39e5fdb7d', '2026-01-21 15:10:00.089864+00', NULL),
	('0df12dbc-8339-484f-9930-e829528b9279', 'f104cefa-d106-4f8d-b6c8-d8d76bfaf2d5', 'CREATED', NULL, 'NEW', NULL, 'Service request created: Extra Towels', 'GUEST', NULL, '2026-01-21 16:21:56.36143+00', NULL),
	('f6146c9f-7c37-486c-8163-d97b5c5ea911', '0a3d474a-e885-4b73-a5a5-26c284deb104', 'COMPLETED', 'IN_PROGRESS', 'COMPLETED', NULL, '', 'STAFF', '18ced61e-1508-47f0-bb6d-a3e39e5fdb7d', '2026-01-21 16:22:13.771098+00', NULL),
	('36f98ae1-1952-4b1f-b885-b60c22d80106', 'f104cefa-d106-4f8d-b6c8-d8d76bfaf2d5', 'STARTED', 'NEW', 'IN_PROGRESS', NULL, '', 'STAFF', '18ced61e-1508-47f0-bb6d-a3e39e5fdb7d', '2026-01-21 16:22:30.96427+00', NULL),
	('039d12b8-0f3a-46fb-b9e7-4ed79e7cd060', 'f104cefa-d106-4f8d-b6c8-d8d76bfaf2d5', 'COMPLETED', 'IN_PROGRESS', 'COMPLETED', NULL, '', 'STAFF', '18ced61e-1508-47f0-bb6d-a3e39e5fdb7d', '2026-01-21 16:22:36.380883+00', NULL),
	('dae15aa5-901c-4acb-bcbb-8720bf31c4c8', '75c5da3c-b0e0-40a2-ad1e-94090bdffdd2', 'STARTED', 'NEW', 'IN_PROGRESS', NULL, '', 'STAFF', '18ced61e-1508-47f0-bb6d-a3e39e5fdb7d', '2026-01-24 11:54:43.239933+00', NULL),
	('6d049e73-1b13-48b9-a1fa-5f9efa3675ed', '456bfd4e-1b69-4023-ae17-0fda6770dee8', 'COMPLETED', 'IN_PROGRESS', 'COMPLETED', NULL, '', 'STAFF', '18ced61e-1508-47f0-bb6d-a3e39e5fdb7d', '2026-01-24 11:54:51.68939+00', NULL),
	('d3a94f96-4337-43b1-bd3d-479664c5db6b', '547de76f-39d9-47c8-b0f7-97d79e4a6ef8', 'COMPLETED', 'IN_PROGRESS', 'COMPLETED', NULL, '', 'STAFF', '18ced61e-1508-47f0-bb6d-a3e39e5fdb7d', '2026-01-24 11:54:56.932924+00', NULL),
	('24960f1a-acd1-42fb-b68a-b9f984edeb23', 'df54b7d9-ad2d-4aa9-aa79-6f91185369b8', 'BLOCKED', 'IN_PROGRESS', 'BLOCKED', 'supplies_unavailable', '', 'STAFF', '18ced61e-1508-47f0-bb6d-a3e39e5fdb7d', '2026-01-24 11:55:08.998549+00', NULL),
	('16dc2c15-081f-4dc5-a288-916503379f7d', 'b76ae30b-dc0e-4490-99a6-4ef232e9e89c', 'STARTED', 'NEW', 'IN_PROGRESS', NULL, '', 'STAFF', '18ced61e-1508-47f0-bb6d-a3e39e5fdb7d', '2026-01-24 11:55:15.083147+00', NULL),
	('44b460ca-bc25-4d46-ab94-7ae7e697e754', '93e10f5b-691b-4903-a7af-cc7aa5030a17', 'COMPLETED', 'IN_PROGRESS', 'COMPLETED', NULL, '', 'STAFF', '18ced61e-1508-47f0-bb6d-a3e39e5fdb7d', '2026-01-25 19:50:45.45408+00', NULL),
	('a7642208-2d22-4c2f-862a-33a9b97f1f15', '835e32d1-12f2-4c6d-bb08-86d387a83529', 'COMPLETED', 'IN_PROGRESS', 'COMPLETED', NULL, '', 'STAFF', '18ced61e-1508-47f0-bb6d-a3e39e5fdb7d', '2026-01-25 19:50:47.552296+00', NULL),
	('52d6e96b-1ba8-4657-90bd-5627a295baf8', '3aa4ba2c-a678-4eb7-a30e-55c29cdde1dc', 'STARTED', 'NEW', 'IN_PROGRESS', NULL, '', 'STAFF', '18ced61e-1508-47f0-bb6d-a3e39e5fdb7d', '2026-01-25 19:50:52.310227+00', NULL),
	('2b062903-2d94-4037-a77d-f4e2999c46b0', '456bfd4e-1b69-4023-ae17-0fda6770dee8', 'ASSIGNED', NULL, NULL, NULL, 'Auto-assigned by scheduler', 'SYSTEM', '18ced61e-1508-47f0-bb6d-a3e39e5fdb7d', '2026-01-25 19:51:00.131809+00', NULL),
	('a0ffc11e-8ac2-4bde-b1eb-7d4c4e13517d', '553511d0-0cda-424c-b05f-cda727e43459', 'STARTED', 'NEW', 'IN_PROGRESS', NULL, '', 'STAFF', '18ced61e-1508-47f0-bb6d-a3e39e5fdb7d', '2026-01-25 19:51:03.703783+00', NULL),
	('d19a2eb2-3b7b-4e4e-b710-156bba2611e0', '332d57a5-50ce-4769-9e62-3673f00f5cf1', 'CREATED', NULL, 'NEW', NULL, 'Service request created: Turn Down Service', 'GUEST', NULL, '2026-01-25 19:52:27.510803+00', NULL),
	('a27ee8f3-26f2-420a-a14a-0d9c537aadd5', '332d57a5-50ce-4769-9e62-3673f00f5cf1', 'ASSIGNED', NULL, NULL, NULL, 'Auto-assigned by scheduler', 'SYSTEM', '18ced61e-1508-47f0-bb6d-a3e39e5fdb7d', '2026-01-25 19:53:00.111359+00', NULL),
	('362a0d5d-06b1-4ede-8e2d-cad643fcb83c', '332d57a5-50ce-4769-9e62-3673f00f5cf1', 'COMMENT_ADDED', NULL, NULL, NULL, 'dsfgsd', 'GUEST', NULL, '2026-01-25 19:55:44.933227+00', NULL),
	('0fe18062-b7ef-450e-8e00-2f27e86f3707', '558cbec9-ad0b-4d60-9a30-75648657c694', 'CREATED', NULL, 'NEW', NULL, 'Service request created: Room Cleaning', 'GUEST', NULL, '2026-01-26 18:30:31.012709+00', NULL),
	('9baa2f35-a675-42e7-949e-6563efb89237', '558cbec9-ad0b-4d60-9a30-75648657c694', 'ASSIGNED', NULL, NULL, NULL, 'Auto-assigned by scheduler', 'SYSTEM', '18ced61e-1508-47f0-bb6d-a3e39e5fdb7d', '2026-01-26 18:31:00.274639+00', NULL),
	('a517c218-7b33-4329-91fb-19edb39d7648', '558cbec9-ad0b-4d60-9a30-75648657c694', 'STARTED', 'NEW', 'IN_PROGRESS', NULL, '', 'STAFF', '18ced61e-1508-47f0-bb6d-a3e39e5fdb7d', '2026-01-26 18:33:25.745684+00', NULL),
	('fe1a04d5-3379-4f15-a0fd-d2c4c41d79e2', '558cbec9-ad0b-4d60-9a30-75648657c694', 'COMPLETED', 'IN_PROGRESS', 'COMPLETED', NULL, '', 'STAFF', '18ced61e-1508-47f0-bb6d-a3e39e5fdb7d', '2026-01-26 18:33:32.998014+00', NULL),
	('aea222d5-3c6c-4629-9391-613f129a969b', '3f90e093-e41f-46e5-a8a2-ca36bd5d567b', 'CREATED', NULL, 'NEW', NULL, 'Service request created: Turn Down Service', 'GUEST', NULL, '2026-02-02 17:06:56.23202+00', NULL),
	('e9538f4c-d9d7-4860-a210-8b777052129b', '456bfd4e-1b69-4023-ae17-0fda6770dee8', 'STARTED', 'NEW', 'IN_PROGRESS', NULL, '', 'STAFF', '18ced61e-1508-47f0-bb6d-a3e39e5fdb7d', '2026-02-02 17:07:35.17023+00', NULL),
	('80345928-71cc-43f5-8e73-100a04a62744', '332d57a5-50ce-4769-9e62-3673f00f5cf1', 'STARTED', 'NEW', 'IN_PROGRESS', NULL, '', 'STAFF', '18ced61e-1508-47f0-bb6d-a3e39e5fdb7d', '2026-02-02 17:07:39.765109+00', NULL),
	('c4d24d60-e72e-4891-9506-821cd77751e6', 'b76ae30b-dc0e-4490-99a6-4ef232e9e89c', 'COMPLETED', 'IN_PROGRESS', 'COMPLETED', NULL, '', 'STAFF', '18ced61e-1508-47f0-bb6d-a3e39e5fdb7d', '2026-02-02 17:07:44.580999+00', NULL),
	('1dec461d-0864-43d3-825a-cfa6767b024a', '3aa4ba2c-a678-4eb7-a30e-55c29cdde1dc', 'COMPLETED', 'IN_PROGRESS', 'COMPLETED', NULL, '', 'STAFF', '18ced61e-1508-47f0-bb6d-a3e39e5fdb7d', '2026-02-02 17:07:47.994864+00', NULL),
	('753bc79f-49ea-4f0b-b1d8-4e3a47d75a82', '6d40ae39-158c-4e73-87a2-aef47c77dce7', 'CREATED', NULL, 'NEW', NULL, 'Service request created: Room Cleaning', 'GUEST', NULL, '2026-02-02 17:12:56.91186+00', NULL),
	('b92cb224-ab91-46c1-8f13-a6ae5989e6ab', '3f90e093-e41f-46e5-a8a2-ca36bd5d567b', 'ASSIGNED', NULL, NULL, NULL, 'Auto-assigned by scheduler', 'SYSTEM', '18ced61e-1508-47f0-bb6d-a3e39e5fdb7d', '2026-02-02 17:21:00.139871+00', NULL),
	('e709d169-54b9-496e-a8d3-e30a45a32e70', '6d40ae39-158c-4e73-87a2-aef47c77dce7', 'ASSIGNED', NULL, NULL, NULL, 'Auto-assigned by scheduler', 'SYSTEM', '18ced61e-1508-47f0-bb6d-a3e39e5fdb7d', '2026-02-02 17:21:00.139871+00', NULL),
	('705053dd-4d74-4cb7-bf00-f2a720d40e9b', '3f90e093-e41f-46e5-a8a2-ca36bd5d567b', 'STARTED', 'NEW', 'IN_PROGRESS', NULL, '', 'STAFF', '18ced61e-1508-47f0-bb6d-a3e39e5fdb7d', '2026-02-03 16:20:42.689824+00', NULL),
	('fe36b43f-598a-4ac4-9ee1-66e298d5c73c', '332d57a5-50ce-4769-9e62-3673f00f5cf1', 'COMPLETED', 'IN_PROGRESS', 'COMPLETED', NULL, '', 'STAFF', '18ced61e-1508-47f0-bb6d-a3e39e5fdb7d', '2026-02-03 16:20:45.898022+00', NULL),
	('2237ab0e-feb0-411a-95a6-7126a11dd21e', '3f90e093-e41f-46e5-a8a2-ca36bd5d567b', 'COMPLETED', 'IN_PROGRESS', 'COMPLETED', NULL, '', 'STAFF', '18ced61e-1508-47f0-bb6d-a3e39e5fdb7d', '2026-02-03 16:20:48.179693+00', NULL),
	('6a15af33-fc4f-4026-9aca-31aa5de68d72', 'c7bc5937-1bc3-40b2-8c85-52a6da741f01', 'STARTED', 'NEW', 'IN_PROGRESS', NULL, '', 'STAFF', '18ced61e-1508-47f0-bb6d-a3e39e5fdb7d', '2026-02-03 16:20:50.427479+00', NULL),
	('d3179b80-ccee-4163-b077-45665ebb5af6', 'c7bc5937-1bc3-40b2-8c85-52a6da741f01', 'COMPLETED', 'IN_PROGRESS', 'COMPLETED', NULL, '', 'STAFF', '18ced61e-1508-47f0-bb6d-a3e39e5fdb7d', '2026-02-03 16:20:53.902417+00', NULL),
	('9838f308-5515-46d2-80bd-408ae5cacdd8', '6d40ae39-158c-4e73-87a2-aef47c77dce7', 'STARTED', 'NEW', 'IN_PROGRESS', NULL, '', 'STAFF', '18ced61e-1508-47f0-bb6d-a3e39e5fdb7d', '2026-02-03 16:20:58.112891+00', NULL),
	('4be93d53-e6f6-4a8d-b043-2fa088360000', '6d40ae39-158c-4e73-87a2-aef47c77dce7', 'COMPLETED', 'IN_PROGRESS', 'COMPLETED', NULL, '', 'STAFF', '18ced61e-1508-47f0-bb6d-a3e39e5fdb7d', '2026-02-03 16:21:01.766421+00', NULL),
	('fd996c23-8b08-45e8-bd71-30fc7ac4a9bb', '5b2b1d85-e199-4ef7-aca8-7b91969b9df0', 'STARTED', 'NEW', 'IN_PROGRESS', NULL, '', 'STAFF', '18ced61e-1508-47f0-bb6d-a3e39e5fdb7d', '2026-02-03 16:21:04.465659+00', NULL),
	('1eed22f4-a2a7-4a61-b6b2-813c847147f3', '5b2b1d85-e199-4ef7-aca8-7b91969b9df0', 'COMPLETED', 'IN_PROGRESS', 'COMPLETED', NULL, '', 'STAFF', '18ced61e-1508-47f0-bb6d-a3e39e5fdb7d', '2026-02-03 16:21:07.46467+00', NULL),
	('ede5f46d-1ca0-4ca7-92f1-fc090e31f164', '8a13e5a1-4eea-4c0e-957d-4371e672fcb3', 'CREATED', NULL, 'NEW', NULL, 'Service request created: Room Cleaning', 'GUEST', NULL, '2026-02-03 16:21:29.638415+00', NULL),
	('0f966692-8577-4da8-9d09-ae68e3b07a37', '8a13e5a1-4eea-4c0e-957d-4371e672fcb3', 'ASSIGNED', NULL, NULL, NULL, 'Auto-assigned by scheduler', 'SYSTEM', '18ced61e-1508-47f0-bb6d-a3e39e5fdb7d', '2026-02-03 16:22:00.422318+00', NULL),
	('1b6717a4-1967-4fa2-b822-253250debe9c', '27d9f3ef-e943-4baa-a9a3-35bb825eddfa', 'CREATED', NULL, 'NEW', NULL, 'Service request created: Extra Towels', 'GUEST', NULL, '2026-02-03 16:27:13.496221+00', NULL),
	('ca01bb8b-dfc7-4843-903e-10a2a4228986', '27d9f3ef-e943-4baa-a9a3-35bb825eddfa', 'ASSIGNED', NULL, NULL, NULL, 'Auto-assigned by scheduler', 'SYSTEM', '18ced61e-1508-47f0-bb6d-a3e39e5fdb7d', '2026-02-03 16:28:00.194589+00', NULL),
	('81759cd0-bee0-425d-b7f5-764b1c6929fc', 'f888fa16-a3ad-4149-a467-64f27ffcdd4a', 'CREATED', NULL, 'NEW', NULL, 'Service request created: Extra Towels', 'GUEST', NULL, '2026-02-03 18:58:11.288228+00', NULL),
	('d96dda44-2a19-4635-90a3-38861623fe66', 'f888fa16-a3ad-4149-a467-64f27ffcdd4a', 'ASSIGNED', NULL, NULL, NULL, 'Auto-assigned by scheduler', 'SYSTEM', '18ced61e-1508-47f0-bb6d-a3e39e5fdb7d', '2026-02-03 18:59:00.149485+00', NULL),
	('72e4222c-ffb4-42a6-9f17-dfe1530e8b05', 'f888fa16-a3ad-4149-a467-64f27ffcdd4a', 'STARTED', 'NEW', 'IN_PROGRESS', NULL, '', 'STAFF', '18ced61e-1508-47f0-bb6d-a3e39e5fdb7d', '2026-02-03 19:44:34.362439+00', NULL),
	('283fe064-73ae-4341-b19a-e449fecb898c', '8a13e5a1-4eea-4c0e-957d-4371e672fcb3', 'STARTED', 'NEW', 'IN_PROGRESS', NULL, '', 'STAFF', '18ced61e-1508-47f0-bb6d-a3e39e5fdb7d', '2026-02-03 19:44:36.772273+00', NULL),
	('ea4c44c3-314b-48c8-8b23-fe2b5617f7d2', 'e072ff9c-10a2-4426-bd6f-f3a06c0c5cf1', 'STARTED', 'NEW', 'IN_PROGRESS', NULL, '', 'STAFF', '18ced61e-1508-47f0-bb6d-a3e39e5fdb7d', '2026-02-18 16:51:22.667817+00', NULL),
	('5892bb5b-531e-457e-bae8-f5080937abe7', '8bdba309-4e2e-411c-b98b-3c8b45b4fe27', 'CREATED', NULL, 'NEW', NULL, 'Service request created: Room Cleaning', 'GUEST', NULL, '2026-02-20 19:32:53.210899+00', NULL),
	('114ae099-a38c-46db-9b04-26ce2d68cf3a', '8bdba309-4e2e-411c-b98b-3c8b45b4fe27', 'ASSIGNED', NULL, NULL, NULL, 'Auto-assigned by scheduler', 'SYSTEM', '18ced61e-1508-47f0-bb6d-a3e39e5fdb7d', '2026-02-20 19:33:00.088283+00', NULL),
	('dc87c9a1-b2b3-4a61-b429-ee62e380cee3', '8bdba309-4e2e-411c-b98b-3c8b45b4fe27', 'STARTED', 'NEW', 'IN_PROGRESS', NULL, '', 'STAFF', '18ced61e-1508-47f0-bb6d-a3e39e5fdb7d', '2026-02-20 19:34:14.796364+00', NULL),
	('08447da3-c131-4f7a-9008-d38992dce213', '8bdba309-4e2e-411c-b98b-3c8b45b4fe27', 'COMPLETED', 'IN_PROGRESS', 'COMPLETED', NULL, '', 'STAFF', '18ced61e-1508-47f0-bb6d-a3e39e5fdb7d', '2026-02-20 19:34:28.940649+00', NULL),
	('507226d0-c71c-47c5-83a5-f9cc15586b5b', 'e072ff9c-10a2-4426-bd6f-f3a06c0c5cf1', 'COMPLETED', 'IN_PROGRESS', 'COMPLETED', NULL, '', 'STAFF', '18ced61e-1508-47f0-bb6d-a3e39e5fdb7d', '2026-02-28 08:28:03.469114+00', NULL),
	('68197153-ac6c-4e6d-b381-6cf4367ff87a', '49f54b9c-a6ed-4fc8-b1f8-304e435a9c75', 'COMPLETED', 'IN_PROGRESS', 'COMPLETED', NULL, '', 'STAFF', '18ced61e-1508-47f0-bb6d-a3e39e5fdb7d', '2026-02-28 08:28:07.41839+00', NULL),
	('9f678345-b95f-477c-8944-b5e172c308e5', '369d8919-72b5-4847-9027-ca88d274961e', 'COMPLETED', 'IN_PROGRESS', 'COMPLETED', NULL, '', 'STAFF', '18ced61e-1508-47f0-bb6d-a3e39e5fdb7d', '2026-02-28 08:28:12.607508+00', NULL),
	('437e49ca-5b9d-493e-8ead-b856115fff58', 'f888fa16-a3ad-4149-a467-64f27ffcdd4a', 'COMPLETED', 'IN_PROGRESS', 'COMPLETED', NULL, '', 'STAFF', '18ced61e-1508-47f0-bb6d-a3e39e5fdb7d', '2026-02-28 08:28:20.959905+00', NULL),
	('6d5aa8c0-1b6e-45c0-b497-c80c4bf90423', '8a13e5a1-4eea-4c0e-957d-4371e672fcb3', 'COMPLETED', 'IN_PROGRESS', 'COMPLETED', NULL, '', 'STAFF', '18ced61e-1508-47f0-bb6d-a3e39e5fdb7d', '2026-02-28 08:28:26.072975+00', NULL),
	('a5b5f291-c3e3-4735-b22d-6d632dfcd6ad', '553511d0-0cda-424c-b05f-cda727e43459', 'COMPLETED', 'IN_PROGRESS', 'COMPLETED', NULL, '', 'STAFF', '18ced61e-1508-47f0-bb6d-a3e39e5fdb7d', '2026-02-28 08:28:32.474951+00', NULL),
	('242af926-ab5d-49cb-826f-0f570a8014fd', '456bfd4e-1b69-4023-ae17-0fda6770dee8', 'COMPLETED', 'IN_PROGRESS', 'COMPLETED', NULL, '', 'STAFF', '18ced61e-1508-47f0-bb6d-a3e39e5fdb7d', '2026-02-28 08:28:52.906689+00', NULL),
	('e06b754c-ba64-4ca0-9103-f327797ab017', '75c5da3c-b0e0-40a2-ad1e-94090bdffdd2', 'COMPLETED', 'IN_PROGRESS', 'COMPLETED', NULL, '', 'STAFF', '18ced61e-1508-47f0-bb6d-a3e39e5fdb7d', '2026-02-28 08:29:00.586301+00', NULL),
	('7c9137d6-a075-4339-9bd4-481cdf4f51e4', 'df54b7d9-ad2d-4aa9-aa79-6f91185369b8', 'UNBLOCKED', 'BLOCKED', 'IN_PROGRESS', 'SUPERVISOR_APPROVED', '', 'STAFF', '18ced61e-1508-47f0-bb6d-a3e39e5fdb7d', '2026-02-28 08:29:09.935042+00', NULL),
	('cc5abe4d-38f2-4ed6-bfa9-1a49e1c5e009', '7f821bed-9411-4e15-bf5b-1175fd98b41b', 'UNBLOCKED', 'BLOCKED', 'IN_PROGRESS', 'ROOM_UNLOCKED', '', 'STAFF', '18ced61e-1508-47f0-bb6d-a3e39e5fdb7d', '2026-02-28 08:29:18.970674+00', NULL),
	('2f33927b-0bb7-4717-931a-7617f4e10274', 'b3c854ae-1f17-4eec-ae09-b9158dff072e', 'UNBLOCKED', 'BLOCKED', 'IN_PROGRESS', 'SUPPLIES_ARRIVED', '', 'STAFF', '18ced61e-1508-47f0-bb6d-a3e39e5fdb7d', '2026-02-28 08:29:30.115231+00', NULL),
	('859a2f39-9bb8-46ec-a881-70ab1d2c2068', 'df54b7d9-ad2d-4aa9-aa79-6f91185369b8', 'COMPLETED', 'IN_PROGRESS', 'COMPLETED', NULL, '', 'STAFF', '18ced61e-1508-47f0-bb6d-a3e39e5fdb7d', '2026-02-28 08:29:43.702036+00', NULL),
	('fbaa8ef8-7c48-49fb-b53b-5605e52e6a1c', '7f821bed-9411-4e15-bf5b-1175fd98b41b', 'COMPLETED', 'IN_PROGRESS', 'COMPLETED', NULL, '', 'STAFF', '18ced61e-1508-47f0-bb6d-a3e39e5fdb7d', '2026-02-28 08:29:49.457368+00', NULL),
	('2067ca0c-f94f-427a-aa5f-febabc536d59', 'b3c854ae-1f17-4eec-ae09-b9158dff072e', 'COMPLETED', 'IN_PROGRESS', 'COMPLETED', NULL, '', 'STAFF', '18ced61e-1508-47f0-bb6d-a3e39e5fdb7d', '2026-02-28 08:29:59.539293+00', NULL),
	('a85e5271-5e25-4c11-9871-2fb44e534cd5', '1c1e4b5e-96a7-414e-b8e7-dd24a0d87217', 'UNBLOCKED', 'BLOCKED', 'IN_PROGRESS', 'SUPERVISOR_APPROVED', '', 'STAFF', '18ced61e-1508-47f0-bb6d-a3e39e5fdb7d', '2026-02-28 08:30:09.181057+00', NULL),
	('6b47f47a-7e55-40ba-9184-16c2dbc4e7bb', 'b03d9b3b-4cc2-4757-887e-99594ce88d27', 'UNBLOCKED', 'BLOCKED', 'IN_PROGRESS', 'SUPERVISOR_APPROVED', '', 'STAFF', '18ced61e-1508-47f0-bb6d-a3e39e5fdb7d', '2026-02-28 08:30:20.824199+00', NULL),
	('28e7b495-5239-488d-87ea-8cb477d48800', '1c1e4b5e-96a7-414e-b8e7-dd24a0d87217', 'COMPLETED', 'IN_PROGRESS', 'COMPLETED', NULL, '', 'STAFF', '18ced61e-1508-47f0-bb6d-a3e39e5fdb7d', '2026-02-28 08:30:30.331896+00', NULL),
	('99b7430f-2b94-41b3-a1d1-08dff4ccf298', 'b03d9b3b-4cc2-4757-887e-99594ce88d27', 'COMPLETED', 'IN_PROGRESS', 'COMPLETED', NULL, '', 'STAFF', '18ced61e-1508-47f0-bb6d-a3e39e5fdb7d', '2026-02-28 08:30:36.163537+00', NULL),
	('c06a90e1-ee88-4236-a89c-9b7937bd6b4b', '19375e2d-c027-4e28-92e4-a34c4cac2715', 'STARTED', 'NEW', 'IN_PROGRESS', NULL, '', 'STAFF', '18ced61e-1508-47f0-bb6d-a3e39e5fdb7d', '2026-02-28 08:30:42.584517+00', NULL),
	('13b34235-1ce0-422b-8c46-73bc970e4ca2', '19375e2d-c027-4e28-92e4-a34c4cac2715', 'COMPLETED', 'IN_PROGRESS', 'COMPLETED', NULL, '', 'STAFF', '18ced61e-1508-47f0-bb6d-a3e39e5fdb7d', '2026-02-28 08:30:54.114589+00', NULL),
	('35edf7be-f0e6-4749-9d4e-4714f3be311c', '5a6fc0c4-cd22-4200-ac4f-335c77e92704', 'STARTED', 'NEW', 'IN_PROGRESS', NULL, '', 'STAFF', '18ced61e-1508-47f0-bb6d-a3e39e5fdb7d', '2026-02-28 08:30:59.788787+00', NULL),
	('ede5f2b9-762c-4eff-b1f3-a40aa78d0297', '5a6fc0c4-cd22-4200-ac4f-335c77e92704', 'COMPLETED', 'IN_PROGRESS', 'COMPLETED', NULL, '', 'STAFF', '18ced61e-1508-47f0-bb6d-a3e39e5fdb7d', '2026-02-28 08:31:05.270532+00', NULL),
	('f7e73a6f-9e59-4a95-a166-f404db7c9d25', '8eb944e5-9487-447c-8175-3124f79c24c5', 'STARTED', 'NEW', 'IN_PROGRESS', NULL, '', 'STAFF', '18ced61e-1508-47f0-bb6d-a3e39e5fdb7d', '2026-02-28 08:31:10.833418+00', NULL),
	('3de9b14f-1c7d-436c-9673-52382e053d17', '8eb944e5-9487-447c-8175-3124f79c24c5', 'COMPLETED', 'IN_PROGRESS', 'COMPLETED', NULL, '', 'STAFF', '18ced61e-1508-47f0-bb6d-a3e39e5fdb7d', '2026-02-28 08:31:19.783513+00', NULL),
	('35d5fd83-1c69-4493-be62-e11069722734', '27d9f3ef-e943-4baa-a9a3-35bb825eddfa', 'STARTED', 'NEW', 'IN_PROGRESS', NULL, '', 'STAFF', '18ced61e-1508-47f0-bb6d-a3e39e5fdb7d', '2026-02-28 08:31:25.619251+00', NULL),
	('6359f2b5-1054-48d5-a738-3fcb6c4776cf', '27d9f3ef-e943-4baa-a9a3-35bb825eddfa', 'COMPLETED', 'IN_PROGRESS', 'COMPLETED', NULL, '', 'STAFF', '18ced61e-1508-47f0-bb6d-a3e39e5fdb7d', '2026-02-28 08:31:32.566169+00', NULL),
	('d5b08a53-6fe8-40a7-a06a-6a16bd295736', 'b8e7610a-3a04-4a10-9f81-a65841ad5674', 'CREATED', NULL, 'NEW', NULL, 'Service request created: Room Cleaning', 'GUEST', NULL, '2026-03-09 06:15:20.582672+00', NULL),
	('b5119270-a03f-43ce-a8c0-a663debd8ba3', 'b8e7610a-3a04-4a10-9f81-a65841ad5674', 'ASSIGNED', NULL, NULL, NULL, 'Auto-assigned by scheduler', 'SYSTEM', '18ced61e-1508-47f0-bb6d-a3e39e5fdb7d', '2026-03-09 06:16:00.140372+00', NULL),
	('f561563c-077b-417c-9048-d11ed466d175', 'b8e7610a-3a04-4a10-9f81-a65841ad5674', 'STARTED', 'NEW', 'IN_PROGRESS', NULL, 'starting the work', 'STAFF', '18ced61e-1508-47f0-bb6d-a3e39e5fdb7d', '2026-03-09 06:16:42.028708+00', NULL),
	('5d3be9cf-342f-4362-ba3d-3bbce07e8406', 'b8e7610a-3a04-4a10-9f81-a65841ad5674', 'COMPLETED', 'IN_PROGRESS', 'COMPLETED', NULL, '', 'STAFF', '18ced61e-1508-47f0-bb6d-a3e39e5fdb7d', '2026-03-09 06:16:56.553741+00', NULL),
	('9ec9087b-686b-4707-97fa-94018868db46', 'b989b247-991b-4ce6-9cde-64208550b349', 'CREATED', NULL, 'NEW', NULL, 'Service request created: Clean AC', 'GUEST', NULL, '2026-03-23 12:10:30.989491+00', NULL),
	('7d932a6d-3f65-4ca7-857c-c6fd984970f8', '98d6a08a-5b03-4f89-8107-85f4570f0939', 'CREATED', NULL, 'NEW', NULL, 'Service request created: Clean AC', 'GUEST', NULL, '2026-03-23 12:29:06.23871+00', NULL),
	('5777a96a-dfd9-4d70-80d3-57d403649cce', 'b989b247-991b-4ce6-9cde-64208550b349', 'ASSIGNED', NULL, NULL, NULL, 'Auto-assigned by scheduler', 'SYSTEM', '3e53a808-f4ec-49f4-968e-37ae694e9367', '2026-03-23 13:00:00.478254+00', NULL),
	('7fe8d1f8-89dd-4320-9423-7b67ebff7e1c', '98d6a08a-5b03-4f89-8107-85f4570f0939', 'ASSIGNED', NULL, NULL, NULL, 'Auto-assigned by scheduler', 'SYSTEM', '3e53a808-f4ec-49f4-968e-37ae694e9367', '2026-03-23 13:00:00.478254+00', NULL),
	('1b974ab5-1aee-4378-9d1c-ce687ea9cc94', 'b989b247-991b-4ce6-9cde-64208550b349', 'STARTED', 'NEW', 'IN_PROGRESS', NULL, 'Working ', 'STAFF', '3e53a808-f4ec-49f4-968e-37ae694e9367', '2026-03-23 13:02:16.740926+00', NULL),
	('c981df0e-54a9-4946-9bf1-e8f005652660', 'b989b247-991b-4ce6-9cde-64208550b349', 'COMPLETED', 'IN_PROGRESS', 'COMPLETED', NULL, 'Cleaned', 'STAFF', '3e53a808-f4ec-49f4-968e-37ae694e9367', '2026-03-23 13:02:35.016049+00', NULL),
	('5ea918e0-72ce-457b-b0cb-a40ce9b10d5f', 'f05686fb-2ebf-43ea-a2c8-4d102306959b', 'CREATED', NULL, 'NEW', NULL, 'Service request created: Pillow', 'GUEST', NULL, '2026-03-29 17:47:04.637602+00', NULL),
	('5c3f53a2-f60d-4569-893d-35a5c2102fac', 'df4b1f61-7185-476e-b652-cef811645ef7', 'CREATED', NULL, 'NEW', NULL, 'Service request created: Electrical Issue', 'GUEST', NULL, '2026-04-03 13:08:28.110149+00', NULL),
	('a42e5fa0-9dca-478e-bbfc-3c33cc81f730', 'df4b1f61-7185-476e-b652-cef811645ef7', 'ASSIGNED', NULL, NULL, NULL, 'Auto-assigned by scheduler', 'SYSTEM', '18ced61e-1508-47f0-bb6d-a3e39e5fdb7d', '2026-04-03 13:27:00.624328+00', NULL),
	('ef137e3c-abde-4e95-80a2-1d32a094409c', 'df4b1f61-7185-476e-b652-cef811645ef7', 'STARTED', 'NEW', 'IN_PROGRESS', NULL, '', 'STAFF', '18ced61e-1508-47f0-bb6d-a3e39e5fdb7d', '2026-04-03 13:32:48.382017+00', NULL),
	('ccabc87b-c212-4ce1-90ca-b8ac71c2f5c8', 'df4b1f61-7185-476e-b652-cef811645ef7', 'COMPLETED', 'IN_PROGRESS', 'COMPLETED', NULL, '', 'STAFF', '18ced61e-1508-47f0-bb6d-a3e39e5fdb7d', '2026-04-03 13:32:51.930976+00', NULL),
	('c2d37b23-494c-47a1-b950-bcd082979177', 'f3fda0c2-bb30-4d1c-a47f-67562736ff84', 'CREATED', NULL, 'NEW', NULL, 'Service request created: Room Cleaning', 'GUEST', NULL, '2026-04-11 06:27:56.800909+00', NULL);


--
-- Data for Name: ticket_sla_state; Type: TABLE DATA; Schema: public; Owner: postgres
--

INSERT INTO "public"."ticket_sla_state" ("ticket_id", "sla_policy_id", "sla_started_at", "sla_paused_at", "sla_resumed_at", "total_paused_seconds", "breached", "breached_at", "current_remaining_seconds", "created_at", "updated_at", "pause_count") VALUES
	('369d8919-72b5-4847-9027-ca88d274961e', 'ece51d99-3a8c-4b3d-b80c-939b1361d83f', '2026-01-18 12:52:00.39896+00', NULL, '2026-01-18 12:52:00.39896+00', 0, true, '2026-01-18 13:22:00.319362+00', 1800, '2026-01-18 12:51:31.39442+00', '2026-01-18 13:22:00.310303+00', 0),
	('1af0acdc-18b6-4831-bf85-77e2213df06e', 'ece51d99-3a8c-4b3d-b80c-939b1361d83f', '2026-01-18 19:03:00.410674+00', NULL, '2026-01-18 19:03:00.410674+00', 0, false, NULL, 1800, '2026-01-18 19:02:53.229171+00', '2026-01-21 16:20:41.712361+00', 0),
	('72ee74d2-1844-410e-8988-98670a0d3f5e', 'ece51d99-3a8c-4b3d-b80c-939b1361d83f', '2026-01-10 17:49:00.067523+00', NULL, '2026-01-10 17:49:00.067523+00', 0, true, '2026-01-10 18:19:00.166916+00', 1800, '2026-01-10 17:48:18.633423+00', '2026-01-10 18:19:00.161593+00', 0),
	('e072ff9c-10a2-4426-bd6f-f3a06c0c5cf1', 'ece51d99-3a8c-4b3d-b80c-939b1361d83f', '2026-01-10 18:02:00.357222+00', NULL, '2026-01-10 18:02:00.357222+00', 0, true, '2026-01-10 18:32:00.476426+00', 1800, '2026-01-10 18:01:50.4972+00', '2026-01-10 18:32:00.428375+00', 0),
	('9490b4d9-b424-4b22-aa31-754294c263e6', 'ece51d99-3a8c-4b3d-b80c-939b1361d83f', '2026-01-10 16:43:00.219217+00', NULL, '2026-01-10 18:11:14.381747+00', 5125, true, '2026-01-10 18:39:00.030015+00', 1800, '2026-01-10 16:42:42.816174+00', '2026-01-10 18:39:00.026861+00', 3),
	('55295574-1e6d-46e9-82a9-cbd2f6ad7a2b', 'ece51d99-3a8c-4b3d-b80c-939b1361d83f', '2026-01-10 18:18:00.071756+00', NULL, '2026-01-10 18:18:00.071756+00', 0, true, '2026-01-10 18:48:00.032602+00', 1800, '2026-01-10 18:17:50.018817+00', '2026-01-10 18:48:00.029133+00', 0),
	('48a8b6d1-65d7-4054-b8d0-84e97fd8e837', 'ece51d99-3a8c-4b3d-b80c-939b1361d83f', '2026-01-10 18:25:00.06845+00', NULL, '2026-01-10 18:25:00.06845+00', 0, true, '2026-01-10 18:55:00.03713+00', 1800, '2026-01-10 18:24:20.030628+00', '2026-01-10 18:55:00.033947+00', 0),
	('6a1ac8c7-8b2a-462e-9f68-79826eecf340', 'ece51d99-3a8c-4b3d-b80c-939b1361d83f', '2026-01-10 11:14:00.039755+00', NULL, '2026-01-10 11:36:07.388267+00', 1157, true, '2026-01-10 11:37:00.033741+00', 0, '2026-01-09 21:36:30.573582+00', '2026-01-10 11:37:00.033741+00', 0),
	('ed257095-7732-4851-b2b8-28ebc301b9b1', 'ece51d99-3a8c-4b3d-b80c-939b1361d83f', '2026-01-11 13:28:00.074588+00', NULL, '2026-01-11 13:51:15.695435+00', 67, true, '2026-01-11 14:00:00.032258+00', 1800, '2026-01-11 13:27:16.60938+00', '2026-01-11 14:00:00.029064+00', 1),
	('758588ca-d074-4f6b-ba01-08f302e1237c', 'ece51d99-3a8c-4b3d-b80c-939b1361d83f', '2026-01-11 13:56:00.064773+00', NULL, '2026-01-11 13:56:00.064773+00', 0, true, '2026-01-11 14:26:00.032788+00', 1800, '2026-01-11 13:55:37.204358+00', '2026-01-11 14:26:00.029235+00', 0),
	('5a6fc0c4-cd22-4200-ac4f-335c77e92704', 'ece51d99-3a8c-4b3d-b80c-939b1361d83f', '2026-01-19 19:21:00.469223+00', NULL, '2026-01-19 19:21:00.469223+00', 0, true, '2026-01-19 19:51:00.077526+00', 1800, '2026-01-19 19:20:47.89237+00', '2026-01-19 19:51:00.065045+00', 0),
	('8eb944e5-9487-447c-8175-3124f79c24c5', 'ece51d99-3a8c-4b3d-b80c-939b1361d83f', '2026-01-19 19:24:00.17498+00', NULL, '2026-01-19 19:24:00.17498+00', 0, true, '2026-01-19 19:54:00.119607+00', 1800, '2026-01-19 19:23:41.60471+00', '2026-01-19 19:54:00.112577+00', 0),
	('75c5da3c-b0e0-40a2-ad1e-94090bdffdd2', 'ece51d99-3a8c-4b3d-b80c-939b1361d83f', '2026-01-19 19:27:00.171663+00', NULL, '2026-01-19 19:27:00.171663+00', 0, true, '2026-01-19 19:57:00.086578+00', 1800, '2026-01-19 19:26:20.781142+00', '2026-01-19 19:57:00.061484+00', 0),
	('547de76f-39d9-47c8-b0f7-97d79e4a6ef8', 'ece51d99-3a8c-4b3d-b80c-939b1361d83f', '2026-01-19 19:32:00.270931+00', NULL, '2026-01-19 19:32:00.270931+00', 0, true, '2026-01-19 20:02:00.13009+00', 1800, '2026-01-19 19:31:26.188944+00', '2026-01-19 20:02:00.117425+00', 0),
	('3aa4ba2c-a678-4eb7-a30e-55c29cdde1dc', 'ece51d99-3a8c-4b3d-b80c-939b1361d83f', '2026-01-25 09:55:00.273744+00', NULL, '2026-01-25 09:55:00.273744+00', 0, true, '2026-01-25 10:25:00.165278+00', 1800, '2026-01-25 09:54:58.555938+00', '2026-01-25 10:25:00.159439+00', 0),
	('022fbf1b-7f23-4ea2-9864-9a9e3f20a7af', 'ece51d99-3a8c-4b3d-b80c-939b1361d83f', '2026-01-10 12:03:00.341749+00', NULL, '2026-01-10 13:42:18.426793+00', 5890, false, NULL, 0, '2026-01-10 12:02:04.071602+00', '2026-01-21 16:20:41.712361+00', 0),
	('18a579e0-4f7b-498b-8267-b30ee7e9e8ba', 'ece51d99-3a8c-4b3d-b80c-939b1361d83f', '2026-01-10 11:45:00.034585+00', NULL, '2026-01-10 12:01:40.253941+00', 966, false, NULL, 0, '2026-01-10 11:44:36.714069+00', '2026-01-21 16:20:41.712361+00', 0),
	('2d738de3-fce8-4ae6-991d-5c12248a1b27', 'ece51d99-3a8c-4b3d-b80c-939b1361d83f', '2026-01-21 15:10:00.133296+00', NULL, '2026-01-21 15:10:00.133296+00', 0, false, NULL, 1800, '2026-01-21 15:09:35.310987+00', '2026-01-21 16:20:41.712361+00', 0),
	('f104cefa-d106-4f8d-b6c8-d8d76bfaf2d5', 'ece51d99-3a8c-4b3d-b80c-939b1361d83f', '2026-01-21 16:22:00.187376+00', NULL, '2026-01-21 16:22:00.187376+00', 0, false, NULL, 1800, '2026-01-21 16:21:56.36143+00', '2026-01-21 16:22:00.123555+00', 0),
	('835e32d1-12f2-4c6d-bb08-86d387a83529', 'ece51d99-3a8c-4b3d-b80c-939b1361d83f', '2026-01-25 10:00:00.347931+00', NULL, '2026-01-25 10:00:00.347931+00', 0, true, '2026-01-25 10:30:00.182233+00', 1800, '2026-01-25 09:59:02.203194+00', '2026-01-25 10:30:00.156525+00', 0),
	('be0f98b1-c51e-49d2-9960-545253aec1cf', 'da42ae0d-5b9b-4b2d-ba40-5853eb30254f', '2026-01-03 10:14:55.39846+00', NULL, '2026-01-03 10:14:55.39846+00', 0, true, '2026-01-03 10:45:00.022606+00', 0, '2026-01-03 10:14:55.39846+00', '2026-01-03 10:45:00.022606+00', 0),
	('b76ae30b-dc0e-4490-99a6-4ef232e9e89c', 'ece51d99-3a8c-4b3d-b80c-939b1361d83f', '2026-01-22 19:59:00.201524+00', NULL, '2026-01-22 19:59:00.201524+00', 0, true, '2026-01-22 20:29:00.138607+00', 1800, '2026-01-22 19:58:18.836742+00', '2026-01-22 20:29:00.123007+00', 0),
	('47a20834-0758-45ff-adce-0227799bce57', 'ece51d99-3a8c-4b3d-b80c-939b1361d83f', '2026-01-10 15:21:00.031897+00', NULL, '2026-01-10 16:41:32.493113+00', 3497, true, '2026-01-10 16:42:00.027056+00', 87, '2026-01-10 15:20:19.508029+00', '2026-01-10 16:42:00.02285+00', 0),
	('d125c12e-a200-4867-b83c-f7a71902dbb9', 'ece51d99-3a8c-4b3d-b80c-939b1361d83f', '2026-01-16 21:35:00.42418+00', NULL, '2026-01-17 16:36:16.354494+00', 68054, true, '2026-01-17 17:00:00.03379+00', 1800, '2026-01-16 21:34:46.028068+00', '2026-01-17 17:00:00.029642+00', 2),
	('0a3d474a-e885-4b73-a5a5-26c284deb104', 'ece51d99-3a8c-4b3d-b80c-939b1361d83f', '2026-01-16 21:04:00.439078+00', NULL, '2026-01-17 18:43:39.996579+00', 77868, true, '2026-01-17 19:12:00.035988+00', 1800, '2026-01-16 21:03:44.564009+00', '2026-01-17 19:12:00.027944+00', 1),
	('49f54b9c-a6ed-4fc8-b1f8-304e435a9c75', 'ece51d99-3a8c-4b3d-b80c-939b1361d83f', '2026-01-16 21:10:00.085608+00', NULL, '2026-01-17 19:33:37.310423+00', 80540, true, '2026-01-17 20:03:00.04046+00', 1800, '2026-01-16 21:09:27.148093+00', '2026-01-17 20:03:00.033837+00', 1),
	('5d15c03b-65c5-4517-b7fb-9e53a71df54b', 'ece51d99-3a8c-4b3d-b80c-939b1361d83f', '2026-01-24 11:54:00.166493+00', NULL, '2026-01-24 11:54:00.166493+00', 0, true, '2026-01-24 12:24:00.343098+00', 1800, '2026-01-24 11:53:50.267563+00', '2026-01-24 12:24:00.321239+00', 0),
	('19375e2d-c027-4e28-92e4-a34c4cac2715', 'ece51d99-3a8c-4b3d-b80c-939b1361d83f', '2026-01-18 10:54:00.299737+00', NULL, '2026-01-18 10:54:00.299737+00', 0, true, '2026-01-18 11:24:00.376398+00', 1800, '2026-01-18 10:53:22.025745+00', '2026-01-18 11:24:00.331189+00', 0),
	('56f3ee05-5319-44c2-b345-917841ccb226', 'ece51d99-3a8c-4b3d-b80c-939b1361d83f', '2026-01-18 10:54:00.290097+00', NULL, '2026-01-18 10:54:00.290097+00', 0, true, '2026-01-18 11:24:00.3843+00', 1800, '2026-01-18 10:53:16.950639+00', '2026-01-18 11:24:00.331189+00', 0),
	('93e10f5b-691b-4903-a7af-cc7aa5030a17', 'ece51d99-3a8c-4b3d-b80c-939b1361d83f', '2026-01-24 17:04:00.177973+00', NULL, '2026-01-24 17:04:00.177973+00', 0, true, '2026-01-24 17:34:00.147612+00', 1800, '2026-01-24 17:03:10.954226+00', '2026-01-24 17:34:00.138236+00', 0),
	('e2a210a7-37d8-4289-bd67-990ab2796de9', 'ece51d99-3a8c-4b3d-b80c-939b1361d83f', '2026-01-25 09:44:00.220341+00', NULL, '2026-01-25 09:44:00.220341+00', 0, false, NULL, 1800, '2026-01-25 09:43:05.49716+00', '2026-01-25 09:44:00.156346+00', 0),
	('5b2b1d85-e199-4ef7-aca8-7b91969b9df0', 'ece51d99-3a8c-4b3d-b80c-939b1361d83f', '2026-01-25 11:04:00.223162+00', NULL, '2026-01-25 11:04:00.223163+00', 0, true, '2026-01-25 11:34:00.129378+00', 1800, '2026-01-25 11:03:32.08962+00', '2026-01-25 11:34:00.118725+00', 0),
	('553511d0-0cda-424c-b05f-cda727e43459', 'ece51d99-3a8c-4b3d-b80c-939b1361d83f', '2026-01-25 11:10:00.290052+00', NULL, '2026-01-25 11:10:00.290053+00', 0, true, '2026-01-25 11:40:00.216921+00', 1800, '2026-01-25 11:09:02.970784+00', '2026-01-25 11:40:00.170269+00', 0),
	('c7bc5937-1bc3-40b2-8c85-52a6da741f01', 'ece51d99-3a8c-4b3d-b80c-939b1361d83f', '2026-01-25 18:39:00.129229+00', NULL, '2026-01-25 18:39:00.129229+00', 0, true, '2026-01-25 19:21:00.14173+00', 1800, '2026-01-25 18:38:55.063725+00', '2026-01-25 19:21:00.134732+00', 0),
	('456bfd4e-1b69-4023-ae17-0fda6770dee8', 'ece51d99-3a8c-4b3d-b80c-939b1361d83f', '2026-01-25 19:51:00.190206+00', NULL, '2026-01-25 19:51:00.190206+00', 0, true, '2026-01-25 20:21:00.160728+00', 1800, '2026-01-19 19:28:54.858281+00', '2026-01-25 20:21:00.145004+00', 0),
	('332d57a5-50ce-4769-9e62-3673f00f5cf1', 'ece51d99-3a8c-4b3d-b80c-939b1361d83f', '2026-01-25 19:53:00.225481+00', NULL, '2026-01-25 19:53:00.225481+00', 0, true, '2026-01-25 20:23:00.269253+00', 1800, '2026-01-25 19:52:27.510803+00', '2026-01-25 20:23:00.251866+00', 0),
	('558cbec9-ad0b-4d60-9a30-75648657c694', 'ece51d99-3a8c-4b3d-b80c-939b1361d83f', '2026-01-26 18:31:00.428106+00', NULL, '2026-01-26 18:31:00.428106+00', 0, false, NULL, 1800, '2026-01-26 18:30:31.012709+00', '2026-01-26 18:31:00.274639+00', 0),
	('3f90e093-e41f-46e5-a8a2-ca36bd5d567b', 'ece51d99-3a8c-4b3d-b80c-939b1361d83f', '2026-02-02 17:21:00.264063+00', NULL, '2026-02-02 17:21:00.264063+00', 0, true, '2026-02-02 17:51:00.281641+00', 1800, '2026-02-02 17:06:56.23202+00', '2026-02-02 17:51:00.227918+00', 0),
	('6d40ae39-158c-4e73-87a2-aef47c77dce7', 'ece51d99-3a8c-4b3d-b80c-939b1361d83f', '2026-02-02 17:21:00.270766+00', NULL, '2026-02-02 17:21:00.270766+00', 0, true, '2026-02-02 17:51:00.292702+00', 1800, '2026-02-02 17:12:56.91186+00', '2026-02-02 17:51:00.227918+00', 0),
	('8a13e5a1-4eea-4c0e-957d-4371e672fcb3', 'ece51d99-3a8c-4b3d-b80c-939b1361d83f', '2026-02-03 16:22:00.505358+00', NULL, '2026-02-03 16:22:00.505358+00', 0, true, '2026-02-03 16:52:00.186846+00', 1800, '2026-02-03 16:21:29.638415+00', '2026-02-03 16:52:00.153618+00', 0),
	('27d9f3ef-e943-4baa-a9a3-35bb825eddfa', 'ece51d99-3a8c-4b3d-b80c-939b1361d83f', '2026-02-03 16:28:00.213728+00', NULL, '2026-02-03 16:28:00.213728+00', 0, true, '2026-02-03 16:58:00.159462+00', 1800, '2026-02-03 16:27:13.496221+00', '2026-02-03 16:58:00.148335+00', 0),
	('f888fa16-a3ad-4149-a467-64f27ffcdd4a', 'ece51d99-3a8c-4b3d-b80c-939b1361d83f', '2026-02-03 18:59:00.239865+00', NULL, '2026-02-03 18:59:00.239865+00', 0, true, '2026-02-03 19:29:00.161649+00', 1800, '2026-02-03 18:58:11.288228+00', '2026-02-03 19:29:00.120182+00', 0),
	('8bdba309-4e2e-411c-b98b-3c8b45b4fe27', 'ece51d99-3a8c-4b3d-b80c-939b1361d83f', '2026-02-20 19:33:00.20279+00', NULL, '2026-02-20 19:33:00.20279+00', 0, false, NULL, 1800, '2026-02-20 19:32:53.210899+00', '2026-02-20 19:33:00.088283+00', 0),
	('df54b7d9-ad2d-4aa9-aa79-6f91185369b8', 'ece51d99-3a8c-4b3d-b80c-939b1361d83f', '2026-01-19 19:34:00.155889+00', NULL, '2026-02-28 08:29:09.952243+00', 3011641, true, '2026-01-19 20:04:00.143227+00', 1800, '2026-01-19 19:33:37.315704+00', '2026-02-28 08:29:09.935042+00', 1),
	('7f821bed-9411-4e15-bf5b-1175fd98b41b', 'ece51d99-3a8c-4b3d-b80c-939b1361d83f', '2026-01-11 18:36:00.081298+00', NULL, '2026-02-28 08:29:18.977874+00', 4109173, false, NULL, 1800, '2026-01-11 18:35:38.986029+00', '2026-02-28 08:29:18.970674+00', 4),
	('b3c854ae-1f17-4eec-ae09-b9158dff072e', 'ece51d99-3a8c-4b3d-b80c-939b1361d83f', '2026-01-24 13:05:00.429876+00', NULL, '2026-02-28 08:29:30.124966+00', 3006992, false, NULL, 1800, '2026-01-24 13:04:36.08827+00', '2026-02-28 08:29:30.115231+00', 1),
	('1c1e4b5e-96a7-414e-b8e7-dd24a0d87217', 'ece51d99-3a8c-4b3d-b80c-939b1361d83f', '2026-01-18 10:54:00.281186+00', NULL, '2026-02-28 08:30:09.182929+00', 3533728, false, NULL, 1800, '2026-01-18 10:53:13.118148+00', '2026-02-28 08:30:09.181057+00', 1),
	('b03d9b3b-4cc2-4757-887e-99594ce88d27', 'ece51d99-3a8c-4b3d-b80c-939b1361d83f', '2026-01-17 14:52:00.083915+00', NULL, '2026-02-28 08:30:20.826033+00', 3605889, false, NULL, 1800, '2026-01-17 14:51:15.988442+00', '2026-02-28 08:30:20.824199+00', 1),
	('b8e7610a-3a04-4a10-9f81-a65841ad5674', 'ece51d99-3a8c-4b3d-b80c-939b1361d83f', '2026-03-09 06:16:00.209878+00', NULL, '2026-03-09 06:16:00.209878+00', 0, false, NULL, 1800, '2026-03-09 06:15:20.582672+00', '2026-03-09 06:16:00.140372+00', 0),
	('b989b247-991b-4ce6-9cde-64208550b349', '3331c008-4f97-4292-af65-d246247d36b0', '2026-03-23 13:00:00.617425+00', NULL, '2026-03-23 13:00:00.617425+00', 0, false, NULL, 1800, '2026-03-23 12:10:30.989491+00', '2026-03-23 13:00:00.478254+00', 0),
	('98d6a08a-5b03-4f89-8107-85f4570f0939', '3331c008-4f97-4292-af65-d246247d36b0', '2026-03-23 13:00:00.648169+00', NULL, '2026-03-23 13:00:00.648169+00', 0, true, '2026-03-23 13:30:00.377107+00', 1800, '2026-03-23 12:29:06.23871+00', '2026-03-23 13:30:00.34771+00', 0),
	('f05686fb-2ebf-43ea-a2c8-4d102306959b', 'b9a2b7ac-1d3c-4cf5-9b58-437cb5c3fdc7', NULL, NULL, NULL, 0, false, NULL, NULL, '2026-03-29 17:47:04.637602+00', '2026-03-29 17:47:04.637602+00', 0),
	('df4b1f61-7185-476e-b652-cef811645ef7', 'b52b64b5-8891-4e5c-9fc3-62b40c2c44f7', '2026-04-03 13:27:00.671401+00', NULL, '2026-04-03 13:27:00.671401+00', 0, false, NULL, 1800, '2026-04-03 13:08:28.110149+00', '2026-04-03 13:27:00.624328+00', 0),
	('f3fda0c2-bb30-4d1c-a47f-67562736ff84', '269775f9-c6df-4ce0-b80e-1bde40cf3f88', NULL, NULL, NULL, 0, false, NULL, NULL, '2026-04-11 06:27:56.800909+00', '2026-04-11 06:27:56.800909+00', 0);


--
-- Data for Name: user_profiles; Type: TABLE DATA; Schema: public; Owner: postgres
--



--
-- Data for Name: user_roles; Type: TABLE DATA; Schema: public; Owner: postgres
--



--
-- Data for Name: va_audit_logs; Type: TABLE DATA; Schema: public; Owner: postgres
--

INSERT INTO "public"."va_audit_logs" ("id", "at", "action", "actor", "hotel_id", "entity", "entity_id", "ip", "ua", "meta") VALUES
	(1, '2025-12-02 08:39:22.733+00', 'order.create', NULL, '139c6002-bdd7-4924-9db4-16f14e283d89', 'order', '35410aeb-cc5a-4ffb-b3e4-70089ac9f2b4', '49.36.222.122', 'Mozilla/5.0 (Windows NT 10.0; Win64; x64) AppleWebKit/537.36 (KHTML, like Gecko) Chrome/142.0.0.0 Safari/537.36', '{"qty": 1, "room": null, "price": 120, "status": "open", "hotel_id": "139c6002-bdd7-4924-9db4-16f14e283d89", "item_key": "COFFEE", "booking_code": null}'),
	(2, '2025-12-02 08:39:28.014+00', 'order.create', NULL, '139c6002-bdd7-4924-9db4-16f14e283d89', 'order', '12456762-99f8-4718-ba68-60a52727c879', '49.36.222.122', 'Mozilla/5.0 (Windows NT 10.0; Win64; x64) AppleWebKit/537.36 (KHTML, like Gecko) Chrome/142.0.0.0 Safari/537.36', '{"qty": 1, "room": null, "price": 180, "status": "open", "hotel_id": "139c6002-bdd7-4924-9db4-16f14e283d89", "item_key": "SANDWICH", "booking_code": null}'),
	(3, '2025-12-02 18:58:26.5+00', 'order.create', NULL, '139c6002-bdd7-4924-9db4-16f14e283d89', 'order', '7edb1b7e-dc7a-417c-ba84-8617f3cadaf3', '49.36.222.122', 'Mozilla/5.0 (Windows NT 10.0; Win64; x64) AppleWebKit/537.36 (KHTML, like Gecko) Chrome/142.0.0.0 Safari/537.36', '{"qty": 1, "room": null, "price": 180, "status": "open", "hotel_id": "139c6002-bdd7-4924-9db4-16f14e283d89", "item_key": "SANDWICH", "booking_code": null}'),
	(4, '2025-12-03 06:07:12.178+00', 'order.create', NULL, '139c6002-bdd7-4924-9db4-16f14e283d89', 'order', '2da5b6f4-0f51-4a6e-80a6-ad30597a184d', '49.36.222.122', 'Mozilla/5.0 (Windows NT 10.0; Win64; x64) AppleWebKit/537.36 (KHTML, like Gecko) Chrome/142.0.0.0 Safari/537.36', '{"qty": 1, "room": null, "price": 80, "status": "open", "hotel_id": "139c6002-bdd7-4924-9db4-16f14e283d89", "item_key": "TEA", "booking_code": null}'),
	(5, '2025-12-09 11:00:29.096+00', 'order.create', NULL, '139c6002-bdd7-4924-9db4-16f14e283d89', 'order', '767a984d-5770-4ea1-872a-803b853d39e6', '49.36.222.122', 'Mozilla/5.0 (Windows NT 10.0; Win64; x64) AppleWebKit/537.36 (KHTML, like Gecko) Chrome/142.0.0.0 Safari/537.36', '{"qty": 1, "room": null, "price": 80, "status": "open", "hotel_id": "139c6002-bdd7-4924-9db4-16f14e283d89", "item_key": "TEA", "booking_code": null}'),
	(6, '2025-12-09 12:01:43.888+00', 'order.create', NULL, '139c6002-bdd7-4924-9db4-16f14e283d89', 'order', '5458149b-aba9-4654-b3f6-946a56d435c0', '49.36.222.122', 'Mozilla/5.0 (Windows NT 10.0; Win64; x64) AppleWebKit/537.36 (KHTML, like Gecko) Chrome/142.0.0.0 Safari/537.36', '{"qty": 1, "room": null, "price": 120, "status": "open", "hotel_id": "139c6002-bdd7-4924-9db4-16f14e283d89", "item_key": "COFFEE", "booking_code": null}');


--
-- Data for Name: va_idempotency_keys; Type: TABLE DATA; Schema: public; Owner: postgres
--



--
-- Data for Name: workforce_jobs; Type: TABLE DATA; Schema: public; Owner: postgres
--

INSERT INTO "public"."workforce_jobs" ("id", "hotel_id", "department", "role_name", "status", "urgency", "openings", "min_experience_years", "max_experience_years", "shift_notes", "notes", "created_at", "updated_at", "property_id", "slug", "is_published", "published_at") VALUES
	('a9d16dbc-d7c3-47ac-98ff-ff9aeb5b53e7', '139c6002-bdd7-4924-9db4-16f14e283d89', 'Housekeeping', 'Cleaner', 'open', 'normal', 1, NULL, NULL, NULL, NULL, '2025-12-01 08:42:36.786782+00', '2025-12-01 08:42:36.786782+00', '139c6002-bdd7-4924-9db4-16f14e283d89', NULL, true, NULL);


--
-- Data for Name: workforce_applicants; Type: TABLE DATA; Schema: public; Owner: postgres
--



--
-- Data for Name: workforce_profiles; Type: TABLE DATA; Schema: public; Owner: postgres
--



--
-- Data for Name: workforce_applications; Type: TABLE DATA; Schema: public; Owner: postgres
--



--
-- Data for Name: workforce_availability; Type: TABLE DATA; Schema: public; Owner: postgres
--



--
-- Data for Name: workforce_roles; Type: TABLE DATA; Schema: public; Owner: postgres
--



--
-- Data for Name: buckets; Type: TABLE DATA; Schema: storage; Owner: supabase_storage_admin
--

INSERT INTO "storage"."buckets" ("id", "name", "owner", "created_at", "updated_at", "public", "avif_autodetection", "file_size_limit", "allowed_mime_types", "owner_id", "type") VALUES
	('avatars', 'avatars', NULL, '2025-10-17 04:18:15.452923+00', '2025-10-17 04:18:15.452923+00', true, false, NULL, NULL, NULL, 'STANDARD'),
	('kyc', 'kyc', NULL, '2025-10-18 08:37:24.174504+00', '2025-10-18 08:37:24.174504+00', false, false, NULL, NULL, NULL, 'STANDARD'),
	('profiles', 'profiles', NULL, '2025-11-04 13:05:36.340662+00', '2025-11-04 13:05:36.340662+00', true, false, NULL, NULL, NULL, 'STANDARD'),
	('ticket-attachments', 'ticket-attachments', NULL, '2026-01-19 19:20:24.312106+00', '2026-01-19 19:20:24.312106+00', true, false, 10485760, '{image/*,video/*}', NULL, 'STANDARD'),
	('menu-images', 'menu-images', NULL, '2026-01-31 19:39:53.587215+00', '2026-01-31 19:39:53.587215+00', true, false, NULL, NULL, NULL, 'STANDARD'),
	('guest-documents', 'guest-documents', NULL, '2026-02-10 14:12:08.643068+00', '2026-02-10 14:12:08.643068+00', false, false, 10485760, '{image/*,application/pdf}', NULL, 'STANDARD'),
	('hotel-assets', 'hotel-assets', NULL, '2026-03-02 19:16:20.389353+00', '2026-03-02 19:16:20.389353+00', true, false, NULL, NULL, NULL, 'STANDARD'),
	('identity_proofs', 'identity_proofs', NULL, '2026-02-16 10:34:11.158212+00', '2026-02-16 10:34:11.158212+00', false, false, NULL, NULL, NULL, 'STANDARD');


--
-- Data for Name: buckets_analytics; Type: TABLE DATA; Schema: storage; Owner: supabase_storage_admin
--



--
-- Data for Name: buckets_vectors; Type: TABLE DATA; Schema: storage; Owner: supabase_storage_admin
--



--
-- Data for Name: objects; Type: TABLE DATA; Schema: storage; Owner: supabase_storage_admin
--

INSERT INTO "storage"."objects" ("id", "bucket_id", "name", "owner", "created_at", "updated_at", "last_accessed_at", "metadata", "version", "owner_id", "user_metadata") VALUES
	('401f93de-0955-4deb-8fde-f14e030bcc83', 'kyc', '062b7110-e8f7-46c1-88fa-dd4470aac7cd/1762100845156-Screenshot_2025-08-29_at_11.35.19_PM.png', '062b7110-e8f7-46c1-88fa-dd4470aac7cd', '2025-11-02 16:27:27.181831+00', '2025-11-02 16:27:27.181831+00', '2025-11-02 16:27:27.181831+00', '{"eTag": "\"f0a0199e540492ecf18a294c8556b952\"", "size": 47647, "mimetype": "image/png", "cacheControl": "max-age=3600", "lastModified": "2025-11-02T16:27:28.000Z", "contentLength": 47647, "httpStatusCode": 200}', '383d8d92-cfe7-48b8-8ed8-95d1744c2592', '062b7110-e8f7-46c1-88fa-dd4470aac7cd', '{}'),
	('ca4e8d67-e582-4db8-b4a4-bfebe2f8381d', 'kyc', '062b7110-e8f7-46c1-88fa-dd4470aac7cd/1762101091869-Screenshot_2025-07-27_at_12.44.38_AM.png', '062b7110-e8f7-46c1-88fa-dd4470aac7cd', '2025-11-02 16:31:35.263594+00', '2025-11-02 16:31:35.263594+00', '2025-11-02 16:31:35.263594+00', '{"eTag": "\"65d4c7cafb1b04daa34326b57ff1a5cd\"", "size": 621509, "mimetype": "image/png", "cacheControl": "max-age=3600", "lastModified": "2025-11-02T16:31:36.000Z", "contentLength": 621509, "httpStatusCode": 200}', '08131397-1922-4064-afab-b763741602c3', '062b7110-e8f7-46c1-88fa-dd4470aac7cd', '{}'),
	('6f158dfc-445b-432f-8b07-26b7e280d858', 'kyc', 'd1e40c02-9978-46fd-875e-3989537af942/1762261247342-old_Final_Logo.png', 'd1e40c02-9978-46fd-875e-3989537af942', '2025-11-04 13:00:49.518043+00', '2025-11-04 13:00:49.518043+00', '2025-11-04 13:00:49.518043+00', '{"eTag": "\"cdeaff79a399a332186b83c47e6c43ab\"", "size": 984334, "mimetype": "image/png", "cacheControl": "max-age=3600", "lastModified": "2025-11-04T13:00:50.000Z", "contentLength": 984334, "httpStatusCode": 200}', '6f648443-e4c2-47a6-82b1-c0f4b75a3aaa', 'd1e40c02-9978-46fd-875e-3989537af942', '{}'),
	('bf40b891-c543-438c-a30c-11d9ccba83b5', 'avatars', 'd1e40c02-9978-46fd-875e-3989537af942/1762264330782-old_Final_Logo.png', 'd1e40c02-9978-46fd-875e-3989537af942', '2025-11-04 13:52:12.486169+00', '2025-11-04 13:52:12.486169+00', '2025-11-04 13:52:12.486169+00', '{"eTag": "\"cdeaff79a399a332186b83c47e6c43ab\"", "size": 984334, "mimetype": "image/png", "cacheControl": "max-age=3600", "lastModified": "2025-11-04T13:52:13.000Z", "contentLength": 984334, "httpStatusCode": 200}', 'f9e4b798-08bc-4f71-8996-1bfa14d5e292', 'd1e40c02-9978-46fd-875e-3989537af942', '{}'),
	('86d6a592-b8c3-4e94-a460-22465412a763', 'avatars', 'd1e40c02-9978-46fd-875e-3989537af942/1762336505732-Features_Overview.png', 'd1e40c02-9978-46fd-875e-3989537af942', '2025-11-05 09:55:07.448424+00', '2025-11-05 09:55:07.448424+00', '2025-11-05 09:55:07.448424+00', '{"eTag": "\"1205e1e7dc4b476ddd25bcd154cce601\"", "size": 1939751, "mimetype": "image/png", "cacheControl": "max-age=3600", "lastModified": "2025-11-05T09:55:08.000Z", "contentLength": 1939751, "httpStatusCode": 200}', 'b09e9cbd-4735-40b2-94e2-62597d0c1413', 'd1e40c02-9978-46fd-875e-3989537af942', '{}'),
	('9e2ea1ec-69d6-4f6d-9c98-1a9cd9b66fd2', 'kyc', 'd1e40c02-9978-46fd-875e-3989537af942/1762336513368-old_Final_Logo.png', 'd1e40c02-9978-46fd-875e-3989537af942', '2025-11-05 09:55:14.398654+00', '2025-11-05 09:55:14.398654+00', '2025-11-05 09:55:14.398654+00', '{"eTag": "\"cdeaff79a399a332186b83c47e6c43ab\"", "size": 984334, "mimetype": "image/png", "cacheControl": "max-age=3600", "lastModified": "2025-11-05T09:55:15.000Z", "contentLength": 984334, "httpStatusCode": 200}', 'b83e0a28-18f4-4057-8586-f5c71511a218', 'd1e40c02-9978-46fd-875e-3989537af942', '{}'),
	('e296d0eb-dba0-4472-b7e4-834a5d5259cd', 'avatars', '73904179-cca9-40ab-a2c4-e509dadbbbbb/1763892836016-Screenshot_2025-11-23_at_3.33.40_PM.png', '73904179-cca9-40ab-a2c4-e509dadbbbbb', '2025-11-23 10:13:56.563254+00', '2025-11-23 10:13:56.563254+00', '2025-11-23 10:13:56.563254+00', '{"eTag": "\"38f6b35ff238649b997b05bc378fd437\"", "size": 831868, "mimetype": "image/png", "cacheControl": "max-age=3600", "lastModified": "2025-11-23T10:13:57.000Z", "contentLength": 831868, "httpStatusCode": 200}', '49667dd8-2596-4e27-a47f-5122b1ce1545', '73904179-cca9-40ab-a2c4-e509dadbbbbb', '{}'),
	('64a517a6-10c5-4893-b492-ada829a6c71b', 'kyc', '73904179-cca9-40ab-a2c4-e509dadbbbbb/1763892881654-Screenshot_2025-11-23_at_3.27.49_PM.png', '73904179-cca9-40ab-a2c4-e509dadbbbbb', '2025-11-23 10:14:42.209948+00', '2025-11-23 10:14:42.209948+00', '2025-11-23 10:14:42.209948+00', '{"eTag": "\"b9f33be93ca3492d7e7b275f41eabe1f\"", "size": 145959, "mimetype": "image/png", "cacheControl": "max-age=3600", "lastModified": "2025-11-23T10:14:43.000Z", "contentLength": 145959, "httpStatusCode": 200}', 'c3c004e7-8804-47ba-b3eb-c38e37337bf2', '73904179-cca9-40ab-a2c4-e509dadbbbbb', '{}'),
	('6519aed2-e8c9-4928-9b36-ebd524dac862', 'ticket-attachments', 'temp/1768850443891_ppfhq6t7eqe.jpeg', '73904179-cca9-40ab-a2c4-e509dadbbbbb', '2026-01-19 19:20:44.552169+00', '2026-01-19 19:20:44.552169+00', '2026-01-19 19:20:44.552169+00', '{"eTag": "\"f3d77e81e32399350f9eac13ae3df822\"", "size": 128785, "mimetype": "image/jpeg", "cacheControl": "max-age=3600", "lastModified": "2026-01-19T19:20:45.000Z", "contentLength": 128785, "httpStatusCode": 200}', 'eee88805-91c7-4b0b-afbe-bb496639a9df', '73904179-cca9-40ab-a2c4-e509dadbbbbb', '{}'),
	('8691abfb-8dc4-47bb-98b1-476ebb0c5f2f', 'ticket-attachments', 'temp/1768850618070_ongfbfuxpa.png', '73904179-cca9-40ab-a2c4-e509dadbbbbb', '2026-01-19 19:23:38.355408+00', '2026-01-19 19:23:38.355408+00', '2026-01-19 19:23:38.355408+00', '{"eTag": "\"36e04cf276c7a63bd28c715bf70b535f\"", "size": 104685, "mimetype": "image/png", "cacheControl": "max-age=3600", "lastModified": "2026-01-19T19:23:39.000Z", "contentLength": 104685, "httpStatusCode": 200}', 'be7885c9-1bbb-421a-a3d4-89605619a900', '73904179-cca9-40ab-a2c4-e509dadbbbbb', '{}'),
	('682e12e8-64a8-4625-8192-f95ebbf4685e', 'ticket-attachments', 'temp/1768850774705_3fndu166ox8.jpeg', '73904179-cca9-40ab-a2c4-e509dadbbbbb', '2026-01-19 19:26:15.14354+00', '2026-01-19 19:26:15.14354+00', '2026-01-19 19:26:15.14354+00', '{"eTag": "\"62d8bdcd1717a99eba73906aec54ad62\"", "size": 78927, "mimetype": "image/jpeg", "cacheControl": "max-age=3600", "lastModified": "2026-01-19T19:26:16.000Z", "contentLength": 78927, "httpStatusCode": 200}', '69aef3ee-0849-40e2-a94f-9abc7e23e9a1', '73904179-cca9-40ab-a2c4-e509dadbbbbb', '{}'),
	('f43ce714-82e5-435d-b9a7-b74fa9856652', 'ticket-attachments', 'temp/1768850932200_b0flqaabwb6.png', '73904179-cca9-40ab-a2c4-e509dadbbbbb', '2026-01-19 19:28:52.876255+00', '2026-01-19 19:28:52.876255+00', '2026-01-19 19:28:52.876255+00', '{"eTag": "\"70cb4aeb3f5cf6849b221a3b8f05c34c\"", "size": 1525836, "mimetype": "image/png", "cacheControl": "max-age=3600", "lastModified": "2026-01-19T19:28:53.000Z", "contentLength": 1525836, "httpStatusCode": 200}', '1cccae42-7ecf-4315-9108-7ba85a317fbe', '73904179-cca9-40ab-a2c4-e509dadbbbbb', '{}'),
	('58b59e2a-3f4e-447e-9ce7-3e03f7bd9258', 'ticket-attachments', 'temp/1768851082591_mt1i2bbk4j.png', '73904179-cca9-40ab-a2c4-e509dadbbbbb', '2026-01-19 19:31:23.095641+00', '2026-01-19 19:31:23.095641+00', '2026-01-19 19:31:23.095641+00', '{"eTag": "\"70cb4aeb3f5cf6849b221a3b8f05c34c\"", "size": 1525836, "mimetype": "image/png", "cacheControl": "max-age=3600", "lastModified": "2026-01-19T19:31:24.000Z", "contentLength": 1525836, "httpStatusCode": 200}', '1ef6150d-8302-4c11-b310-5ba2c93d3808', '73904179-cca9-40ab-a2c4-e509dadbbbbb', '{}'),
	('a3bb83d0-88e2-4696-8354-b7f11ac6f182', 'identity_proofs', '7f187c70-ee87-46eb-a207-ea5760b28972/front_1773612744932_0fee2105.png', NULL, '2026-03-15 22:12:26.52893+00', '2026-03-15 22:12:26.52893+00', '2026-03-15 22:12:26.52893+00', '{"eTag": "\"2a47f33f4011f1fa63bc97024b94924a\"", "size": 533792, "mimetype": "image/png", "cacheControl": "max-age=3600", "lastModified": "2026-03-15T22:12:27.000Z", "contentLength": 533792, "httpStatusCode": 200}', 'eece1716-64e4-465f-b71a-5cfbd0446d03', NULL, '{}'),
	('d620893a-eb85-4296-b724-0aa35c2e6fe5', 'ticket-attachments', 'temp/1768851214481_jhrmn6ifqdi.jpeg', '73904179-cca9-40ab-a2c4-e509dadbbbbb', '2026-01-19 19:33:34.916936+00', '2026-01-19 19:33:34.916936+00', '2026-01-19 19:33:34.916936+00', '{"eTag": "\"f3d77e81e32399350f9eac13ae3df822\"", "size": 128785, "mimetype": "image/jpeg", "cacheControl": "max-age=3600", "lastModified": "2026-01-19T19:33:35.000Z", "contentLength": 128785, "httpStatusCode": 200}', '4d23dae1-e1bf-4b0b-9303-2dc53a918972', '73904179-cca9-40ab-a2c4-e509dadbbbbb', '{}'),
	('17c3ad53-be56-4ee0-9059-e7ce088d40a9', 'ticket-attachments', 'temp/1768851414299_nee198rll1d.png', '73904179-cca9-40ab-a2c4-e509dadbbbbb', '2026-01-19 19:36:55.065706+00', '2026-01-19 19:36:55.065706+00', '2026-01-19 19:36:55.065706+00', '{"eTag": "\"5a36efc3a73de462e3374f662c6db46e\"", "size": 153703, "mimetype": "image/png", "cacheControl": "max-age=3600", "lastModified": "2026-01-19T19:36:56.000Z", "contentLength": 153703, "httpStatusCode": 200}', '8daf441f-5189-47ba-b4e0-c00898710cf7', '73904179-cca9-40ab-a2c4-e509dadbbbbb', '{}'),
	('e573f786-8579-4ed9-918e-06d4e6b0746d', 'ticket-attachments', 'tickets/REQ-1045/1769361454840.jpeg', '73904179-cca9-40ab-a2c4-e509dadbbbbb', '2026-01-25 17:17:35.377665+00', '2026-01-25 17:17:35.377665+00', '2026-01-25 17:17:35.377665+00', '{"eTag": "\"709972cc6fff2934db720e5f8987b0a8\"", "size": 116416, "mimetype": "image/jpeg", "cacheControl": "max-age=3600", "lastModified": "2026-01-25T17:17:36.000Z", "contentLength": 116416, "httpStatusCode": 200}', '4fbf7c5b-59cc-4eac-9149-117b129ef57c', '73904179-cca9-40ab-a2c4-e509dadbbbbb', '{}'),
	('7170e651-c328-42ab-a7a5-bb7543cbf5aa', 'menu-images', 'hotels/139c6002-bdd7-4924-9db4-16f14e283d89/menu/1769888520085.jpeg', '73904179-cca9-40ab-a2c4-e509dadbbbbb', '2026-01-31 19:42:00.426534+00', '2026-01-31 19:42:00.426534+00', '2026-01-31 19:42:00.426534+00', '{"eTag": "\"2a426ac291c9886e9410034161020449\"", "size": 136614, "mimetype": "image/jpeg", "cacheControl": "max-age=3600", "lastModified": "2026-01-31T19:42:01.000Z", "contentLength": 136614, "httpStatusCode": 200}', 'ba42aa9f-ea88-4d12-a5c0-16170c8a1507', '73904179-cca9-40ab-a2c4-e509dadbbbbb', '{}'),
	('0d96d8db-f1d0-4a21-b97f-faa058c63881', 'guest-documents', '139c6002-bdd7-4924-9db4-16f14e283d89/kiosk/undefined/front_1770829834915_ChatGPT Image Feb 5, 2026, 01_24_12 AM.png', '73904179-cca9-40ab-a2c4-e509dadbbbbb', '2026-02-11 17:10:36.515567+00', '2026-02-11 17:10:36.515567+00', '2026-02-11 17:10:36.515567+00', '{"eTag": "\"ed5f7587d6f984347e851f9900dd5624\"", "size": 1890177, "mimetype": "image/png", "cacheControl": "max-age=3600", "lastModified": "2026-02-11T17:10:37.000Z", "contentLength": 1890177, "httpStatusCode": 200}', '468c899b-69c0-4dc5-9ab0-871c9febc930', '73904179-cca9-40ab-a2c4-e509dadbbbbb', '{}'),
	('0e4d16c9-7b68-4e7e-8341-c8e4b83e4415', 'identity_proofs', '7f187c70-ee87-46eb-a207-ea5760b28972/front_1773659926984_51ec796a.png', NULL, '2026-03-16 11:18:50.318982+00', '2026-03-16 11:18:50.318982+00', '2026-03-16 11:18:50.318982+00', '{"eTag": "\"474b93d06b6bcd87fbb0633531c10b5f\"", "size": 539103, "mimetype": "image/png", "cacheControl": "max-age=3600", "lastModified": "2026-03-16T11:18:51.000Z", "contentLength": 539103, "httpStatusCode": 200}', '069c435f-a18f-4307-9dfd-96ab519b2fa7', NULL, '{}'),
	('a4def90e-b411-404d-a7b5-8ebef2b02642', 'guest-documents', '139c6002-bdd7-4924-9db4-16f14e283d89/kiosk/undefined/front_1771268482861_519EF56C-63FC-41BD-B051-13F5C3288C71.png', '73904179-cca9-40ab-a2c4-e509dadbbbbb', '2026-02-16 19:01:23.925742+00', '2026-02-16 19:01:23.925742+00', '2026-02-16 19:01:23.925742+00', '{"eTag": "\"ae283dbf18c9f87f7c735e2da43f1f1d\"", "size": 1143615, "mimetype": "image/png", "cacheControl": "max-age=3600", "lastModified": "2026-02-16T19:01:24.000Z", "contentLength": 1143615, "httpStatusCode": 200}', 'd92fa9a3-a389-4999-afc0-8ab5f5f33f3a', '73904179-cca9-40ab-a2c4-e509dadbbbbb', '{}'),
	('1412f949-2c99-47fb-8bdb-2ff8571f0a85', 'identity_proofs', '7f187c70-ee87-46eb-a207-ea5760b28972/back_1773659926984_51ec796a.png', NULL, '2026-03-16 11:18:51.050895+00', '2026-03-16 11:18:51.050895+00', '2026-03-16 11:18:51.050895+00', '{"eTag": "\"bf8a505bbec7174156fdf1643423e70a\"", "size": 328776, "mimetype": "image/png", "cacheControl": "max-age=3600", "lastModified": "2026-03-16T11:18:52.000Z", "contentLength": 328776, "httpStatusCode": 200}', '6a2059bd-24f4-4690-9b39-51b5aa37e55f', NULL, '{}'),
	('8742f4b4-9edc-4bbb-9700-37f67b1e0e43', 'identity_proofs', 'f8e161aa-b8e1-496d-b218-44029f210e11/front_1773683464837_b6544e0f.png', NULL, '2026-03-16 17:51:05.885365+00', '2026-03-16 17:51:05.885365+00', '2026-03-16 17:51:05.885365+00', '{"eTag": "\"5d4701a0c266b37ffc902ab480825808\"", "size": 151950, "mimetype": "image/png", "cacheControl": "max-age=3600", "lastModified": "2026-03-16T17:51:06.000Z", "contentLength": 151950, "httpStatusCode": 200}', '77064125-cb64-4566-b59f-f3ec50a43d5c', NULL, '{}'),
	('8bfb4d41-f962-4563-b64e-885cdec5b3e7', 'avatars', '73904179-cca9-40ab-a2c4-e509dadbbbbb/1773256883471-Screenshot_2026-02-18_at_10.51.49_PM.png', '73904179-cca9-40ab-a2c4-e509dadbbbbb', '2026-03-11 19:21:23.980131+00', '2026-03-11 19:21:23.980131+00', '2026-03-11 19:21:23.980131+00', '{"eTag": "\"29ff2df9d452c6a7e8bec241b46a26d3\"", "size": 368270, "mimetype": "image/png", "cacheControl": "max-age=3600", "lastModified": "2026-03-11T19:21:24.000Z", "contentLength": 368270, "httpStatusCode": 200}', 'f0db357c-aeb6-419c-9445-efbbe48982a9', '73904179-cca9-40ab-a2c4-e509dadbbbbb', '{}'),
	('418230fb-bd5d-40de-bf90-71f660d86173', 'identity_proofs', '7f187c70-ee87-46eb-a207-ea5760b28972/back_1773613367917_26167651.png', NULL, '2026-03-15 22:22:50.069829+00', '2026-03-15 22:22:50.069829+00', '2026-03-15 22:22:50.069829+00', '{"eTag": "\"29ff2df9d452c6a7e8bec241b46a26d3\"", "size": 368270, "mimetype": "image/png", "cacheControl": "max-age=3600", "lastModified": "2026-03-15T22:22:51.000Z", "contentLength": 368270, "httpStatusCode": 200}', '2a7194d6-7f5f-49f8-88f1-b7778ef4911f', NULL, '{}'),
	('72c5d1f3-a5bd-4960-89d5-549d5d5ff380', 'hotel-assets', '139c6002-bdd7-4924-9db4-16f14e283d89/logo.png', '73904179-cca9-40ab-a2c4-e509dadbbbbb', '2026-03-02 19:22:57.718521+00', '2026-03-02 19:22:57.718521+00', '2026-03-02 19:22:57.718521+00', '{"eTag": "\"3ab1f64b33269c41188bcf44ee02a36d\"", "size": 1568174, "mimetype": "image/png", "cacheControl": "max-age=3600", "lastModified": "2026-03-02T19:22:58.000Z", "contentLength": 1568174, "httpStatusCode": 200}', '00b36f2e-e4ec-4e28-99e6-ed80d608aa41', '73904179-cca9-40ab-a2c4-e509dadbbbbb', '{}'),
	('a813eb52-3d6c-45ad-b6ac-20de08c3b814', 'hotel-assets', '139c6002-bdd7-4924-9db4-16f14e283d89/cover.png', '73904179-cca9-40ab-a2c4-e509dadbbbbb', '2026-03-02 19:18:22.361285+00', '2026-03-02 19:25:02.105935+00', '2026-03-02 19:18:22.361285+00', '{"eTag": "\"3c7f80cc223105d90b352a552547e48f-2\"", "size": 8344025, "mimetype": "image/png", "cacheControl": "max-age=3600", "lastModified": "2026-03-02T19:25:02.000Z", "contentLength": 8344025, "httpStatusCode": 200}', '4c19f049-4707-4c5a-bd53-8cd91dc8bd7c', '73904179-cca9-40ab-a2c4-e509dadbbbbb', '{}'),
	('9124c7d3-de75-4b35-a856-a3720cae8f5c', 'identity_proofs', '5cdcd571-fa55-46b8-a07e-03d8c69afd34/front_1773668376400_297368f4.png', NULL, '2026-03-16 13:39:37.588062+00', '2026-03-16 13:39:37.588062+00', '2026-03-16 13:39:37.588062+00', '{"eTag": "\"29ff2df9d452c6a7e8bec241b46a26d3\"", "size": 368270, "mimetype": "image/png", "cacheControl": "max-age=3600", "lastModified": "2026-03-16T13:39:38.000Z", "contentLength": 368270, "httpStatusCode": 200}', 'bef46a3e-166f-4b09-a78c-75c3dba3e754', NULL, '{}'),
	('e643ba7b-0966-4460-8a54-3a84b8352dff', 'identity_proofs', '5cdcd571-fa55-46b8-a07e-03d8c69afd34/back_1773668376400_297368f4.jpg', NULL, '2026-03-16 13:39:38.183053+00', '2026-03-16 13:39:38.183053+00', '2026-03-16 13:39:38.183053+00', '{"eTag": "\"8b92bb9bbf70952605cda2eea6a9f7f6\"", "size": 90040, "mimetype": "image/jpeg", "cacheControl": "max-age=3600", "lastModified": "2026-03-16T13:39:39.000Z", "contentLength": 90040, "httpStatusCode": 200}', '8133148d-6102-4403-9dd4-c534ecf1e9b1', NULL, '{}'),
	('d4dac611-8c21-4024-8ab4-ff68c561d763', 'hotel-assets', '6e560d65-eaa0-4f23-862e-d32f66682d6a/logo.png', '73904179-cca9-40ab-a2c4-e509dadbbbbb', '2026-03-09 13:34:47.426735+00', '2026-03-09 13:34:47.426735+00', '2026-03-09 13:34:47.426735+00', '{"eTag": "\"474b93d06b6bcd87fbb0633531c10b5f\"", "size": 539103, "mimetype": "image/png", "cacheControl": "max-age=3600", "lastModified": "2026-03-09T13:34:48.000Z", "contentLength": 539103, "httpStatusCode": 200}', '003fdb45-2267-41d3-8af8-3aa0a221a2e8', '73904179-cca9-40ab-a2c4-e509dadbbbbb', '{}'),
	('636074c6-98bc-4786-a9dc-81b23a213992', 'identity_proofs', 'f8e161aa-b8e1-496d-b218-44029f210e11/back_1773683464837_b6544e0f.png', NULL, '2026-03-16 17:51:06.487903+00', '2026-03-16 17:51:06.487903+00', '2026-03-16 17:51:06.487903+00', '{"eTag": "\"5d4701a0c266b37ffc902ab480825808\"", "size": 151950, "mimetype": "image/png", "cacheControl": "max-age=3600", "lastModified": "2026-03-16T17:51:07.000Z", "contentLength": 151950, "httpStatusCode": 200}', '779f0916-1fce-450a-8a92-56d13f48d294', NULL, '{}'),
	('120c85c3-8fac-4877-bc67-ea6a68f8f1e5', 'hotel-assets', '6e560d65-eaa0-4f23-862e-d32f66682d6a/cover.png', '73904179-cca9-40ab-a2c4-e509dadbbbbb', '2026-03-09 13:34:58.251365+00', '2026-03-09 13:34:58.251365+00', '2026-03-09 13:34:58.251365+00', '{"eTag": "\"e573c0dac7cac19323a25e22b8306fe6\"", "size": 1005635, "mimetype": "image/png", "cacheControl": "max-age=3600", "lastModified": "2026-03-09T13:34:59.000Z", "contentLength": 1005635, "httpStatusCode": 200}', 'c63c0058-6842-4082-a770-ab340bbf310b', '73904179-cca9-40ab-a2c4-e509dadbbbbb', '{}'),
	('ee5e4be5-c39a-44d3-99b1-949a5bb90717', 'identity_proofs', '24cf62b2-2a8a-49df-83d1-d40ce69b5ea8/front_1773685048702_eeff1f4f.jpg', NULL, '2026-03-16 18:17:30.03881+00', '2026-03-16 18:17:30.03881+00', '2026-03-16 18:17:30.03881+00', '{"eTag": "\"fc96c9128b3e0ba8ee179c7fe2eb33ea\"", "size": 200516, "mimetype": "image/jpeg", "cacheControl": "max-age=3600", "lastModified": "2026-03-16T18:17:31.000Z", "contentLength": 200516, "httpStatusCode": 200}', '06a1bdca-eca1-48c4-a398-60184a1db522', NULL, '{}'),
	('a585ba9c-3069-4994-9f9b-2bb7bbe989b8', 'identity_proofs', '24cf62b2-2a8a-49df-83d1-d40ce69b5ea8/back_1773685048702_eeff1f4f.jpg', NULL, '2026-03-16 18:17:31.71553+00', '2026-03-16 18:17:31.71553+00', '2026-03-16 18:17:31.71553+00', '{"eTag": "\"fc96c9128b3e0ba8ee179c7fe2eb33ea\"", "size": 200516, "mimetype": "image/jpeg", "cacheControl": "max-age=3600", "lastModified": "2026-03-16T18:17:32.000Z", "contentLength": 200516, "httpStatusCode": 200}', '9e64d6ac-9c21-4f81-9c47-70f1440464ac', NULL, '{}'),
	('7a9783a3-46c2-45ef-bab5-f1ff71187526', 'identity_proofs', '915606ea-ab6d-4539-bdcc-2d450989cff9/front_1774267460219_6b2baad3.jpg', NULL, '2026-03-23 12:04:21.894593+00', '2026-03-23 12:04:21.894593+00', '2026-03-23 12:04:21.894593+00', '{"eTag": "\"fc96c9128b3e0ba8ee179c7fe2eb33ea\"", "size": 200516, "mimetype": "image/jpeg", "cacheControl": "max-age=3600", "lastModified": "2026-03-23T12:04:22.000Z", "contentLength": 200516, "httpStatusCode": 200}', 'bb244588-6773-49bc-980a-9ec76c66f1a8', NULL, '{}'),
	('7615b6cb-f49b-4802-9373-a0af937247a7', 'identity_proofs', '915606ea-ab6d-4539-bdcc-2d450989cff9/back_1774267460219_6b2baad3.jpg', NULL, '2026-03-23 12:04:23.796928+00', '2026-03-23 12:04:23.796928+00', '2026-03-23 12:04:23.796928+00', '{"eTag": "\"ba08839e5efaa15b9d8a0dac7f28de1a\"", "size": 181247, "mimetype": "image/jpeg", "cacheControl": "max-age=3600", "lastModified": "2026-03-23T12:04:24.000Z", "contentLength": 181247, "httpStatusCode": 200}', '59584d2d-c964-430e-85d5-b693ce61c6de', NULL, '{}'),
	('88b824dd-5164-4595-b555-322ca51f7ff8', 'ticket-attachments', 'temp/1774268940778_nm2s50ddbzp.png', 'e50f31d7-b7aa-4bc5-b311-36ea3d5a45db', '2026-03-23 12:29:02.782564+00', '2026-03-23 12:29:02.782564+00', '2026-03-23 12:29:02.782564+00', '{"eTag": "\"2452b9cd1c48d7fb1815f1dd5c2b302d\"", "size": 1930186, "mimetype": "image/png", "cacheControl": "max-age=3600", "lastModified": "2026-03-23T12:29:03.000Z", "contentLength": 1930186, "httpStatusCode": 200}', '6ef3c2f9-8e71-44bf-a3ce-69731709ab55', 'e50f31d7-b7aa-4bc5-b311-36ea3d5a45db', '{}'),
	('efc238c7-bc06-49ad-99a4-6e7e48830e89', 'identity_proofs', '806ea866-3535-41f6-9b2e-99a8a161440c/front_1774897069325_f352a838.jpg', NULL, '2026-03-30 18:57:50.724946+00', '2026-03-30 18:57:50.724946+00', '2026-03-30 18:57:50.724946+00', '{"eTag": "\"c0acb13d2b8b86be978c2dea9ee38e18\"", "size": 127585, "mimetype": "image/jpeg", "cacheControl": "max-age=3600", "lastModified": "2026-03-30T18:57:51.000Z", "contentLength": 127585, "httpStatusCode": 200}', '1657cef6-43b4-42d1-896a-b8c6ee983b8c', NULL, '{}'),
	('47a16cef-18c6-4397-a0e0-2d7cd040683c', 'identity_proofs', '20c48928-715e-42db-9903-37b08d04817a/front_1774897214507_7611df4d.jpg', NULL, '2026-03-30 19:00:15.723292+00', '2026-03-30 19:00:15.723292+00', '2026-03-30 19:00:15.723292+00', '{"eTag": "\"c0acb13d2b8b86be978c2dea9ee38e18\"", "size": 127585, "mimetype": "image/jpeg", "cacheControl": "max-age=3600", "lastModified": "2026-03-30T19:00:16.000Z", "contentLength": 127585, "httpStatusCode": 200}', '90a8dacd-e054-449a-8b82-9a5e78c26213', NULL, '{}'),
	('8ed8549f-a3f8-4cc1-a6e2-b1990125bf71', 'identity_proofs', '695d1939-24d6-4457-8378-faf2df203cb4/front_1775294768140_e2830a3a.jpg', NULL, '2026-04-04 09:26:09.603815+00', '2026-04-04 09:26:09.603815+00', '2026-04-04 09:26:09.603815+00', '{"eTag": "\"346b1a6dd522d0bd16adff3a83064376\"", "size": 70790, "mimetype": "image/jpeg", "cacheControl": "max-age=3600", "lastModified": "2026-04-04T09:26:10.000Z", "contentLength": 70790, "httpStatusCode": 200}', '27eaefca-7c4a-4d98-8705-68885fba4d61', NULL, '{}'),
	('1c70a385-7bb6-4857-bf38-82f898ab1d3d', 'hotel-assets', '5d697b97-4336-4318-af21-53fc78a406ad/cover.png', 'd1e40c02-9978-46fd-875e-3989537af942', '2026-04-11 05:36:32.715002+00', '2026-04-11 05:36:32.715002+00', '2026-04-11 05:36:32.715002+00', '{"eTag": "\"11a58b561bceee374d21cb69f4365e9a\"", "size": 36450, "mimetype": "image/webp", "cacheControl": "max-age=3600", "lastModified": "2026-04-11T05:36:33.000Z", "contentLength": 36450, "httpStatusCode": 200}', '19430818-2953-425a-9d5a-60ea0efd6a81', 'd1e40c02-9978-46fd-875e-3989537af942', '{}'),
	('c9145cde-9d87-4c9c-8d56-2cbd83615e00', 'hotel-assets', '5d697b97-4336-4318-af21-53fc78a406ad/logo.png', 'd1e40c02-9978-46fd-875e-3989537af942', '2026-04-11 05:37:21.807158+00', '2026-04-11 05:37:21.807158+00', '2026-04-11 05:37:21.807158+00', '{"eTag": "\"12070e5dc396f3f7504caebc79adf783\"", "size": 4132, "mimetype": "image/jpeg", "cacheControl": "max-age=3600", "lastModified": "2026-04-11T05:37:22.000Z", "contentLength": 4132, "httpStatusCode": 200}', '79f96d56-ffee-4f00-a806-44e92891f1ce', 'd1e40c02-9978-46fd-875e-3989537af942', '{}'),
	('d4a8d56f-7407-4f1f-aa29-488dbcead504', 'identity_proofs', 'b4401a26-f270-45d2-ab9e-1a7ab33014d2/front_1775887325125_a7ea2a2a.jpg', NULL, '2026-04-11 06:02:09.631673+00', '2026-04-11 06:02:09.631673+00', '2026-04-11 06:02:09.631673+00', '{"eTag": "\"75192b6c3f1c4ab458c9bed4570ba1cc\"", "size": 208214, "mimetype": "image/jpeg", "cacheControl": "max-age=3600", "lastModified": "2026-04-11T06:02:10.000Z", "contentLength": 208214, "httpStatusCode": 200}', 'f125eb63-ca40-4bda-9966-d88daef9e8cd', NULL, '{}'),
	('8db12c1a-ab8f-40d9-b947-7eecb448d98f', 'identity_proofs', 'b4401a26-f270-45d2-ab9e-1a7ab33014d2/back_1775887325125_a7ea2a2a.jpg', NULL, '2026-04-11 06:02:11.942344+00', '2026-04-11 06:02:11.942344+00', '2026-04-11 06:02:11.942344+00', '{"eTag": "\"2e3f511f2b11f21b8511910cb87e60d2\"", "size": 297359, "mimetype": "image/jpeg", "cacheControl": "max-age=3600", "lastModified": "2026-04-11T06:02:12.000Z", "contentLength": 297359, "httpStatusCode": 200}', '70b30e87-91d6-45dc-b7e6-12038e25f746', NULL, '{}'),
	('efdd54ce-f395-45a2-9eeb-70ea6ac25a89', 'hotel-assets', 'e10eca3b-3102-41fc-8006-c1b4b70e00e6/logo.png', 'd1e40c02-9978-46fd-875e-3989537af942', '2026-04-16 17:37:51.888833+00', '2026-04-16 17:37:51.888833+00', '2026-04-16 17:37:51.888833+00', '{"eTag": "\"0f7ecfcb98b1fea1c7a1efd8fc4233e9\"", "size": 185501, "mimetype": "image/jpeg", "cacheControl": "max-age=3600", "lastModified": "2026-04-16T17:37:52.000Z", "contentLength": 185501, "httpStatusCode": 200}', '02dbfada-8ee2-4d8e-9fe6-149e14249472', 'd1e40c02-9978-46fd-875e-3989537af942', '{}'),
	('2f55438d-27c4-4bfd-8f2a-21597d05a166', 'hotel-assets', 'e10eca3b-3102-41fc-8006-c1b4b70e00e6/cover.png', 'd1e40c02-9978-46fd-875e-3989537af942', '2026-04-16 17:38:25.177329+00', '2026-04-16 17:38:25.177329+00', '2026-04-16 17:38:25.177329+00', '{"eTag": "\"453ebddd0c0ecb5f61e54d2a6d69b57a\"", "size": 246916, "mimetype": "image/jpeg", "cacheControl": "max-age=3600", "lastModified": "2026-04-16T17:38:26.000Z", "contentLength": 246916, "httpStatusCode": 200}', '7a944b53-e5d1-44c9-afd7-c65edd39adc3', 'd1e40c02-9978-46fd-875e-3989537af942', '{}');


--
-- Data for Name: s3_multipart_uploads; Type: TABLE DATA; Schema: storage; Owner: supabase_storage_admin
--



--
-- Data for Name: s3_multipart_uploads_parts; Type: TABLE DATA; Schema: storage; Owner: supabase_storage_admin
--



--
-- Data for Name: vector_indexes; Type: TABLE DATA; Schema: storage; Owner: supabase_storage_admin
--



--
-- Name: refresh_tokens_id_seq; Type: SEQUENCE SET; Schema: auth; Owner: supabase_auth_admin
--

SELECT pg_catalog.setval('"auth"."refresh_tokens_id_seq"', 922, true);


--
-- Name: ai_usage_events_id_seq; Type: SEQUENCE SET; Schema: public; Owner: postgres
--

SELECT pg_catalog.setval('"public"."ai_usage_events_id_seq"', 1, false);


--
-- Name: chat_webhook_logs_id_seq; Type: SEQUENCE SET; Schema: public; Owner: postgres
--

SELECT pg_catalog.setval('"public"."chat_webhook_logs_id_seq"', 1, false);


--
-- Name: food_order_display_id_seq; Type: SEQUENCE SET; Schema: public; Owner: postgres
--

SELECT pg_catalog.setval('"public"."food_order_display_id_seq"', 1019, true);


--
-- Name: ticket_display_id_seq; Type: SEQUENCE SET; Schema: public; Owner: postgres
--

SELECT pg_catalog.setval('"public"."ticket_display_id_seq"', 1061, true);


--
-- Name: va_audit_logs_id_seq; Type: SEQUENCE SET; Schema: public; Owner: postgres
--

SELECT pg_catalog.setval('"public"."va_audit_logs_id_seq"', 6, true);


--
-- Name: va_idempotency_keys_id_seq; Type: SEQUENCE SET; Schema: public; Owner: postgres
--

SELECT pg_catalog.setval('"public"."va_idempotency_keys_id_seq"', 1, false);


--
-- PostgreSQL database dump complete
--

-- \unrestrict 10sy06QqiLvquVMAFzcQmMxMhlivMb5AhbNi7nMpncduqrcGihcapCySw2nZmOq

RESET ALL;
SET session_replication_role = 'origin';
